tree
version=v4
num_class=1
num_tree_per_iteration=1
label_index=0
max_feature_idx=36
objective=binary sigmoid:1
feature_names=gmv_log items_count weight_grams pin_tier pin_serviceability pin_rto_rate pin_orders_log addr_defect_score addr_tokens addr_has_house_no addr_landmark_only addr_state_mismatch addr_junk phone_orders_30d phone_orders_total_log phone_rto_rate phone_first_seen_days phone_distinct_devices device_distinct_phones device_orders_24h device_rto_rate addr_distinct_phones addr_rto_rate pay_switch_from_failed is_cod channel_risk coupon_applied checkout_seconds_log hour_sin hour_cos ring_size_log ring_rto_rate ring_phones ring_is_ring entity_max_degree entity_shared gmv_vs_pin_median
feature_infos=[5.0106353759765625:9.5134773254394531] [1:8] [120:1734] [1:4] [0.36233478784561157:0.98349058628082275] [0.063535913825035095:0.64867842197418213] [0:6.7592554092407227] [0:1] [1:12] [0:1] [0:1] none [0:1] [0:9] [0:2.397895336151123] [0.065999999642372131:0.81999999284744263] [0:245.58811950683594] [0:2] [0:18] [0:6] [0.065999999642372131:0.91653847694396973] [0:43] [0.023571427911520004:0.92109090089797974] [0:1] none [0.14000000059604645:0.37999999523162842] [0:1] [2.1972246170043945:6.359400749206543] [-1:1] [-1:1] [0:4.5951199531555176] [0:1] [0:50] [0:1] [0:119] [0:1] [0.097177378833293915:9.7446804046630859]
tree_sizes=3348 3432 3441 3442 3438 3438 3435 3447 3453 3446 3446 3449 3454 3438 3462 3454 3468 3454 3480 3454 3460 3450 3449 3455 3464 3465 3461 3447 3452 3459 3462 3443 3469 3466 3472 3455 3466 3468 3474 3466 3456 3452 3454 3470 3461 3465 3462 3461 3470 3466 3443 3448 3456 3464 3455 3451 3465 3454 3448 3456 3448 3459 3441 3476 3447 3455 3456 3457 3458 3453 3436 3443 3433 3438 3462 3444 3445 3456 3442 3440 3443 3453 3459 3474 3441 3435 3460 3449 3455 3452 3456 3459 3452 3423 3445 3443 3464 3454 3448 3443 3444 3462 3464 3442 3438 3451 3440 3471 3439 3432 3442 3439 3442 3429 3458 3438 3437 3421 3426 3451 3433 3441

Tree=0
num_leaves=31
num_cat=0
split_feature=18 9 23 23 3 25 25 25 3 3 36 31 9 25 17 15 36 36 25 36 27 36 22 15 2 15 25 36 3 4
split_gain=3709.14 912.298 188.562 138.78 135.32 80.7619 75.7151 46.48 43.8094 35.5582 35.261 30.7412 29.4951 29.4545 24.9818 21.774 17.1954 16.5984 16.1102 15.4342 13.7793 13.1584 13.1368 13.0319 12.6116 12.2299 12.0953 12.0251 11.4102 10.5121
threshold=1.5000000000000002 1.0000000180025095e-35 1.0000000180025095e-35 1.0000000180025095e-35 2.5000000000000004 0.27500000596046453 0.27500000596046453 0.27500000596046453 2.5000000000000004 2.5000000000000004 1.0534320473670962 0.46904762089252477 1.0000000180025095e-35 0.2100000008940697 1.0000000180025095e-35 0.21374999731779101 0.84674265980720531 1.0174605250358584 0.17500000447034839 0.660405993461609 3.6309846639633183 1.4330188035964968 0.27539215981960302 0.19597221910953525 589.50000000000011 0.21374999731779101 0.14500000327825549 1.7556618452072146 3.5000000000000004 0.77634596824646007
decision_type=2 2 2 2 2 2 2 2 2 2 2 2 2 2 2 2 2 2 2 2 2 2 2 2 2 2 2 2 2 2
left_child=1 2 4 6 5 11 9 19 14 22 23 18 -2 -5 16 -4 -8 -13 -1 28 29 -10 -3 -7 -20 -9 -21 -16 -6 -11
right_child=12 3 15 13 7 10 8 25 21 20 -12 17 -14 -15 27 -17 -18 -19 24 26 -22 -23 -24 -25 -26 -27 -28 -29 -30 -31
leaf_value=-1.1037968324294138 -0.94230570289576454 -1.1219749585459597 -1.0441364610422958 -1.0965969863652716 -1.091932460816383 -1.0898601494742386 -1.1080949686537955 -1.0515515398278663 -1.0882237989839283 -1.0544637972131909 -1.0373859698793617 -1.0785672601457228 -0.97929915975373494 -1.059300437186911 -1.1173418181043546 -0.99223178995146444 -1.086092423071092 -1.0302166898779808 -1.0988006293068389 -1.0819021077771551 -1.1091756234694117 -1.0574749859882104 -1.1052225608821871 -1.0628933506995017 -1.077905483363419 -1.0119717486785098 -1.0453823009242591 -1.0879242409795202 -1.0571622444981437 -1.0979571435983075
leaf_weight=173.67826080322266 214.97634887695312 1246.6742477416992 23.571968078613281 52.235481262207031 32.246452331542969 45.823905944824219 112.01399230957031 23.006240844726562 120.6884765625 11.314544677734373 70.338752746582031 35.829391479492188 82.97332763671875 90.327781677246094 270.79476928710938 55.064117431640625 112.95687103271484 15.274635314941404 79.013236999511719 17.537544250488281 327.17891693115234 25.269149780273438 86.933418273925781 72.978813171386719 105.6024169921875 59.778511047363281 103.71665954589844 24.326271057128906 25.64630126953125 24.891998291015625
leaf_count=921 1140 6611 125 277 171 243 594 122 640 60 373 190 440 479 1436 292 599 81 419 93 1735 134 461 387 560 317 550 129 136 132
internal_value=-1.08712 -1.09847 -1.06488 -1.11107 -1.07041 -1.08095 -1.11338 -1.04654 -1.10189 -1.11787 -1.05948 -1.09096 -0.95182 -1.07291 -1.10731 -1.00634 -1.09714 -1.06252 -1.09513 -1.05854 -1.1066 -1.08257 -1.12091 -1.07317 -1.08688 -1.02187 -1.05049 -1.11494 -1.07604 -1.08337
internal_weight=0 3444.71 939.107 2505.61 860.471 598.539 2363.04 261.932 666.05 1696.99 189.141 409.398 297.95 142.563 520.092 78.6361 224.971 51.104 358.294 179.147 363.385 145.958 1333.61 118.803 184.616 82.7848 121.254 295.121 57.8928 36.2065
internal_count=19847 18267 4980 13287 4563 3174 12531 1389 3532 8999 1003 2171 1580 756 2758 417 1193 271 1900 950 1927 774 7072 630 979 439 643 1565 307 192
is_linear=0
shrinkage=1


Tree=1
num_leaves=31
num_cat=0
split_feature=18 7 25 23 23 3 3 31 25 25 25 23 25 16 31 7 22 36 7 36 4 36 3 22 36 8 29 36 36 4
split_gain=3131.89 909.185 155.531 129.022 77.5694 71.6873 55.7078 42.8518 36.274 33.5516 29.8275 28.4542 24.5547 23.5524 21.439 21.415 20.8334 19.7457 16.9625 16.8541 13.07 12.3013 12.1086 12.0197 11.4079 16.1096 11.3032 11.2803 10.8863 12.7741
threshold=1.5000000000000002 0.42499999701976782 0.27500000596046453 1.0000000180025095e-35 1.0000000180025095e-35 2.5000000000000004 2.5000000000000004 0.15075758099555972 0.27500000596046453 0.27500000596046453 0.17500000447034839 1.0000000180025095e-35 0.27500000596046453 1.0000000180025095e-35 0.54772728681564342 0.25000000000000006 0.24637681245803836 0.93118602037429821 0.57499998807907116 0.61149898171424877 0.86999163031578075 1.4330188035964968 2.5000000000000004 0.32601387798786169 1.1330381631851199 4.5000000000000009 0.37940952181816107 0.660405993461609 1.0223203301429751 0.87072545289993297
decision_type=2 2 2 2 2 2 2 2 2 2 2 2 2 2 2 2 2 2 2 2 2 2 2 2 2 2 2 2 2 2
left_child=1 3 4 5 6 8 10 11 16 -7 -3 13 20 22 -12 -2 -1 -10 -8 -9 -5 26 24 -19 25 -4 -11 -20 29 -15
right_child=15 2 7 12 -6 9 18 19 17 21 14 -13 -14 28 -16 -17 -18 23 27 -21 -22 -23 -24 -25 -26 -27 -28 -29 -30 -31
leaf_value=-0.03360206651457668 0.097454912910573482 -0.013352738909692 0.044795387359039998 0.015484425907292709 0.066250323346117621 -0.018543054465919966 0.0045167431150604934 0.037377059114754384 -0.026609937218354644 -0.0087508555679193679 0.0055936018585935341 0.079613276192257679 0.033683343229916632 0.022719821506159837 0.052061857898628716 0.12901974669895652 -0.013250051581373032 -0.013385983547949318 0.015588789278220491 0.084618638502226187 -0.012778188984691076 0.026858241895039998 0.066019834836025984 0.022533928462784784 0.055474724706861864 -0.0012220379675411627 0.018115149343538778 0.042147794413869004 0.033600986021288956 -0.016975201248444257
leaf_weight=1281.1372901201248 86.3409823179245 161.76334877312183 21.394502907991409 47.580320611596107 37.966502502560616 369.94912521541119 41.646421372890472 21.033358603715897 304.49435777962208 94.278155863285065 167.68668228387833 22.667541325092316 53.579942464828491 23.987987667322159 15.640099555253981 224.59353598952293 89.608357757329941 220.90878340601921 40.573054403066635 60.419317126274109 53.473640769720078 27.56486003100872 31.087952256202698 14.189076319336889 24.526282891631126 25.158521801233292 31.887119650840759 87.332656234502792 28.884985074400902 23.940775007009506
leaf_count=6909 435 863 112 251 194 1980 218 109 1633 500 889 116 280 126 82 1113 479 1178 214 312 282 144 159 76 127 132 169 455 150 127
internal_value=0 -0.0112614 0.0249727 -0.0229693 0.0125397 -0.02522 0.00833618 0.0489835 -0.0288154 -0.0120447 -0.000919511 0.0384118 0.012328 0.0323715 0.010077 0.120934 -0.0322929 -0.0198948 0.0269654 0.0736077 0.000571255 0.00363073 0.0448392 -0.0110463 0.0340222 0.0209004 -0.00178399 0.0340927 0.0150717 0.00300613
internal_weight=0 3424.36 835.71 2588.65 552.609 2434.02 514.642 283.101 1910.34 523.679 345.09 201.649 154.634 178.981 183.327 310.935 1370.75 539.592 169.552 81.4527 101.054 153.73 102.167 235.098 71.0793 46.553 126.165 127.906 76.8137 47.9288
internal_count=19814 18266 4385 13881 2915 13068 2721 1470 10275 2793 1834 1049 813 933 971 1548 7388 2887 887 421 533 813 530 1254 371 244 669 669 403 253
is_linear=0
shrinkage=0.04


Tree=2
num_leaves=31
num_cat=0
split_feature=33 7 23 23 25 3 3 25 25 3 25 16 36 25 1 32 27 7 4 25 36 29 28 7 20 34 2 3 2 29
split_gain=2691.45 865.23 147.945 129.809 104.226 72.7615 58.2023 40.1852 36.8872 36.5926 31.7577 26.3787 23.1401 21.0768 21.7106 17.5315 15.1268 14.9854 13.7063 12.7641 12.6006 11.5758 11.2096 11.055 10.7892 10.9613 10.6602 10.4624 10.1115 10.0795
threshold=1.0000000180025095e-35 0.42499999701976782 1.0000000180025095e-35 1.0000000180025095e-35 0.27500000596046453 2.5000000000000004 2.5000000000000004 0.27500000596046453 0.27500000596046453 2.5000000000000004 0.23499999940395358 13.838039398193361 1.0174605250358584 0.17500000447034839 2.5000000000000004 1.5000000000000002 4.3234698772430429 0.75000000000000011 0.87764310836792003 0.17500000447034839 1.4659474492073061 0.78656607866287243 -0.37940952181816096 0.57499998807907116 0.19597221910953525 8.5000000000000018 675.50000000000011 3.5000000000000004 724.50000000000011 -0.12940952181816107
decision_type=2 2 2 2 2 2 2 2 2 2 2 2 2 2 2 2 2 2 2 2 2 2 2 2 2 2 2 2 2 2
left_child=1 3 4 5 6 10 13 18 -7 12 24 15 23 -3 22 -12 -2 27 -5 -4 21 -10 -15 -6 -1 -26 -19 -8 -13 -30
right_child=16 2 19 7 9 8 17 -9 20 -11 11 28 -14 14 -16 -17 -18 26 -20 -21 -22 -23 -24 -25 25 -27 -28 -29 29 -31
leaf_value=-0.03718810157512456 0.11035956379126197 -0.011861986808185032 0.037678216372713534 0.010092006162305158 -0.0054168414791915019 -0.018225128392053602 0.0076389907681035617 0.038438717803577757 -0.0046516567422138352 0.060520644691634096 -0.015808229432422181 -0.033377990899873915 0.04529843831341971 -0.0063343118161371045 0.042471884127765973 0.022273132519711986 0.056162657038918005 0.026325408536371837 -0.018685471861886817 0.085575440646667097 0.030584340190370873 0.030938924605802103 0.015164771300754632 0.023584630001549312 -0.029982450996178672 -0.0025740732884931474 0.06593774598494917 0.031350106409358987 -0.0072333594442438474 -0.031866814164180933
leaf_weight=507.70550586283207 316.37609426677227 158.46349376440048 15.921598017215727 57.251598492264748 29.156723588705063 362.2336597442627 64.463133275508881 57.300196200609207 108.41234861314297 87.675507634878159 322.85951401293278 264.55844354629517 70.501259565353394 93.344914108514786 23.224826902151108 18.853741511702538 15.036696150898932 28.587301343679428 45.941544011235237 60.199443235993385 24.252466514706612 14.853676423430441 63.506552472710609 67.893294975161552 623.73212648928165 24.660344332456589 21.826563224196434 56.241478458046913 61.662092298269272 46.899504810571671
leaf_count=2785 1506 851 79 300 153 1957 334 294 576 438 1748 1439 356 493 122 99 74 147 244 297 125 78 335 353 3417 133 112 290 335 255
internal_value=0 -0.0108626 0.0242659 -0.0224984 0.0188533 -0.0248455 0.00834006 0.0121948 -0.0113873 0.0396189 -0.0284962 -0.0217441 0.0280967 -0.00129977 0.00802297 -0.0135897 0.108252 0.0272061 -0.00283139 0.0767783 0.0054224 6.25411e-05 0.00245165 0.0149383 -0.0326264 -0.0289511 0.0453371 0.0190179 -0.0290999 -0.0182592
internal_weight=0 3382.18 841.006 2541.18 764.885 2380.68 509.658 160.493 509.752 255.227 1870.93 714.833 167.551 338.54 180.076 341.713 331.413 171.118 103.193 76.121 147.518 123.266 156.851 97.05 1156.1 648.392 50.4139 120.705 373.12 108.562
internal_count=19725 18145 4360 13785 3984 12947 2684 838 2736 1300 10211 3876 862 1801 950 1847 1580 883 544 376 779 654 828 506 6335 3550 259 624 2029 590
is_linear=0
shrinkage=0.04


Tree=3
num_leaves=31
num_cat=0
split_feature=33 7 25 23 3 3 23 31 25 23 25 3 25 36 36 36 16 25 2 25 3 31 20 22 7 5 30 21 20 4
split_gain=2469.69 791.639 139.268 108.932 71.4 53.7916 38.8477 35.9771 33.826 28.4033 28.3223 26.0442 25.2215 23.1586 21.759 21.5732 19.7834 18.434 17.1839 16.8833 16.0495 15.5395 15.2059 13.2392 13.1676 12.6129 11.2281 10.7801 10.4991 10.6832
threshold=1.0000000180025095e-35 0.42499999701976782 0.27500000596046453 1.0000000180025095e-35 2.5000000000000004 1.5000000000000002 1.0000000180025095e-35 0.50384616851806652 0.27500000596046453 1.0000000180025095e-35 0.27500000596046453 3.5000000000000004 0.27500000596046453 1.0174605250358584 0.85128417611122142 0.70309320092201244 1.9231573939323428 0.17500000447034839 589.50000000000011 0.17500000447034839 2.5000000000000004 0.077935222536325469 0.25690476596355444 0.3326136469841004 0.57499998807907116 0.1342478543519974 1.4978661537170412 1.5000000000000002 0.21374999731779101 0.88602572679519664
decision_type=2 2 2 2 2 2 2 2 2 2 2 2 2 2 2 2 2 2 2 2 2 2 2 2 2 2 2 2 2 2
left_child=1 3 5 4 8 17 11 9 21 13 25 15 -6 20 27 -7 -16 -3 -17 -13 24 -1 -2 -20 -4 -5 -14 -10 -26 -30
right_child=22 2 7 10 12 6 -8 -9 14 -11 -12 19 26 -15 16 18 -18 -19 23 -21 -22 -23 -24 -25 28 -27 -28 -29 29 -31
leaf_value=-0.032679106122755777 0.057443499749655291 -0.018564235243479572 -0.010416348704729019 -0.019347802291381749 -0.01626881735916209 -0.0058768298434934375 0.065405708098509471 0.079856012766330434 -0.028882550729108104 0.075647330286390785 0.032583367736486346 0.016487024164822645 0.011940248348443976 0.049166820851957456 0.001586357207896616 0.0024980843231310265 -0.020404368150411748 0.0055638481922958031 0.022175395739752704 0.054919024549697097 0.04150649232283584 -0.018856330620536623 0.10286117747027022 0.064443831598001017 -0.0013146430997474905 0.0087667783053317055 -0.010426441233301047 0.0075929888058245965 0.0094386742549366406 0.050406981431483359
leaf_weight=1154.0408938676119 21.015504345297813 91.377097621560097 27.306899040937424 40.118855848908424 364.75269882380962 88.219982892274857 26.424786493182182 40.74325855076313 247.89887957274914 28.979656487703323 55.894873589277267 38.245070338249207 90.474033325910568 90.168737441301346 117.54526247084141 65.281515344977379 144.94204524159431 109.24917581677437 84.495458424091339 37.966665700078011 45.086429595947266 157.5536482334137 332.03683097660542 12.993778511881827 20.612948909401894 62.915514677762985 56.823035523295403 12.891971707344053 19.041379824280739 23.053146541118622
leaf_count=6440 101 492 144 215 1989 466 127 197 1366 138 282 194 477 445 631 343 793 570 441 192 221 865 1515 66 108 329 299 69 97 118
internal_value=0 -0.0104378 0.0229013 -0.0217459 -0.0239157 0.0110117 0.0203578 0.0450157 -0.0276014 0.0388529 0.0101946 0.0163445 -0.0106522 0.0334954 -0.0188724 0.00996952 -0.0106191 -0.00550028 0.0185251 0.0365476 0.0224714 -0.0310499 0.100496 0.0289914 0.0122422 -0.00234026 0.00328773 -0.0270353 0.0221262 0.0331437
internal_weight=0 3355.1 849.246 2505.85 2346.92 554.254 353.627 294.992 1834.87 254.249 158.929 327.202 512.05 225.27 523.278 250.991 262.487 200.626 162.771 76.2117 135.101 1311.59 353.052 97.4892 90.0144 103.034 147.297 260.791 62.7075 42.0945
internal_count=19730 18114 4359 13755 12929 2891 1829 1468 10164 1271 826 1702 2765 1133 2859 1316 1424 1062 850 386 688 7305 1616 507 467 544 776 1435 323 215
is_linear=0
shrinkage=0.04


Tree=4
num_leaves=31
num_cat=0
split_feature=18 9 23 3 23 3 31 25 25 25 25 36 9 25 36 16 15 5 15 34 2 25 14 2 16 2 27 36 5 36
split_gain=2253.69 693.804 134.321 97.102 96.8084 65.236 46.5845 36.5531 36.4037 32.263 26.7435 24.6323 23.2882 21.8689 19.1369 17.4196 15.6809 14.3491 12.71 12.0011 11.2181 13.941 10.3759 10.1689 10.6813 9.96925 9.84613 9.78947 9.49167 9.1921
threshold=1.5000000000000002 1.0000000180025095e-35 1.0000000180025095e-35 2.5000000000000004 1.0000000180025095e-35 2.5000000000000004 0.54772728681564342 0.27500000596046453 0.23499999940395358 0.27500000596046453 0.27500000596046453 0.92074358463287365 1.0000000180025095e-35 0.27500000596046453 0.77899348735809337 11.941490650177004 0.21374999731779101 0.2375874072313309 0.21374999731779101 3.5000000000000004 872.50000000000011 0.17500000447034839 0.89587974548339855 683.50000000000011 12.892439842224123 555.50000000000011 4.5470111370086679 0.9371645748615266 0.13837118446826938 0.90622690320014965
decision_type=2 2 2 2 2 2 2 2 2 2 2 2 2 2 2 2 2 2 2 2 2 2 2 2 2 2 2 2 2 2
left_child=1 2 3 6 5 8 7 20 -3 17 18 -8 -2 28 -9 19 -4 25 -7 -10 -1 -22 -15 -16 -25 -5 -12 -17 -6 -27
right_child=12 4 16 9 13 10 11 14 15 -11 26 -13 -14 22 23 27 -18 -19 -20 -21 21 -23 -24 24 -26 29 -28 -29 -30 -31
leaf_value=-0.0082620258208702755 0.1022307288331977 -0.032353907114405896 0.034476714233184359 -0.0076146574988103276 -0.016248738535488486 -0.025737782749138259 0.012332766690373547 0.0006449328973721258 -0.015350055730905903 0.052161131917676871 0.0097330713090763906 0.06779889260882177 0.074597158660101637 0.038202572695670838 0.016253549679928678 -0.032448256558496549 0.077632602861973668 0.033231224985098951 -0.010313994616968721 0.016549791359195432 -0.010215186253197225 0.037891622322575688 -0.0012090312420023051 0.059311259911109943 0.015023392267102314 0.0053815772737772659 -0.013317385171042993 -0.018484175779234061 0.0084984544719627127 0.037948385568617113
leaf_weight=341.56625032424927 258.01839344203472 1074.2731956392527 23.755165174603462 30.198964431881905 43.314123123884201 154.11539815366268 27.052308917045593 77.452049523591995 298.85954065620899 92.831963807344437 103.65319201350212 24.365151822566986 98.217873483896255 41.027088180184364 64.265304759144783 197.51009261608124 58.719303384423256 97.898075416684151 199.37998178601265 18.531773313879967 17.406905591487885 17.878820866346359 14.060628890991209 22.933490559458733 16.08984899520874 31.265411764383316 39.295330613851547 153.7716052532196 52.887877449393272 24.097376614809036
leaf_count=1836 1131 6094 114 155 234 848 138 403 1647 444 545 119 440 204 321 1112 275 492 1097 101 95 93 70 113 81 161 207 856 276 121
internal_value=0 -0.0104694 0.0180798 0.0134471 -0.0220319 -0.0241233 0.00448628 0.00106388 -0.0277677 0.0330246 -0.0112685 0.0401708 0.0950709 0.00883616 0.015754 -0.0203251 0.0663129 0.0228833 -0.0171454 -0.0133955 -0.00602757 0.0148849 0.0284532 0.0268562 0.0426735 0.0105547 0.00330037 -0.0264748 -0.00274776 0.0203856
internal_weight=0 3358.46 967.776 885.302 2390.68 2239.39 609.01 557.593 1742.95 276.292 496.444 51.4175 356.236 151.29 180.741 668.673 82.4745 183.46 353.495 317.391 376.852 35.2857 55.0877 103.289 39.0233 85.5618 142.949 351.282 96.202 55.3628
internal_count=19823 18252 4961 4572 13291 12507 3199 2942 9810 1373 2697 257 1571 784 918 3716 389 929 1945 1748 2024 188 274 515 194 437 752 1968 510 282
is_linear=0
shrinkage=0.04


Tree=5
num_leaves=31
num_cat=0
split_feature=18 7 23 25 25 3 23 31 3 21 7 4 7 3 25 0 7 31 7 6 5 0 2 25 6 25 29 27 25 0
split_gain=1995.92 694.309 149.44 83.2838 72.07 47.2729 43.9022 40.6728 33.9623 29.3462 25.2787 22.5637 22.2807 20.1636 20.8757 18.8738 18.0991 17.2598 15.7408 13.8826 13.3886 12.6538 11.8641 11.8585 11.6294 10.8778 10.5411 10.1431 9.9229 9.63318
threshold=1.5000000000000002 0.57499998807907116 1.0000000180025095e-35 0.27500000596046453 0.17500000447034839 2.5000000000000004 1.0000000180025095e-35 0.5634920895099641 2.5000000000000004 1.5000000000000002 1.0000000180025095e-35 0.85906165838241588 0.25000000000000006 1.5000000000000002 0.34999999403953558 7.5315487384796151 0.25000000000000006 0.24066924303770068 1.0000000180025095e-35 5.2390944957733163 0.2375874072313309 7.4301097393035898 835.50000000000011 0.27500000596046453 4.6298508644104013 0.2100000008940697 0.37940952181816107 3.6309846639633183 0.17500000447034839 7.568376064300538
decision_type=2 2 2 2 2 2 2 2 2 2 2 2 2 2 2 2 2 2 2 2 2 2 2 2 2 2 2 2 2 2
left_child=1 2 3 8 11 9 7 13 12 15 25 26 28 -6 19 -5 -2 -11 -7 -15 29 -21 -13 -12 -17 -4 -3 -22 -1 -10
right_child=16 4 10 5 6 18 -8 -9 20 17 23 22 -14 14 -16 24 -18 -19 -20 21 27 -23 -24 -25 -26 -27 -28 -29 -30 -31
leaf_value=-0.034682939006894842 0.071189866214852349 0.012591544438810427 -0.011083073651386886 -0.02150496156439306 0.014073137939330444 -0.00017998866278899739 0.073336807325598372 0.063793018771588147 -0.025394550732701037 -0.0024091357484266906 0.020524095639387382 -0.012185135769752225 -0.017502324836882081 0.040252512453546142 0.073652173457006198 0.019631609916575685 0.096088559783608196 0.053562851718926482 0.024815603693884414 0.010536697921574746 0.015851814189136927 0.049665104622588385 0.026753537146398117 0.055968580804902607 -0.0098737605668095026 0.014136024423492127 0.043126258128062436 -0.011186534697364693 -0.026796824102549369 0.0086589317758967374
leaf_weight=576.35754604637623 98.431319788098335 69.037139371037483 41.288596987724304 412.20559421181679 127.04220137000084 114.95018567144871 47.353436335921288 56.010196179151535 172.67414309084415 21.881274193525314 40.590800404548645 80.43898968398571 254.57142105698586 99.518670901656151 18.81843675673008 25.279701992869377 258.72251504659653 12.580247342586516 60.057413771748543 74.477556303143501 23.334983661770821 14.590737819671629 12.834551513195036 26.513156712055206 97.338056221604347 72.966513872146606 24.001352623105049 189.64833192527294 563.08279606699944 13.437393322587011
leaf_count=3330 431 352 221 2300 650 604 215 266 951 115 205 432 1407 493 91 136 1103 63 300 375 126 72 69 126 532 368 122 1042 3241 74
internal_value=0 -0.00956783 -0.0183026 -0.0208108 0.0284189 -0.00952763 0.037256 0.0325288 -0.0254785 -0.0151052 0.0166337 0.00747777 -0.0284325 0.0269449 0.0346195 -0.0174224 0.0896611 0.0198408 0.00858123 0.0299925 -0.0150697 0.0178965 -0.00637799 0.0357429 -0.00357329 0.00498866 0.0212104 -0.00810423 -0.0308396 -0.0228699
internal_weight=0 3342.88 2718.76 2537.4 624.123 744.292 437.811 390.458 1793.11 569.285 181.359 186.312 1394.01 334.448 207.405 534.823 357.154 34.4615 175.008 188.587 399.095 89.0683 93.2735 67.104 122.618 114.255 93.0385 212.983 1139.44 186.112
internal_count=19812 18278 15141 14221 3137 4050 2162 1947 10171 3146 920 975 7978 1681 1031 2968 1534 178 904 940 2193 447 501 331 668 589 474 1168 6571 1025
is_linear=0
shrinkage=0.04


Tree=6
num_leaves=31
num_cat=0
split_feature=33 7 23 23 31 15 5 4 16 7 36 30 15 36 1 4 15 34 6 36 7 2 22 0 36 1 8 36 29 6
split_gain=1827.39 618.356 106.102 82.0595 56.197 42.2134 32.7106 31.5977 21.551 17.6787 17.2392 17.0895 14.4156 17.0773 14.0727 10.418 10.4761 10.2538 9.6861 9.51081 9.99145 9.37405 8.80877 8.70476 8.65769 8.32493 12.3971 8.28693 8.41606 8.0566
threshold=1.0000000180025095e-35 0.42499999701976782 1.0000000180025095e-35 1.0000000180025095e-35 0.50384616851806652 0.21374999731779101 0.1569853946566582 0.84512072801589977 7.6283526420593271 0.57499998807907116 1.1014350056648257 2.3502402305603032 0.21374999731779101 0.67649671435356151 2.5000000000000004 0.87561962008476268 0.14145454764366153 8.5000000000000018 5.6818761825561532 0.69909381866455089 1.0000000180025095e-35 689.50000000000011 0.20726351439952853 7.2696108818054208 1.5622174739837649 1.5000000000000002 5.5000000000000009 1.1394529938697817 -0.7865660786628722 5.56260108947754
decision_type=2 2 2 2 2 2 2 2 2 2 2 2 2 2 2 2 2 2 2 2 2 2 2 2 2 2 2 2 2 2
left_child=1 2 5 4 6 10 12 11 -6 29 -1 24 18 -14 27 16 -4 19 -3 -9 -21 -18 -5 -12 -7 26 -15 28 -11 -8
right_child=-2 3 15 22 8 7 9 17 -10 14 23 -13 13 25 -16 -17 21 -19 -20 20 -22 -23 -24 -25 -26 -27 -28 -29 -30 -31
leaf_value=-0.031812731550532235 0.082137309244700585 0.006010012909350191 -0.006565646380316946 0.033133135204947602 0.074184949807264228 -0.011336776057600846 0.01358974322400773 -0.028328249362897115 0.030189481962252063 1.9410779131742443e-05 -0.0017107607407457165 0.036195029730617091 -0.0066333338296247846 0.019030881079687364 0.05005221162142684 3.4078273174002138e-05 0.015017227310042867 -0.00071183018653928098 -0.014431252497331038 -0.022476819824910749 -0.010136217527524164 0.046227423898751507 0.067259739241471106 -0.022745578040322515 0.0078921320944948144 0.028781853170838995 -0.016304505281348435 0.033622634826854958 0.021617584961382677 -0.010269397348959182
leaf_weight=727.04918314516544 382.53109170496464 59.214592829346657 17.696869000792503 23.91482937335968 26.836339041590691 306.84631243348122 63.032030954957008 291.15298064053059 61.694437265396118 38.852569013834 35.603001102805138 11.957269117236136 66.526105120778084 50.049732238054276 32.122976154088974 75.147955134510994 44.044658988714218 36.582457527518272 93.4180758446455 390.77582342922688 150.29918311536312 24.638314992189407 53.965215310454369 294.0623080432415 41.204381838440895 60.107907205820084 21.093240365386009 64.174261689186096 110.35115638375282 32.97442153096199
leaf_count=4203 1619 311 90 109 125 1708 319 1683 298 194 198 62 351 258 157 391 222 197 494 2241 857 123 241 1692 225 308 111 314 551 170
internal_value=0 -0.00999113 -0.0202341 0.0191903 0.0151922 -0.0224481 0.0112765 -0.0173537 0.0448701 0.0200492 -0.0283282 -0.00733454 0.00266154 0.00974613 0.0257067 0.010984 0.0202938 -0.0214789 -0.0065258 -0.0223879 -0.0190988 0.0272043 0.0578723 -0.0204979 -0.00902825 0.0180232 0.00839491 0.0216109 0.0160681 0.00535273
internal_weight=0 3305.39 2447.06 858.328 780.448 2285.53 691.917 1228.82 88.5308 341.507 1056.71 360.008 350.41 197.777 245.501 161.528 86.3798 868.81 152.633 832.228 541.075 68.683 77.88 329.665 348.051 131.251 71.143 213.378 149.204 96.0065
internal_count=19822 18203 13892 4311 3961 13066 3538 6973 423 1705 6093 1995 1833 1028 1216 826 435 4978 805 4781 3098 345 350 1890 1933 677 369 1059 745 489
is_linear=0
shrinkage=0.04


Tree=7
num_leaves=31
num_cat=0
split_feature=18 9 25 21 23 3 3 23 25 25 36 3 15 25 2 16 23 9 26 8 26 0 28 30 4 20 31 5 20 3
split_gain=1688.67 563.279 97.1732 83.4627 72.6068 59.1133 53.1745 33.5215 32.4175 23.8532 23.0391 22.5564 19.9997 19.1485 16.0801 15.7438 13.7862 12.8205 12.2086 11.1308 10.622 10.3995 10.8011 10.0908 9.40052 9.35985 9.22971 10.755 8.35564 8.19718
threshold=1.5000000000000002 1.0000000180025095e-35 0.27500000596046453 1.5000000000000002 1.0000000180025095e-35 2.5000000000000004 2.5000000000000004 1.0000000180025095e-35 0.23499999940395358 0.27500000596046453 1.0907711982727053 2.5000000000000004 0.17522221803665164 0.2100000008940697 792.50000000000011 25.127408981323246 1.0000000180025095e-35 1.0000000180025095e-35 1.0000000180025095e-35 4.5000000000000009 1.0000000180025095e-35 6.9994120597839364 -0.91597560048103321 1.4978661537170412 0.93250548839569103 0.21374999731779101 0.32666666805744177 0.11760171502828599 0.21374999731779101 3.5000000000000004
decision_type=2 2 2 2 2 2 2 2 2 2 2 2 2 2 2 2 2 2 2 2 2 2 2 2 2 2 2 2 2 2
left_child=1 2 6 4 5 8 12 10 28 25 11 19 -1 -6 21 -10 18 -2 29 -4 -21 -14 -23 -11 -24 -7 27 -12 -3 -8
right_child=17 3 7 -5 13 9 16 -9 15 23 26 -13 14 -15 -16 -17 -18 -19 -20 20 -22 22 24 -25 -26 -27 -28 -29 -30 -31
leaf_value=-0.010771578531752771 0.084875151216887476 -0.03473268914394588 0.023223023861835026 0.08362638049963976 -0.012276556251836088 -0.024064099443198237 0.0045715280406826743 0.067011385601600304 -0.012778262704898116 0.011450495380107357 0.0036027241895295031 0.039159261111088077 -0.0086608726705691003 0.0168571924643065 0.027527520013220515 -0.025360209253990535 0.057900128545405743 0.064041963967446047 0.036963533756261019 -0.011346198886874615 0.019912497850120513 -0.012778833277296772 0.020281283074464612 -0.010283410477208106 -0.012633918971619883 -0.010278178645934385 0.062988584737132536 0.041611303324482089 -0.026911147232932656 0.024307759138920259
leaf_weight=181.44751325249672 278.99319483339787 439.1268508285284 54.272514835000038 10.485230714082716 55.09431104362011 130.41571213304996 73.163074463605881 41.314861923456192 342.79000420868397 92.924560397863388 15.128439188003538 62.479318559169769 88.090084314346313 96.825661167502403 45.443812489509583 309.23549358546734 16.187983825802803 102.79638709127903 50.86306144297123 47.915304496884346 24.696840062737465 26.797073796391487 84.16778177022934 51.548868551850319 15.140072390437124 209.09105856716633 29.733579710125923 62.01568329334259 567.88467080891132 62.265481725335121
leaf_count=972 1147 2632 271 51 294 744 366 180 1949 489 73 288 466 483 233 1805 72 433 251 248 127 141 439 275 80 1174 133 293 3366 302
internal_value=0 -0.00903674 0.0163251 -0.0198348 -0.0203799 -0.0222732 0.00716525 0.0336438 -0.0258613 -0.00991775 0.028572 0.0198419 -0.000648212 0.0062695 0.00645472 -0.0188048 0.0240261 0.0796288 0.0204989 0.00986983 -0.000465718 0.0017706 0.00907892 0.0036612 0.0151128 -0.0156837 0.0433912 0.034437 -0.030384 0.0138673
internal_weight=0 3286.54 981.122 2305.42 2294.94 2143.02 643.566 337.557 1659.04 483.98 296.242 189.364 441.086 151.92 259.639 652.025 202.48 381.79 186.292 126.885 72.6121 214.195 126.105 144.473 99.3079 339.507 106.878 77.1441 1007.01 135.429
internal_count=19777 18197 4935 13262 13211 12434 3322 1613 9752 2682 1433 934 2331 777 1359 3754 991 1580 919 646 375 1126 660 764 519 1918 499 366 5998 668
is_linear=0
shrinkage=0.04


Tree=8
num_leaves=31
num_cat=0
split_feature=18 7 25 23 23 3 31 3 3 21 15 25 25 27 25 25 7 14 27 7 2 31 0 7 2 20 10 7 16 27
split_gain=1530.42 570.79 91.7453 89.7343 54.8243 45.5702 37.4042 33.2075 30.362 30.1364 24.3315 22.0478 17.8953 17.8253 15.4742 15.0631 14.8476 13.5399 13.7273 11.9423 11.2582 10.7308 10.3924 9.64671 9.08047 8.89877 8.81206 8.29824 8.27041 7.92888
threshold=1.5000000000000002 0.42499999701976782 0.17500000447034839 1.0000000180025095e-35 1.0000000180025095e-35 2.5000000000000004 0.50384616851806652 2.5000000000000004 2.5000000000000004 1.5000000000000002 0.21374999731779101 0.31000000238418585 0.27500000596046453 4.2158241271972665 0.27500000596046453 0.17500000447034839 0.57499998807907116 1.0000000180025095e-35 4.2856531143188485 1.0000000180025095e-35 767.50000000000011 0.46904762089252477 7.536893606185914 0.25000000000000006 444.50000000000006 0.21374999731779101 1.0000000180025095e-35 0.75000000000000011 1.3796312808990481 3.8144096136093144
decision_type=2 2 2 2 2 2 2 2 2 2 2 2 2 2 2 2 2 2 2 2 2 2 2 2 2 2 2 2 2 2
left_child=1 3 7 5 6 9 8 21 16 10 -1 -11 25 -8 -5 -12 22 -10 -19 -14 -17 -3 -4 -2 -18 -7 -15 -9 -26 -16
right_child=23 2 4 14 -6 12 13 27 17 11 15 -13 19 26 29 20 24 18 -20 -21 -22 -23 -24 -25 28 -27 -28 -29 -30 -31
leaf_value=-0.030643869382149438 0.061697837897681462 -0.015808858960609729 -0.0087635474255106614 0.00019881547389474896 0.061261581873821198 -0.023372807317639053 0.066209285358605943 0.0091406643118390248 0.045272591765362351 -0.0093220207052436745 -0.027826498248262176 0.046440469934625285 -0.0052220424811340663 0.0027020015230392897 0.049417874516812593 -0.019527819792069016 -0.0055870198782985905 0.0029081990309156474 0.036718116680516798 0.02064484011220975 -0.0052741682342587531 0.011622530860927452 0.022492267663726154 0.080610660108228691 0.028125044053064874 -0.010094948324827697 0.044064537817285719 0.034193895589410432 0.011718654227877649 0.015700152180813935
leaf_weight=768.60583943128586 100.84495437145233 143.77523438632488 74.144000843167305 105.66936202347279 65.908640787005424 135.42548714578152 41.483563855290413 67.828927487134933 75.566360414028168 74.332424029707909 309.11453059315681 11.326362907886503 116.00836500525475 16.159595265984535 14.778282731771467 439.32567645609379 24.563589498400688 37.488890051841736 38.237206161022186 35.680422767996788 113.23613327741623 25.54765884578228 19.931447088718414 277.97102726995945 97.596592605113983 210.36874955892563 15.431367591023447 30.333665132522583 106.94071413576603 43.698840007185936
leaf_count=4644 419 780 391 554 285 782 186 334 353 411 1862 58 614 75 70 2563 125 177 181 184 661 131 100 1129 485 1185 71 145 542 210
internal_value=0 -0.00881493 0.0186595 -0.0190019 0.02716 -0.0211176 0.0228471 -0.00089233 0.0185936 -0.0242093 -0.025423 -0.00105739 -0.0103992 0.0492336 0.00943765 -0.0207058 0.0115488 0.0332952 0.0204857 0.00105188 -0.0166364 -0.0115826 -0.00181111 0.0759263 0.0170029 -0.0153995 0.0243272 0.0174107 0.0197436 0.0255737
internal_weight=0 3258.51 880.937 2377.57 613.452 2213.42 547.543 267.485 474.469 1715.94 1630.28 85.6588 497.483 73.0745 164.146 861.676 323.176 151.292 75.7261 151.689 552.562 169.323 94.0754 378.816 229.101 345.794 31.591 98.1626 204.537 58.4771
internal_count=19707 18159 4361 13798 2971 12964 2686 1390 2354 10199 9730 469 2765 332 834 5086 1643 711 358 798 3224 911 491 1548 1152 1967 146 479 1027 280
is_linear=0
shrinkage=0.04


Tree=9
num_leaves=31
num_cat=0
split_feature=18 7 25 25 3 3 15 31 25 14 15 34 7 26 2 2 36 3 20 31 27 36 2 7 30 7 4 25 36 34
split_gain=1377.77 543.997 77.9629 70.775 36.5258 32.1577 24.217 21.3049 20.3283 19.7734 16.7983 16.9573 15.7822 15.593 14.2624 13.5871 13.4321 13.2483 12.2955 10.3905 9.96564 9.73371 9.50146 8.73784 8.37567 8.37297 8.3325 8.26586 8.17298 8.04166
threshold=1.5000000000000002 0.42499999701976782 0.27500000596046453 0.27500000596046453 2.5000000000000004 2.5000000000000004 0.19597221910953525 0.084039550274610533 0.17500000447034839 1.0000000180025095e-35 0.21374999731779101 8.5000000000000018 1.0000000180025095e-35 1.0000000180025095e-35 720.50000000000011 838.50000000000011 0.80427801609039318 2.5000000000000004 0.19597221910953525 0.60188680887222301 3.9090180397033696 1.5350340008735659 456.50000000000006 0.25000000000000006 3.6242519617080693 0.57499998807907116 0.84512072801589977 0.17500000447034839 0.9371645748615266 3.5000000000000004
decision_type=2 2 2 2 2 2 2 2 2 2 2 2 2 2 2 2 2 2 2 2 2 2 2 2 2 2 2 2 2 2
left_child=1 3 5 4 10 8 17 9 19 22 24 27 14 -7 21 -10 26 28 -6 -3 -16 -8 -4 -2 -1 -24 -14 -12 -5 -19
right_child=23 2 7 6 18 13 12 -9 15 -11 11 -13 16 -15 20 -17 -18 29 -20 -21 -22 -23 25 -25 -26 -27 -28 -29 -30 -31
leaf_value=-0.031070611484137284 0.058681228194994432 -0.010022135712966096 0.0065998615515552098 -0.026278082920062697 -0.020200815345097198 0.015806895032439428 -0.01499109401552012 0.050540493652323513 0.0075842779788425508 0.012288434468643647 -0.026854313030625326 0.008130889502179342 0.019355727988697443 0.040891967996467056 0.032092863442752299 0.037455467536017417 0.023766729623097844 0.01976124777220703 -0.0050983428130021166 0.021711299801803464 0.00014506521634354466 0.010172072356452818 0.02239649324804106 0.07632881305044853 -0.0015515009590077039 0.048502016423086138 -0.013274795066905019 -0.017518928172764261 -0.010940073178586467 -0.0092497863759557365
leaf_weight=591.02551628649235 105.07721069455147 156.12889035046101 15.117445126175879 134.39288671314716 139.92255735397339 144.82687211036682 168.33469074964523 98.156019866466522 182.44973291456699 86.607723072171211 326.80948662757874 29.736158207058907 16.364855155348778 55.514246478676796 19.258515909314156 26.474963396787643 64.256244882941246 21.186719447374344 224.83687481284142 16.545743733644485 58.991967841982841 27.305089831352234 33.23027466237545 283.9938450306654 16.010309278964996 79.337663844227791 37.515180557966232 321.72509689629078 101.66000588238239 42.882969155907631
leaf_count=3635 432 851 71 800 814 695 939 439 932 419 1987 161 86 263 103 130 341 111 1264 83 325 146 159 1144 92 363 211 1915 587 228
internal_value=0 -0.00759594 0.0189135 -0.0177262 -0.0222269 0.0101998 -0.00696372 0.0349749 0.00334548 0.0274438 -0.0253994 -0.0209376 -0.000402795 0.0230934 -0.00567006 0.0116888 0.0117001 -0.0154744 -0.0109703 -0.00676765 0.00861172 -0.0114117 0.0373754 0.0718872 -0.0302997 0.0413211 -0.00302596 -0.0222913 -0.0198199 0.000651443
internal_weight=0 3236.6 894.39 2342.22 1650.07 581.94 692.149 312.449 381.599 214.293 1285.31 678.271 392.027 200.341 273.89 208.925 118.136 300.123 364.759 172.675 78.2505 195.64 127.685 389.071 607.036 112.568 53.88 648.535 236.053 64.0697
internal_count=19726 18150 4405 13745 9868 2954 3877 1451 1996 1012 7790 4063 2151 958 1513 1062 638 1726 2078 934 428 1085 593 1576 3727 522 297 3902 1387 339
is_linear=0
shrinkage=0.04


Tree=10
num_leaves=31
num_cat=0
split_feature=18 7 23 25 25 3 3 3 23 31 16 34 20 14 25 7 4 21 16 3 0 2 23 13 27 2 25 36 2 7
split_gain=1277.73 464.976 96.9338 71.1117 49.8085 39.7399 22.8597 21.4383 20.9919 19.0476 17.996 18.8891 17.567 16.4163 15.0189 14.5337 14.0709 13.9279 11.0989 11.0555 12.3972 11.5402 10.898 10.4853 10.07 10.0156 9.8058 9.60696 9.13664 9.02856
threshold=1.5000000000000002 0.42499999701976782 1.0000000180025095e-35 0.27500000596046453 0.27500000596046453 1.5000000000000002 2.5000000000000004 2.5000000000000004 1.0000000180025095e-35 0.063508063554763808 1.3796312808990481 3.5000000000000004 0.41083332896232611 0.89587974548339855 0.17500000447034839 0.25000000000000006 0.88318002223968517 3.5000000000000004 1.3796312808990481 3.5000000000000004 6.9716575145721444 589.50000000000011 1.0000000180025095e-35 1.0000000180025095e-35 4.5648686885833749 841.50000000000011 0.17500000447034839 0.69466507434844982 456.50000000000006 0.57499998807907116
decision_type=2 2 2 2 2 2 2 2 2 2 2 2 2 2 2 2 2 2 2 2 2 2 2 2 2 2 2 2 2 2
left_child=1 2 4 5 6 14 17 10 12 13 11 27 19 22 -3 -2 24 -1 -18 20 -7 -22 23 28 -4 -12 -21 -6 -5 -30
right_child=15 3 16 9 7 8 -8 -9 -10 -11 25 -13 -14 -15 -16 -17 18 -19 -20 26 21 -23 -24 -25 -26 -27 -28 -29 29 -31
leaf_value=-0.027731057337607039 0.053036897833712564 -0.018598823256671611 0.028832270083437528 -0.00040929536037161303 -0.020925877839562491 -0.0036869693825859807 -0.01487957921293075 0.0025758808828797337 0.046655949131335042 0.045897371341711811 -0.024436899442991402 0.034061203199750034 0.038436788645977868 -0.0020802026887583357 0.0029964973710978095 0.073532823952812326 0.011912275117142043 -0.0066625192619736082 -0.020697890160598493 0.0081990095449564655 -0.001930101490263936 0.02441086038717856 0.053526122467849539 -0.0057831134723051805 0.0011405311519872858 -0.00045535308002232793 0.037899705111126981 -0.0028927582068696066 0.01394634567533351 0.03842862020471044
leaf_weight=1130.5960560888052 104.56315049529076 89.038447216153145 70.43761271238327 16.221621692180634 72.886628866195679 124.87574295699596 341.49511423707008 147.40976144373417 29.762650176882744 98.918457388877869 238.71153628826141 15.311612144112585 35.310828492045403 32.116909012198448 117.65225693583488 281.34509038925171 34.472637370228767 54.075762346386909 28.862486496567726 38.331771433353424 42.168932527303696 68.875727817416191 24.136691719293594 15.90175651013851 29.834562316536903 31.598596185445786 33.662032455205917 130.28827829658985 37.405361592769623 87.342033416032791
leaf_count=7044 426 490 353 78 428 641 1971 775 129 436 1432 77 167 156 599 1128 178 306 152 183 220 345 101 77 151 187 156 733 182 402
internal_value=0 -0.00856368 -0.0179748 0.0159697 -0.0202209 0.00763431 -0.0241418 -0.0107689 0.0154015 0.0313071 -0.0147875 -0.0061686 0.0124367 0.0241716 -0.00639545 0.0682815 0.0115969 -0.0267822 -0.0031272 0.0092263 0.00494745 0.0145508 0.0288013 0.0243712 0.0207764 -0.0216574 0.0227352 -0.00950285 0.027806 0.0314235
internal_weight=0 3217.7 2325.98 891.721 2162.37 579.678 1526.17 636.206 372.988 312.043 488.797 218.487 343.225 213.124 206.691 385.908 163.607 1184.67 63.3351 307.914 235.92 111.045 181.007 156.871 100.272 270.31 71.9938 203.175 140.969 124.747
internal_count=19703 18149 13787 4362 12953 2930 9321 3632 1841 1432 2857 1238 1712 996 1089 1554 834 7350 330 1545 1206 565 840 739 504 1619 339 1161 662 584
is_linear=0
shrinkage=0.04


Tree=11
num_leaves=31
num_cat=0
split_feature=33 7 23 25 3 15 25 3 23 21 3 25 20 25 20 0 0 16 7 5 4 25 4 2 34 7 1 0 26 6
split_gain=1149.59 437.632 85.7641 62.6692 57.5309 43.1729 32.3682 27.1704 24.1591 18.1444 16.6327 15.9585 15.0142 14.5115 13.2133 13.174 11.967 11.1919 10.501 9.24948 9.00293 8.81791 8.65739 10.6348 8.56585 7.8645 7.85895 7.67595 7.52376 7.51181
threshold=1.0000000180025095e-35 0.42499999701976782 1.0000000180025095e-35 0.17500000447034839 2.5000000000000004 0.19597221910953525 0.27500000596046453 2.5000000000000004 1.0000000180025095e-35 1.5000000000000002 2.5000000000000004 0.2100000008940697 0.21374999731779101 0.27500000596046453 0.25690476596355444 7.5153408050537118 6.786701202392579 0.99304834008216869 0.57499998807907116 0.14144985377788546 0.86999163031578075 0.31000000238418585 0.88283523917198192 804.50000000000011 3.5000000000000004 0.57499998807907116 2.5000000000000004 7.4241607189178476 1.0000000180025095e-35 3.7494349479675297
decision_type=2 2 2 2 2 2 2 2 2 2 2 2 2 2 2 2 2 2 2 2 2 2 2 2 2 2 2 2 2 2
left_child=1 2 4 7 6 19 14 22 10 16 15 12 -6 20 -1 18 -8 -18 -7 -5 -4 -11 -3 -24 -17 -12 28 -21 -19 -13
right_child=-2 3 13 5 11 8 9 -9 -10 21 25 29 -14 -15 -16 24 17 26 -20 27 -22 -23 23 -25 -26 -27 -28 -29 -30 -31
leaf_value=-0.027709431652194371 0.06438649568603283 -0.0016620696888246522 0.013528827414470162 -0.0017221834348034137 -0.029536175720527656 -0.0015286100978256399 -0.026707785161908148 0.016220147430037447 0.056066418140030105 -0.0041752339486463138 0.018515016077898634 0.015632691727452023 -0.0071381374050456595 0.025709622562385574 -0.010998494043883483 0.021952424667779583 -0.0037068445413861173 -0.026767759538803459 0.019809246775815966 0.0093910805665161409 -0.0098678796212253658 0.039722186407289237 -0.026370015615482596 0.010662758733631554 0.055071311122287539 0.042675575115428757 0.0028810045679279646 0.034880154753690766 -0.0072904640948289294 -0.0035304689472359795
leaf_weight=1082.138397872448 392.6353507488966 91.411535874009132 48.168349966406822 94.944456696510315 75.942058518528938 51.100733175873756 121.71489036083221 96.27590149641037 49.15494629740715 14.593937084078791 32.831113904714584 35.709216594696045 128.8908669501543 61.280473545193672 85.225934639573097 36.707118198275566 148.74045978486538 118.41442148387432 128.30950900912285 88.802499920129776 53.369190752506256 12.034859687089918 64.849562600255013 14.073325753211973 21.82125224173069 104.41822810471058 23.733543366193771 22.992604032158852 45.650207176804543 246.12415404617786
leaf_count=6847 1586 494 245 477 453 262 741 460 204 77 151 195 739 290 516 172 844 719 619 426 290 60 360 76 100 463 142 110 277 1360
internal_value=0 -0.00796958 -0.0172047 0.0156954 -0.0193349 0.0225464 -0.0228934 -0.000568276 0.0298262 -0.0141126 0.0261093 -0.00720927 -0.0156475 0.010674 -0.0265103 0.0194289 -0.0159899 -0.0119787 0.0137818 0.00746156 0.00127821 0.0170532 -0.0101355 -0.0196661 0.0357119 0.0372451 -0.0184221 0.0151543 -0.0215014 -0.00100939
internal_weight=0 3199.42 2301.73 897.693 2138.91 631.082 1652.25 266.61 424.343 484.882 375.188 486.666 204.833 162.818 1167.36 237.939 458.254 336.539 179.41 206.74 101.538 26.6288 170.334 78.9229 58.5284 137.249 187.798 111.795 164.065 281.833
internal_count=19755 18169 13795 4374 12970 2984 10223 1390 1971 2860 1767 2747 1192 825 7363 1153 2723 1982 881 1013 535 137 930 436 272 614 1138 536 996 1555
is_linear=0
shrinkage=0.04


Tree=12
num_leaves=31
num_cat=0
split_feature=18 9 23 25 25 5 5 36 23 15 26 4 25 2 15 22 0 15 9 23 14 36 2 16 23 8 36 4 29 5
split_gain=1083.38 378.496 64.8155 55.6294 40.6134 37.2889 23.0452 21.2182 17.8241 17.1157 18.3853 16.7755 16.6245 15.9677 14.8333 13.0394 12.1212 12.1143 11.6883 11.4669 11.4047 12.8873 10.244 10.1793 9.83149 9.77878 9.40577 8.91118 8.14419 8.10552
threshold=1.5000000000000002 1.0000000180025095e-35 1.0000000180025095e-35 0.27500000596046453 0.27500000596046453 0.14058018475770953 0.2601724117994309 1.0174605250358584 1.0000000180025095e-35 0.17522221803665164 1.0000000180025095e-35 0.87192302942276012 0.2100000008940697 1028.5000000000002 0.21374999731779101 0.32601387798786169 7.5261752605438241 0.33224999904632574 1.0000000180025095e-35 1.0000000180025095e-35 0.89587974548339855 0.70309320092201244 759.50000000000011 41.773942947387702 1.0000000180025095e-35 6.5000000000000009 1.2232594490051272 0.88730815052986156 0.78656607866287243 0.22370029240846637
decision_type=2 2 2 2 2 2 2 2 2 2 2 2 2 2 2 2 2 2 2 2 2 2 2 2 2 2 2 2 2 2
left_child=1 3 4 5 6 17 16 8 11 26 19 -5 -4 15 -8 20 -3 24 -2 28 21 -6 -9 -17 -1 27 -7 -13 -11 -12
right_child=18 2 12 7 13 9 14 22 -10 10 29 25 -14 -15 -16 23 -18 -19 -20 -21 -22 -23 -24 -25 -26 -27 -28 -29 -30 -31
leaf_value=-0.010981700719566074 0.068160701646395358 -0.026609963566561496 -0.0094762085837203393 0.023621794252801517 -0.018780644003624926 -0.0043508477436739806 -0.022057241712331727 0.030359015837569038 0.049197868372608998 0.0057943069623486443 0.022560945075022331 -0.013782433223142663 0.017458892152885725 0.029912134697962191 3.54960246512099e-05 0.037598677917381002 -0.016604495480231241 0.02350160717510287 0.049535669397929152 0.04473624270967768 -0.022079649160458945 -0.0037511599694277442 0.056830064397137198 -0.0036722205022719041 0.01874532867759519 -0.024914336378257282 0.018624228446034289 0.016421089404644384 0.032083769557141581 0.050715126686282752
leaf_weight=217.6824658960104 280.68933762609959 964.24756865203381 55.469758287072182 102.73778249323368 139.68299765884876 100.72152704000473 84.250814452767372 107.20865574479103 22.958042144775391 149.00390648841858 42.013760164380074 21.258827731013298 100.5704083442688 13.746485307812689 111.44862066209316 12.641195923089979 259.36386986076832 18.482321232557297 103.78288298845291 14.194347351789473 148.71354854106903 260.42131048440933 34.488299906253815 26.672905221581459 17.567963778972626 17.96012519299984 37.493455708026886 46.583508193492889 19.862454637885094 33.152040272951126
leaf_count=1188 1124 6117 300 472 828 513 525 477 95 740 209 105 490 76 652 67 1653 92 418 61 893 1479 150 153 79 93 187 228 96 153
internal_value=0 -0.00750605 -0.0168687 0.0128032 -0.0187856 0.00582804 -0.0224793 0.0255381 0.0172456 0.0134655 0.0195084 0.0128793 0.00788515 -0.0100298 -0.0096026 -0.0110616 -0.0245197 -0.00611698 0.0634155 0.012433 -0.0126593 -0.00906551 0.0375032 0.0107759 -0.00862245 -0.000228495 0.00205834 0.00683297 0.00922588 0.035971
internal_weight=0 3180.6 2177.23 1003.37 2021.19 650.174 1419.31 353.195 211.498 396.441 258.227 188.54 156.04 601.878 195.699 588.132 1223.61 253.733 384.472 183.061 548.818 400.104 141.697 39.3141 235.25 85.8025 138.215 67.8423 168.866 75.1658
internal_count=19713 18171 13233 4938 12443 3318 8947 1620 993 1959 1259 898 790 3496 1177 3420 7770 1359 1542 897 3200 2307 627 220 1267 426 700 333 836 362
is_linear=0
shrinkage=0.04


Tree=13
num_leaves=31
num_cat=0
split_feature=18 7 25 25 3 3 3 4 34 15 27 20 1 7 20 36 31 7 20 7 34 0 4 31 2 25 36 7 26 16
split_gain=1006.43 389.683 55.4631 49.0256 32.0544 29.105 21.0817 20.4309 18.187 17.9238 15.4333 14.7808 18.2612 14.433 13.1795 12.3853 12.227 11.4716 11.4567 11.4106 10.8998 9.94793 9.76917 9.60749 9.51585 9.00618 8.87449 8.19054 8.95839 7.97392
threshold=1.5000000000000002 0.42499999701976782 0.27500000596046453 0.17500000447034839 2.5000000000000004 2.5000000000000004 2.5000000000000004 0.84628677368164074 8.5000000000000018 0.21374999731779101 3.7123510837554936 0.19597221910953525 1.5000000000000002 0.57499998807907116 0.25690476596355444 0.69001945853233349 0.34166666865348821 1.0000000180025095e-35 0.19597221910953525 0.25000000000000006 3.5000000000000004 6.0775766372680673 0.8679887354373933 0.68990385532379161 581.50000000000011 0.23499999940395358 0.9371645748615266 0.57499998807907116 1.0000000180025095e-35 48.595153808593757
decision_type=2 2 2 2 2 2 2 2 2 2 2 2 2 2 2 2 2 2 2 2 2 2 2 2 2 2 2 2 2 2
left_child=1 2 5 7 9 8 11 -3 14 27 -6 26 -13 -12 29 -11 -14 21 -7 25 24 -8 -10 -9 -17 -2 -4 28 -5 -1
right_child=19 3 6 4 10 18 17 23 22 15 13 12 16 -15 -16 20 -18 -19 -20 -21 -22 -23 -24 -25 -26 -27 -28 -29 -30 -31
leaf_value=-0.022898947082105405 0.024715555194291073 0.012806748323523336 -0.026358000753487102 -0.022772299434320444 0.054285955172378629 -0.019877596460906092 0.02961489989420605 -0.01230941633537146 0.022413828515503192 0.0074367232938578097 0.0068424762904663065 -0.013959538615330567 0.00058544789837023151 0.033758520101250293 -0.0089773158572962839 0.0034574881402180259 0.034518673339419381 0.023193250979221761 -0.005016387108054284 0.065599060803940026 0.039267793540559669 -0.0047828223634216521 -0.012034453319546745 0.022428849136215869 0.026682945623995057 0.05437892007157448 -0.0095328018184064299 0.0087581049179211688 0.015434527611062945 -0.03032172225602673
leaf_weight=656.67448572814465 26.887730538845062 114.55894745886326 116.91037480533123 30.246227011084557 43.71621461212635 130.05708239972591 13.259407848119734 142.09454818069935 16.809467762708664 86.594404354691505 43.824578508734703 175.35593762993813 124.85277079045773 127.85627661645412 82.716327890753746 44.598848223686218 17.679396718740463 41.134090930223465 228.7402952760458 276.67136386036873 64.195795610547066 111.64780955016613 42.002658173441887 12.144989579915999 78.138915538787842 80.976147502660751 92.665555760264397 113.26787941157818 12.474522754549978 416.0273472070694
leaf_count=4222 108 559 727 157 188 788 71 779 92 421 199 1008 708 563 511 213 96 207 1310 1111 291 587 242 60 363 325 552 559 63 2731
internal_value=0 -0.00753798 -0.0164244 0.0144932 0.0204592 -0.0205769 -0.00697354 0.000133964 -0.0235373 0.0140349 0.0330228 -0.0108769 -0.00538387 0.0270456 -0.02464 0.020171 0.00521387 0.00540801 -0.0104836 0.0608139 0.0259288 -0.000722193 -0.00177523 -0.00932199 0.0184343 0.0475691 -0.019079 0.00315602 -0.0114245 -0.0258288
internal_weight=0 3180.25 2266.53 913.712 644.914 1573.03 693.505 268.798 1214.23 429.517 215.397 527.464 317.888 171.681 1155.42 273.528 142.532 166.041 358.797 384.535 186.934 124.907 58.8121 154.24 122.738 107.864 209.576 155.989 42.7207 1072.7
internal_count=19811 18267 13852 4415 3017 9896 3956 1398 7798 2067 950 3091 1812 762 7464 1288 804 865 2098 1544 867 658 334 839 576 433 1279 779 220 6953
is_linear=0
shrinkage=0.04


Tree=14
num_leaves=31
num_cat=0
split_feature=33 9 23 23 3 25 25 36 3 31 25 25 14 36 0 36 3 0 36 15 14 27 25 31 8 29 22 5 27 29
split_gain=922.585 336.664 64.3591 61.2407 48.7665 35.4313 28.2599 19.9832 18.188 15.3121 14.6919 14.1461 12.6081 10.7137 9.61459 9.48539 9.33709 11.2928 9.28231 9.23645 8.70615 7.71659 7.61583 7.60008 7.34885 7.30755 7.27035 7.2178 13.0587 8.51063
threshold=1.0000000180025095e-35 1.0000000180025095e-35 1.0000000180025095e-35 1.0000000180025095e-35 2.5000000000000004 0.27500000596046453 0.27500000596046453 1.6424235701560976 2.5000000000000004 0.46904762089252477 0.2100000008940697 0.2100000008940697 1.0000000180025095e-35 0.80839002132415783 7.8617253303527841 1.0174605250358584 2.5000000000000004 6.1653625965118417 1.0280539989471438 0.21374999731779101 0.89587974548339855 4.3033890724182138 0.17500000447034839 0.46904762089252477 7.5000000000000009 -0.37940952181816096 0.19579133391380313 0.1369237154722214 3.9806153774261479 0.60355338454246532
decision_type=2 2 2 2 2 2 2 2 2 2 2 2 2 2 2 2 2 2 2 2 2 2 2 2 2 2 2 2 2 2
left_child=1 2 4 5 6 8 9 12 22 27 -6 -5 -7 -8 -9 -11 -14 -18 21 -10 -13 25 -3 -24 -2 -12 -4 -1 -29 -30
right_child=24 3 26 11 10 7 13 14 19 15 18 20 16 -15 -16 -17 17 -19 -20 -21 -22 -23 23 -25 -26 -27 -28 28 29 -31
leaf_value=-0.012946875341633475 0.05977540336077368 -0.028257821965075418 0.023795301077120811 -0.0090058062687995762 0.0097243628910646893 -0.0061611059534136953 0.0024892646134551132 0.026139032042720941 -0.021694889462394167 0.0030752745049355259 0.023718281917596951 0.022755663403078486 -0.022671820514582913 0.020936986570051025 -0.0035555925450437807 0.04050782459375691 0.026266827168358896 -0.013263161172905267 0.039361843309562265 -0.0078573177266521334 -0.0041513955091699618 0.031546987331967244 -0.022410415952268871 -0.00255239641998365 0.042446018263503811 -0.0037864979144679556 0.049275252829492938 0.017501214487428945 -0.012872238631578778 0.014609283600473961
leaf_weight=191.81592653691769 323.10489831864834 535.51981981098652 32.883077159523964 53.506801635026932 115.95290416479111 234.44729745388031 87.096442490816116 29.397580906748772 134.64285609126091 31.28422437608242 28.406907171010971 75.431383654475212 221.96294683218002 119.44761025905609 38.331046938896179 14.871175542473791 12.393348693847654 57.882929593324661 72.278013065457344 186.09748302400112 24.866171285510063 49.361973688006401 491.74853749573231 33.476893827319145 72.418221682310104 30.470449596643448 66.527118429541588 41.021735638380051 100.39454071223736 20.13699771463871
leaf_count=1060 1308 3583 144 294 551 1338 432 157 831 158 126 367 1401 545 220 70 66 312 314 1081 123 221 3244 207 292 136 278 218 540 108
internal_value=0 -0.00785491 0.0112509 -0.0168456 0.00783669 -0.0187373 0.00131447 -0.0105183 -0.0222534 -0.00489446 0.0210718 0.00738482 -0.0131469 0.0132563 0.00971339 0.0163174 -0.0186713 -0.00575804 0.0281742 -0.0137646 0.016134 0.020125 -0.0247894 -0.0211592 0.056832 0.00982714 0.0414825 -0.0077413 -0.00147786 -0.00811743
internal_weight=0 3131.65 1001.95 2129.71 902.539 1975.9 606.069 594.415 1381.49 399.525 296.47 153.804 526.687 206.544 67.7286 46.1554 292.239 70.2763 180.517 320.74 100.298 108.239 1060.75 525.225 395.523 58.8774 99.4102 353.369 161.553 120.532
internal_count=19725 18125 4901 13224 4479 12440 3131 3494 8946 2154 1348 784 3117 977 377 228 1779 378 797 1912 490 483 7034 3451 1600 262 422 1926 866 648
is_linear=0
shrinkage=0.04


Tree=15
num_leaves=31
num_cat=0
split_feature=22 9 23 25 3 34 23 25 22 3 25 27 15 16 23 25 36 2 36 2 36 2 4 31 27 12 4 9 31 2
split_gain=893.727 281.813 62.1097 51.9141 42.8862 28.598 23.7697 23.1776 21.0345 19.5402 19.4568 19.2804 17.1103 14.7608 13.8185 13.5656 12.8624 10.603 10.5961 14.6482 10.0804 11.6991 9.31308 11.4452 8.97815 8.45352 7.91918 7.90783 7.84125 9.85926
threshold=0.41571427881717687 1.0000000180025095e-35 1.0000000180025095e-35 0.27500000596046453 2.5000000000000004 8.5000000000000018 1.0000000180025095e-35 0.17500000447034839 0.11974025890231134 3.5000000000000004 0.27500000596046453 4.0526537895202646 0.21374999731779101 87.848701477050795 1.0000000180025095e-35 0.2100000008940697 1.0067390799522402 767.50000000000011 0.91173902153968822 591.50000000000011 1.0174605250358584 819.50000000000011 0.8679887354373933 0.089898992329835906 3.6309846639633183 1.0000000180025095e-35 0.77634596824646007 1.0000000180025095e-35 0.58712118864059459 430.50000000000006
decision_type=2 2 2 2 2 2 2 2 2 2 2 2 2 2 2 2 2 2 2 2 2 2 2 2 2 2 2 2 2 2
left_child=1 3 4 6 5 7 9 -3 -5 18 24 27 16 -13 20 -4 -9 -14 25 -20 28 -22 -21 -24 26 -1 -6 -2 29 -10
right_child=11 2 15 8 10 -7 -8 12 14 -11 -12 13 17 -15 -16 -17 -18 -19 19 22 21 -23 23 -25 -26 -27 -28 -29 -30 -31
leaf_value=-0.0093140393396339335 0.062679663780690134 -0.028207561997402309 -0.0074615993742947065 -0.010854762926613238 0.032364918662862702 0.0373965302069399 0.029560081294965745 -0.028913706738348612 -0.018715036155282461 0.018493370225066759 0.0052101908872321592 0.043721991618186878 -0.015603334137507011 -0.00071542718815555963 0.04746383193466204 0.016970617535952998 -0.014474652512292123 -0.0016558596968373677 -0.0076807349512779113 0.024956879788829284 0.024114492751477673 0.057013311287922468 -0.0057867282634336669 0.028072782919752352 -0.014703989706421726 0.015366896476181434 -0.0067465083616619131 0.046138130091555027 0.04062448777168793 0.015475974440047658
leaf_weight=250.3956768065691 260.92054741084576 521.69085627794266 54.382525742053986 26.525028929114342 10.649745807051657 11.618626102805136 49.336993709206581 269.12650795280933 13.271017670631407 86.426889017224312 144.76002065837383 43.449480250477791 410.66826505959034 16.144847244024277 39.75698347389698 102.31507150828838 166.65695667266846 111.2243036031723 91.741610452532768 56.424134507775307 93.794206902384758 21.796423643827438 56.152956485748291 20.063865765929222 284.1269176453352 22.548019841313362 22.502856701612473 95.53050684928894 16.067659303545952 135.66835850477219
leaf_count=1336 1064 3556 300 131 61 50 214 1811 64 394 763 185 2564 79 162 496 1083 680 489 274 411 92 300 103 1712 118 133 393 69 638
internal_value=0 -0.00740715 -0.0156359 0.0103038 -0.0175794 -0.0208775 0.00346439 -0.021385 0.0226949 0.00116546 -0.00689265 0.0549075 -0.0176174 0.032051 0.0255229 0.00850414 -0.0234831 -0.0126486 -0.00190785 0.00450988 0.0221003 0.0311823 0.0129304 0.0036166 -0.0124127 -0.00717818 0.00694399 0.0585286 0.0154409 0.0122218
internal_weight=0 3089.69 2109.72 979.97 1953.03 1490.99 633.09 1479.37 346.88 583.753 462.04 416.045 957.676 59.5943 320.355 156.698 435.783 521.893 497.326 224.383 280.598 115.591 132.641 76.2168 317.28 272.944 33.1526 356.451 165.007 148.939
internal_count=19725 18004 13209 4795 12413 9744 3228 9694 1567 3014 2669 1721 6138 264 1436 796 2894 3244 2620 1166 1274 503 677 403 1906 1454 194 1457 771 702
is_linear=0
shrinkage=0.04


Tree=16
num_leaves=31
num_cat=0
split_feature=22 8 3 25 23 34 5 23 27 10 25 25 32 13 27 36 15 36 2 5 1 2 36 34 20 15 36 16 5 29
split_gain=780.258 215.987 63.4304 43.5921 43.5139 35.0423 28.7387 26.4302 25.0787 22.4523 20.1226 19.9553 18.4513 16.4653 15.6354 14.5772 13.0605 14.4045 12.7072 12.5351 12.4936 12.344 12.4316 10.9824 10.4833 10.419 9.7796 9.27298 9.16177 9.04205
threshold=0.41571427881717687 5.5000000000000009 2.5000000000000004 0.17500000447034839 1.0000000180025095e-35 7.5000000000000009 0.2375874072313309 1.0000000180025095e-35 3.6095646619796757 1.0000000180025095e-35 0.2100000008940697 0.17500000447034839 3.5000000000000004 1.0000000180025095e-35 4.5824129581451425 1.1330381631851199 0.12099999934434892 0.99038767814636242 631.50000000000011 0.21038094162940982 2.5000000000000004 828.50000000000011 1.0067390799522402 39.500000000000007 0.21374999731779101 0.19597221910953525 0.67649671435356151 29.323871612548832 0.14058018475770953 0.37940952181816107
decision_type=2 2 2 2 2 2 2 2 2 2 2 2 2 2 2 2 2 2 2 2 2 2 2 2 2 2 2 2 2 2
left_child=1 4 3 23 6 7 11 9 -7 21 24 29 18 20 16 -11 -12 -18 -2 -19 26 22 27 -3 -4 -8 -13 -5 -10 -1
right_child=12 2 10 5 -6 8 25 -9 28 15 14 13 -14 -15 -16 -17 17 19 -20 -21 -22 -23 -24 -25 -26 -27 -28 -29 -30 -31
leaf_value=-0.012831664615675571 0.0014681314517764413 -0.025396104574779893 -0.021211222672165134 -0.017425309100994744 0.043457876340206675 0.049937598992623962 0.0094299064699300012 0.0071959249415462579 -0.012055831317333135 -0.0070912419758758383 -0.020425445084224982 -0.0012120370315227898 0.054283852701118435 -0.0075848639130115005 -0.0093410049714796103 0.029824333189535542 0.0046544684011985806 -0.00079483663550854091 0.044200638040097689 0.032728082305263528 0.037620525417133996 -0.0055109536779187696 -0.012413525895309896 0.012573249409174972 -0.0034148469819129073 0.032608176513019255 0.016785695200241989 -0.028650738283050259 0.016480281437350874 0.010152675228232185
leaf_weight=111.76865582168102 20.46291908621788 609.75139877200127 82.235816836357117 269.58209294080734 66.196961581707001 19.682974368333817 48.323222979903221 89.487578511238098 38.644323691725731 46.213682040572166 18.826653406023979 68.955444306135178 374.57720419764519 64.132896199822426 85.860559090971947 24.666993886232376 144.24439449608326 23.402819141745567 22.799948051571846 71.933561637997627 31.975995630025864 131.90685731172562 313.10065546631813 11.313395246863363 145.25664611160755 96.868941575288773 157.33792850375175 232.71258342266083 30.315967053174973 34.419036462903023
leaf_count=620 101 4104 502 1724 279 86 233 433 209 230 107 351 1529 322 463 114 772 123 105 372 151 842 1978 64 824 438 758 1577 152 191
internal_value=0 -0.00675857 -0.0124182 -0.0160704 0.0131049 -0.0115741 0.00970079 -0.0135128 0.0124154 -0.0153435 -0.000793886 0.00483455 0.0513796 0.0103735 0.00529677 0.00622155 0.0101948 0.0127502 0.0249465 0.0246518 0.0148569 -0.0169667 -0.0188019 -0.0246663 -0.00997681 0.0251269 0.0113389 -0.022719 0.000599985 -0.00735615
internal_weight=0 3069.12 2389.14 1817.38 679.979 1196.31 613.782 1107.67 88.6433 1018.18 571.76 468.59 417.84 322.402 344.268 70.8807 258.407 239.581 43.2629 95.3364 258.269 947.302 815.395 621.065 227.492 145.192 226.293 502.295 68.9603 146.188
internal_count=19754 18019 14676 11513 3343 7345 3064 6898 447 6465 3163 2393 1735 1582 1837 344 1374 1267 206 495 1260 6121 5279 4168 1326 671 1109 3301 361 811
is_linear=0
shrinkage=0.04


Tree=17
num_leaves=31
num_cat=0
split_feature=18 7 23 25 25 3 23 3 3 15 16 31 23 20 3 7 0 25 5 30 2 0 27 0 26 0 1 1 7 30
split_gain=775.255 280.951 55.4464 51.0673 36.2539 24.8872 25.8742 20.8436 17.4306 15.7404 15.3983 24.2987 13.5479 13.3154 12.8738 12.2453 12.0534 11.6545 10.5198 10.4209 10.4288 9.30351 8.7634 8.22457 8.10586 9.3789 7.75629 7.62371 7.52527 7.14459
threshold=1.5000000000000002 0.42499999701976782 1.0000000180025095e-35 0.27500000596046453 0.23499999940395358 3.5000000000000004 1.0000000180025095e-35 3.5000000000000004 2.5000000000000004 0.17522221803665164 13.838039398193361 0.24066924303770068 1.0000000180025095e-35 0.21374999731779101 2.5000000000000004 0.25000000000000006 7.0783326625823983 0.31000000238418585 0.22954993695020678 1.0000000180025095e-35 593.50000000000011 7.0783326625823983 3.8010908365249638 7.6666874885559091 1.0000000180025095e-35 6.6411609649658212 2.5000000000000004 2.5000000000000004 0.57499998807907116 3.7012257575988774
decision_type=2 2 2 2 2 2 2 2 2 2 2 2 2 2 2 2 2 2 2 2 2 2 2 2 2 2 2 2 2 2
left_child=1 2 4 5 7 6 9 13 10 -3 11 -6 14 29 27 -2 24 -4 -9 -18 -21 -20 -16 26 -11 -26 -12 28 -5 -1
right_child=15 3 17 12 8 -7 -8 18 -10 16 23 -13 -14 -15 22 -17 19 -19 21 20 -22 -23 -24 -25 25 -27 -28 -29 -30 -31
leaf_value=-0.02850732778030805 0.040339843097331816 -0.010854888819396689 0.0031769608628481774 -0.0028782898895684801 -0.0089516513056008672 0.023825199090088737 0.031018544800337392 -0.024520667161721538 0.00048277937601449961 -0.0091058688545495644 -0.025017472587342927 0.047322958207640736 0.046246084868374088 -0.018545150823965201 0.052622232841559542 0.05839325903569792 0.0016890518099768267 0.031964035608842145 -0.0050923357692286911 0.0037703754601761275 0.036042469682846925 0.024151084187166078 0.024551550298292341 -0.0049799995572712627 -0.0093296049777293749 0.028404088535028581 -0.0041240442449160218 0.034431785223668555 0.016530919501509967 0.0037371653927423094
leaf_weight=447.06238840520382 105.85307452082634 173.58968730270863 136.09206752479076 43.474130108952522 296.25115801393986 91.726963549852371 40.974525287747383 29.907123997807503 200.22888493537903 108.47596997022629 222.58531549572945 10.834029614925383 40.405090510845184 619.92963179945946 26.306676343083382 275.450853317976 67.298135951161385 25.100029960274696 68.43465881049633 26.409010007977486 40.84718132019043 21.139423593878746 72.265879884362221 54.225597470998764 17.747884050011635 21.462410405278206 33.555918663740158 25.393148601055145 113.36308382451534 10.823811024427412
leaf_count=3127 425 926 696 212 1795 410 173 185 1086 558 1482 53 163 4123 109 1137 349 115 410 132 193 125 306 340 90 107 216 113 513 65
internal_value=0 -0.00669601 -0.014496 0.0119531 -0.0163015 0.00491888 0.0013466 -0.0207368 -0.00977217 -0.00144446 -0.0130885 -0.00667291 0.0247312 -0.0224922 0.0213303 0.0536181 0.00437899 0.00799634 -0.00479267 0.0129507 0.0238452 0.00218583 0.0329404 -0.0193529 -0.00349926 0.0117007 -0.0223335 0.0147607 0.0111823 -0.0277322
internal_weight=0 3085.91 2176.17 909.74 2014.98 588.532 496.805 1197.3 817.681 455.83 617.452 307.085 321.208 1077.82 280.803 381.304 282.241 161.192 119.481 134.554 67.2562 89.5741 98.5726 310.367 147.686 39.2103 256.141 182.23 156.837 457.886
internal_count=19734 18172 13818 4354 13007 2938 2528 8035 4972 2355 3886 1848 1416 7315 1253 1562 1429 811 720 674 325 535 415 2038 755 197 1698 838 725 3192
is_linear=0
shrinkage=0.04


Tree=18
num_leaves=31
num_cat=0
split_feature=18 7 25 23 5 2 25 7 15 2 36 7 2 16 5 5 36 7 23 5 5 26 36 31 23 31 27 36 28 27
split_gain=705.448 266.122 64.3305 32.738 30.7098 23.8388 23.398 20.7364 16.278 16.219 13.1362 12.4376 12.3047 12.2959 11.8652 11.7646 16.9305 10.8261 9.56194 9.58624 9.41891 10.0207 9.31628 9.11124 9.01223 12.3698 8.72938 8.54614 8.15891 7.87406
threshold=1.5000000000000002 0.57499998807907116 0.27500000596046453 1.0000000180025095e-35 0.249743327498436 841.50000000000011 0.27500000596046453 1.0000000180025095e-35 0.19597221910953525 681.50000000000011 1.1330381631851199 1.0000000180025095e-35 741.50000000000011 0.52925786375999462 0.1342478543519974 0.13802370429039004 0.68219557404518139 0.25000000000000006 1.0000000180025095e-35 0.16074434667825702 0.21038094162940982 1.0000000180025095e-35 0.70758795738220226 0.34166666865348821 1.0000000180025095e-35 0.07275132462382318 3.9880572557449345 1.1083049774169924 0.12940952181816109 4.3496322631835946
decision_type=2 2 2 2 2 2 2 2 2 2 2 2 2 2 2 2 2 2 2 2 2 2 2 2 2 2 2 2 2 2
left_child=1 2 4 8 7 6 15 12 20 11 24 27 -1 -6 -13 28 -17 -2 19 -14 21 -4 -15 -11 25 -9 -12 -10 -3 -29
right_child=17 5 3 -5 13 -7 -8 10 9 23 26 14 18 22 -16 16 -18 -19 -20 -21 -22 -23 -24 -25 -26 -27 -28 29 -30 -31
leaf_value=-0.025856991623579295 0.039525103079936862 -0.0092678664725447807 -0.022503030595673192 0.021963730641217021 0.0051010050798178776 0.034947321170023894 0.023772084177638271 -0.022978174003055442 -0.019552593327098161 0.0053093476279355714 0.011098741029757123 -0.013340548758411761 -0.02251486662967344 -0.022500929539852471 0.014575732236251582 -0.0028008821844548617 0.019346715756627782 0.056703511833702973 0.014733616015379675 -0.0040930471380474119 -0.00011534463634070514 -0.0031031779195597976 -0.0028621965773431117 0.031116387082741118 0.0060718379018907922 -0.0042111948767937944 -0.0092336081038857515 0.013566641400467979 0.012882574212491636 -0.017906022999119243
leaf_weight=646.39781130850315 106.16642515361309 90.863484725356102 151.72402985394001 74.850766822695732 118.26657651364803 90.966880783438683 205.11697307229042 249.22172528505325 109.31820513308048 124.71612083911896 47.304412499070168 36.569023713469505 150.40492376685143 70.037613198161125 64.48584671318531 82.04732047021389 164.094786003232 264.54034365713596 14.830399200320242 65.716022402048111 69.279938668012619 59.917778789997101 84.846069633960724 24.889855459332466 24.312079817056656 73.71109813451767 105.73954445123672 28.715459629893303 35.359737753868103 19.709762960672379
leaf_count=4422 427 483 965 336 682 414 891 1636 655 688 288 202 1057 439 333 400 771 1104 80 434 395 376 524 128 120 428 653 162 187 111
internal_value=0 -0.00623791 -0.0124196 -0.00281428 -0.0168573 0.0160656 0.0129809 -0.0192844 -0.00556057 -0.00044967 -0.0127005 -0.0064956 -0.0230013 -0.00456479 0.00441074 0.00694142 0.0120011 0.0520223 -0.0148553 -0.0170022 -0.0129351 -0.0170912 -0.0119164 0.0099567 -0.0169843 -0.0187468 -0.00288697 -0.0134503 -0.00295857 0.000554685
internal_weight=0 3083.41 2414.97 764.177 1650.79 668.449 577.482 1377.64 689.326 408.404 500.289 258.798 877.349 273.15 101.055 372.365 246.142 370.707 230.951 216.121 280.922 211.642 154.884 149.606 347.245 322.933 153.044 157.743 126.223 48.4252
internal_count=19791 18260 15114 4351 10763 3146 2732 9118 4015 2279 3125 1463 5993 1645 535 1841 1171 1531 1571 1491 1736 1341 963 816 2184 2064 941 928 670 273
is_linear=0
shrinkage=0.04


Tree=19
num_leaves=31
num_cat=0
split_feature=33 7 23 25 3 1 25 4 23 3 16 7 31 25 27 29 5 2 21 25 15 7 1 25 22 25 20 16 7 31
split_gain=640.246 255.278 49.0345 39.003 38.4948 28.8378 25.5908 19.9226 18.9266 16.2525 13.9267 13.3454 11.5359 11.0804 9.60592 10.1956 10.2363 9.57967 9.54377 9.24996 7.51983 10.7907 7.50918 7.49331 7.47084 7.40701 7.2749 7.14589 7.0833 14.4306
threshold=1.0000000180025095e-35 0.42499999701976782 1.0000000180025095e-35 0.17500000447034839 2.5000000000000004 2.5000000000000004 0.23499999940395358 0.84628677368164074 1.0000000180025095e-35 1.5000000000000002 25.127408981323246 1.0000000180025095e-35 0.46904762089252477 0.34999999403953558 4.6016638278961191 0.78656607866287243 0.23172957450151446 813.50000000000011 1.5000000000000002 0.2100000008940697 0.19597221910953525 0.67499998211860668 1.5000000000000002 0.17500000447034839 0.18279032409191134 0.34999999403953558 0.19597221910953525 16.558975219726566 0.42499999701976782 0.61721614003181469
decision_type=2 2 2 2 2 2 2 2 2 2 2 2 2 2 2 2 2 2 2 2 2 2 2 2 2 2 2 2 2 2
left_child=1 2 4 7 6 8 11 -3 9 12 18 26 -5 20 15 16 -6 19 -8 -4 -11 -22 -17 -18 -10 -12 -1 -19 -2 -30
right_child=28 3 17 5 14 -7 10 -9 24 13 25 -13 -14 -15 -16 22 23 27 -20 -21 21 -23 -24 -25 -26 -27 -28 -29 29 -31
leaf_value=-0.031226375675925455 0.038617870556175479 0.011480488040336535 -0.011090987776613116 -0.0027268379374610591 -0.012503322149305026 0.037443822547559361 -0.0081806108398784719 -0.010548652861297471 0.010531200055601564 0.0041628725908740742 -0.02085393303250643 -0.01518245609275252 0.026186668346456658 0.03987225513250419 -0.015366326980022358 0.00013863819288653735 -0.0099947752161918535 0.046022453392869846 0.019153594275015545 0.010273682850359336 0.011876824839784746 0.032840755072581017 0.034147018999214088 0.0076466707007829173 0.043289848433291311 -0.00051907139792154594 -0.022012744188638373 0.0046013586179299579 0.013851166009707499 0.05465464157283511
leaf_weight=266.0839056968689 122.79808004200459 111.86105470359325 47.770657137036324 158.86334356665611 136.80394299328327 92.671338900923729 306.83070741593838 153.28224797546864 17.026639372110367 91.360812500119209 251.42797775566578 270.56026551127434 23.595825746655464 27.482066363096237 110.96372383832932 21.386843279004097 54.574991479516029 14.085104286670687 20.010838001966476 91.327016204595566 137.74952018260956 55.569917991757393 18.229963064193726 118.9983008056879 42.044997021555901 32.43157234787941 354.68561646342278 12.215711012482641 16.36595319211483 252.13378328084946
leaf_count=1967 498 536 266 790 814 410 1898 847 70 435 1692 1865 105 118 655 123 331 69 98 436 624 244 105 669 170 213 2504 61 69 1065
internal_value=0 -0.00601811 -0.0136002 0.0116773 -0.0153621 0.0169629 -0.0184629 -0.00123843 0.0134126 0.0107652 -0.0120902 -0.0227923 0.00125568 0.0162801 -0.00522193 -0.00193667 -0.00440407 0.00724316 -0.00640076 0.00288315 0.0137403 0.0181775 0.0166768 0.00204917 0.0345017 -0.0185505 -0.0260496 0.0284687 0.0482164 0.0522883
internal_weight=0 3039.89 2128.39 911.508 1962.99 646.364 1502.03 265.143 553.693 494.621 610.701 891.33 182.459 312.162 460.958 349.994 310.377 165.398 326.842 139.098 284.68 193.319 39.6168 173.573 59.0716 283.86 620.77 26.3008 391.298 268.5
internal_count=19747 18115 13766 4349 12934 2966 10237 1383 2556 2316 3901 6336 895 1421 2697 2042 1814 832 1996 702 1303 868 228 1000 240 1905 4471 130 1632 1134
is_linear=0
shrinkage=0.04


Tree=20
num_leaves=31
num_cat=0
split_feature=22 9 3 23 3 34 25 23 27 23 36 25 2 36 25 22 9 26 2 22 2 36 22 0 16 5 26 27 27 27
split_gain=582.453 206.772 45.987 37.9649 30.605 29.5763 23.5965 22.983 17.6172 16.4803 14.882 14.0518 13.9155 13.5682 12.873 10.8729 10.2251 10.2248 9.77417 8.86361 8.37344 8.31529 7.87761 7.69429 7.36523 7.28289 7.22538 7.07094 6.94728 6.86988
threshold=0.43935896456241613 1.0000000180025095e-35 2.5000000000000004 1.0000000180025095e-35 2.5000000000000004 8.5000000000000018 0.2100000008940697 1.0000000180025095e-35 4.083451747894288 1.0000000180025095e-35 0.80839002132415783 0.34999999403953558 551.50000000000011 0.93118602037429821 0.27500000596046453 0.41083332896232611 1.0000000180025095e-35 1.0000000180025095e-35 730.50000000000011 0.52642855048179638 857.50000000000011 0.74171042442321788 0.18933333456516269 7.27655053138733 115.807674407959 0.08996195346117021 1.0000000180025095e-35 3.8144096136093144 4.7685635089874276 5.0009214878082284
decision_type=2 2 2 2 2 2 2 2 2 2 2 2 2 2 2 2 2 2 2 2 2 2 2 2 2 2 2 2 2 2
left_child=1 3 5 4 10 6 -3 14 16 13 -1 20 -12 17 21 -14 -2 24 25 -10 26 -4 -5 -20 -8 -15 -6 -23 -27 -16
right_child=8 2 7 22 11 -7 9 -9 19 -11 12 -13 15 18 29 -17 -18 -19 23 -21 -22 27 -24 -25 -26 28 -28 -29 -30 -31
leaf_value=-0.0057068029342863483 0.053537742678888778 -0.023082411759973945 -0.017572418320767117 0.014573466872519529 0.0073723578847972983 0.038217019802725453 -0.019646045061503387 0.026350108285833382 0.0005687321396263353 0.0051713780396769275 -0.0053999996583059193 0.049908812349766178 0.0096041662501815447 0.013659034863888314 0.0073383855915027463 0.041300168126672379 0.036231885306227361 -0.0091802954261451727 0.027405130453541093 0.034177354704483041 0.033070397229853707 0.011461010611050277 0.04051053008148902 -0.0028141357331307078 -0.035215409218134618 -0.017266524562533109 0.022535162621714774 -0.0080503636165890902 0.0014971575226076542 -0.022301129763387623
leaf_weight=267.34058824181557 247.55684465169907 629.80050152540207 125.13530392944813 30.319282397627831 177.31829333305359 13.770274117588995 251.78881639242172 38.546609684824944 18.591126963496208 73.306630522012711 100.97984094917774 17.700600951910019 215.00032064318657 14.141414016485212 133.84681865572929 17.170178666710854 96.299924120306969 121.52044136822224 13.831292688846586 37.116870149970055 32.872332379221916 35.321845009922981 65.604361176490784 89.08403092622757 64.936333402991295 208.22270374000072 70.228124558925629 146.06843560934067 36.793401837348938 11.8405225276947
leaf_count=1420 1058 4559 780 129 801 58 1712 186 86 352 524 73 1079 93 703 75 398 828 90 162 145 211 269 568 469 1363 312 902 240 64
internal_value=0 -0.00579311 -0.0131763 0.00911009 0.00651649 -0.0166155 -0.0171678 -0.00251987 0.0454993 -0.012861 0.00129906 0.0169471 0.00692151 -0.0145214 -0.00508593 0.012281 0.0489286 -0.0192554 -0.00871728 0.0233698 0.0145278 -0.00971827 0.0327775 0.00169218 -0.0230391 -0.0128323 0.0118201 -0.00416739 -0.0144595 0.0046601
internal_weight=0 3002.49 2007.96 994.534 898.61 1517.2 1503.43 490.76 399.565 873.625 600.491 298.119 333.15 800.318 452.213 232.17 343.857 438.246 362.073 55.708 280.419 306.526 95.9236 102.915 316.725 259.158 247.546 181.39 245.016 145.687
internal_count=19709 18005 13178 4827 4429 10332 10274 2846 1704 5715 3098 1331 1678 5363 2660 1154 1456 3009 2354 248 1258 1893 398 658 2181 1696 1113 1113 1603 767
is_linear=0
shrinkage=0.04


Tree=21
num_leaves=31
num_cat=0
split_feature=22 7 23 3 25 25 15 27 25 23 36 25 5 36 3 31 20 2 28 4 36 7 16 21 31 5 5 28 0 16
split_gain=532.9 196.648 48.1325 38.9967 33.8542 27.773 22.3078 21.2253 16.0083 14.7572 14.7508 13.9335 13.8399 12.4242 11.3469 11.2326 10.9456 10.8959 10.6074 10.4547 11.5188 10.283 9.60087 9.98946 9.56089 9.21482 8.48333 10.2005 8.45431 8.1646
threshold=0.41571427881717687 0.42499999701976782 1.0000000180025095e-35 1.5000000000000002 0.17500000447034839 0.23499999940395358 0.19597221910953525 4.083451747894288 0.31000000238418585 1.0000000180025095e-35 1.49129194021225 0.2100000008940697 0.22736801207065585 0.86043301224708568 2.5000000000000004 0.78830561041831981 0.19597221910953525 838.50000000000011 0.37940952181816107 0.87242266535758983 0.44168551266193395 0.42499999701976782 36.762264251708991 1.0000000180025095e-35 0.10102041065692903 0.27697470784187322 0.20354445278644565 1.0000000180025095e-35 7.7731714248657235 12.439978599548342
decision_type=2 2 2 2 2 2 2 2 2 2 2 2 2 2 2 2 2 2 2 2 2 2 2 2 2 2 2 2 2 2
left_child=1 2 3 8 12 16 18 21 24 10 14 -4 -3 -7 -8 -9 29 -10 19 20 -6 -2 23 -15 -1 -14 -18 -28 -26 -5
right_child=7 4 11 5 6 13 9 15 17 -11 -12 -13 25 22 -16 -17 26 -19 -20 -21 -22 -23 -24 -25 28 -27 27 -29 -30 -31
leaf_value=-0.02462791144458492 0.034640194819160502 -0.0075352524508706213 -0.0079833905273203488 0.011930065187854572 -0.023123502212962114 -0.0084896409900215887 0.007805659916829545 -0.0010739004130073096 -0.01148971066204213 0.041059582639828805 0.035088679738223431 0.016385960345648827 0.029187264331313773 0.004695968557243497 0.023945651869468541 0.035263792891104755 -0.015857526259724298 0.023096901048729 0.022320097450743762 -0.010577088579873564 0.014750683845973046 0.051670014504858759 -0.0046870108264105261 0.029111471612248991 -0.015431555664005435 6.627278492424617e-05 0.0025196890177437378 -0.0178050317457282 0.017575593466675997 -0.022658274063796328
leaf_weight=633.75972765684128 99.200378939509392 194.08837316930294 55.090925931930542 10.242636010050772 13.383109807968138 235.93217992782593 195.93565453588963 24.78272157907486 86.270180523395538 47.873898282647133 61.896914765238762 109.56618160009384 29.588099181652069 100.99210743606091 109.01457530260086 27.885626122355461 209.33197210729122 15.53669263422489 40.482686012983322 78.888557434082031 80.188613727688789 246.1047156304121 104.59982149302959 35.026887357234955 69.167127653956413 38.688978880643845 122.94416572153568 55.940034881234169 13.294410079717634 244.76253183186054
leaf_count=4534 413 1049 308 73 63 1462 934 113 547 193 267 514 137 577 465 123 1474 88 194 392 370 1065 639 194 456 181 756 346 83 1757
internal_value=0 -0.00577905 -0.0124473 -0.0142114 0.00996555 -0.00933452 0.0149961 0.0433786 -0.0208481 0.020381 0.0174744 0.00823451 -0.00209146 -0.00200196 0.0136939 0.0187516 -0.014744 -0.00586816 0.00441642 6.08417e-06 0.00896318 0.0470053 0.00437691 0.0113141 -0.0229551 0.0131574 -0.010425 -0.00396278 -0.00981999 -0.021187
internal_weight=0 2992.49 2102.46 1937.8 890.029 1119.77 627.664 397.973 818.028 414.721 366.847 164.657 262.365 476.551 304.95 52.6683 643.221 101.807 212.943 172.46 93.5717 345.305 240.619 136.019 716.221 68.2771 388.216 178.884 82.4615 255.005
internal_count=19767 18053 13808 12986 4245 7278 2878 1714 5708 1859 1666 822 1367 2872 1399 236 4406 635 1019 825 433 1478 1410 771 5073 318 2576 1102 539 1830
is_linear=0
shrinkage=0.04


Tree=22
num_leaves=31
num_cat=0
split_feature=18 7 23 25 3 3 25 15 2 7 36 7 26 1 4 25 14 25 0 2 15 27 1 2 3 23 28 34 3 25
split_gain=512.282 204.65 51.1741 37.4231 30.4516 24.781 22.4643 21.9797 15.3031 14.9012 15.07 13.4459 12.5223 11.9276 11.8153 10.9972 10.1892 10.0669 10.0394 9.8812 9.20698 8.42498 8.21732 7.75187 7.24174 7.16417 7.38593 8.49452 7.07016 10.8223
threshold=1.5000000000000002 0.57499998807907116 1.0000000180025095e-35 0.17500000447034839 3.5000000000000004 1.5000000000000002 0.34999999403953558 0.21374999731779101 841.50000000000011 1.0000000180025095e-35 0.80839002132415783 0.25000000000000006 1.0000000180025095e-35 1.5000000000000002 0.84725886583328258 0.27500000596046453 1.0000000180025095e-35 0.17500000447034839 7.0867292881011972 561.50000000000011 0.19597221910953525 3.857566356658936 2.5000000000000004 450.50000000000006 1.5000000000000002 1.0000000180025095e-35 0.37940952181816107 9.5000000000000018 3.5000000000000004 0.27500000596046453
decision_type=2 2 2 2 2 2 2 2 2 2 2 2 2 2 2 2 2 2 2 2 2 2 2 2 2 2 2 2 2 2
left_child=1 2 3 14 7 17 8 22 12 -9 -11 -2 21 24 20 16 19 -3 -6 -4 -1 -7 -5 -23 -12 26 27 -19 29 -25
right_child=11 5 15 4 18 6 -8 9 -10 10 13 -13 -14 -15 -16 -17 -18 25 -20 -21 -22 23 -24 28 -26 -27 -28 -29 -30 -31
leaf_value=-0.021146470364485373 0.031922002800448157 -0.010483589919934833 -0.0081823340717106594 -0.018900997219997332 0.0015023471986460668 0.021902992578720682 0.051957336468521333 -0.010988889719119621 0.036246396502754054 -0.0090028409597524318 -0.013952512613976561 0.050369517470704006 0.025308813677932831 0.020569100388837851 -0.023693784234552651 0.020543179753541373 -0.0096502696902812587 -0.0037249119388113646 0.024077549503760787 0.026422220434487095 -0.0052782149907382855 -0.014973776398296151 -0.0039871847344835291 -0.0039768704480110774 0.0098663204296073736 0.030515703925154531 0.021998448103704854 0.026660906165455606 0.021352867330264879 0.022660319022334861
leaf_weight=107.46977536380291 104.37626430392265 59.712997823953629 19.835123002529144 473.35343584418297 122.94555638730526 58.723781511187553 30.453552886843681 434.24696505069733 55.999568149447441 132.797562032938 37.454211175441742 254.13253067433834 105.71915511786938 74.156729280948639 480.39942184090614 75.472844526171684 63.212522059679031 102.6046677082777 40.524050340056419 33.401150688529015 129.56117235124111 25.657907709479332 68.915071934461594 93.27676747739315 40.380747452378273 18.676214531064034 30.937876492738724 15.13194717466831 43.756719753146172 30.84954272210598
leaf_count=739 426 338 100 3263 684 263 127 2797 245 785 221 1117 472 399 3526 333 334 490 209 169 803 122 466 457 220 76 145 71 189 132
internal_value=0 -0.0052535 -0.010851 -0.0126239 -0.00885152 0.0141778 0.0196514 -0.010956 0.0170366 -0.00634268 0.000769105 0.0452056 0.0138469 0.00931305 -0.0200703 0.00886407 0.00107554 0.00338625 0.00732211 0.0136996 -0.0125896 0.0088821 -0.0170273 0.00474771 -0.00165771 0.00840056 0.00525432 0.000560481 0.00790258 0.00289771
internal_weight=0 3005.63 2334.13 2142.2 1424.77 671.501 444.437 1261.3 413.983 719.036 284.789 358.509 357.984 151.992 717.43 191.922 116.449 227.064 163.47 53.2363 237.031 252.265 542.269 193.541 77.835 167.351 148.674 117.737 167.883 124.126
internal_count=19718 18175 15048 14112 9044 3127 2007 8151 1880 4422 1625 1543 1635 840 5068 936 603 1120 893 269 1542 1163 3729 900 441 782 706 561 778 589
is_linear=0
shrinkage=0.04


Tree=23
num_leaves=31
num_cat=0
split_feature=18 7 23 15 25 25 15 27 29 34 5 7 23 36 25 4 36 2 30 30 2 36 36 27 1 7 0 0 4 31
split_gain=492.474 195.708 41.385 34.9763 29.248 24.038 22.2854 18.4333 15.3328 14.8077 14.7725 14.3685 13.7231 12.0354 11.8718 11.6433 10.9106 9.82909 9.67025 8.3884 8.0449 10.8344 8.03764 7.98789 7.80666 7.58012 8.81308 9.70341 7.46984 7.50361
threshold=1.5000000000000002 0.42499999701976782 1.0000000180025095e-35 0.19597221910953525 0.31000000238418585 0.17500000447034839 0.21374999731779101 3.1376634836196904 0.60355338454246532 7.5000000000000009 0.1508942395448685 0.25000000000000006 1.0000000180025095e-35 1.1538783907890322 0.31000000238418585 0.80622702836990368 1.7800819873809817 995.50000000000011 1.4978661537170412 2.3502402305603032 593.50000000000011 0.67649671435356151 0.29378509521484381 4.1658892631530771 1.5000000000000002 1.0000000180025095e-35 7.638195514678956 7.9323606491088876 0.8679887354373933 0.077935222536325469
decision_type=2 2 2 2 2 2 2 2 2 2 2 2 2 2 2 2 2 2 2 2 2 2 2 2 2 2 2 2 2 2
left_child=1 2 4 17 6 8 13 -7 15 16 25 -2 20 -1 -4 -5 18 28 23 22 -9 -22 -12 -6 -25 -8 -27 -28 -3 -30
right_child=11 3 14 5 9 7 10 12 -10 -11 19 -13 -14 -15 -16 -17 -18 -19 -20 -21 21 -23 -24 24 -26 26 27 -29 29 -31
leaf_value=-0.024101885593987672 0.030955644390430997 0.0035084634086515586 0.0023123410923295605 0.016741816137044237 -0.011323574195115075 0.057908354234421984 -0.020079416310079815 0.0083845463541106467 0.027812620887167738 0.037100424243532291 -0.034502663342833258 0.049793298705391474 0.038211271040177693 -0.012712510330727372 0.031049664886070544 -0.0094881287564279413 0.022848796869734466 0.031709243888324384 -0.017843828433269607 0.021437953942707037 0.0074449945932253559 0.026533653921231228 -0.0062581762515278262 -0.0032810644819863829 0.020672356989896602 -0.013662207104439522 0.029882710768610075 -0.014050674527410344 -0.013352859383344858 0.010095884934730345
leaf_weight=520.57985711842775 106.34044206142426 166.9336521178484 140.83997085690498 34.313377797603607 57.201143607497215 18.676304250955582 307.9910669028759 145.84580637514591 29.975220218300819 13.433546185493467 14.884764432907103 250.67412623763084 49.675462663173676 218.53983235359192 25.584377899765968 104.82393777370453 21.075669720768929 12.335180521011351 71.872483521699905 14.909558817744253 71.366611376404762 153.85244610905647 433.96365404129028 46.538053303956985 38.14960952103138 118.27995236217976 15.829570278525354 13.011048421263693 113.22448426485062 25.381271034479141
leaf_count=3841 436 794 716 157 349 78 2205 667 147 65 96 1119 200 1545 113 557 118 58 465 78 330 671 2760 286 224 803 103 84 599 129
internal_value=0 -0.00518555 -0.0120135 0.0100839 -0.0136831 0.0156861 -0.0155983 0.0205998 0.00282684 -0.000870912 -0.011396 0.044386 0.0186776 -0.0207777 0.00704637 -0.00287385 -0.00333797 -0.000671772 -0.0061077 -0.00633033 0.0158717 0.0206037 -0.00734372 2.51608e-06 0.00773732 -0.0165077 -0.00886135 0.0104369 -0.00217676 -0.00897643
internal_weight=0 2999.09 2072.68 926.404 1906.26 608.529 1657.99 439.417 169.113 248.271 918.87 357.015 420.74 739.12 166.424 139.137 234.837 317.875 213.761 463.758 371.065 225.219 448.848 141.889 84.6877 455.112 147.121 28.8406 305.539 138.606
internal_count=19793 18238 13851 4387 13022 2807 11515 1946 861 1507 6129 1555 1868 5386 829 714 1442 1580 1324 2934 1668 1001 2856 859 510 3195 990 187 1522 728
is_linear=0
shrinkage=0.04


Tree=24
num_leaves=31
num_cat=0
split_feature=31 7 32 3 3 23 26 23 3 36 7 21 36 7 16 23 2 0 4 0 0 0 18 5 7 1 1 28 8 23
split_gain=476.323 139.933 87.825 33.6204 24.7691 21.1241 17.3347 14.0881 13.6025 14.1244 13.2418 11.1892 10.9766 9.38855 9.2201 8.15901 8.05792 7.98759 8.41029 7.65508 7.18944 7.04742 6.77086 6.74737 6.72613 6.5608 6.49561 6.49096 7.24208 6.30451
threshold=0.50384616851806652 0.42499999701976782 1.5000000000000002 3.5000000000000004 1.5000000000000002 1.0000000180025095e-35 1.0000000180025095e-35 1.0000000180025095e-35 1.5000000000000002 1.7154432535171511 0.57499998807907116 13.500000000000002 0.59510967135429393 0.57499998807907116 42.262519836425788 1.0000000180025095e-35 865.50000000000011 7.0527117252349862 0.8051556944847108 7.5315487384796151 7.5735280513763437 7.4360234737396249 1.0000000180025095e-35 0.30505102872848516 0.42499999701976782 2.5000000000000004 2.5000000000000004 1.0000000180025095e-35 5.5000000000000009 1.0000000180025095e-35
decision_type=2 2 2 2 2 2 2 2 2 2 2 2 2 2 2 2 2 2 2 2 2 2 2 2 2 2 2 2 2 2
left_child=1 3 10 5 7 8 13 25 11 14 -2 19 -8 27 -10 17 -15 23 21 -1 -21 -19 -14 -5 29 -3 -16 28 -6 -4
right_child=2 4 24 15 6 -7 12 -9 9 -11 -12 -13 22 16 26 -17 -18 18 -20 20 -22 -23 -24 -25 -26 -27 -28 -29 -30 -31
leaf_value=-0.023107284123614687 -0.0014238232460833296 -0.0077546597706531538 0.028184244881336935 -0.0090575318845887397 -0.019226453557576448 0.00019936231180494441 0.003889857825973779 0.023610562107286761 -0.01037100331271293 0.0030272784032467077 0.022466656448437785 0.014675025997884363 0.03746341342659594 0.0086226848444041423 -0.021431140868420979 0.028438332773585567 0.030967964097718525 0.040723145499305828 -0.0079323196620863339 0.0087385386532113241 -0.016180472458516341 0.00086493938100942139 0.016918530282770964 0.012599015821675042 0.047061044660562212 0.010721345638142475 -0.0039166714967736353 0.01198587794631544 0.0073166025057886178 0.051550756452601376
leaf_weight=534.40984135121107 96.854259252548218 230.62524788081646 96.020254895091057 110.94478118419647 44.391941964626312 140.84092263877392 36.529649555683136 27.935480907559395 452.57998903095722 84.450496330857277 57.968465983867645 13.3981786519289 67.530131012201309 237.05235379934311 282.78826219588518 15.873522743582724 27.572069272398949 18.052472457289699 16.575442925095558 19.214017681777477 193.64315708726645 11.123065501451491 49.651821732521057 27.056668788194656 276.88747289776802 33.655643045902252 39.600467532873154 29.254426300525665 24.139772817492485 27.496659979224205
leaf_count=3942 574 1208 403 667 215 705 173 116 3034 556 251 75 299 1095 2036 75 121 103 95 135 1362 62 226 158 1241 166 280 141 116 114
internal_value=0 -0.00712518 0.0334055 -0.0128953 0.00686713 -0.0146573 0.0121198 -0.00242971 -0.0159475 -0.0124434 0.00769365 -0.0198635 0.0233032 0.00727469 -0.0141328 0.00263846 0.0111657 0.000127527 0.0142532 -0.0205203 -0.0138707 0.0265577 0.0291882 -0.00469221 0.0432598 -0.00533892 -0.0193172 -0.00326785 -0.00993451 0.0341245
internal_weight=0 2768.89 555.227 1960.55 808.339 1760.93 516.122 292.216 1620.08 859.419 154.823 760.665 153.712 362.411 774.969 199.626 264.624 183.752 45.751 747.267 212.857 29.1755 117.182 138.001 400.404 264.281 322.389 97.7861 68.5317 123.517
internal_count=19744 17161 2583 13285 3876 12125 2386 1490 11420 5906 825 5514 698 1688 5350 1160 1216 1085 260 5439 1497 165 525 825 1758 1374 2316 472 331 517
is_linear=0
shrinkage=0.04


Tree=25
num_leaves=31
num_cat=0
split_feature=18 7 23 25 7 25 29 2 20 27 22 14 20 4 27 4 1 7 7 26 22 26 29 2 6 27 8 25 6 6
split_gain=431.599 166.002 46.31 34.4606 20.9605 14.842 13.9373 12.8132 14.5218 11.9877 19.1203 11.7179 11.424 11.2202 10.6076 11.1363 9.83834 9.59674 9.42631 9.04303 10.0281 8.80445 8.36525 8.04266 9.27694 9.38019 7.81532 7.39374 7.2922 7.00698
threshold=1.5000000000000002 0.57499998807907116 1.0000000180025095e-35 0.17500000447034839 1.0000000180025095e-35 0.17500000447034839 0.78656607866287243 720.50000000000011 0.28611111640930181 3.6415249109268193 0.32601387798786169 1.0000000180025095e-35 0.19597221910953525 0.83033692836761486 4.5470111370086679 0.87419614195823681 2.5000000000000004 0.25000000000000006 1.0000000180025095e-35 1.0000000180025095e-35 0.21589706093072894 1.0000000180025095e-35 0.60355338454246532 822.50000000000011 4.2268071174621591 3.9249387979507451 7.5000000000000009 0.27500000596046453 4.4829866886138925 5.482717990875245
decision_type=2 2 2 2 2 2 2 2 2 2 2 2 2 2 2 2 2 2 2 2 2 2 2 2 2 2 2 2 2 2
left_child=1 2 3 12 7 6 23 19 -9 10 28 16 -1 -14 15 -4 -7 -2 -15 20 -5 -11 -20 24 -3 -26 -16 -17 -6 -25
right_child=17 5 14 4 9 11 -8 8 -10 21 -12 -13 13 18 26 27 -18 -19 22 -21 -22 -23 -24 29 25 -27 -28 -29 -30 -31
leaf_value=-0.025076781401097349 0.030681689725196668 -0.025558968421902622 0.025969099027010615 -0.025171828923312444 0.027618158501206407 0.018875666875853393 0.035698681662031141 -0.0070307419325451983 0.028167379249442473 -0.0074150866953289016 0.054337964611286392 0.010271620339289789 -0.0041163459426843433 -0.024032275555451572 0.010136706072090048 -0.0088718800242384415 0.041274934936432812 0.046650051811235417 -0.013992051053742155 -0.0069782004683259721 -0.012746950824701057 0.0047031485897134004 0.014603769053979782 0.03757110915080545 -0.018757093622731754 0.0066388387111606184 -0.019149057652499336 0.018221667694286174 -0.0072946966102385505 -0.0014405184715262295
leaf_weight=287.00458835065365 103.85582719743252 24.340814381837845 69.103938952088356 182.43839848786592 11.063271939754484 189.13849182426929 17.112199068069458 251.43074368685484 18.290207892656326 317.0857779532671 13.012955710291861 245.50202976167202 119.78311971575022 190.44991573691368 25.623583346605301 36.088785082101822 38.566290199756622 244.2637580037117 91.881603829562664 169.03300480544567 259.16271236538887 135.55993520468473 18.11720384657383 13.339907601475717 28.58833435177803 95.285161226987839 29.19362661242485 25.993113532662392 33.914715200662613 13.898918241262434
leaf_count=2191 430 122 322 1325 63 832 85 1687 110 1914 59 1111 748 1460 123 194 161 1127 630 1146 1710 800 121 64 146 493 148 114 205 71
internal_value=0 -0.00488244 -0.0100043 -0.0117004 -0.00802588 0.0126676 0.00326154 -0.0117588 -0.00445414 -0.00156936 0.0152451 0.0164654 -0.0188843 -0.0145563 0.00904959 0.0151568 0.0229958 0.0420886 -0.0186637 -0.0149603 -0.0179704 -0.00378115 -0.00910554 -0.000268787 -0.00400183 0.000572895 -0.00558486 0.00268659 0.00210304 0.0189281
internal_weight=0 2950 2284.23 2098.23 1390.99 665.772 192.565 880.355 269.721 510.637 57.9909 473.207 707.236 420.232 186.003 131.186 227.705 348.12 300.449 610.634 441.601 452.646 109.999 175.453 148.214 123.873 54.8172 62.0819 44.978 27.2388
internal_count=19712 18155 15070 14169 9019 3085 981 5978 1797 3041 327 2104 5150 2959 901 630 993 1557 2211 4181 3035 2714 751 896 761 639 271 308 268 135
is_linear=0
shrinkage=0.04


Tree=26
num_leaves=31
num_cat=0
split_feature=18 7 23 15 7 15 23 36 3 3 22 32 7 3 3 36 2 27 4 15 27 26 27 13 32 26 6 6 6 6
split_gain=392.712 148.489 43.4457 33.4216 24.0585 20.0862 16.5883 16.0728 15.5617 13.8234 13.3305 12.8163 10.8206 10.6782 9.79303 9.50631 9.35015 9.04927 8.74532 8.47315 7.29739 7.98911 7.26664 6.95976 6.60329 6.51088 9.32894 6.33232 8.29768 11.5704
threshold=1.5000000000000002 0.57499998807907116 1.0000000180025095e-35 0.21374999731779101 1.0000000180025095e-35 0.19597221910953525 1.0000000180025095e-35 1.2060943245887759 3.5000000000000004 1.5000000000000002 0.41083332896232611 2.5000000000000004 0.25000000000000006 2.5000000000000004 2.5000000000000004 1.1538783907890322 798.50000000000011 3.7123510837554936 0.88026925921440136 0.14145454764366153 4.7904040813446054 1.0000000180025095e-35 4.5700607299804696 1.0000000180025095e-35 13.500000000000002 1.0000000180025095e-35 5.8066387176513681 6.0100402832031259 5.8847131729125985 5.8066387176513681
decision_type=2 2 2 2 2 2 2 2 2 2 2 2 2 2 2 2 2 2 2 2 2 2 2 2 2 2 2 2 2 2
left_child=1 2 3 8 11 27 10 9 15 16 14 13 -2 20 -7 24 -6 -9 19 -4 21 -5 -15 25 -1 -17 -27 28 29 -3
right_child=12 5 18 4 7 6 -8 17 -10 -11 -12 -13 -14 22 -16 23 -18 -19 -20 -21 -22 -23 -24 -25 -26 26 -28 -29 -30 -31
leaf_value=-0.022233705695201014 0.028997549639624889 0.0071757241401944226 -0.0062840971801054061 -0.019964072744296027 -0.017469584349617814 0.005031581720488656 0.039013642003337047 0.034721593182230101 -0.0011001916808680669 0.0031855798806237337 0.029016921001458234 0.032290235924698242 0.045843988184361313 0.00071875298560704392 0.019210464421068711 -0.011599255385441098 0.0086231326986516074 0.0073006752589857308 -0.0016612834344805409 0.020937408127636958 -0.0029615179496092453 -0.0077792659966894892 -0.015791872912332149 -0.021046727792989856 0.0041298791561057225 0.026840906582098298 -0.0095832366295856806 -0.0074687242522955 0.031281762036857674 -0.029429198102586256
leaf_weight=550.87105903029442 102.9636488109827 123.24211287498474 21.712953552603722 327.14541157335043 124.33599385619164 207.99513974785805 46.367391154170036 22.42833599448204 89.623076632618904 189.10228441655636 75.390215337276459 8.847926586866377 234.8191132992506 148.34713239967823 124.67941647768021 110.17842695862055 25.321416527032852 99.427141651511192 76.179714500904083 92.41023288667202 72.679170869290829 121.57012324780226 57.770265221595764 81.774826601147652 15.038437329232691 18.106057159602642 23.873295746743679 72.851009845733643 17.271233811974525 13.548076525330542
leaf_count=4161 429 584 108 2356 811 1002 189 118 542 1079 321 47 1102 864 533 782 155 566 384 431 525 865 345 587 92 123 168 363 85 67
internal_value=0 -0.00449412 -0.00939584 -0.011065 -0.00668326 0.0118648 0.0167008 0.000488544 -0.0169333 -0.00399892 0.0139876 -0.0111586 0.0409097 -0.0117741 0.0104286 -0.0187003 -0.0129993 0.0128269 0.00882884 0.0157392 -0.0148139 -0.016712 -0.00401611 -0.0117519 -0.021521 -0.0065483 0.006633 0.00211842 0.0066895 0.00317843
internal_weight=0 2958.09 2276.74 2086.44 1196.98 681.345 454.432 460.615 889.465 338.76 408.065 736.36 337.783 727.512 332.675 799.842 149.657 121.855 190.303 114.123 521.395 448.716 206.117 233.933 565.909 152.158 41.9794 226.912 154.061 136.79
internal_count=19784 18253 15109 14186 7731 3144 2045 2729 6455 2045 1856 5002 1531 4955 1535 5913 966 684 923 539 3746 3221 1209 1660 4253 1073 291 1099 736 651
is_linear=0
shrinkage=0.04


Tree=27
num_leaves=31
num_cat=0
split_feature=18 7 25 25 3 1 20 21 5 3 7 3 16 0 7 1 27 0 16 13 36 31 36 28 36 15 2 6 25 36
split_gain=365.735 144.821 37.2735 26.8137 24.7723 17.8356 16.1156 13.5188 13.4573 12.9655 12.3262 11.9468 11.3372 11.1488 10.6923 12.8573 10.4264 9.37809 9.34916 9.10891 9.07167 9.05458 8.58204 8.55022 9.47901 9.40672 8.85948 7.9921 7.97791 7.92543
threshold=1.5000000000000002 0.42499999701976782 0.31000000238418585 0.17500000447034839 1.5000000000000002 2.5000000000000004 0.21374999731779101 1.5000000000000002 0.15534830838441852 2.5000000000000004 0.25000000000000006 2.5000000000000004 91.53562164306642 7.5261752605438241 1.0000000180025095e-35 2.5000000000000004 4.7531590461730966 6.8200013637542733 12.439978599548342 1.0000000180025095e-35 1.7556618452072146 0.4220647811889649 0.70309320092201244 0.37940952181816107 0.61514970660209667 0.21374999731779101 704.50000000000011 3.5694335699081425 0.23499999940395358 0.85128417611122142
decision_type=2 2 2 2 2 2 2 2 2 2 2 2 2 2 2 2 2 2 2 2 2 2 2 2 2 2 2 2 2 2
left_child=1 2 4 8 13 11 18 9 -3 22 28 23 -7 -1 15 20 -17 -13 -6 -15 -8 -10 -4 24 26 -26 -5 -27 -2 -16
right_child=10 3 7 5 6 12 14 -9 21 -11 -12 17 -14 19 29 16 -18 -19 -20 -21 -22 -23 -24 -25 25 27 -28 -29 -30 -31
leaf_value=-0.021262350821621336 0.0067955256567416899 -0.012110808456597049 -0.016006937322185978 -0.00044903530418455003 0.014525616905570898 0.036002449928882206 -0.012007156421909054 0.036413056449260274 0.0010891618397255954 0.01576236210617021 0.045290225696012459 0.0096543257862054307 0.0027104802276281354 -0.0055135686129554684 -0.004440529687478688 0.00135983094364545 0.042542308462110226 0.027742364323385664 -0.015972462151301381 -0.025364417583535342 0.0075508427541873362 0.025406120752706565 0.00202537046992509 0.018196081994953778 -0.0034528067368160358 -0.012163810794212812 -0.029915282985182163 0.01687689055569995 0.033592832737359378 0.013040920516966569
leaf_weight=514.79723317176104 24.469789430499077 114.95825944840908 63.929384335875511 59.396033138036728 15.297132968902586 75.088705837726593 366.37168496847153 16.728533744812012 126.75027480721474 68.173676386475563 228.85665488243103 98.280744671821594 21.212652549147606 162.05310380458832 80.834461472928524 49.520924732089043 10.318797662854193 89.814340025186539 379.00693918764591 46.616773933172226 40.952328912913799 28.430271118879318 116.41619278490543 73.336761683225632 81.315048158168793 15.761818215250967 20.547229290008545 125.45275172591209 76.970291391015053 81.646291881799698
leaf_count=3881 102 660 435 295 107 322 2421 78 616 355 1093 419 94 1145 506 314 67 375 2749 347 258 127 730 340 401 72 101 564 323 487
internal_value=0 -0.00427941 -0.0103091 0.00875912 -0.0124281 0.013092 -0.00839809 0.00363923 -0.00184874 0.00116004 0.0399891 0.0103044 0.0288735 -0.0180931 -0.00440381 -0.00746997 0.00960758 0.0184923 -0.0147219 -0.0101469 -0.0100135 0.0058108 -0.00447223 0.00613018 0.00310441 0.0073366 -0.00856783 0.0135109 0.0273851 0.00439563
internal_weight=0 2943.01 2012.66 930.345 1747.42 660.206 1023.95 265.248 270.139 248.519 330.297 563.905 96.3014 723.467 629.644 467.164 59.8397 188.095 394.304 208.67 407.324 155.181 180.346 375.81 302.473 222.53 79.9433 141.215 101.44 162.481
internal_count=19784 18266 13880 4386 12282 2983 6909 1598 1403 1520 1518 2567 416 5373 4053 3060 381 794 2856 1492 2679 743 1165 1773 1433 1037 396 636 425 993
is_linear=0
shrinkage=0.04


Tree=28
num_leaves=31
num_cat=0
split_feature=22 7 25 25 23 5 1 1 3 2 32 3 23 36 23 5 31 22 2 0 7 4 5 36 0 5 16 36 36 28
split_gain=371.516 135.42 35.8825 30.6039 19.6885 18.4712 15.9401 13.9229 13.3969 10.9267 10.592 9.96307 10.2727 9.59593 9.09258 9.00201 8.8948 8.75333 8.56328 7.96488 7.52636 6.9859 7.00266 6.79229 7.81609 6.5877 7.75174 6.58397 6.57624 6.47707
threshold=0.43935896456241613 0.42499999701976782 0.27500000596046453 0.27500000596046453 1.0000000180025095e-35 0.249743327498436 3.5000000000000004 2.5000000000000004 1.5000000000000002 739.50000000000011 3.5000000000000004 3.5000000000000004 1.0000000180025095e-35 1.6424235701560976 1.0000000180025095e-35 0.34005814790725714 0.46904762089252477 0.11974025890231134 631.50000000000011 7.3498685359954843 1.0000000180025095e-35 0.7869967818260194 0.28049814701080328 1.0174605250358584 7.0440235137939462 0.16074434667825702 118.67515182495119 0.80839002132415783 2.0964355468750004 -0.7865660786628722
decision_type=2 2 2 2 2 2 2 2 2 2 2 2 2 2 2 2 2 2 2 2 2 2 2 2 2 2 2 2 2 2
left_child=1 2 5 7 6 9 8 11 19 16 18 12 27 15 25 -10 20 -5 -2 -4 -1 22 -13 24 -19 26 -11 -3 -15 -29
right_child=10 3 4 17 -6 -7 -8 -9 13 14 -12 21 -14 28 -16 -17 -18 23 -20 -21 -22 -23 -24 -25 -26 -27 -28 29 -30 -31
leaf_value=-0.0222845544320028 -0.0010399898312669598 -0.0098169167404912553 -0.019857636280664673 -0.010133649541853014 0.017617781043854724 -0.003746631793482801 0.031695017585917071 0.018560989251320954 -0.0057929428355511878 -0.011219063086198862 0.040342215494278161 0.044276719356378738 0.018239246820344689 0.0284678966039357 0.013805569594930301 0.018602997298463417 -0.002644597342278376 0.018446711764728559 0.03397408297865602 -0.0046050427656972896 -0.013359453322124357 0.002236001348205 0.0085970768984692959 0.027127949803179154 -0.0037204549355835496 -0.0022005866745979366 -0.030791313346832112 -0.0094861820839734021 -0.0025122215538508279 0.0055248524549787901
leaf_weight=531.29600732028484 20.452590584754944 168.76681292057037 131.55829592049122 15.063735514879225 67.589835032820702 235.57233628630638 16.487767055630684 76.960247710347176 266.58015219867229 156.27005557715893 328.94369147717953 15.772616013884543 34.467676475644112 25.441364511847496 22.941805481910706 24.649732977151871 53.371884889900684 142.082495033741 22.336111173033714 95.450655914843082 228.29280241578817 43.354934468865395 19.857672050595284 126.33879674971104 30.178208842873573 85.548938021063805 40.694260083138943 65.363841727375984 17.754296943545341 143.01308169960976
leaf_count=4112 98 900 923 70 298 1530 93 359 1648 1209 1533 68 143 138 120 145 361 626 100 606 1653 190 86 531 139 606 324 336 97 723
internal_value=0 -0.00451446 -0.010269 0.00853637 -0.00249796 -0.0139647 -0.00490321 0.00297197 -0.00608669 -0.0161064 0.0378732 0.000461084 -0.00205292 -0.000976542 -0.00955775 -0.00361527 -0.0185374 0.0185222 0.0179386 -0.0135406 -0.0196443 0.0132893 0.0259053 0.0200256 0.0145651 -0.0115387 -0.0155317 -0.00399388 0.0161867 0.00077076
internal_weight=0 2880.72 1999.5 881.22 645.512 1353.99 577.922 567.557 561.434 1118.42 371.732 490.597 411.611 334.426 305.455 291.23 812.961 313.663 42.7887 227.009 759.589 78.9852 35.6303 298.6 172.261 282.513 196.964 377.144 43.1957 208.377
internal_count=19765 18034 13863 4171 3948 9915 3650 2805 3557 8385 1731 2446 2102 2028 2259 1793 6126 1366 198 1529 5765 344 154 1296 765 2139 1533 1959 235 1059
is_linear=0
shrinkage=0.04


Tree=29
num_leaves=31
num_cat=0
split_feature=18 7 25 20 23 25 23 21 22 5 7 5 26 15 5 2 2 23 28 0 0 29 2 5 7 2 2 27 25 29
split_gain=345.947 129.709 30.7942 27.5737 25.4381 16.2877 14.4256 11.5053 11.1102 10.214 9.25282 9.16936 8.7063 8.37215 7.89038 7.84618 7.37922 10.6158 7.11678 7.0809 7.01479 6.66283 6.60143 9.27728 6.48503 6.26997 6.21258 8.69828 6.16996 9.09652
threshold=1.5000000000000002 0.42499999701976782 0.31000000238418585 0.21374999731779101 1.0000000180025095e-35 0.27500000596046453 1.0000000180025095e-35 1.5000000000000002 0.11974025890231134 0.14058018475770953 0.25000000000000006 0.32229721546173101 1.0000000180025095e-35 0.17522221803665164 0.21437325328588488 822.50000000000011 835.50000000000011 1.0000000180025095e-35 1.0000000180025095e-35 7.6038949489593515 7.9501483440399179 0.78656607866287243 655.50000000000011 0.29889018833637243 0.57499998807907116 471.50000000000006 712.50000000000011 4.0766892433166513 0.17500000447034839 -0.7865660786628722
decision_type=2 2 2 2 2 2 2 2 2 2 2 2 2 2 2 2 2 2 2 2 2 2 2 2 2 2 2 2 2 2
left_child=1 2 3 11 5 9 14 16 -7 -3 -2 -1 21 -14 19 28 17 -4 -16 25 26 -11 23 24 -10 -5 -21 -28 -8 -30
right_child=10 4 7 6 -6 8 15 -9 22 12 -12 -13 13 -15 18 -17 -18 -19 -20 20 -22 -23 -24 -25 -26 -27 27 -29 29 -31
leaf_value=-0.019756166309923155 0.027654161235525762 -0.0057673229036582464 -0.005913405255864341 -0.0040726601807678856 0.02795110531805246 -0.020580494918598858 -0.016731735318684458 0.030579014215317717 -0.009077607217870336 -0.00058078820465932112 0.043491273404046869 -0.00086141879143459622 -0.0022413717971333548 0.023182057398339201 0.001132725071950232 0.030744269728829883 0.017130247021958155 0.02223680022334153 -0.013337369207841777 -0.0039826411134022263 -0.015933423694034471 0.020079244113963703 0.021560964876053079 0.0355969560100525 0.010424793653510433 -0.015568795583940949 -0.0084403515107139681 0.03540748442497739 -0.017660901223387447 0.01868657737799698
leaf_weight=642.15260498970747 101.36041700839996 198.76892188191414 194.99435722082853 92.308352410793304 87.653614699840546 13.257355749607084 19.730353772640228 19.101758256554604 35.053918659687042 231.9844434261322 224.07840305566788 44.093628592789173 29.072933450341225 67.428799703717232 170.97447724640369 16.190927252173424 32.098506510257721 22.077186331152916 77.56172776222229 60.224074348807335 44.523814931511879 25.975786104798317 126.28326985239983 16.689859792590141 103.67038723826408 475.18705400079489 10.928829260170462 16.255154073238373 13.575881764292715 36.92986835539341
leaf_count=4929 431 1083 1249 687 360 62 110 89 164 1110 1109 309 144 303 1043 77 184 96 480 427 314 120 543 69 445 3483 74 113 64 175
internal_value=0 -0.00459622 -0.0103712 -0.0123346 0.00767312 0.00551672 -0.00818448 0.00221954 0.0130742 0.00145488 0.0387577 -0.0185481 0.00551446 0.0156328 -0.0096113 0.00732878 -0.000180722 -0.00287353 -0.00345344 -0.0117834 -0.00337376 0.00163809 0.014792 0.0090877 0.0054378 -0.0137197 0.00323717 0.0184089 0.00122924 0.00861585
internal_weight=0 2924.75 1988.91 1720.64 935.839 848.186 1034.39 268.272 294.955 553.231 325.439 686.246 354.462 96.5017 947.963 86.427 249.17 217.072 248.536 699.427 131.932 257.96 281.697 155.414 138.724 567.495 87.4081 27.184 70.2361 50.5058
internal_count=19846 18306 13903 12285 4403 4043 7047 1618 1283 2760 1540 5238 1677 447 6621 426 1529 1345 1523 5098 928 1230 1221 678 609 4170 614 187 349 239
is_linear=0
shrinkage=0.04


Tree=30
num_leaves=31
num_cat=0
split_feature=18 7 25 3 23 7 1 15 31 36 36 27 28 3 16 34 6 26 16 16 3 34 23 36 27 8 16 16 26 2
split_gain=293.571 119.912 37.2813 26.9742 18.3401 17.6312 15.8407 15.4091 14.9675 14.3018 13.0063 11.0113 10.3016 9.61381 9.28456 8.3487 7.71148 7.1525 7.15099 7.12341 6.72964 6.69376 7.07627 6.65535 9.09483 10.5317 7.46651 8.66077 7.39183 8.95072
threshold=1.5000000000000002 0.57499998807907116 0.27500000596046453 1.5000000000000002 1.0000000180025095e-35 0.25000000000000006 3.5000000000000004 0.21374999731779101 0.54772728681564342 1.0341922044754031 1.6937969923019411 3.5596235990524296 -0.7865660786628722 2.5000000000000004 12.439978599548342 39.500000000000007 4.2555875778198251 1.0000000180025095e-35 71.389400482177749 28.401596069335941 3.5000000000000004 6.5000000000000009 1.0000000180025095e-35 0.66885957121849071 4.5824129581451425 3.5000000000000004 162.77181243896487 114.08603668212892 1.0000000180025095e-35 857.50000000000011
decision_type=2 2 2 2 2 2 2 2 2 2 2 2 2 2 2 2 2 2 2 2 2 2 2 2 2 2 2 2 2 2
left_child=1 2 3 15 8 -2 9 14 23 13 20 19 -12 18 -5 -1 -15 -13 21 -11 -9 22 -4 24 -3 -26 27 28 29 -25
right_child=5 4 6 7 -6 -7 -8 10 -10 11 12 17 -14 16 -16 -17 -18 -19 -20 -21 -22 -23 -24 26 25 -27 -28 -29 -30 -31
leaf_value=-0.019329322934030189 0.021774349491540838 -0.0063857117415947427 -0.010742930730964932 0.015154445891271561 0.030912432860592674 0.042848449962669434 0.032722127795582263 -0.0078725704300158187 0.023686796776408673 0.04364076067164907 -0.0062846278306066261 -0.0025074753370014852 0.027781001582840387 0.023422514111490239 -0.015386137185186976 0.011312664867967963 -0.0018878681522612806 0.011960113603378153 -0.019113399018005763 0.0019127716814922482 0.0040571718196692622 0.016787289328669439 0.011282670209860055 0.0016225761844939745 0.035335040282364394 -0.0010071133419913029 0.026105944170859003 -0.010273086581997775 0.018687781581609296 0.026548134133437675
leaf_weight=596.43290002644062 99.613091647624969 123.50718225538731 188.69151628762484 15.158872716128824 62.534338355064392 217.41450065374374 19.474018201231956 370.18440952897072 86.626385882496834 16.217097178101543 22.354760386049747 163.57250921428204 34.182411007583141 22.297235786914825 342.88958653062582 13.346862256526945 91.72664700448513 79.741168275475502 96.293928980827332 10.513872876763342 93.617949306964874 16.956836558878422 24.940658867359161 173.34736886620522 19.062141373753548 32.090332329273224 34.874096855521202 39.169994428753853 91.437914177775383 24.643789619207382
leaf_count=4614 426 601 1266 108 257 1096 101 2494 366 83 140 945 211 112 2560 78 479 437 687 61 533 84 109 820 92 156 164 186 411 110
internal_value=0 -0.00401622 -0.00853783 -0.0121665 0.010562 0.0364048 -0.00113169 -0.00765171 0.00843293 -0.00214819 -0.00323542 0.00507788 0.014557 -0.00657692 -0.0140161 -0.0186238 0.00337998 0.00229284 -0.0100495 0.0285039 -0.00545749 -0.00613266 -0.00809074 0.00589881 -0.00051825 0.0133559 0.00896836 0.00700263 0.0093951 0.00495951
internal_weight=0 2905.89 2218.59 1488.17 687.294 317.028 730.425 878.388 624.759 710.951 520.34 270.045 56.5372 440.907 358.048 609.78 114.024 243.314 326.883 26.731 463.802 230.589 213.632 538.133 174.66 51.1525 363.473 328.599 289.429 197.991
internal_count=19787 18265 15102 10738 3163 1522 4364 6046 2906 4263 3378 1526 351 2737 2668 4692 591 1382 2146 144 3027 1459 1375 2540 849 248 1691 1527 1341 930
is_linear=0
shrinkage=0.04


Tree=31
num_leaves=31
num_cat=0
split_feature=22 7 3 20 23 2 15 8 27 34 7 7 3 2 0 5 4 20 4 0 29 29 2 0 7 0 6 27 3 16
split_gain=297.576 106.465 28.3819 23.0032 19.3501 16.0588 15.4525 12.5566 10.975 10.8511 8.94991 8.65943 8.08524 7.99249 7.93516 9.62126 7.43371 7.31615 7.05605 8.44011 7.28528 7.84184 7.00431 6.78636 8.78139 6.52804 6.33361 6.15457 5.9743 5.86295
threshold=0.51148718595504772 0.42499999701976782 3.5000000000000004 0.19597221910953525 1.0000000180025095e-35 813.50000000000011 0.19597221910953525 7.5000000000000009 3.3894608020782475 39.500000000000007 1.0000000180025095e-35 0.57499998807907116 1.5000000000000002 857.50000000000011 7.7898664474487314 0.1508942395448685 0.63320410251617443 0.41083332896232611 0.850358545780182 6.8200013637542733 0.12940952181816107 -0.7865660786628722 671.50000000000011 6.5453238487243661 1.0000000180025095e-35 7.7604649066925058 4.8865754604339608 4.4420626163482675 1.5000000000000002 46.772882461547859
decision_type=2 2 2 2 2 2 2 2 2 2 2 2 2 2 2 2 2 2 2 2 2 2 2 2 2 2 2 2 2 2
left_child=1 2 3 9 6 10 28 -2 -8 16 14 22 -12 18 -5 -16 -1 -7 19 27 21 -21 -10 -4 26 -18 -25 -13 -3 -9
right_child=7 4 23 5 -6 17 8 29 11 -11 12 13 -14 -15 15 -17 25 -19 -20 20 -22 -23 -24 24 -26 -27 -28 -29 -30 -31
leaf_value=0.0066670966339611457 0.040472957815904376 -0.0092665685539598704 -0.0039250964703839404 -0.013588388692382417 0.024856651435796923 0.0010315311185442949 0.028356619464156956 0.025523513494058483 -0.0084560069822974277 0.017223553782681342 -0.0098706495305829652 -0.0037722255547572039 0.0038626242087410317 0.027541911383066626 -0.010325020050354265 0.020547343065132541 -0.019623001424772014 0.026622447339494808 0.0033702594137577421 0.033845346358279481 0.043094138362114079 0.00043270202376130031 0.0095469139975527112 -0.0044733202335563958 0.030072890026277246 -0.0072749213410317117 0.015674634310492236 0.019526925772128147 0.002436920185276747 -0.0041430021851294871
leaf_weight=18.996177949011326 259.77291575074196 113.5708819180727 89.122524112462997 552.55056974291801 87.67783211171627 146.19601523131132 42.39050455391407 43.648293122649193 81.280275821685791 13.282580360770224 140.90534281730652 44.105624035000801 130.3205244243145 38.730548873543739 41.706934720277786 23.624965831637383 573.87474988400936 18.394062429666519 183.78634847700596 17.691717103123665 22.709165632724762 26.303723454475403 57.145387396216393 54.028539046645164 26.319664016366005 81.327485077083111 43.362824961543083 28.2134790122509 174.61381873488426 13.244655311107634
leaf_count=130 1287 618 539 3916 364 978 191 187 407 82 969 192 803 170 297 147 4533 100 876 77 96 113 275 312 146 612 256 122 835 62
internal_value=0 -0.00403501 -0.00931121 -0.0109956 0.00718881 -0.00725951 0.00526844 0.0367051 0.00923428 -0.0166841 -0.0093812 0.00750644 -0.00329202 0.0107486 -0.0120349 0.0011176 -0.0174011 0.00417677 0.00857653 0.0153137 0.0253773 0.0147562 -0.000993854 0.00444252 0.0104372 -0.0181171 0.00463231 0.00559823 -0.00220739 0.018711
internal_weight=0 2872.23 1954.01 1741.18 918.219 1053.7 830.541 316.666 542.357 687.481 889.108 499.966 271.226 361.541 617.882 65.3319 674.198 164.59 322.81 139.024 66.7046 43.9954 138.426 212.834 123.711 655.202 97.3914 72.3191 288.185 56.8929
internal_count=19692 18156 13820 12567 4336 7210 3972 1536 2519 5357 6132 2328 1772 1646 4360 444 5275 1078 1476 600 286 190 682 1253 714 5145 568 314 1453 249
is_linear=0
shrinkage=0.04


Tree=32
num_leaves=31
num_cat=0
split_feature=18 9 25 23 3 25 5 36 13 36 23 5 22 36 16 1 2 9 25 2 22 20 22 36 3 27 29 28 6 4
split_gain=275.98 94.4795 32.6023 21.863 17.9348 17.9105 12.6394 11.752 11.4574 10.7961 12.3677 10.4805 9.68194 9.28152 9.05217 9.78646 8.77465 8.23626 8.76124 8.19451 8.00397 7.96543 7.82682 6.72348 6.58508 7.434 7.80821 7.20646 6.7713 6.44872
threshold=1.5000000000000002 1.0000000180025095e-35 0.27500000596046453 1.0000000180025095e-35 1.5000000000000002 0.27500000596046453 0.14058018475770953 1.7154432535171511 1.0000000180025095e-35 1.7800819873809817 1.0000000180025095e-35 0.30852118134498602 0.11087121069431306 1.3535265922546389 72.143795013427749 1.5000000000000002 611.50000000000011 1.0000000180025095e-35 0.23499999940395358 655.50000000000011 0.32601387798786169 0.19597221910953525 0.27539215981960302 1.0174605250358584 3.5000000000000004 3.9731177091598515 0.60355338454246532 -0.91597560048103321 4.3107767105102548 0.8029385805130006
decision_type=2 2 2 2 2 2 2 2 2 2 2 2 2 2 2 2 2 2 2 2 2 2 2 2 2 2 2 2 2 2
left_child=1 3 4 5 22 6 -1 11 9 10 14 21 -7 24 15 -4 -13 -2 -19 -11 -10 -6 -3 -14 25 -8 -27 -26 -29 -23
right_child=17 2 8 -5 7 12 13 -9 20 19 -12 16 23 -15 -16 -17 -18 18 -20 -21 -22 29 -24 -25 27 26 -28 28 -30 -31
leaf_value=-0.0072599685303526033 0.040712464284927481 -0.019709507955411411 -0.0061316823041377777 0.024023643504028882 -0.018313907690051735 -0.012876724282948877 0.0098438798336748356 0.0063399087092980031 -0.016422824132393578 0.0029784637144035209 0.017990517754260402 -0.009607910872660724 0.0083911300232467224 0.016611635903573448 -0.012546702427072311 0.0089148704051360533 0.015309054866493435 0.0043526834712407257 0.032264029153004026 0.035829122148647266 0.01269364528896791 0.0013037160336594102 0.00075261289119774228 0.020566875931552927 -0.011459865673427262 -0.010229541475254201 0.01154566834062911 -0.0018267992953634243 0.026899800577859356 -0.011505103542046013
leaf_weight=230.15308514982462 210.69374780356884 483.77485185116529 146.85975375026464 95.960574343800545 219.00310181826353 22.350568532943726 60.617386311292648 73.759899862110615 103.66827020794153 25.36610534787178 48.434622719883919 44.642196767032146 177.91074693202972 78.747972220182419 111.85751161724329 127.20635604858398 41.970148645341396 24.568963527679443 73.115450531244278 22.041313946247101 16.1104816198349 81.796507209539413 31.71775970607996 126.69812804460526 15.669793620705603 140.37643103301525 30.576410964131355 18.814103335142136 39.670460924506187 264.71006049215794
leaf_count=1304 1104 3977 947 399 1763 113 297 507 700 141 213 303 801 364 790 771 281 105 318 119 91 513 231 533 68 715 149 82 172 1913
internal_value=0 -0.00361714 -0.00904923 0.00603033 -0.0127479 0.00414952 0.000117431 -0.00865716 -0.00139955 0.00136594 -0.000646474 -0.0103676 0.0116823 0.00454841 -0.00306617 0.000866087 0.00253923 0.0360801 0.0254721 0.0190839 -0.0123624 -0.0123464 -0.0184525 0.0135566 0.00135342 -0.00198626 -0.00624638 0.0115609 0.0179038 -0.00849132
internal_weight=0 2880.46 1842.92 1037.55 1241.37 941.585 614.626 725.882 601.544 481.766 434.358 652.122 326.959 384.473 385.924 274.066 86.6123 308.378 97.6844 47.4074 119.779 565.51 515.493 304.609 305.725 231.57 170.953 74.1544 58.4846 346.507
internal_count=19784 18257 13260 4997 9488 4598 3151 5280 3772 2981 2721 4773 1447 1847 2508 1718 584 1527 423 260 791 4189 4208 1334 1483 1161 864 322 254 2426
is_linear=0
shrinkage=0.04


Tree=33
num_leaves=31
num_cat=0
split_feature=31 7 32 25 25 14 31 3 23 16 27 16 7 7 3 0 3 23 31 27 6 2 7 2 6 1 26 7 25 16
split_gain=250.702 80.7777 54.3825 35.8272 19.3427 14.4212 12.6889 12.4959 11.9246 11.6393 11.384 10.8933 10.4338 10.1212 9.55429 9.49464 8.26712 8.42061 8.24423 8.18649 7.7792 8.60929 7.09629 7.39208 6.97032 6.94653 6.70399 10.6757 6.34485 6.44165
threshold=0.50384616851806652 0.25000000000000006 1.5000000000000002 0.2100000008940697 0.27500000596046453 0.89587974548339855 0.46904762089252477 3.5000000000000004 1.0000000180025095e-35 9.6609120368957537 4.2039458751678476 59.687784194946296 0.25000000000000006 1.0000000180025095e-35 2.5000000000000004 6.3732833862304696 1.5000000000000002 1.0000000180025095e-35 0.78830561041831981 3.9090180397033696 4.6959142684936532 669.50000000000011 1.0000000180025095e-35 601.50000000000011 6.4224345684051523 3.5000000000000004 1.0000000180025095e-35 0.67499998211860668 0.23499999940395358 126.36243057250978
decision_type=2 2 2 2 2 2 2 2 2 2 2 2 2 2 2 2 2 2 2 2 2 2 2 2 2 2 2 2 2 2
left_child=1 3 9 16 7 14 -7 8 25 -2 12 -11 -4 -13 15 -5 -1 -18 -12 -9 21 -6 -16 -24 -22 26 -3 -28 -17 -30
right_child=2 4 10 5 20 6 -8 19 -10 11 18 13 -14 -15 22 28 17 -19 -20 -21 24 -23 23 -25 -26 -27 27 -29 29 -31
leaf_value=-0.023193483479358148 0.033189113066258401 -0.0075949763892864822 0.024595309060128061 -0.021628567218428287 0.011069870995802358 -0.016611696851729446 0.0090804175947558109 -0.0083243677892209586 0.016071969935673756 -0.011961453820998714 -0.0080695101173137943 -0.0065205932755722463 0.041076463477055722 0.021809353559943238 0.00074654745794998552 -0.010845897676602507 -0.015384146619889192 0.007211706843733119 0.030500507529890496 0.020455622853758633 0.0061139996072514724 0.036725180066188703 0.036517107547505374 0.0042206747885006517 0.031091927389803042 0.021346886541900759 -0.0038238253995998952 0.021260113663609703 -0.0019257340079013561 0.022099241086839853
leaf_weight=256.63758713006973 19.310584858059883 368.6043196991086 100.71206709742546 49.531691610813141 54.213942676782608 236.11811724305153 34.025843694806099 19.282904729247093 50.270981386303902 55.844540745019913 17.322563573718071 32.243010960519314 228.56639610230923 48.789450913667679 148.43780294060707 133.62564705312252 375.08496547490358 27.236861065030098 14.869998335838316 67.189203307032585 242.49890371412039 35.051343962550163 18.680885076522827 26.439258471131325 17.524063691496849 14.851487651467322 102.86820379644632 34.671350836753845 325.43815592676401 16.887692451477051
leaf_count=2221 88 2109 440 370 238 1762 215 83 219 306 77 209 1187 234 846 1047 2894 153 70 292 1124 151 103 142 83 78 598 170 2170 126
internal_value=0 -0.00487051 0.0255081 -0.0103194 0.00405022 -0.00548794 -0.0133327 2.84095e-06 -0.00215653 0.00568803 0.0339937 0.00138609 0.0362145 0.0106513 -0.00251185 -0.00530575 -0.0175336 -0.0138263 0.0104882 0.0139947 0.0116284 0.0217278 0.0050499 0.0185746 0.00802184 -0.00397014 -0.0047941 0.00271349 -0.00352366 -0.000619051
internal_weight=0 2655.17 517.659 1648.14 1007.03 989.185 270.144 657.738 571.266 156.188 361.471 136.877 329.278 81.0325 719.041 525.483 658.959 402.322 32.1926 86.4721 349.288 89.2653 193.558 45.1201 260.023 520.995 506.144 137.54 475.951 342.326
internal_count=19805 17194 2611 12049 5145 6781 1977 3549 3174 837 1774 749 1627 443 4804 3713 5268 3047 147 375 1596 389 1091 245 1207 2955 2877 768 3343 2296
is_linear=0
shrinkage=0.04


Tree=34
num_leaves=31
num_cat=0
split_feature=18 7 23 25 26 15 1 27 20 36 7 5 27 25 5 36 25 5 7 2 0 23 23 5 20 6 27 16 2 2
split_gain=235.137 90.0456 45.6017 23.0897 18.0887 15.8791 14.4256 14.9736 13.6601 11.5508 11.3945 11.2065 10.7645 10.1064 9.88791 9.86669 8.60583 8.09011 7.88589 7.80408 7.38309 7.24328 7.17297 7.85985 7.66843 7.05611 6.85349 8.17852 6.71099 7.82188
threshold=1.5000000000000002 0.57499998807907116 1.0000000180025095e-35 0.17500000447034839 1.0000000180025095e-35 0.17522221803665164 1.5000000000000002 3.2327767610549931 0.19597221910953525 1.7360265254974367 0.25000000000000006 0.16429833322763446 3.1376634836196904 0.2100000008940697 0.20470406115055087 0.5568453073501588 0.31000000238418585 0.1569853946566582 0.25000000000000006 702.50000000000011 7.8770160675048837 1.0000000180025095e-35 1.0000000180025095e-35 0.20470406115055087 0.34925000369548803 5.0845003128051767 3.5219379663467412 171.75476074218753 456.50000000000006 491.50000000000006
decision_type=2 2 2 2 2 2 2 2 2 2 2 2 2 2 2 2 2 2 2 2 2 2 2 2 2 2 2 2 2 2
left_child=1 2 3 8 6 26 9 -8 -1 11 21 -5 -7 15 18 -4 19 -17 -10 -9 -11 -2 23 24 -14 -20 -3 -28 -6 -30
right_child=10 5 13 4 28 12 7 16 14 20 -12 -13 22 -15 -16 17 -18 -19 25 -21 -22 -23 -24 -25 -26 -27 27 -29 29 -31
leaf_value=-0.022344671066119603 0.014887003097702221 -0.025689253414285025 -0.028231546919524748 -0.021010223776599782 0.014469289750662971 0.043919346934080006 0.037477758482507409 -0.015275720462921064 -0.018158059690689787 0.020621794143698882 0.039143152994309899 -0.0084292656971462071 0.003168530129221359 0.01764908018407136 -0.00067728356996278887 -0.007867682436849632 0.0072018223596495567 0.023661389566117658 -0.017279461370183373 -0.0027556385241179651 -0.0079181494015578731 0.040563102862710053 0.027834898115294122 0.01785951144888635 0.022533162911753415 0.0091025085747364794 -0.00053413092636205104 0.021735658943170769 -0.023503791410489409 0.00091315124992025318
leaf_weight=256.1611835360527 74.306700691580772 12.62921468913555 14.824006646871565 256.47247563302517 52.004610858857632 16.466891452670097 11.881933361291884 126.79207252711058 212.90812005102634 22.206668518483639 206.1190450489521 209.34602726250887 211.59566675126553 129.29302485287189 117.9252086058259 26.095345109701157 76.595118500292301 22.612807109951973 25.866198435425758 211.78343781083822 34.370434433221817 23.263288080692291 42.264253437519073 148.9759042263031 36.922582074999809 36.876410581171513 187.47648195922375 28.690298184752464 20.512700006365776 309.11079754680395
leaf_count=2181 325 60 84 1940 351 70 67 900 1788 129 1125 1345 1001 592 749 154 461 116 174 1456 229 103 175 631 161 243 902 140 135 2047
internal_value=0 -0.00319068 -0.00717529 -0.00898441 -0.00595217 0.00943695 -0.00890334 -0.00342664 -0.015159 -0.0133503 0.0337178 -0.0154164 0.0137341 0.0113105 -0.0103929 -0.00173411 -0.00477137 0.00712564 -0.0145145 -0.00750642 0.00360548 0.0217007 0.0124101 0.0106389 0.00620248 -0.0019715 0.000823476 0.00259374 0.00139814 -0.000738918
internal_weight=0 2858.66 2173.64 1980.81 1331.08 685.021 949.448 427.053 649.737 522.396 303.689 465.819 456.225 192.825 393.576 63.5322 415.171 48.7082 275.651 338.576 56.5771 97.57 439.758 397.494 248.518 62.7426 228.796 216.167 381.628 329.623
internal_count=19834 18281 15141 14195 9060 3140 6527 2884 5135 3643 1553 3285 2038 946 2954 354 2817 270 2205 2356 358 428 1968 1793 1162 417 1102 1042 2533 2182
is_linear=0
shrinkage=0.04


Tree=35
num_leaves=31
num_cat=0
split_feature=18 7 23 3 15 36 7 27 3 7 26 27 27 3 27 4 36 14 0 36 36 36 28 23 2 2 31 27 0 15
split_gain=237.411 89.0521 29.0748 26.5491 16.6074 14.5021 12.6589 17.2809 12.3342 11.128 9.5434 9.14456 9.07846 8.67994 8.8657 7.91508 7.42688 7.37999 7.35451 7.60635 7.26652 7.11852 6.8555 7.71731 7.12784 6.84144 6.51915 11.6419 6.36304 6.21966
threshold=1.5000000000000002 0.57499998807907116 1.0000000180025095e-35 1.5000000000000002 0.19597221910953525 1.1538783907890322 0.25000000000000006 3.7316987514495854 1.5000000000000002 1.0000000180025095e-35 1.0000000180025095e-35 3.857566356658936 5.2211663722991952 3.5000000000000004 3.4766128063201909 0.63320410251617443 0.29378509521484381 0.89587974548339855 7.5261752605438241 1.1851263642311098 1.2493990659713747 1.3430752754211428 0.12940952181816109 1.0000000180025095e-35 861.50000000000011 735.50000000000011 0.46904762089252477 4.312810182571412 7.3105444908142099 0.33224999904632574
decision_type=2 2 2 2 2 2 2 2 2 2 2 2 2 2 2 2 2 2 2 2 2 2 2 2 2 2 2 2 2 2
left_child=1 2 3 6 5 15 12 20 22 16 11 -10 18 14 -4 -5 -6 -12 -1 -20 -8 26 23 24 -3 -18 -11 -28 -27 -2
right_child=29 8 13 4 9 -7 7 -9 10 21 17 -13 -14 -15 -16 -17 25 -19 19 -21 -22 -23 -24 -25 -26 28 27 -29 -30 -31
leaf_value=-0.021212099254215556 0.026424709897568285 -0.0087763506352454366 0.032814079281661211 0.0077419341253273403 -0.033286781381237647 0.00021661976122041475 0.006408349566897952 -0.010532525459842455 0.020585974761582936 -0.0015114604896933218 0.027194448867998173 0.0050776909645507415 0.011733792291335029 0.029701271240053048 0.0012469292418540358 -0.016850385745019479 -0.0070293296306573917 0.0050895119843763319 0.021133328753127227 -0.013162871221484147 0.047812753925502549 0.017867028294478889 0.012971179605932491 0.021075468208662036 0.016451306844147355 0.0094587972336706988 0.035719694211663308 -0.0081390476014572954 -0.011852507679177704 0.039479087056495887
leaf_weight=404.5183811634779 121.0508199185133 133.32876889407635 13.678392857313154 21.309793159365654 12.32473863661289 136.30568111687899 18.904570266604427 171.05725372582674 80.962903961539268 164.24236822873354 101.32660028338432 236.10965038836002 15.322582237422465 22.441871151328087 156.73539651930332 313.09126944839954 312.12597217410803 32.929948031902313 9.2867420986294729 160.16525872796774 9.2792687490582448 56.034702003002167 60.548281729221344 17.761707454919815 18.778615549206734 88.904405117034912 20.129769124090672 16.120356053113937 27.891595028340816 172.20972774922848
leaf_count=3419 620 671 64 144 89 965 125 1125 352 954 434 1067 127 101 776 2419 2141 145 72 1240 54 294 294 73 87 582 104 88 178 906
internal_value=0 -0.00338442 -0.0073781 -0.00883867 -0.00499771 -0.0107868 -0.0145033 -0.00571192 0.00919429 -0.00107283 0.013025 0.00914187 -0.0174463 0.00738166 0.00413194 -0.0152465 -0.00491682 0.0219269 -0.0182633 -0.0110587 0.0223052 0.00552601 0.0016434 -0.00249824 -0.00548875 -0.00395092 0.00193448 0.01681 0.00425566 0.0343061
internal_weight=0 2831.62 2149.87 1957.01 1168.48 470.707 788.534 199.241 681.746 697.774 451.329 317.073 589.293 192.856 170.414 334.401 441.247 134.257 573.97 169.452 28.1838 256.527 230.417 169.869 152.107 428.922 200.492 36.2501 116.796 293.261
internal_count=19710 18184 15061 14120 7958 3528 6162 1304 3123 4430 1998 1419 4858 941 840 2563 2990 579 4731 1312 179 1440 1125 831 758 2901 1146 192 760 1526
is_linear=0
shrinkage=0.04


Tree=36
num_leaves=31
num_cat=0
split_feature=22 7 25 26 15 36 25 5 5 3 6 27 2 8 18 2 7 23 2 1 6 2 26 28 22 1 27 2 36 27
split_gain=220.342 67.5434 34.0526 28.9054 16.3884 19.2973 14.2719 13.0611 11.2996 11.2248 11.0124 9.55304 9.23781 7.73664 7.72276 7.55148 7.52138 7.35874 7.79928 7.35748 9.5893 7.33984 9.68201 7.32684 7.28142 6.989 6.72154 9.00529 9.73958 6.68339
threshold=0.46619999408721929 0.57499998807907116 0.17500000447034839 1.0000000180025095e-35 0.21374999731779101 1.6424235701560976 0.27500000596046453 0.38010956346988684 0.14741823822259906 3.5000000000000004 5.6472105979919442 3.2327767610549931 841.50000000000011 6.5000000000000009 1.0000000180025095e-35 737.50000000000011 0.42499999701976782 1.0000000180025095e-35 456.50000000000006 2.5000000000000004 6.0946972370147714 655.50000000000011 1.0000000180025095e-35 -0.37940952181816096 0.18933333456516269 1.5000000000000002 4.8778655529022226 595.50000000000011 0.68219557404518139 4.1034691333770761
decision_type=2 2 2 2 2 2 2 2 2 2 2 2 2 2 2 2 2 2 2 2 2 2 2 2 2 2 2 2 2 2
left_child=1 2 8 4 7 11 12 10 -1 17 -4 -6 21 -8 -7 -12 -2 18 -5 -20 -21 22 26 -23 -10 -13 27 -3 -29 -24
right_child=16 6 3 9 5 14 13 -9 24 -11 15 25 -14 -15 -16 -17 -18 -19 19 20 -22 23 29 -25 -26 -27 -28 28 -30 -31
leaf_value=-0.019456242800349032 0.022266014625931602 -0.0092013563928358862 -0.0067385416683204699 0.016194828269724033 0.023695805502364827 0.0071817302447162133 0.017436997528219013 0.024712305220350689 -0.016727566652675285 0.023168789987139577 -0.024364796506430645 -0.010733170687201142 0.018013649523725861 -0.010223936314203297 0.034636124549710975 -0.0079424191203190889 0.036742134548919822 0.018124993143968343 -0.0041395034806932058 0.023196334343913421 -0.01784612790179518 -0.014299781143163081 0.0018502952703385832 0.0044106699375340468 -0.004687254248516271 -0.0013810539667814463 0.020379823868340516 -0.016415408589918284 0.023400861802830963 0.028055818729871413
leaf_weight=333.12894501537085 97.092777818441391 105.52081270515919 182.15607498586178 44.398157745599747 15.418973274528978 57.328853346407413 223.85777774453163 12.498762995004652 125.41029237210751 47.959597662091255 168.95621971786022 279.65754451602697 57.026591747999191 16.152241364121437 21.846019051969051 64.210515163838863 208.01214429736137 43.290377154946327 249.6095464900136 34.107289612293243 10.53639744222164 77.404592007398605 25.469689145684242 56.610221013426781 224.13442386686802 235.36629926413298 20.813893467187881 12.269161924719809 31.466013416647911 39.316397234797478
leaf_count=2840 443 526 1305 306 82 337 950 78 990 257 1303 1832 256 71 113 474 1140 200 1704 218 70 372 120 270 1535 1461 100 63 150 186
internal_value=0 -0.00336983 -0.0068166 -0.00337421 -0.00698449 -0.00275682 0.00774586 -0.0129678 -0.0141842 0.00533014 -0.0142147 -0.00551822 0.00332048 0.0155064 0.0154237 -0.0199483 0.0323104 0.00298116 0.000950245 -0.00144372 0.01316 0.000964055 0.00521202 -0.00644752 -0.00907769 -0.00648112 0.000142414 -0.00291187 0.0120017 0.0181174
internal_weight=0 2815.92 2150.01 1467.34 1037.44 609.618 665.907 427.822 682.674 429.901 415.323 530.443 425.897 240.01 79.1749 233.167 305.105 381.942 338.651 294.253 44.6437 368.871 234.856 134.015 349.545 515.024 170.07 149.256 43.7352 64.7861
internal_count=19752 18169 15105 9740 6985 3825 3064 3160 5365 2755 3082 3375 2043 1021 450 1777 1583 2498 2298 1992 288 1787 1145 642 2525 3293 839 739 213 306
is_linear=0
shrinkage=0.04


Tree=37
num_leaves=31
num_cat=0
split_feature=18 7 3 0 14 2 25 23 31 7 12 25 4 20 27 3 6 0 2 4 20 8 28 29 26 27 2 2 2 23
split_gain=197.463 76.3081 27.194 16.902 14.7895 14.3942 14.3499 13.5643 13.1412 12.4394 12.1919 11.9331 11.9037 11.7214 10.8737 10.0156 8.99006 9.45458 9.08905 8.05245 7.51296 8.29586 7.77483 6.81697 6.79372 6.7087 6.57972 9.24929 7.08547 6.48755
threshold=1.5000000000000002 0.57499998807907116 2.5000000000000004 7.5261752605438241 1.4978661537170412 813.50000000000011 0.17500000447034839 1.0000000180025095e-35 0.46904762089252477 0.25000000000000006 1.0000000180025095e-35 0.23499999940395358 0.85193654894828807 0.21374999731779101 3.1376634836196904 1.5000000000000002 4.5271940231323251 7.5422098636627206 625.50000000000011 0.9095045030117036 0.21374999731779101 7.5000000000000009 1.0000000180025095e-35 0.37940952181816107 1.0000000180025095e-35 4.5895485877990732 857.50000000000011 924.50000000000011 798.50000000000011 1.0000000180025095e-35
decision_type=2 2 2 2 2 2 2 2 2 2 2 2 2 2 2 2 2 2 2 2 2 2 2 2 2 2 2 2 2 2
left_child=1 2 3 4 5 10 12 11 16 -2 15 20 23 -7 -8 29 18 -18 19 -5 21 -4 -22 -3 -17 -15 28 -28 -16 -1
right_child=9 6 7 8 -6 13 14 -9 -10 -11 -12 -13 -14 25 26 24 17 -19 -20 -21 22 -23 -24 -25 -26 -27 27 -29 -30 -31
leaf_value=-0.019964917859270688 0.019214331223070799 0.0028888866637415828 -0.026673070645594765 0.014452201434296402 -0.033155129079626429 -0.013312838181561669 0.043151069387314771 0.020358321716058451 0.021986936698359064 0.037504209227601178 0.0050557963842801984 0.0056757323789260166 -0.010172404910771028 0.0017980020280886713 0.010630593342964645 -0.012841224277165358 0.027128417822078033 -0.0090505935409429302 0.022474632530487731 -0.022950687203290323 0.0036686304749776093 -0.0035260564777282732 -0.01315524203988686 0.026825727877823637 -0.0020872141875348787 0.024345434717124272 0.043210359244849748 0.0094756175078906223 -0.0092632158016780416 -0.0034406503631674162
leaf_weight=392.16671515256166 96.7005745023489 71.769444331526756 49.323857083916664 15.044682435691355 48.457947410643101 69.187849171459675 15.730201736092566 49.137626782059669 31.03251875936985 191.91136384010315 56.30155136436224 224.63175936043262 100.01161493360996 86.578379593789577 389.25478771328926 335.47004298865795 10.163440048694609 270.53345327824354 34.095493860542774 18.282627552747726 130.84516657888889 49.247106842696667 63.73658798635006 24.202985614538193 131.49652387946844 26.082804657518864 21.480708330869675 32.536371514201164 29.403944045305252 43.101497665047646
leaf_count=3243 435 329 343 103 398 563 67 223 181 1109 422 1214 547 582 1722 2539 74 1977 223 129 785 375 389 106 936 178 91 138 128 226
internal_value=0 -0.00307805 -0.00680315 -0.00951471 -0.011857 -0.0108955 0.00852814 0.000703596 -0.00214682 0.0315505 -0.0128492 -0.00123279 -0.000614583 -0.000569816 0.0121844 -0.0139752 -0.00441149 -0.00755797 0.00852841 -0.0062039 -0.00652911 -0.0154087 -0.00191992 0.00934983 -0.00983474 0.00735168 0.0109764 0.0239545 0.00919598 -0.0183519
internal_weight=0 2819.31 2134.92 1568 1188.84 1140.39 684.39 566.922 379.152 288.612 958.536 517.784 195.984 181.849 488.406 902.235 348.12 280.697 67.4228 33.3273 293.153 98.571 194.582 95.9724 466.967 112.661 472.676 54.0171 418.659 435.268
internal_count=19775 18231 15103 11774 9087 8689 3128 3329 2687 1544 7366 3106 982 1323 2146 6944 2506 2051 455 232 1892 718 1174 435 3475 760 2079 229 1850 3469
is_linear=0
shrinkage=0.04


Tree=38
num_leaves=31
num_cat=0
split_feature=18 7 3 31 14 27 26 15 7 18 27 6 23 0 3 13 4 0 27 6 36 36 4 0 36 8 12 7 5 36
split_gain=195.341 55.6922 25.2333 16.8559 17.3163 15.069 13.7823 13.6045 11.3341 11.2092 9.52067 8.57903 8.54015 8.00733 7.68955 7.62304 7.28147 7.17662 6.98305 6.95488 6.86099 6.81259 6.73098 8.81785 7.97104 7.77374 6.72154 5.90899 7.80484 5.85917
threshold=1.5000000000000002 0.57499998807907116 2.5000000000000004 0.44877941906452185 1.0000000180025095e-35 3.6309846639633183 1.0000000180025095e-35 0.19597221910953525 0.25000000000000006 1.0000000180025095e-35 3.1376634836196904 6.1495356559753427 1.0000000180025095e-35 6.3902053833007821 1.5000000000000002 1.0000000180025095e-35 0.84380370378494274 7.2048857212066659 4.2520601749420175 6.0246567726135263 0.82162779569625866 1.5622174739837649 0.80402246117591869 6.873150348663331 1.3651157617568972 5.5000000000000009 1.0000000180025095e-35 0.25000000000000006 0.12564434856176379 0.73725226521492015
decision_type=2 2 2 2 2 2 2 2 2 2 2 2 2 2 2 2 2 2 2 2 2 2 2 2 2 2 2 2 2 2
left_child=1 2 3 6 -5 13 9 -3 12 26 -9 19 -2 -4 -12 16 22 -11 -19 21 -16 -6 24 25 -7 -24 29 -8 -29 -1
right_child=8 7 5 4 11 15 27 10 -10 17 14 -13 -14 -15 20 -17 -18 18 -20 -21 -22 -23 23 -25 -26 -27 -28 28 -30 -31
leaf_value=-0.015416559555803329 0.012374276234448749 -0.0012641624519827946 -0.005659885628883924 0.042530134493610705 -0.0039903522445567429 -0.0005660946063430018 -0.0067117750978735605 0.039684815749493653 0.037256002085005339 -0.021673387248005858 0.0016613202653486038 -0.020773625635597287 0.040557296520893543 0.027088055505045464 0.0064156485947323028 -0.011480368311782545 0.014421468793681239 -0.0046757180910141404 -0.018870267357965608 0.033232796483992084 0.018604119009093246 0.029589932443005493 0.029839181180048302 -0.019304363640645184 0.018883161733632556 -0.0044062049404883412 0.0069791354151921108 0.018072049129484173 -0.0047650206526583831 -0.0065148979621511153
leaf_weight=195.19721997529268 73.212695047259331 234.54332752525806 15.039232723414896 14.927289038896559 68.16020767390728 171.77333185821772 307.27281887084246 15.475629448890684 187.94742411375046 263.85965065658092 142.03100971877575 24.636168032884598 21.919664397835732 46.514361120760441 141.60785014927387 96.662495769560337 53.225751362740993 114.08321698009968 109.24091462790966 10.142082989215849 160.07254700362682 9.2119683623313886 10.589295603334902 59.883916646242142 39.916472196578979 65.385824918746948 38.876352213323116 38.431673288345337 57.197981275618076 309.96339958906174
leaf_count=1496 329 1124 85 66 450 1008 2404 66 1107 2250 669 171 101 258 624 603 303 903 873 66 684 55 52 352 217 406 276 228 336 2237
internal_value=0 -0.00325557 -0.00647339 -0.00908168 0.00481805 0.000817708 -0.0103183 0.0065691 0.0314912 -0.0127671 0.0105583 -0.000858665 0.0195694 0.0191605 0.00936892 -0.0015197 0.000927786 -0.0171796 -0.011725 0.00508648 0.0129628 0.000652589 -0.00120941 -0.00809444 0.00324369 0.00100979 -0.00876723 -0.00401866 0.00459495 -0.0100018
internal_weight=0 2813.92 2120.19 1561.2 127.078 558.991 1434.12 693.73 283.08 1031.22 459.187 112.15 95.1324 61.5536 443.711 497.437 400.775 487.184 223.324 87.5143 301.68 77.3722 347.549 135.859 211.69 75.9751 544.037 402.902 95.6297 505.161
internal_count=19799 18262 15095 11811 808 3284 11003 3167 1537 8035 2043 742 430 343 1977 2941 2338 4026 1776 571 1308 505 2035 810 1225 458 4009 2968 564 3733
is_linear=0
shrinkage=0.04


Tree=39
num_leaves=31
num_cat=0
split_feature=22 7 23 36 3 25 3 2 27 1 25 14 23 31 32 3 27 7 1 27 25 3 31 27 27 0 16 10 0 21
split_gain=178.671 57.7719 31.7342 20.0354 15.7574 13.6635 16.0484 13.0545 12.7144 12.3117 11.7572 14.6024 12.4686 11.6557 10.5975 9.13344 9.52029 8.45867 7.6355 10.9238 9.57762 8.66579 7.08422 6.88585 7.45835 6.6834 6.52055 6.49614 7.04402 7.98313
threshold=0.43935896456241613 1.0000000180025095e-35 1.0000000180025095e-35 0.80839002132415783 1.5000000000000002 0.17500000447034839 3.5000000000000004 593.50000000000011 4.5470111370086679 3.5000000000000004 0.17500000447034839 0.89587974548339855 1.0000000180025095e-35 0.5634920895099641 3.5000000000000004 2.5000000000000004 4.3776419162750253 0.42499999701976782 2.5000000000000004 4.7531590461730966 0.34999999403953558 3.5000000000000004 0.10102041065692903 3.9598599672317509 4.4467604160308847 6.7286107540130624 140.33842468261722 1.0000000180025095e-35 6.9137251377105722 1.0000000180025095e-35
decision_type=2 2 2 2 2 2 2 2 2 2 2 2 2 2 2 2 2 2 2 2 2 2 2 2 2 2 2 2 2 2
left_child=1 4 3 9 10 27 7 -7 -8 15 -1 12 -12 -9 23 22 -17 -16 20 -20 21 26 -3 -2 -25 -22 -6 28 -5 -30
right_child=14 2 -4 5 18 6 8 13 -10 -11 11 -13 -14 -15 17 16 -18 -19 19 -21 25 -23 -24 24 -26 -27 -28 -29 29 -31
leaf_value=-0.023791448516143003 0.029158708309503272 -0.012380953003506199 0.020966629760041031 -0.032590271671363011 -0.0088927400104419473 -0.0028722685133610827 0.03860617634969437 0.0084502991659561998 -0.0007129457884935751 0.027120146404528447 -0.0083453550864918593 -0.024115988051065487 0.020959120745319196 0.036751512330564881 0.020519231831615518 -0.0066385995248755625 0.011872640166699018 0.03622680502451632 -0.0015637235560167773 0.032079363817589177 -0.012636658016613671 0.00055716701328788806 0.00038569891314072397 -0.021556008923419186 0.017833247779626544 0.021096113793988572 -0.021474464715921987 0.0076894266931249794 0.0065925275304885827 -0.012050119885626499
leaf_weight=159.48911672830582 14.779579415917395 301.42284923046827 131.09976381063461 14.126957900822161 465.12512388825417 170.24596866220236 43.598504632711411 247.65869534015656 18.395354330539703 16.517128743231297 217.02200475335121 89.368016257882118 24.067831441760063 24.057394951581955 92.304777592420578 99.645246095955372 77.043447561562061 184.89754043519497 96.454199433326721 16.34951426833868 11.946695134043692 135.32930175960064 90.068781070411205 14.411487847566606 12.521485701203344 28.842927649617195 76.709476336836815 60.896898984909058 59.47793697565794 90.14064084738493
leaf_count=1501 66 2023 580 76 3459 941 196 1301 82 90 1708 750 116 112 424 475 374 1095 648 112 75 830 511 69 59 176 620 304 398 622
internal_value=0 -0.00317254 0.00235541 0.000468488 -0.00921263 0.00488845 0.00853522 0.00579465 0.0272814 -0.00503717 -0.0148938 -0.0104822 -0.00527154 0.0112063 0.0283572 -0.00606384 0.0014756 0.0311808 -0.0058344 0.00378634 -0.00735231 -0.00849243 -0.00945675 0.00902418 -0.00327657 0.0110874 -0.0107464 -0.00329573 -0.00742459 -0.0046499
internal_weight=0 2765.1 1444.4 1313.3 1320.7 728.598 503.956 441.962 61.9939 584.697 489.947 330.458 241.09 271.716 318.915 568.18 176.689 277.202 830.757 112.804 717.954 677.164 391.492 41.7126 26.933 40.7896 541.835 224.642 163.746 149.619
internal_count=19793 18080 8085 7505 9995 4032 2632 2354 278 3473 4075 2574 1824 1413 1713 3383 849 1519 5920 760 5160 4909 2534 194 128 251 4079 1400 1096 1020
is_linear=0
shrinkage=0.04


Tree=40
num_leaves=31
num_cat=0
split_feature=22 8 25 26 23 36 15 14 27 6 3 5 1 6 8 36 28 4 28 36 5 27 27 6 27 4 36 14 25 0
split_gain=167.707 47.8989 26.9383 18.8094 15.4409 14.3646 12.5818 11.0963 9.98354 9.80649 9.78431 9.63955 9.43263 11.8511 9.14979 8.98463 8.83815 12.3401 8.35807 8.56469 7.20008 6.68542 6.65766 8.23537 6.41856 6.19879 7.0174 6.18622 6.15159 6.12961
threshold=0.43935896456241613 5.5000000000000009 0.17500000447034839 1.0000000180025095e-35 1.0000000180025095e-35 1.5198159813880923 0.19597221910953525 0.89587974548339855 4.083451747894288 5.7945356369018564 3.5000000000000004 0.14599618315696719 2.5000000000000004 6.1014387607574472 7.5000000000000009 0.660405993461609 -0.91597560048103321 0.84725886583328258 -0.91597560048103321 1.3535265922546389 0.11298504471778871 4.2689976692199716 4.2333812713623056 5.6472105979919442 3.9598599672317509 0.79452162981033336 1.0120353698730471 0.89587974548339855 0.17500000447034839 6.6920645236969003
decision_type=2 2 2 2 2 2 2 2 2 2 2 2 2 2 2 2 2 2 2 2 2 2 2 2 2 2 2 2 2 2
left_child=1 4 11 5 6 7 22 16 14 -9 12 -3 27 21 -2 29 17 -4 19 -17 -7 -14 -1 28 -22 26 -12 -5 -24 -8
right_child=8 2 3 10 -6 20 15 9 -10 -11 25 -13 13 -15 -16 18 -18 -19 -20 -21 24 -23 23 -25 -26 -27 -28 -29 -30 -31
leaf_value=-0.010891989825362103 0.034520235561528917 -0.01788586010201634 0.019559714839814495 0.0028680007878962945 0.024125672154238595 -0.012596276414257857 0.0038094517214371311 -0.0055312418300202879 0.010902626985632123 -0.022350439118384604 0.011194970680327199 -0.0080376481110386692 0.043981732273865537 -0.017832356868632653 0.015337334565740211 -0.010295954376080741 -0.0075450664383217873 -0.0052851056440652855 0.015926820720435188 0.02143848539716213 0.021287826353873524 0.0095127136183676218 -0.0043919716332791224 -0.0066872003516045154 0.0027479529885848816 0.0019460540506387027 0.051054104612782307 -0.0099361931427248262 0.022899003574024985 -0.018069443820506518
leaf_weight=101.16351547092199 213.60532122850418 302.52497634291649 49.1834582015872 232.53342749923468 67.290879860520363 28.309831067919731 100.44353903084993 97.400407820940018 51.127837345004082 132.24349898844957 15.516261428594591 345.63035693764687 19.05050440132618 9.9156665280461294 54.68708311021328 43.317793145775795 477.43658056110144 83.659555487334728 219.94142938405275 17.448671869933605 43.396094754338264 18.181296199560165 19.053335890173912 65.498341873288155 89.521538130939007 17.455183252692223 13.683469966053961 79.305011905729771 37.327126927673817 23.612094469368458
leaf_count=541 1230 2696 294 1513 285 196 487 695 251 1022 86 2537 112 64 254 206 3230 597 1020 79 246 113 104 362 543 94 67 568 181 124
internal_value=0 -0.00287123 -0.00594042 -0.00282392 0.00619338 -0.00576492 0.00420081 -0.00786197 0.0276629 -0.0153261 0.00442736 -0.0126752 0.00213336 0.0184207 0.0307525 0.00838974 -0.00501236 0.00406706 0.0123279 -0.000790866 0.00512224 0.0284926 -0.003408 0.00287952 0.00902685 0.0212653 0.031949 -0.000430859 0.0138417 -0.000575481
internal_weight=0 2750.04 2054.95 1406.79 695.097 1001.15 627.806 839.924 319.42 229.644 405.641 648.155 358.986 47.1475 268.292 404.764 610.28 132.843 280.708 60.7665 161.227 37.2318 223.042 121.879 132.918 46.6549 29.1997 311.838 56.3805 124.056
internal_count=19797 18062 14673 9440 3389 6823 3104 5838 1735 1717 2617 5233 2370 289 1484 1916 4121 891 1305 285 985 225 1188 647 789 247 153 2081 285 611
is_linear=0
shrinkage=0.04


Tree=41
num_leaves=31
num_cat=0
split_feature=22 7 25 25 1 14 3 27 1 14 36 7 5 4 0 7 23 36 27 5 6 2 26 28 6 2 31 31 31 31
split_gain=157.996 52.0233 32.6865 14.031 13.8575 10.4334 10.31 9.72905 9.72338 8.78237 8.70855 8.19519 9.2574 8.05297 7.79114 7.06676 6.84197 7.53355 6.53562 6.51806 6.45966 6.29923 6.18521 6.02153 5.95572 7.09213 6.29073 5.78321 7.68108 7.0562
threshold=0.41571427881717687 0.57499998807907116 0.27500000596046453 0.17500000447034839 2.5000000000000004 0.89587974548339855 3.5000000000000004 4.0333549976348886 3.5000000000000004 1.4978661537170412 0.49608606100082403 1.0000000180025095e-35 0.2601724117994309 0.86172229051589977 7.4121556282043466 0.42499999701976782 1.0000000180025095e-35 1.6728793978691103 4.0526537895202646 0.3662893027067185 5.8593597412109384 641.50000000000011 1.0000000180025095e-35 -0.7865660786628722 5.7761018276214608 561.50000000000011 0.15075758099555972 0.077935222536325469 0.16472868621349337 0.25320513546466833
decision_type=2 2 2 2 2 2 2 2 2 2 2 2 2 2 2 2 2 2 2 2 2 2 2 2 2 2 2 2 2 2
left_child=1 2 6 13 -5 8 9 15 10 16 22 -12 14 -3 -13 -2 27 23 -6 24 -16 -9 -4 -18 25 -7 -27 -1 -29 -30
right_child=7 3 5 4 18 19 -8 21 -10 -11 11 12 -14 -15 20 -17 17 -19 -20 -21 -22 -23 -24 -25 -26 26 -28 28 29 -31
leaf_value=-0.012281070255993939 0.020091561968760573 0.0052290521590751485 -0.016759673008774428 0.007783670816274073 0.040967781653842537 0.014912643026464842 -0.00011846627398550236 -0.0031455102900633681 0.032991164055632426 -0.027447895758183113 0.00064898139328756297 0.0010977634163015764 0.035233376645688402 -0.011156142071902653 0.028353766635967417 0.034992850145084138 -0.018096207201369285 0.027371158837566436 0.014512241581148264 0.022200260192916689 -0.0040635869714407535 0.022983368538721072 0.006524904216490727 0.0038413911225429415 -0.015847248978982143 -0.01909364556163624 0.011369720847220616 0.017908199967265708 -0.026693218563716842 -0.0031071029633925372
leaf_weight=916.21992613375187 87.584863841533661 103.92859607934952 53.837090738117695 394.98405008018017 29.847991779446602 27.151132717728615 161.24593508988619 26.021796301007271 15.642789125442503 47.838688358664513 267.01258777081966 93.913985513150692 21.650078326463699 85.869676694273949 37.539911419153214 171.16943918168545 29.820031955838203 11.969645500183104 34.717682152986526 9.3592490777373296 12.48101995885372 30.870154812932014 25.802242882549763 52.541046693921089 93.907532103359699 33.372754484415054 14.073288828134535 20.376079030334949 22.879322573542595 114.05336134880781
leaf_count=7712 413 481 353 1753 129 173 980 128 80 414 1671 528 103 480 188 1041 165 62 148 53 67 156 156 285 678 230 76 141 152 789
internal_value=0 -0.0029602 -0.00604144 0.00691061 0.0106762 0.000957185 -0.00962472 0.0268441 0.00378022 -0.0108833 0.00276332 0.00500557 0.0119392 -0.00222307 0.00800049 0.0301418 -0.010159 0.000166686 0.0276058 -0.00737011 0.0204199 0.0113313 -0.0092407 -0.00434215 -0.00925368 -0.000756237 -0.00996331 -0.011065 -0.00391682 -0.00737551
internal_weight=0 2732.04 2082.69 649.348 459.55 705.744 1376.94 315.646 527.88 1215.7 512.237 432.598 165.585 189.798 143.935 258.754 1167.86 94.3307 64.5657 177.864 50.0209 56.892 79.6393 82.3611 168.505 74.5972 47.446 1073.53 157.309 136.933
internal_count=19785 18047 15056 2991 2030 4356 10700 1738 3146 9720 3066 2557 886 961 783 1454 9306 512 277 1210 255 284 509 450 1157 479 306 8794 1082 941
is_linear=0
shrinkage=0.04


Tree=42
num_leaves=31
num_cat=0
split_feature=18 7 25 26 22 0 7 25 5 14 36 15 36 2 5 1 6 20 5 0 5 26 4 5 0 23 25 4 20 29
split_gain=134.062 53.7933 27.5031 16.6505 16.0998 15.528 15.0585 11.7329 10.2092 9.79246 10.4473 9.35165 8.06251 7.70699 7.29189 7.26712 8.98656 6.79935 6.49924 6.39652 6.38543 6.24963 6.75002 8.32314 5.77109 5.71482 6.28099 5.86829 6.23678 5.45202
threshold=1.5000000000000002 0.57499998807907116 0.17500000447034839 1.0000000180025095e-35 0.30817225575447088 7.255584955215455 0.25000000000000006 0.34999999403953558 0.14741823822259906 0.89587974548339855 1.2493990659713747 0.17522221803665164 0.44674046337604528 456.50000000000006 0.12255697697401048 2.5000000000000004 6.0946972370147714 0.19597221910953525 0.12434208765625955 6.4707694053649911 0.24676805734634402 1.0000000180025095e-35 0.90610113739967357 0.27527342736721044 7.8343904018402108 1.0000000180025095e-35 0.23499999940395358 0.79833573102951061 0.71974393725395214 -0.91597560048103321
decision_type=2 2 2 2 2 2 2 2 2 2 2 2 2 2 2 2 2 2 2 2 2 2 2 2 2 2 2 2 2 2
left_child=1 2 8 4 9 -6 25 11 -1 12 19 14 -4 -5 -3 20 18 -10 -17 -11 -15 -13 23 -23 -12 26 -2 28 -28 -8
right_child=6 7 3 13 5 -7 29 -9 17 10 24 21 -14 15 -16 16 -18 -19 -20 -21 -22 22 -24 -25 -26 -27 27 -29 -30 -31
leaf_value=-0.017679329407224182 -0.010524680824545411 -0.013630425772005435 -0.015801326458423859 0.01754309089714589 -0.002342507553764148 0.031923421221646563 0.015663843630172387 0.027421212821128398 -0.015410065189434375 -0.0045173605052597253 0.01028352686340525 0.0057360709497544602 -0.0029098067443678638 -0.0033894162268464437 0.0031295920281477147 0.045493250839230275 -0.016850087306023786 -0.0035629853256858692 0.011943597139731112 -0.02300522017022498 0.011133443232653946 0.024986820207955774 -0.0037234849187215346 -0.0020593102139081438 -0.015299054885538539 0.0311933201447907 -0.010124733749620066 0.030602754771090136 0.023411798113268555 0.037060197187570594
leaf_weight=318.41250295192003 19.815787136554718 52.965447247028351 87.495094671845436 56.066054597496986 54.595690287649632 32.295618236064911 26.696378156542778 40.649579510092735 117.27975809574127 39.766587287187576 36.085402250289917 290.5876644551754 597.77909407764673 250.42690449953079 168.09270061552525 11.970704160630701 10.175870738923548 226.29212951660156 34.16493384540081 135.00967963039875 57.948478773236275 94.203058436512947 22.455041036009789 22.096726328134537 20.416091367602348 21.04814700782299 19.64566870033741 20.737301021814346 13.107927069067953 146.13155782222748
leaf_count=2886 89 280 633 362 316 173 171 173 976 301 252 1315 4047 1677 787 74 69 1572 198 1103 334 412 102 91 143 101 92 94 62 933
internal_value=0 -0.00259723 -0.00580044 -0.00266175 -0.00545931 0.0108251 0.0269668 0.00706161 -0.0125247 -0.00702332 -0.0141115 0.00570899 -0.00459698 0.00400437 -0.00097231 0.00183863 0.0147886 -0.00767282 0.0221772 -0.0188974 -0.000606191 0.00913759 0.0160785 0.0199002 0.000832581 0.0136964 0.0079776 0.0149641 0.00387146 0.0339721
internal_weight=0 2777.23 2086.18 1424.2 1003.44 86.8913 267.183 691.05 661.984 916.552 231.278 650.401 685.274 420.753 221.058 364.687 56.3115 343.572 46.1356 174.776 308.375 429.342 138.755 116.3 56.5015 94.3548 73.3067 53.4909 32.7536 172.828
internal_count=19818 18276 15116 9682 6968 489 1542 3160 5434 6479 1799 2987 4680 2714 1067 2352 341 2548 272 1404 2011 1920 605 503 395 438 337 248 154 1104
is_linear=0
shrinkage=0.04


Tree=43
num_leaves=31
num_cat=0
split_feature=18 7 26 1 36 27 27 22 7 23 2 27 30 29 7 27 22 2 29 29 14 2 27 36 20 16 4 29 27 27
split_gain=141.237 54.2244 14.9147 12.9804 11.9836 12.0075 8.48578 8.4162 7.59024 7.09828 7.01806 7.67572 8.23184 6.84457 7.17445 6.69168 7.51206 6.75003 6.33996 6.21271 6.03095 5.69124 9.35371 13.9378 5.61069 5.31249 5.24359 6.09047 5.35492 7.78448
threshold=1.5000000000000002 0.57499998807907116 1.0000000180025095e-35 2.5000000000000004 1.2305698394775393 3.664842009544373 4.0595800876617441 0.13250000029802325 0.25000000000000006 1.0000000180025095e-35 759.50000000000011 4.6429474353790292 2.0126758217811589 1.0000000180025095e-35 1.0000000180025095e-35 3.9806153774261479 0.23043560981750491 553.50000000000011 0.37940952181816107 -0.91597560048103321 1.4978661537170412 456.50000000000006 4.3496322631835946 0.81740099191665661 0.41083332896232611 0.99304834008216869 0.85193654894828807 -0.91597560048103321 4.9152250289917001 4.6429474353790292
decision_type=2 2 2 2 2 2 2 2 2 2 2 2 2 2 2 2 2 2 2 2 2 2 2 2 2 2 2 2 2 2
left_child=1 2 4 9 7 13 -5 -1 -2 24 15 12 -12 25 -15 16 -9 -18 -8 -10 21 22 -4 -24 26 -6 27 -3 29 -28
right_child=8 3 20 6 5 -7 18 10 19 -11 11 -13 -14 14 -16 -17 17 -19 -20 -21 -22 -23 23 -25 -26 -27 28 -29 -30 -31
leaf_value=-0.018221496256305297 0.017692741201434201 -0.0089409838078593137 -0.002424308946584899 0.033310813746925204 0.019069983107455276 -0.0049765069337356013 0.0010643584868472559 -0.0074155416715636149 0.013340599984891739 0.018419955520395926 -0.008879573816744795 0.012001319275910208 0.024149713123427553 0.0066396080302083141 0.054575877536143937 -0.013132607354743333 0.036634404277477384 -0.0027927516374316587 0.03081233815465401 0.035952276575210891 -0.020520652766497435 -0.0015012974648525934 -0.0016207211118693958 0.0471569190144027 0.014919518660151747 -0.011175730772143504 -0.00051299041471818954 0.0094960482366368178 0.014922278582709893 -0.019425693663782294
leaf_weight=181.44475249946117 90.475391909480095 32.530102282762527 44.365092948079109 42.310682624578476 16.046905778348446 335.01253826916218 41.544225737452507 178.44393436610699 26.038712054491043 51.909336671233177 150.6062925234437 45.111480534076691 11.195831142365931 9.9794375002384204 9.4566526859998685 502.07870223373175 10.598559953272344 14.910083919763563 13.911618933081625 146.48437103629112 21.557264089584351 486.43202237039804 17.234054125845432 18.217320069670677 56.28359691798687 17.269603602588177 217.02314659953117 175.93907082080841 25.822154924273491 39.502656877040863
leaf_count=1536 422 144 308 184 89 2339 184 1367 168 216 1081 317 65 68 54 3779 66 92 61 955 171 3361 121 126 239 122 1064 769 128 194
internal_value=0 -0.002837 -0.00608492 0.0068016 -0.00822073 -0.00216425 0.0201736 -0.0103588 0.0277305 0.00455924 -0.0087597 -0.00225454 -0.00632717 0.0152248 0.0328789 -0.0106544 -0.00448537 0.0150613 0.00933971 0.0327315 -0.000689858 0.000134674 0.00989789 0.0246243 0.00318183 0.00364708 0.00178074 0.00656146 -0.00177038 -0.00355313
internal_weight=0 2766.74 2069.96 696.777 1482.15 387.765 97.7665 1094.39 262.998 599.01 912.945 206.914 161.802 52.7526 19.4361 706.031 203.953 25.5086 55.4558 172.523 587.806 566.248 79.8165 35.4514 547.101 33.3165 490.817 208.469 282.348 256.526
internal_count=19790 18245 15062 3183 10975 2672 429 8303 1545 2754 6767 1463 1146 333 122 5304 1525 158 245 1123 4087 3916 555 247 2538 211 2299 913 1386 1258
is_linear=0
shrinkage=0.04


Tree=44
num_leaves=31
num_cat=0
split_feature=18 7 25 25 3 7 36 3 1 16 3 27 7 22 23 22 27 22 4 26 4 2 4 36 6 2 5 16 5 2
split_gain=121.281 49.5878 29.2116 16.9925 14.4977 14.2238 13.1929 10.3525 9.45605 8.19388 8.1517 7.73286 8.57023 7.64461 7.00454 6.60251 6.56713 6.24605 6.21146 6.53011 6.11677 5.83617 5.79488 5.76364 5.7108 5.67693 5.38744 6.51305 5.46274 8.92844
threshold=1.5000000000000002 0.25000000000000006 0.2100000008940697 0.27500000596046453 2.5000000000000004 0.25000000000000006 0.42563754320144659 3.5000000000000004 2.5000000000000004 115.06750869750978 1.5000000000000002 4.5648686885833749 1.0000000180025095e-35 0.16398936510086062 1.0000000180025095e-35 0.20726351439952853 4.7531590461730966 0.11087121069431306 0.79452162981033336 1.0000000180025095e-35 0.93424811959266674 516.50000000000011 0.86655277013778698 0.63401335477828991 5.995206594467164 728.50000000000011 0.08996195346117021 8.2469787597656268 0.12434208765625955 710.50000000000011
decision_type=2 2 2 2 2 2 2 2 2 2 2 2 2 2 2 2 2 2 2 2 2 2 2 2 2 2 2 2 2 2
left_child=1 2 10 7 6 -2 -4 14 13 23 -1 12 18 21 20 -12 26 -5 19 -6 -3 24 -16 -10 -8 -14 27 -15 29 -28
right_child=5 3 4 17 11 -7 8 -9 9 -11 15 -13 25 16 22 -17 -18 -19 -20 -21 -22 -23 -24 -25 -26 -27 28 -29 -30 -31
leaf_value=-0.019736186019706753 0.012951187270851164 -0.0020610339531514288 -0.021516304767915707 -0.0078186705725350036 0.0037437142421910077 0.032939282915610359 0.018205020719189984 0.011738896007139904 0.035547148008385585 -0.016389282955518315 -0.016847242358802146 -0.0064166961744950325 0.030476653752273878 0.025962318450857232 0.025690168173805636 -0.0061635220471400265 0.0069601066141137978 0.011813447738165967 -0.003699815377678441 0.027448505153737583 -0.019865644196728763 -0.023672443696422879 -5.5305203138862524e-06 0.0077481650500172633 -0.018620948423697072 -0.00077344372274213368 -0.019480545020401797 -0.01474436842550503 -0.0036096536891900427 0.0055229236110841467
leaf_weight=233.55934439599514 92.131194815039635 537.65109342336655 74.867362149059772 26.523884765803814 56.957718126475811 165.85428264737129 11.656261473894121 104.26719748973846 13.596348963677881 16.07099462300539 149.06561236083508 72.034599624574184 36.638385392725468 15.549732066690924 23.716062143445015 249.47720184922218 73.279192797839642 370.54011113941669 81.53838873654604 26.183021858334541 30.81393863260746 58.010376624763012 30.932617321610451 58.795180074870586 11.299075208604334 12.121615916490553 97.925635814666748 8.1894225850701314 246.60037728399038 28.644757084548473
leaf_count=2277 433 3015 617 136 335 1103 100 445 93 125 1325 429 199 108 102 1868 536 1671 484 142 184 515 136 384 102 65 764 66 1805 216
internal_value=0 -0.00262283 -0.00707248 0.00383666 -0.0028073 0.0259557 -0.00584745 0.000197178 -0.00395206 0.00806175 -0.0137897 0.00478936 0.0085958 -0.00590249 -0.00176551 -0.0102237 -0.00390812 0.0104694 0.00411105 0.0116783 -0.00309241 -0.0171109 0.011659 0.0137846 3.89147e-05 0.0229836 -0.00593949 0.011865 -0.00712934 -0.013824
internal_weight=0 2756.51 1632.06 1124.44 999.958 257.985 714.485 727.381 639.617 88.4625 632.102 285.474 213.439 551.155 623.114 398.543 470.189 397.064 164.679 83.1407 568.465 80.9657 54.6487 72.3915 22.9553 48.76 396.91 23.7392 373.171 126.57
internal_count=19780 18244 12555 5689 7085 1536 5431 3882 4814 602 5470 1654 1225 4212 3437 3193 3495 1807 961 477 3199 717 238 477 202 264 2959 174 2785 980
is_linear=0
shrinkage=0.04


Tree=45
num_leaves=31
num_cat=0
split_feature=22 7 25 26 3 25 4 7 28 23 1 2 31 16 27 2 27 22 3 1 2 22 23 3 5 25 23 31 2 8
split_gain=114.26 41.9379 24.5989 18.1877 11.2291 10.8728 9.2806 8.37541 8.25849 8.1526 8.69427 8.41327 10.8769 8.38392 7.84602 7.70167 9.06374 7.62192 7.24389 6.84233 8.28353 6.53682 6.51327 6.58746 7.59789 6.07996 5.89065 5.45666 8.1801 5.40813
threshold=0.48441667854785925 0.57499998807907116 0.17500000447034839 1.0000000180025095e-35 3.5000000000000004 0.17500000447034839 0.86221691966056835 0.42499999701976782 -0.91597560048103321 1.0000000180025095e-35 1.5000000000000002 681.50000000000011 1.0000000180025095e-35 128.90168762207034 4.0647437572479257 605.50000000000011 4.1391582489013681 0.18933333456516269 2.5000000000000004 2.5000000000000004 798.50000000000011 0.83292856812477123 1.0000000180025095e-35 1.5000000000000002 0.12953721731901172 0.2100000008940697 1.0000000180025095e-35 0.10620300844311716 531.50000000000011 3.5000000000000004
decision_type=2 2 2 2 2 2 2 2 2 2 2 2 2 2 2 2 2 2 2 2 2 2 2 2 2 2 2 2 2 2
left_child=1 2 6 4 9 18 17 -2 -6 10 -4 -12 13 14 -13 16 21 -1 -3 26 -21 -9 23 24 -5 -16 -7 -8 -29 -20
right_child=7 5 3 22 8 19 27 15 -10 -11 11 12 -14 -15 25 -17 -18 -19 29 20 -22 -23 -24 -25 -26 -27 -28 28 -30 -31
leaf_value=-0.014134000525563899 0.014747390382901199 -0.0080346366408238831 -0.011808429455285352 0.0026952262444526922 0.024782899136766266 0.0059599114006394739 -0.01761268644187261 0.034790255518255771 0.00050721179187276043 0.0054006053847440953 -0.012325972022867617 -0.010520608085762445 0.018229180789038166 -0.022215320384901809 0.029711393312156852 0.035719242328077563 -0.017020350000517076 -0.00094782165749277643 0.021058307786929138 0.044693878409107331 0.012583586178895273 -3.0000118072828635e-05 0.018318108373876176 0.0071080556542497475 -0.016341635290925079 0.0028487269149718559 0.022040119905801535 0.01977642410628255 -0.014584705181324582 -0.00038927837873687732
leaf_weight=113.92655042558908 88.406474485993385 112.65231749415398 428.17395925521851 99.83442085236311 26.766042277216911 362.55000032484531 317.75903675705194 26.2871965020895 102.0696711614728 79.201417401432991 113.6434697508812 66.47492316365242 44.357336811721325 29.471064418554306 13.742826610803602 124.63809125125408 9.2779578417539579 178.36149460822344 28.054564625024796 16.279911309480667 52.722049504518509 12.406087920069693 47.960119903087616 232.17391936480999 48.182356812059879 97.934252269566059 39.052822962403297 15.161054387688635 29.393927365541458 50.09282685816288
leaf_count=962 426 623 3279 741 148 1617 2963 167 567 378 852 473 259 254 112 814 43 1223 121 72 227 87 217 1455 352 696 165 117 230 221
internal_value=0 -0.00231953 -0.00510335 -0.00215702 -0.00510335 0.00644332 -0.0115135 0.0252776 0.00585231 -0.00672985 -0.0079507 -0.00339334 0.000700626 -0.00318243 0.000177788 0.0304402 0.0158437 -0.00614859 -0.00160047 0.00969752 0.021205 0.0241732 0.00472881 0.00292766 -0.00363689 0.00661898 0.00762506 -0.0157839 -0.0025451 0.00764366
internal_weight=0 2745.99 2084.59 1429.99 1001.83 661.404 654.602 261.016 128.836 872.999 793.798 365.624 251.98 207.623 178.152 172.609 47.9712 292.288 190.8 470.605 69.002 38.6933 428.151 380.191 148.017 111.677 401.603 362.314 44.555 78.1474
internal_count=19861 18324 15278 9783 7018 3046 5495 1537 715 6303 5925 2646 1794 1535 1281 1111 297 2185 965 2081 299 254 2765 2548 1093 808 1782 3310 347 342
is_linear=0
shrinkage=0.04


Tree=46
num_leaves=31
num_cat=0
split_feature=18 7 25 3 25 36 13 27 7 3 29 29 15 32 1 36 22 29 30 29 6 20 8 6 27 4 4 6 0 25
split_gain=117.664 43.2767 24.3521 15.1388 12.9751 11.0612 10.116 9.18026 8.80805 8.63638 8.1334 8.09516 8.09464 8.37119 7.88999 10.6817 7.45158 6.91775 7.64474 8.60026 7.92384 9.54626 7.5833 6.56208 7.69489 6.48408 6.07933 7.98729 5.82315 5.392
threshold=1.5000000000000002 1.0000000180025095e-35 0.27500000596046453 1.5000000000000002 0.31000000238418585 0.80839002132415783 1.0000000180025095e-35 5.2211663722991952 0.25000000000000006 2.5000000000000004 0.78656607866287243 -0.91597560048103321 0.12099999934434892 2.5000000000000004 2.5000000000000004 0.41369070112705236 0.27539215981960302 -0.7865660786628722 3.5972183942794804 1.0000000180025095e-35 6.1495356559753427 0.22857142984867099 7.5000000000000009 5.8126356601715097 3.7853246927261357 0.91050902009010326 0.80183705687522899 5.4004201889038095 7.3752508163452157 0.17500000447034839
decision_type=2 2 2 2 2 2 2 2 2 2 2 2 2 2 2 2 2 2 2 2 2 2 2 2 2 2 2 2 2 2
left_child=1 3 5 4 7 14 9 25 -2 -4 17 -10 -5 -14 15 -3 -8 22 19 26 21 29 -7 24 -11 -1 27 -19 -28 -21
right_child=8 2 6 12 -6 10 16 -9 11 23 -12 -13 13 -15 -16 -17 -18 18 -20 20 -22 -23 -24 -25 -26 -27 28 -29 -30 -31
leaf_value=-0.020108251196668304 0.01574297774205943 0.0045151177418515081 0.0081549514669740381 -0.018524116509511811 0.0034717954179573829 0.012759318286588345 -0.0095353282386011068 0.017445843952055611 0.0098690870513958705 0.033588118669713632 0.016897588290884908 0.035584945111399424 -0.00358893106824774 0.032577135334270327 0.0072045180018335897 -0.01181677254354075 0.01563513672659448 0.02462324891064803 -0.030737492710207905 -0.0045037460508208791 -0.017864945914748142 0.038843199547652994 -0.0094655933503265451 0.035852199467822719 0.0079326496725248344 -0.0085745938689191382 -0.018567255567179541 -0.0098192713762166976 -0.0024584665566097339 0.014263128558011076
leaf_weight=284.64959220588207 92.698656633496284 80.994189701974392 296.60367227345705 56.851147636771202 63.531119130551815 113.6328496709466 66.395513109862804 11.317781679332255 24.996361002326012 24.076911687850952 54.738224074244499 136.94312717020512 739.54406176507473 8.3985443860292417 60.140832811594009 289.08052831143141 24.003267124295235 18.878402724862099 12.561496824026106 43.576758094131947 16.08228962123394 14.591507755219935 29.613030761480331 32.595219433307648 73.169789329171181 113.35346990823746 69.188785299658775 20.600310958921909 73.866946049034595 51.833344995975494
leaf_count=2598 440 506 1513 477 449 611 358 100 169 105 310 951 5372 46 343 1826 109 88 70 273 106 69 218 142 316 1006 413 111 457 286
internal_value=0 -0.00220917 0.00247915 -0.00758494 -0.0132531 -0.00132652 0.00944787 -0.0158533 0.0261128 0.0120146 0.00260031 0.0317844 -0.00423003 -0.00309703 -0.00605533 -0.00823733 -0.00265814 0.000849972 -0.00241262 -0.00106925 0.00690168 0.0107769 0.00809772 0.0205738 0.0148334 -0.0168827 -0.00659021 0.00704399 -0.010398 0.00577523
internal_weight=0 2743.87 1466.22 1277.65 472.852 949.379 516.844 409.321 254.638 426.446 519.164 161.939 804.794 747.943 430.216 370.075 90.3988 464.426 321.18 308.618 126.084 110.002 143.246 129.842 97.2467 398.003 182.534 39.4787 143.056 95.4101
internal_count=19838 18278 8230 10048 4153 5687 2543 3704 1560 2076 3012 1120 5895 5418 2675 2332 467 2702 1873 1803 734 628 829 563 421 3604 1069 199 870 559
is_linear=0
shrinkage=0.04


Tree=47
num_leaves=31
num_cat=0
split_feature=22 23 7 15 25 6 5 36 1 28 7 0 0 36 3 3 28 36 27 29 2 5 4 10 4 4 5 14 2 2
split_gain=98.7218 36.6637 30.0318 16.5692 14.5891 11.6232 10.6996 11.0072 11.9559 10.3573 10.1269 8.91958 9.98567 8.81356 8.72821 8.43887 8.07117 7.93224 7.35872 11.4296 7.34631 7.11862 7.0574 6.98629 6.95711 7.73571 6.3375 7.27496 6.78261 9.02196
threshold=0.52642855048179638 1.0000000180025095e-35 1.0000000180025095e-35 0.19597221910953525 0.23499999940395358 6.4838714599609384 0.2528249472379685 0.80839002132415783 1.5000000000000002 -0.98296290636062611 0.42499999701976782 6.0062773227691659 5.8463344573974618 1.1330381631851199 1.5000000000000002 3.5000000000000004 0.12940952181816109 1.6424235701560976 4.5470111370086679 1.0000000180025095e-35 743.50000000000011 0.26240158081054693 0.80402246117591869 1.0000000180025095e-35 0.87419614195823681 0.91388529539108287 0.34005814790725714 0.89587974548339855 730.50000000000011 770.50000000000011
decision_type=2 2 2 2 2 2 2 2 2 2 2 2 2 2 2 2 2 2 2 2 2 2 2 2 2 2 2 2 2 2
left_child=1 2 4 5 15 13 7 11 14 -10 -2 12 -5 16 -9 -1 -4 26 24 -20 -15 -8 -11 -13 -3 -26 27 -6 -29 -30
right_child=10 18 3 6 17 -7 21 8 9 22 -12 23 -14 20 -16 -17 -18 -19 19 -21 -22 -23 -24 -25 25 -27 -28 28 29 -31
leaf_value=-0.013937335055236762 0.012276949151870211 0.024015325913480181 -0.01415995656638571 -0.0053078486764143078 -0.0031230445806616457 0.025772263801810129 0.03214856918382978 -0.0097370067256301249 -0.019417256578269544 -0.011723551960274128 0.030233231448213636 -0.010119510489297497 0.04234522070825282 -0.003659669047247037 0.0069049905287067604 -0.00024416058666346758 0.00049324668062943609 0.0092556231221385139 0.013413146963083749 -0.018939866269797729 0.016655093135753991 0.0092548358310389506 0.018171047773456392 0.0040142190310273624 0.0001842236901944922 0.027423731148399706 0.01387599182198297 -0.021122383844627755 0.032260310283311097 -0.012217440537537122
leaf_weight=569.81881958991289 78.417031839489937 96.255330830812454 232.24667368084192 13.881615884602072 308.29861496388912 16.499667167663574 24.69047749042511 90.478567041456699 12.662624299526213 12.353233352303503 161.95165976881981 197.37627349048853 11.495175927877424 112.93211132287979 108.89695606380701 82.468005754053593 80.743549488484859 68.995909601449966 45.612813241779804 25.609493359923363 35.881645783782005 136.54669783264399 161.91160445660353 76.522310271859169 59.21197073161602 21.238379135727882 24.547677114605904 79.376070447266102 8.2715958207845706 23.201108261942863
leaf_count=5253 384 447 1528 77 2181 112 112 538 67 55 1091 1253 65 691 557 557 536 427 223 125 205 645 850 364 295 105 156 658 69 177
internal_value=0 -0.00210893 -0.00357227 0.000547641 -0.00825142 -0.00539039 0.00390639 0.00170965 0.00615691 0.0133674 0.0245249 -0.0040336 0.0177946 -0.00661012 -0.000669009 -0.0122122 -0.0104007 -0.00318439 0.0124992 0.00158036 0.00139449 0.0131115 0.0159429 -0.00617033 0.0168332 0.00786606 -0.0051517 -0.00632667 -0.0150235 0.000701223
internal_weight=0 2738.02 2490.1 1325.12 1164.98 478.304 846.816 685.578 386.303 186.927 240.369 299.275 25.3768 461.804 199.376 652.287 312.99 512.691 247.928 71.2223 148.814 161.237 174.265 273.899 176.706 80.4503 443.695 419.147 110.849 31.4727
internal_count=19803 18328 17133 7655 9478 3072 4583 3826 2067 972 1475 1759 142 2960 1095 5810 2064 3668 1195 348 896 757 905 1617 847 400 3241 3085 904 246
is_linear=0
shrinkage=0.04


Tree=48
num_leaves=31
num_cat=0
split_feature=18 7 21 3 23 6 15 36 34 36 0 29 0 28 27 27 23 0 4 7 36 16 0 6 29 3 4 1 4 16
split_gain=95.3108 34.7962 24.0852 20.3707 13.8197 11.8481 11.6064 9.51263 10.4922 9.28595 9.27687 9.12598 11.4987 8.20609 7.40022 7.06812 7.01685 6.29179 5.92005 5.88174 5.70188 5.71702 6.24351 10.1091 7.71959 6.75576 9.14886 6.31075 6.25984 7.37123
threshold=1.5000000000000002 0.25000000000000006 1.5000000000000002 2.5000000000000004 1.0000000180025095e-35 6.4838714599609384 0.17522221803665164 1.0223203301429751 1.0000000180025095e-35 1.7154432535171511 7.9501483440399179 0.91597560048103344 6.6280195713043222 0.37940952181816107 3.6309846639633183 3.5336854457855229 1.0000000180025095e-35 6.0062773227691659 0.77634596824646007 0.25000000000000006 0.32251067459583288 128.90168762207034 7.7815537452697763 5.5548937320709237 -0.6035533845424651 1.5000000000000002 0.88686734437942516 1.5000000000000002 0.90864726901054393 62.124784469604499
decision_type=2 2 2 2 2 2 2 2 2 2 2 2 2 2 2 2 2 2 2 2 2 2 2 2 2 2 2 2 2 2
left_child=1 2 3 9 5 6 13 17 -9 16 -11 14 -13 -3 15 18 20 -8 -5 -2 -1 22 24 -24 25 28 -27 -26 -22 -30
right_child=19 4 -4 11 -6 -7 7 8 -10 10 -12 12 -14 -15 -16 -17 -18 -19 -20 -21 21 -23 23 -25 27 26 -28 -29 29 -31
leaf_value=-0.025895306374222167 0.015411578694283275 -0.0079377182526106701 0.046682925844289923 0.025374287604066143 0.016976862972759348 0.026875421540363199 0.017497863431556956 0.0021253503872988313 0.018603084948376269 0.014728873669391348 -0.0074350827780024281 -0.0095809961323328023 0.042883910540381147 0.007647887108329538 -0.0024182971694633845 0.039030621688410976 8.4377977719368746e-05 -0.0010545372647005385 -0.0077579904592301489 0.028861536972667183 -0.016988950334219127 -0.018074994841633999 -0.015531113363314879 0.031266833457966096 -0.017753162128087755 -0.0054555074221432085 0.016580116405701093 -0.0079858494640119831 -0.0059648473495343768 0.034751461465341534
leaf_weight=41.140177987515926 92.075418576598167 271.07141947746277 11.862055718898771 11.493482172489164 105.47528398036957 27.461518310010433 29.774618566036224 123.80918978899717 122.67831922322512 47.223735071718693 76.279496014118195 9.8368397355079669 15.433418139815329 65.693072080612183 385.58198744803667 11.370464242994784 91.694954767823219 365.95959264785051 22.184482365846634 151.35765320062637 88.238424263894558 144.09247846156359 12.342584393918516 13.552495673298834 234.19117709994316 90.239083789288998 42.811049170792103 202.22174972295761 39.041442446410656 6.6081099510192862
leaf_count=390 442 1529 50 65 455 147 140 598 562 343 595 61 92 360 2437 69 490 1855 136 1087 822 1401 102 115 2088 757 352 1724 350 64
internal_value=0 -0.00208912 -0.00586808 -0.00631955 0.0033407 0.0018808 0.00112631 0.00427609 0.0104101 -0.00919547 0.00113938 0.000815762 0.0232563 -0.00487021 -0.000602515 0.0143814 -0.0104638 0.000422294 0.00433782 0.0239413 -0.0115193 -0.0107845 -0.00929846 0.00944686 -0.0100134 -0.00460685 0.00177535 -0.0132843 -0.0108819 0.00114038
internal_weight=0 2709.36 1597.44 1585.58 1111.92 1006.45 978.986 642.222 246.488 1129.68 123.503 455.901 25.2703 336.764 430.63 45.0484 1006.17 395.734 33.678 243.433 914.479 873.339 729.246 25.8951 703.351 266.938 133.05 436.413 133.888 45.6496
internal_count=19678 18149 12503 12453 5646 5191 5044 3155 1160 9593 938 2860 153 1889 2707 270 8655 1995 201 1529 8165 7775 6374 217 6157 2345 1109 3812 1236 414
is_linear=0
shrinkage=0.04


Tree=49
num_leaves=31
num_cat=0
split_feature=18 9 21 3 1 36 26 36 30 0 9 16 36 4 36 16 5 0 30 10 6 3 8 16 31 21 36 4 29 6
split_gain=99.4536 31.6938 17.7744 12.3066 13.5593 12.0088 11.5734 8.90271 13.0392 8.8933 8.70951 8.43595 7.73033 7.72209 7.53853 7.07159 7.00082 6.68182 8.77658 6.03382 7.2151 8.65455 6.97059 7.08842 7.07301 6.5488 5.98293 5.92236 5.68324 5.609
threshold=1.5000000000000002 1.0000000180025095e-35 1.5000000000000002 3.5000000000000004 2.5000000000000004 0.41369070112705236 1.0000000180025095e-35 1.7556618452072146 1.7005987167358401 7.0264170169830331 1.0000000180025095e-35 160.39874267578128 2.1397774219512944 0.67251640558242809 0.46097640693187719 72.143795013427749 0.093597613275051131 6.873150348663331 2.9174053668975835 1.0000000180025095e-35 6.4060542583465585 3.5000000000000004 5.5000000000000009 9.6609120368957537 0.87904912233352672 1.0000000180025095e-35 0.72372514009475719 0.86012190580368053 -0.91597560048103321 5.5353620052337655
decision_type=2 2 2 2 2 2 2 2 2 2 2 2 2 2 2 2 2 2 2 2 2 2 2 2 2 2 2 2 2 2
left_child=1 6 3 4 13 -6 7 19 29 -5 28 16 -11 -3 -8 -15 -7 -16 -19 20 21 -1 24 -24 27 -23 -25 -21 -2 -9
right_child=10 2 -4 9 5 11 14 8 -10 12 -12 -13 -14 15 17 -17 -18 18 -20 22 -22 25 23 26 -26 -27 -28 -29 -30 -31
leaf_value=-0.0083221288022850403 0.010650138439932769 0.0046946552136090461 0.039209535691672674 -0.002041404392328537 -0.025337090678616267 -0.021907875506167972 -0.0064277330819371313 0.0091254378281672849 0.034290600743929915 0.024197515172919681 0.013974535399309859 -0.023426228784379891 -0.0094106715017776375 -0.0074202528397895552 0.021544640495288037 -0.014059944902039019 0.010842748879637472 0.010824170690579482 -0.015552950724019726 -0.0020121275861683706 0.017273022182183236 0.02353079190277128 0.0065156734665636085 -0.027387877565708214 0.033338160067525338 -0.0041216853592470895 -0.0021485820067949249 0.015456611689398802 0.033517931224418443 -0.01991251020508554
leaf_weight=301.66717331111431 22.779704511165619 63.279763974249363 12.050720438361166 150.6915775090456 19.913047589361668 9.3758223056793195 39.467250749468803 32.220724761486053 27.301172859966755 43.419581033289433 88.115972697734833 12.356847405433653 13.229140594601629 829.82079137861729 81.052559405565262 377.81317778676748 149.49798168987036 171.93657273054123 21.055401928722858 66.090680375695229 21.331220805644989 24.09131732583046 56.595810428261757 24.314986318349838 15.73569433391094 27.804743781685829 35.90918917953968 55.905443608760834 129.48686929047108 13.447797000408171
leaf_count=1590 161 447 50 926 162 75 191 147 130 243 424 113 75 6636 382 3382 1105 785 115 294 115 103 264 119 68 120 170 271 955 64
internal_value=0 -0.00228087 -0.00564863 -0.00601897 -0.00731127 0.00259856 0.00329319 0.000433402 0.0134645 0.00307642 0.0244671 0.00610231 0.0162957 -0.00880343 0.00965712 -0.00951732 0.00866166 0.0120034 0.00781642 -0.00111511 -0.00433292 -0.00572628 0.00362078 -0.00353789 0.00965628 0.00911205 -0.0128915 0.00611321 0.0302792 9.80664e-05
internal_weight=0 2697.38 1681.45 1669.4 1462.06 191.144 1015.93 702.416 72.9697 207.34 240.383 171.231 56.6487 1270.91 313.512 1207.63 158.874 274.045 192.992 629.446 374.894 353.563 254.552 116.82 137.732 51.8961 60.2242 121.996 152.267 45.6685
internal_count=19682 18142 13214 13164 11920 1455 4928 3455 341 1244 1540 1293 318 10465 1473 10018 1180 1282 900 3114 1928 1813 1186 553 633 223 289 565 1116 211
is_linear=0
shrinkage=0.04


Tree=50
num_leaves=31
num_cat=0
split_feature=18 7 5 27 2 31 7 23 14 3 27 0 0 5 21 29 31 27 4 2 2 22 2 27 29 16 0 5 5 23
split_gain=85.4802 40.9306 14.7737 13.7437 11.6769 10.7687 10.3289 9.56732 9.31059 8.42941 7.60486 7.19571 8.85494 12.0349 7.24136 8.95194 7.08032 7.29594 7.10511 6.07059 6.03283 8.87398 5.95774 5.79856 5.86981 7.89375 7.55172 7.38898 5.68455 5.6265
threshold=1.5000000000000002 0.57499998807907116 0.15170215815305713 3.6415249109268193 854.50000000000011 0.24066924303770068 0.25000000000000006 1.0000000180025095e-35 1.4978661537170412 1.5000000000000002 3.5219379663467412 7.5261752605438241 7.5888266563415536 0.1286951079964638 1.5000000000000002 -0.6035533845424651 0.66091954708099376 5.0281476974487314 0.95948326587677013 368.50000000000006 603.50000000000011 0.82922226190567028 806.50000000000011 3.3050518035888676 0.12940952181816107 171.75476074218753 6.6541316509246835 0.19169481843709948 0.11916017159819604 1.0000000180025095e-35
decision_type=2 2 2 2 2 2 2 2 2 2 2 2 2 2 2 2 2 2 2 2 2 2 2 2 2 2 2 2 2 2
left_child=1 2 8 5 9 -4 7 -2 11 10 -3 14 13 -13 15 19 17 18 28 -1 21 -8 -17 -11 25 29 27 -26 -14 -25
right_child=6 4 3 -5 -6 -7 20 -9 -10 23 -12 12 16 -15 -16 22 -18 -19 -20 -21 -22 -23 -24 24 26 -27 -28 -29 -30 -31
leaf_value=0.024093988043220015 0.0043593690821358728 -0.030524244948851 0.0047230787339057976 -0.0030281204017045676 0.020161506410436895 0.033260379796497243 0.02839243813434977 0.034388515753844752 -0.026175647747392079 0.02860070678877576 -3.4522549937827449e-06 0.032769930981278991 -0.01734173283281331 -0.016676092051793715 0.0046432388303603647 -0.016444486628613891 0.023077390816740127 0.020316651312943593 0.020323855024006889 -0.005812487667853067 0.034205128456206706 -0.010624842408404101 -0.003464476135440632 -0.0010426647483347134 0.022904407277462863 0.02679327473005965 0.019977396449494481 -0.010203022561197726 -0.0034508495326798145 0.020856229646351938
leaf_weight=9.437303423881529 68.698968201875687 12.020924881100653 93.841947510838509 906.46501479297876 86.076815664768219 25.660517521202564 23.386156722903252 20.88007079064846 42.257413685321808 18.700875133275986 191.05816808342934 22.386840172111988 88.936025835573673 10.143546998500822 52.915085159242153 333.98864009976387 12.114132344722746 13.569312423467634 11.300726585090159 231.73524121940136 111.39237554371357 13.397899746894835 69.526846133172512 211.26809953153133 13.687404200434683 18.523409441113472 89.88995249569416 32.520253494381905 100.47203504294157 18.587956666946411
leaf_count=84 329 58 626 6143 379 131 173 106 387 83 942 171 712 78 334 2900 71 102 80 1997 835 101 560 948 65 83 395 140 739 79
internal_value=0 -0.00184637 -0.00471658 -0.00134077 0.00653707 0.0112975 0.0230685 0.011957 -0.00817466 0.00454273 -0.00209014 -0.00732645 -0.0016158 0.0172789 -0.00943534 -0.0106017 -0.00445833 -0.00621406 -0.00819048 -0.00445368 0.0295371 0.0143661 -0.0142361 0.0078775 0.00672674 0.00302305 0.0133443 0.000147275 -0.0100863 0.000892882
internal_weight=0 2717.08 2024.75 1025.97 692.334 119.502 237.755 89.579 998.783 606.257 203.079 956.526 258.923 32.5304 697.603 644.688 226.392 214.278 200.709 241.173 148.176 36.7841 403.515 403.178 384.477 248.379 136.098 46.2077 189.408 229.856
internal_count=19831 18287 15115 6900 3172 757 1544 435 8215 2793 1000 7828 1953 249 5875 5541 1704 1633 1531 2081 1109 274 3460 1793 1710 1110 600 205 1451 1027
is_linear=0
shrinkage=0.04


Tree=51
num_leaves=31
num_cat=0
split_feature=31 7 30 25 25 23 3 6 23 7 27 36 16 16 30 34 5 28 36 16 27 16 8 6 6 36 0 30 7 28
split_gain=80.5784 32.4255 18.0739 15.0077 14.4858 13.2419 12.9096 8.61731 8.28362 9.016 9.28561 8.02211 7.71273 12.0571 7.67299 7.35755 7.60536 6.60573 6.08172 9.1525 11.1878 6.16163 6.00589 5.84239 7.76779 5.73528 11.3434 5.51795 5.35883 5.18942
threshold=0.5634920895099641 1.0000000180025095e-35 2.0126758217811589 0.17500000447034839 0.27500000596046453 1.0000000180025095e-35 1.5000000000000002 6.4606864452362069 1.0000000180025095e-35 0.25000000000000006 4.083451747894288 0.85538658499717724 6.5498371124267587 57.662387847900398 3.4175922870635991 5.5000000000000009 0.249743327498436 0.12940952181816109 0.75740548968315136 31.557223320007328 4.6264421939849862 181.73709106445315 4.5000000000000009 3.7494349479675297 5.6002705097198495 1.1922399401664736 7.4477469921112069 3.9415346384048466 0.67499998211860668 -1.0000000180025095e-35
decision_type=2 2 2 2 2 2 2 2 2 2 2 2 2 2 2 2 2 2 2 2 2 2 2 2 2 2 2 2 2 2
left_child=1 4 12 7 15 6 23 29 9 14 -11 28 -2 -14 -4 16 -1 25 -6 -20 21 -21 -15 -5 -25 -18 -27 -16 -8 -3
right_child=2 3 8 5 18 -7 11 -9 -10 10 -12 -13 13 22 27 -17 17 -19 19 20 -22 -23 -24 24 -26 26 -28 -29 -30 -31
leaf_value=-0.011558521960353297 0.02493857824998226 -0.0091625083095838132 0.024345592851571989 -0.021483498647549056 -0.0071665121607022075 0.018912422332223858 -0.00097592490134764071 0.024619051184819996 0.036396834523716663 0.028706900801906566 0.0004127811622299553 0.012188219140677553 -0.012409725806673518 0.030566207384601217 -0.012957529451102585 -0.028310361013406983 -0.001694080987835078 -0.01597479515119089 0.0091178370352668816 -0.01806261490763297 0.017008088081056 0.013958780687584521 0.0051206905234617338 0.0063566986882054345 -0.0066417921827157259 0.042561764126378812 -0.0075920611253604466 0.01314040422811689 0.013722810106697415 0.00062152017363836223
leaf_weight=598.17434493452311 25.217444263398647 248.99531877785921 24.649718917906284 23.486173808574677 158.24610132724047 92.13709282875061 196.90283230692148 13.569748386740683 54.79307547211647 121.16958546638489 21.919899821281433 247.61348193138838 55.994610339403152 17.937104672193527 29.249694555997849 33.633815221488476 89.248798914253712 36.00122893601656 147.08394519239664 66.912875108420849 23.031410790979862 9.6636417880654317 62.559848457574844 119.42172327637672 184.7825592905283 13.140245370566847 12.800982967019079 20.190524235367775 47.632880672812462 132.16878413408995
leaf_count=5511 112 1641 112 137 1148 403 1103 92 355 883 116 1223 314 76 141 315 647 256 895 465 166 71 367 715 1151 79 88 99 208 863
internal_value=0 -0.00246749 0.0161754 0.00188001 -0.00724478 0.00469753 0.00305786 -0.00462034 0.0224411 0.0186202 0.024438 0.00714224 0.00549182 0.00159068 0.00703742 -0.0104147 -0.0095383 -0.0014989 -0.00109423 0.00282729 -0.00645816 -0.0137692 0.0113943 -0.00308247 -0.00153077 0.00322078 0.0190409 -0.00220307 0.00197533 -0.00578436
internal_weight=0 2494.65 433.682 1306.71 1187.94 911.977 819.84 394.734 271.972 217.179 143.089 492.149 161.709 136.492 74.0899 782.999 749.366 151.191 404.938 246.692 99.6079 76.5765 80.497 327.69 304.204 115.19 25.9412 49.4402 244.536 381.164
internal_count=19752 17177 2575 7536 9641 4940 4537 2596 1706 1351 999 2534 869 757 352 6896 6581 1070 2745 1597 702 536 443 2003 1866 814 167 240 1311 2504
is_linear=0
shrinkage=0.04


Tree=52
num_leaves=31
num_cat=0
split_feature=33 7 25 3 25 3 31 2 20 2 27 3 5 5 4 10 0 27 7 13 29 25 2 6 0 2 2 2 1 6
split_gain=79.1462 35.9268 14.7771 14.6424 16.1767 8.48989 8.42585 7.24257 8.50974 9.49035 7.89996 6.8564 6.72587 6.69236 7.46444 9.2669 6.60125 7.51822 7.34447 6.6672 8.82285 6.44924 6.99835 6.25544 7.01589 7.26476 6.11689 5.91221 8.66541 7.09578
threshold=1.0000000180025095e-35 1.0000000180025095e-35 0.27500000596046453 3.5000000000000004 0.23499999940395358 3.5000000000000004 0.50384616851806652 741.50000000000011 0.25690476596355444 631.50000000000011 4.6381211280822763 1.5000000000000002 0.09065409749746324 0.28232026100158697 0.79256999492645275 1.0000000180025095e-35 7.3814969062805185 3.9880572557449345 0.67499998211860668 1.0000000180025095e-35 -0.98296290636062611 0.23499999940395358 549.50000000000011 5.6886675357818612 7.4419023990631112 695.50000000000011 726.50000000000011 555.50000000000011 1.5000000000000002 5.7054464817047128
decision_type=2 2 2 2 2 2 2 2 2 2 2 2 2 2 2 2 2 2 2 2 2 2 2 2 2 2 2 2 2 2
left_child=1 3 5 4 7 16 11 8 -1 -10 -9 12 -4 14 -7 -16 18 26 19 20 -3 -2 -23 24 -19 -26 -18 -13 29 -29
right_child=21 2 6 -5 -6 13 -8 10 9 -11 -12 27 -14 -15 15 -17 17 23 -20 -21 -22 22 -24 -25 25 -27 -28 28 -30 -31
leaf_value=-0.017640090847971392 0.0099407130643176748 0.018372029509679384 0.026282559907172959 0.0037822336520156254 -0.003269962322410338 0.02839015950090315 0.022235483422913142 -0.010454749243354112 0.01413104492172125 -0.024953076477365856 0.01071406721176789 0.018625577125279413 -0.0023538619573026938 -0.0039549700915059672 -0.0094929392299801379 0.024929935520359155 0.0057401307388837098 0.03283269040837742 0.0043897014635971704 -0.016702214971083946 -0.0061677105731309557 0.0074013558890477608 0.028700549484245785 -0.0095979867105624814 -0.0075998734838975306 0.01779534596607631 0.030583723661464005 -0.013247190365243347 0.012501589701639481 0.013280882818009524
leaf_weight=395.69129642099142 62.905636079609394 23.245999328792095 12.207175023853777 170.06170351058245 472.71747314184904 36.175895966589451 54.868659630417824 124.62722439318895 28.378220580518246 12.780447624623774 34.535141348838806 83.106933988630772 169.96731694787741 43.342670410871506 29.274439737200737 18.949476182460785 51.682359993457794 11.102256968617437 112.94397804141045 88.219256184995174 339.61946655809879 31.337002255022526 153.5888230279088 78.313708618283272 50.726742602884769 25.392640173435211 21.718229405581951 49.743859589099884 115.11391852796078 21.592040427029133
leaf_count=3784 377 153 62 1034 3450 164 254 1122 220 102 306 397 924 199 151 80 315 66 553 609 2264 201 1020 497 312 146 121 238 544 108
internal_value=0 -0.00209646 0.00220541 -0.00708322 -0.00881602 -0.000789095 0.00768827 -0.0131891 -0.0158479 0.00140084 -0.00578557 0.0058311 -0.000170417 0.00870859 0.0151528 0.00448756 -0.00231795 0.00323577 -0.00467376 -0.00695246 -0.00450355 0.0214442 0.0252091 -0.00151564 0.00579374 0.00111042 0.0137073 0.00985849 0.0057945 -0.00507443
internal_weight=0 2676.1 1437.31 1238.79 1068.73 930.707 506.6 596.012 436.85 41.1587 159.162 451.731 182.174 127.742 84.3998 48.2239 802.965 238.936 564.029 451.085 362.865 247.831 184.926 165.535 87.2216 76.1194 73.4006 269.557 186.45 71.3359
internal_count=19773 18175 8157 10018 8984 5630 2527 5534 4106 322 1428 2273 986 594 395 231 5036 1457 3579 3026 2417 1598 1221 1021 524 458 436 1287 890 346
is_linear=0
shrinkage=0.04


Tree=53
num_leaves=31
num_cat=0
split_feature=18 7 23 3 27 6 36 7 23 3 34 2 7 36 14 6 27 6 5 1 16 16 36 27 0 21 36 29 29 2
split_gain=81.3263 25.8286 18.8005 12.0946 10.5972 9.44617 10.3418 8.21954 8.15948 7.82896 8.48338 7.7454 7.4828 7.31354 7.28641 12.4015 10.2393 8.08417 6.85588 6.55172 11.1974 7.54376 8.07599 6.74665 6.49556 6.07642 8.17343 5.7304 5.68979 5.62007
threshold=1.5000000000000002 1.0000000180025095e-35 1.0000000180025095e-35 1.5000000000000002 3.1376634836196904 6.4960203170776376 0.80839002132415783 0.25000000000000006 1.0000000180025095e-35 2.5000000000000004 38.500000000000007 633.50000000000011 0.75000000000000011 0.36472518742084509 0.89587974548339855 4.9015574455261239 4.6695523262023935 5.1789667606353769 0.10717080160975458 1.5000000000000002 0.52925786375999462 53.218650817871101 1.1538783907890322 3.4388129711151127 7.0440235137939462 1.0000000180025095e-35 0.57795819640159618 -0.91597560048103321 -0.6035533845424651 982.50000000000011
decision_type=2 2 2 2 2 2 2 2 2 2 2 2 2 2 2 2 2 2 2 2 2 2 2 2 2 2 2 2 2 2
left_child=1 3 4 13 -3 6 9 8 -2 10 12 -5 -6 -1 15 -13 17 -17 25 23 -21 -22 -23 -8 -25 -15 -27 -9 -14 -19
right_child=7 2 -4 11 5 -7 19 27 -10 -11 -12 14 28 18 -16 16 -18 29 -20 20 21 22 -24 24 -26 26 -28 -29 -30 -31
leaf_value=-0.030434363802476442 0.005636934017245878 0.02510192164940174 0.015828045946876434 -0.0069540921213910702 -0.012018951978422581 0.020989448862587391 -0.024959054614167763 0.0096079626848061175 0.034020175826531711 0.0020032133069556582 0.020885813966037354 -0.0045707153227017598 -0.011931978361723201 0.0051743666846556444 -0.008115552700756954 0.025515286481706263 0.033251478364947483 -0.0022396310516605848 -0.01363243550909512 0.014072427713476577 -0.013337563910130671 -0.0062222357874242677 0.014983160146464322 0.010955402336546285 -0.0025316807061802975 0.015907619633652063 -0.017415058722493 0.032223189137123118 0.010846167176369761 0.028599433784650193
leaf_weight=28.512429609894753 67.615768641233444 24.943478271365166 135.26197490096092 407.0190674290061 296.92684725672007 30.68233597278595 16.085878781974316 23.5309127420187 19.790488600730896 181.66297366470098 13.734544597566126 132.32659955322742 26.102555632591248 73.482604905962944 101.55900326371193 26.459257513284683 27.752373285591602 84.893381513655186 273.50620686262846 159.79437087476254 50.419740229845047 52.902244284749031 58.777283765375614 68.806359879672527 293.90885368734598 12.994995497167109 57.847106471657753 119.6377986446023 44.859175145626068 8.6127445846796018
leaf_count=278 327 123 601 3119 2094 187 86 176 105 874 84 916 132 647 812 184 204 633 2511 817 280 318 327 347 1716 131 558 952 220 60
internal_value=0 -0.00187178 0.00173897 -0.00612141 0.000273051 -0.000243291 -0.000791048 0.0227823 0.0126807 -0.00481759 -0.008058 -0.00312968 -0.00924566 -0.0113698 0.00096443 0.00429151 0.0121854 0.00684666 -0.00993007 0.00245038 0.00662782 -0.000792999 0.00500548 -0.00111565 7.28388e-05 -0.00282339 -0.0110335 0.0286898 0.00237006 0.00114034
internal_weight=0 2689.83 1454.87 1234.97 1319.61 1294.66 1263.98 230.575 87.4063 563.286 381.623 788.622 367.889 446.343 381.603 280.044 147.718 119.965 417.831 700.695 321.894 162.099 111.68 378.801 362.715 144.325 70.8421 143.169 70.9617 93.5061
internal_count=19819 18259 8206 10053 7605 7482 7295 1560 432 3404 2530 5928 2446 4125 2809 1997 1081 877 3847 3891 1742 925 645 2149 2063 1336 689 1128 352 693
is_linear=0
shrinkage=0.04


Tree=54
num_leaves=31
num_cat=0
split_feature=33 7 23 15 23 7 28 6 31 15 30 15 20 36 2 16 36 29 29 16 2 2 0 6 27 26 13 34 36 22
split_gain=73.999 27.3503 13.6311 8.98682 8.64946 8.16723 7.8697 7.56086 10.6974 7.44029 7.36824 7.26259 6.98806 6.5343 6.93663 6.4868 6.62807 6.4028 9.44153 8.69688 6.44811 6.15505 6.15016 6.14149 6.11259 6.07636 5.83377 5.73589 5.43049 5.40933
threshold=1.0000000180025095e-35 1.0000000180025095e-35 1.0000000180025095e-35 0.19597221910953525 1.0000000180025095e-35 0.42499999701976782 0.37940952181816107 5.1789667606353769 0.46904762089252477 0.39333333075046545 3.4175922870635991 0.34925000369548803 0.34925000369548803 0.80839002132415783 681.50000000000011 36.122529983520515 1.7154432535171511 0.12940952181816107 -0.91597560048103321 19.212609291076664 743.50000000000011 1012.5000000000001 6.2652561664581308 6.4838714599609384 4.1502518653869638 1.0000000180025095e-35 1.0000000180025095e-35 5.5000000000000009 0.50040102005004894 0.16550000011920932
decision_type=2 2 2 2 2 2 2 2 2 2 2 2 2 2 2 2 2 2 2 2 2 2 2 2 2 2 2 2 2 2
left_child=1 7 3 6 5 10 23 8 -1 -10 -2 -12 -7 22 29 21 -17 18 24 -20 -19 -9 -5 -3 -16 27 28 -4 -8 -15
right_child=4 2 25 13 -6 12 26 15 9 -11 11 -13 -14 14 17 16 -18 20 19 -21 -22 -23 -24 -25 -26 -27 -28 -29 -30 -31
leaf_value=-0.0038616999392966666 0.0256359072906432 -0.0073220505253829881 0.001329456162015483 0.0085011717968432876 0.036029991352321135 3.0497375774005743e-05 -0.009311571637369705 -0.0052521527670311031 0.042493864613318791 0.0021846065311173237 -0.019760166350076738 0.0096074481333995095 0.02744715548032035 0.018766446247651704 0.040113473845637994 -0.013488313777939982 0.0025269015652875492 0.042259002784051106 0.0070025330304211795 -0.021746065930245737 0.013590464489146645 0.024167521905087301 -0.0035694213388827428 0.01794129561611808 0.0050063106681852787 0.025362571383287454 -0.0077897024102152766 0.024647989154973807 0.019129404133473624 0.00057761531689971867
leaf_weight=473.66664217412472 20.219530686736107 365.13470654934645 65.211969807744026 85.913835637271404 49.787895150482655 17.399111561477184 12.222325623035429 276.75955104082823 11.71603085100651 16.222363822162151 19.90640777349472 33.045517355203629 100.70129541307688 27.127259321510792 16.375806480646137 396.38414123654366 45.492910258471966 17.368006765842438 61.882281541824341 20.863253690302372 45.470602765679359 9.903877489268778 289.5562430024147 14.204347126185892 15.108116097748278 46.779344350099564 28.956705577671528 20.891656771302223 50.15094918012619 258.33205609023571
leaf_count=3623 98 2381 295 454 342 91 82 2222 66 103 97 164 805 140 82 3601 358 85 320 102 227 67 1690 91 78 207 185 96 312 1369
internal_value=0 -0.00182765 0.00191026 0.000661341 0.0212244 0.0170376 -0.00375191 -0.00620393 -0.00241107 0.0207979 0.00629816 -0.00175019 0.0234758 0.00314311 0.00631507 -0.00880159 -0.0118355 0.0124899 0.00664993 -0.000588208 0.0225733 -0.00407534 -0.000777059 -0.00628693 0.024572 0.0140178 0.00668639 0.00741841 0.0134401 0.00242465
internal_weight=0 2671.69 1441.55 1308.67 241.06 191.272 470.669 1230.15 501.605 27.9384 73.1715 52.9519 118.1 837.997 462.527 728.54 441.877 177.068 114.229 82.7455 62.8386 286.663 375.47 379.339 31.4839 132.883 91.33 86.1036 62.3733 285.459
internal_count=19833 18236 8196 7598 1597 1255 3051 10040 3792 169 359 261 896 4547 2403 6248 3959 894 582 422 312 2289 2144 2472 160 598 579 391 394 1509
is_linear=0
shrinkage=0.04


Tree=55
num_leaves=31
num_cat=0
split_feature=31 25 25 32 3 7 13 2 7 16 7 2 36 36 5 8 8 36 14 25 36 2 4 4 15 16 25 28 1 25
split_gain=62.0973 22.0934 20.1665 13.7622 13.134 9.21982 8.88483 8.56766 7.9599 7.77474 7.46163 7.0341 6.89666 6.55285 8.53188 6.69926 6.31562 6.91257 5.804 5.64093 6.26728 9.55096 5.53831 6.84606 6.49684 8.06705 5.52275 5.86086 5.36321 4.99015
threshold=0.46904762089252477 0.34999999403953558 0.27500000596046453 3.5000000000000004 2.5000000000000004 0.75000000000000011 1.0000000180025095e-35 739.50000000000011 0.42499999701976782 28.898449897766117 0.25000000000000006 555.50000000000011 0.75740548968315136 1.2232594490051272 0.14959898591041568 8.5000000000000018 8.5000000000000018 0.52995002269744884 1.2424533367156985 0.31000000238418585 0.9602545201778413 621.50000000000011 0.7595328986644746 0.82252150774002086 0.14145454764366153 76.512256622314467 0.23499999940395358 -0.37940952181816096 2.5000000000000004 0.17500000447034839
decision_type=2 2 2 2 2 2 2 2 2 2 2 2 2 2 2 2 2 2 2 2 2 2 2 2 2 2 2 2 2 2
left_child=2 3 4 28 7 29 8 10 12 -9 26 -3 -4 15 -15 -11 17 -8 19 -14 21 -21 -10 -24 -25 -26 -1 -28 -2 -6
right_child=1 11 6 -5 5 -7 16 9 22 13 -12 -13 18 14 -16 -17 -18 -19 -20 20 -22 -23 23 24 25 -27 27 -29 -30 -31
leaf_value=-0.015160433708994541 0.00037653471840064473 0.0059677925940536157 -0.005294867866563694 0.016676152995828145 -0.0067368847624939198 0.015642921206918223 0.017768279758680526 0.0033465959240680208 -0.0078668687718797172 -0.019664938847184572 -0.0053794821941065777 0.036868318054396797 0.0015312549445358854 -0.0080956757268947944 0.03279318604429142 0.0058168302821067653 -0.023640126467271046 -0.007167142733606943 -0.015911125660086095 0.00066222394786983598 0.0074779806789626591 0.048933648516506945 0.026846232756692696 -0.014329186935822209 0.0070299926403891754 0.03358692957333257 -0.012757695316118554 0.0090838655259736483 0.015851867237549298 0.0022862269808922092
leaf_weight=410.68734991550446 235.6994257569313 15.409082435071467 174.270134344697 191.25120194256306 186.16416573524475 51.644816979765892 19.722241632640362 169.67364393174648 23.149542450904846 79.444649092853069 314.43566699326038 63.914653480052948 152.5898552685976 22.988657042384148 10.206856921315191 19.724574416875839 27.011988595128059 96.93148797750473 18.148244507610798 10.846591114997866 75.853795491158962 14.805473655462263 39.460629463195801 16.304655760526657 123.58313950896263 19.899042189121246 43.264741748571396 32.887843601405621 40.277426704764366 203.25107029825449
leaf_count=4139 1335 94 1224 1258 1186 218 132 1255 97 687 1908 419 950 188 76 190 206 596 126 74 442 92 165 77 535 91 380 296 210 1214
internal_value=0 0.0118793 -0.00306198 0.00848706 -0.00574329 9.20234e-05 0.00203568 -0.00807196 0.00397542 -0.00231126 -0.0102323 0.0311601 0.000882598 -0.00950572 0.00562576 -0.0145819 -0.00692638 -0.00272296 0.00484672 0.00644199 0.0136519 0.030047 0.0101218 0.0122692 0.00838189 0.0111242 -0.0133317 -0.00333396 0.00273288 -0.00203975
internal_weight=0 546.552 2356.95 467.228 1544.37 441.06 812.577 1103.31 668.911 302.038 801.276 79.3237 446.514 132.365 33.1955 99.1692 143.666 116.654 272.244 254.096 101.506 25.6521 222.397 199.247 159.787 143.482 486.84 76.1526 275.977 389.415
internal_count=19860 3316 16544 2803 11737 2618 4807 9119 3873 2396 6723 513 2908 1141 264 877 934 728 1684 1558 608 166 965 868 703 626 4815 676 1545 2400
is_linear=0
shrinkage=0.04


Tree=56
num_leaves=31
num_cat=0
split_feature=22 7 7 25 22 26 16 23 20 4 36 2 28 25 1 4 16 31 36 4 27 36 27 1 16 29 27 0 2 2
split_gain=70.4774 23.9072 11.7583 11.0072 11.2957 9.7805 9.43144 9.41843 8.4233 7.32676 7.07112 6.89317 6.89251 6.85105 6.96798 6.6631 6.16943 8.37492 7.26557 6.05541 6.17009 6.52142 5.64387 5.502 5.58567 5.47848 5.46783 5.32644 5.2614 8.2632
threshold=0.43935896456241613 1.0000000180025095e-35 0.75000000000000011 0.23499999940395358 0.20726351439952853 1.0000000180025095e-35 12.439978599548342 1.0000000180025095e-35 0.39214286208152777 0.7615090310573579 0.4720140546560288 625.50000000000011 -0.91597560048103321 0.27500000596046453 1.5000000000000002 0.78906691074371349 134.57733154296878 0.094172298908233656 0.84194260835647594 0.93424811959266674 4.5895485877990732 1.3651157617568972 3.9598599672317509 3.5000000000000004 0.99304834008216869 -0.91597560048103321 4.4813060760498056 6.3207278251647958 857.50000000000011 665.50000000000011
decision_type=2 2 2 2 2 2 2 2 2 2 2 2 2 2 2 2 2 2 2 2 2 2 2 2 2 2 2 2 2 2
left_child=1 3 7 4 6 -5 -1 13 25 -6 -9 22 -7 19 16 -12 18 -18 -15 20 23 -22 -2 24 -3 -4 -17 -13 29 -27
right_child=11 2 8 5 9 12 -8 10 -10 -11 15 27 -14 14 -16 26 17 -19 -20 -21 21 -23 -24 -25 -26 28 -28 -29 -30 -31
leaf_value=0.017022639248572648 0.016935304427174638 0.0040322619756756831 -0.006211762649282606 -0.0050495188700246255 0.0087505506997119387 -0.0089350173849364403 -0.017334539301724069 -0.011801477424310883 0.031993619579500483 -0.0070474025624929458 0.038306433009250289 -0.0047416435966714209 0.010761539624703241 -0.01334420199975875 0.0091965212631837621 0.017244745471017859 -0.0037275141561900079 0.039645081392025792 0.0030652186897780248 -0.018493449506497027 -0.013283950104132389 0.0065549612880921454 -0.0058338757009715357 0.02235412235325954 -0.0047970964162020336 0.013412091005902493 -0.0049282141763924755 0.026298512501898345 0.026296871956677792 -0.0044181744508122464
leaf_weight=11.925959669053553 55.711172334849834 198.84948156028986 39.833831831812859 380.33970396965742 52.331445969641209 34.584391593933105 249.67346921563148 16.66895966231823 22.2412368953228 355.83734963089228 15.031426906585692 8.7416757494211179 130.00815721601248 79.100177131593227 170.57118705660105 53.107349671423435 15.495332106947901 10.714726381003855 91.036038942635059 38.28270410746336 127.05506414920092 32.048957228660583 23.751873046159744 14.700546115636824 265.22951012849808 116.35066632926464 25.185737311840057 166.88466066867113 25.057977885007858 62.880759388208389
leaf_count=114 383 1229 184 2772 363 233 2536 76 98 3121 67 50 867 446 872 243 95 55 459 275 853 199 123 85 1821 539 114 1125 109 289
internal_value=0 -0.00164578 0.00187863 -0.00576057 -0.00918766 -0.00153018 -0.015651 0.000123319 0.00941972 -0.00498915 0.0111473 0.0202949 0.00656529 -0.00105827 0.00333103 0.0154079 -0.00180583 0.0155569 -0.00463029 -0.0034429 -0.00248466 -0.00925595 0.0101534 -0.000205337 -0.00101281 0.00711982 0.0101669 0.0247175 0.00975433 0.00717688
internal_weight=0 2634.14 1419.44 1214.7 669.768 544.932 261.599 1153.08 266.364 408.169 109.993 255.089 164.593 1043.08 366.917 93.3245 196.346 26.2101 170.136 676.166 637.884 159.104 79.463 478.78 464.079 244.123 78.2931 175.626 204.289 179.231
internal_count=19795 18114 8108 10006 6134 3872 2650 6889 1219 3484 500 1681 1100 6389 1927 424 1055 150 905 4462 4187 1052 506 3135 3050 1121 357 1175 937 828
is_linear=0
shrinkage=0.04


Tree=57
num_leaves=31
num_cat=0
split_feature=22 7 23 3 36 22 6 7 2 36 16 2 0 36 27 34 22 23 2 4 2 2 5 6 6 2 28 6 6 36
split_gain=60.0612 24.4115 11.4759 9.36992 11.6385 9.12652 8.27944 8.06386 8.57903 7.70689 7.27367 8.33904 8.13995 7.92385 7.22547 6.97248 7.91284 6.67205 6.34703 9.26539 9.17366 6.33165 6.0862 6.0675 9.52705 7.85046 6.03493 5.94384 12.7676 5.61161
threshold=0.52642855048179638 1.0000000180025095e-35 1.0000000180025095e-35 1.5000000000000002 0.80839002132415783 0.11087121069431306 6.4960203170776376 0.25000000000000006 619.50000000000011 1.6093621850013735 32.602436065673835 697.50000000000011 7.3105444908142099 0.70309320092201244 4.0154814720153817 15.500000000000002 0.82922226190567028 1.0000000180025095e-35 468.50000000000006 0.80622702836990368 382.50000000000006 513.50000000000011 0.15774604678153994 4.3372693061828622 4.6959142684936532 1003.5000000000001 -0.7865660786628722 4.9663290977478036 4.8865754604339608 0.79958906769752514
decision_type=2 2 2 2 2 2 2 2 2 2 2 2 2 2 2 2 2 2 2 2 2 2 2 2 2 2 2 2 2 2
left_child=1 2 9 6 -5 -6 23 -2 15 10 11 18 13 -13 -4 -9 -17 -7 20 21 -1 -20 -22 -3 29 -26 -11 28 -12 -25
right_child=7 3 14 4 5 17 -8 8 -10 26 27 12 -14 -15 -16 16 -18 -19 19 -21 22 -23 -24 24 25 -27 -28 -29 -30 -31
leaf_value=-0.01670568489046214 0.0091338976963245538 -0.014065830606559753 0.01915718342033226 -0.00077368344120151754 -0.015321082140492237 0.0081694244270548947 0.017625403152805981 -0.013394160103754847 0.032680965124313184 -0.0099917825342985909 -0.010245498357362331 -0.0035764006135636101 -0.014434561838770524 0.014385426900682029 -0.0014578619889843794 0.036619708982126201 -0.0026489106991057789 0.025064443048192286 0.028050256472444184 -0.015867006203384808 0.022381357645764117 -0.0042849941530939571 -0.0039269132922416031 -0.0029643376935426478 -0.0042841018609577333 0.022540316725793427 0.0065968591561209626 -0.013929551284218614 0.039027070179599069 0.032219300520641571
leaf_weight=29.330327711999416 71.625781819224358 71.359183430671692 40.94460691511631 389.25136560201645 22.770843036472797 425.03705897182226 29.849051401019096 12.299075342714785 94.844267584383488 50.270064413547516 32.299632199108601 76.751454688608646 39.518634207546711 77.176322005689144 73.516175962984562 17.616091921925548 13.684595711529253 39.781445570290089 10.193608522415159 208.62744925916195 28.516292922198772 45.428740955889225 25.154055029153824 10.82606114447117 420.02293416112661 16.240181438624859 104.84087736159563 379.87398667633533 9.1546492949128133 18.20285152643919
leaf_count=246 370 431 210 2132 137 2188 180 64 772 383 253 622 314 558 393 147 113 184 72 1832 268 313 188 73 2717 90 789 3642 69 109
internal_value=0 -0.00173082 -0.00586293 0.00179833 0.00438493 0.00848948 -0.0022066 0.0203835 0.0259906 -0.00709931 -0.00843094 -0.00532935 0.00132023 0.0054983 0.00611885 0.0106418 0.0203236 0.00971657 -0.00902005 -0.0120309 0.00062317 0.00240882 0.0103532 -0.00337102 -0.00167764 -0.00318724 0.00116187 -0.0123673 0.00193114 0.0197526
internal_weight=0 2674.94 1231.6 1443.34 876.841 487.589 566.5 210.07 138.444 1117.14 962.025 540.697 193.446 153.928 114.461 43.5998 31.3007 464.819 347.25 264.25 83.0007 55.6223 53.6703 536.651 465.292 436.263 155.111 421.328 41.4543 29.0289
internal_count=19859 18393 10152 8241 4641 2509 3600 1466 1096 9549 8377 4413 1494 1180 603 324 260 2372 2919 2217 702 385 456 3420 2989 2807 1172 3964 322 182
is_linear=0
shrinkage=0.04


Tree=58
num_leaves=31
num_cat=0
split_feature=18 25 3 14 27 1 7 7 23 4 29 4 27 36 6 25 27 29 36 2 2 8 4 27 2 2 6 16 0 2
split_gain=49.0929 20.7859 16.174 12.1502 13.1566 10.2343 8.95907 7.72865 7.46883 7.40283 7.2288 6.92233 6.62376 6.58446 6.28141 6.27494 6.15094 6.09917 12.1084 8.4235 10.4471 9.47545 7.43367 7.34646 6.69854 8.78588 6.19196 6.29566 5.58197 6.52835
threshold=1.5000000000000002 0.17500000447034839 3.5000000000000004 0.89587974548339855 3.1759661436080937 3.5000000000000004 0.57499998807907116 0.25000000000000006 1.0000000180025095e-35 0.86221691966056835 -0.91597560048103321 0.63719540834426891 5.0009214878082284 1.548534154891968 5.7317204475402841 0.23499999940395358 3.6545460224151616 -0.7865660786628722 0.73272672295570385 450.50000000000006 589.50000000000011 7.5000000000000009 0.86999163031578075 4.4420626163482675 641.50000000000011 706.50000000000011 5.9094398021698007 82.943080902099624 6.7522532939910898 795.50000000000011
decision_type=2 2 2 2 2 2 2 2 2 2 2 2 2 2 2 2 2 2 2 2 2 2 2 2 2 2 2 2 2 2
left_child=1 9 3 4 -3 8 11 15 17 16 -9 -5 28 -8 -13 -2 -1 18 26 22 23 24 -20 -21 -22 -26 -6 -28 -4 -30
right_child=7 2 12 6 5 -7 13 10 -10 -11 -12 14 -14 -15 -16 -17 -18 -19 19 20 21 -23 -24 -25 25 -27 27 -29 29 -31
leaf_value=0.011651524068715009 -0.0094445987041556646 0.028148706936836458 0.0065884552244800708 0.014785847789502956 -0.012789660546685587 0.02125027444365327 -0.0011151692452785902 0.0026349706586363494 0.0094967563831214151 -0.010437297373893192 0.028587344307928936 -0.0026619147915575743 -0.011827714587936314 0.024566538060138171 -0.015483541589203386 0.014946498816494293 -0.0044658095902022476 -0.0028612937743136974 0.0049586722304889993 0.0028233158024929934 0.045336144902448472 -0.0016010967935602095 0.048545766520468048 -0.028467922299656223 -0.0084423730059840947 0.025356804814119609 0.022223573062391963 -0.016892232035465447 0.024557042366077978 -3.7123246297895345e-05
leaf_weight=40.517775431275368 21.220359578728676 27.036835074424744 124.76855804026127 15.410739384591578 74.831910617649555 36.213478200137615 88.529178589582443 20.814574025571346 121.38598699867725 412.26222378760576 109.31014914810658 90.584296867251396 18.026126399636269 17.448882699012756 192.36960340291262 63.268515184521675 350.67504554241896 729.46367000043392 11.211047552525999 32.137656278908253 14.18675936758518 42.351920075714588 13.779483273625372 16.867485679686069 16.847693428397179 36.707696177065372 17.440698653459553 8.2026051059365255 79.261629953980446 21.921015784144402
leaf_count=270 103 148 654 99 532 204 404 167 556 3718 955 729 93 76 1618 329 2417 4817 68 211 83 305 98 116 94 207 120 65 388 107
internal_value=0 -0.00134622 0.000991128 -0.000473781 0.00155022 0.000889499 -0.00645197 0.0184587 0.000203879 -0.00670846 0.0245388 -0.00998303 0.0105416 0.00348993 -0.0114263 0.00874365 -0.00274568 -0.000925045 0.00402373 0.0100813 0.00648346 0.0132497 0.0308084 -0.00864103 0.022314 0.014803 -0.00705495 0.00939457 0.0124144 0.0193313
internal_weight=0 2650.44 1846.98 1603.01 1198.66 1171.63 404.343 214.614 1135.41 803.455 130.125 298.365 243.977 105.978 282.954 84.4889 391.193 1014.03 284.565 184.09 159.099 110.094 24.9905 49.0051 67.7421 53.5554 100.475 25.6433 225.951 101.183
internal_count=19751 18197 11792 10550 7624 7476 2926 1554 7272 6405 1122 2446 1242 480 2347 432 2687 6716 1899 1182 1016 689 166 327 384 301 717 185 1149 495
is_linear=0
shrinkage=0.04


Tree=59
num_leaves=31
num_cat=0
split_feature=18 23 15 7 1 7 12 5 5 5 27 25 6 2 6 27 29 4 0 25 27 4 6 5 25 7 5 0 22 4
split_gain=52.3631 22.389 17.1078 11.4794 8.43713 7.44165 7.39062 8.14713 10.0136 7.14152 7.06731 7.90205 6.63649 6.62276 6.58873 6.30827 6.14265 6.3721 6.68777 6.2674 6.11375 6.02011 5.77764 10.7176 5.7601 5.74669 5.67469 5.63346 5.55044 5.52378
threshold=1.5000000000000002 1.0000000180025095e-35 0.19597221910953525 1.0000000180025095e-35 1.5000000000000002 0.25000000000000006 1.0000000180025095e-35 0.19005208462476733 0.19927271455526355 0.24016382545232776 3.7483261823654179 0.31000000238418585 5.6472105979919442 956.50000000000011 5.7573218345642099 4.9261660575866708 -0.37940952181816096 0.85602489113807689 6.716576576232911 0.27500000596046453 3.4578914642333989 0.91388529539108287 5.5154407024383554 0.13306973129510882 0.17500000447034839 0.57499998807907116 0.34005814790725714 7.3105444908142099 0.21589706093072894 0.65063205361366283
decision_type=2 2 2 2 2 2 2 2 2 2 2 2 2 2 2 2 2 2 2 2 2 2 2 2 2 2 2 2 2 2
left_child=1 2 6 26 9 -2 7 10 -9 16 28 12 22 20 -14 -6 19 18 -18 -5 -3 -16 -12 27 -22 -20 -4 -24 -1 -28
right_child=5 13 3 4 15 -7 -8 8 -10 -11 11 -13 14 -15 21 -17 17 -19 25 -21 24 -23 23 -25 -26 -27 29 -29 -30 -31
leaf_value=-0.025501536088173488 0.0097944527873876207 0.030123834925099655 -0.0049089442501973638 -0.015099294717825689 0.0087796129674277707 0.025439549189148758 0.0064544051171262053 0.017116617066989206 -0.0051970542899779874 0.0082829039899555684 -0.0082828924940368115 0.004801381316758317 -0.032963520473614914 0.03516948199104334 -0.014109302552226919 -0.0098108197920319141 0.031671371887340816 -0.0028979185163512701 -0.014272121177204567 0.001248643498784958 -0.0050938549549561334 0.014269592881053417 0.0071516905740750805 -0.015366676199887444 0.01005409467934471 0.019519255391410674 -0.00054788789079484581 0.050517053494508669 0.0034093633059716711 0.031101386713480252
leaf_weight=71.727232322096825 85.06210620701313 17.020206943154335 597.54014402627945 100.89805538952351 370.01076503843069 124.95655889064074 60.974587477743626 34.247172616422176 287.0604887381196 106.74433849006891 135.52846800535917 58.761436447501183 27.8570651486516 14.024362057447432 191.05304653197527 30.058409042656422 18.093064963817596 133.19334422051907 15.450891502201559 58.604747861623764 52.189187042415142 11.181685775518416 10.818215571343901 13.875108249485491 158.4134152084589 12.962863430380819 23.846493631601334 7.8941734656691542 11.901351459324358 11.942531324923037
leaf_count=661 437 81 4776 637 1940 1095 429 241 1983 496 1184 421 265 67 1792 166 90 804 91 292 296 104 102 117 729 57 154 69 99 72
internal_value=0 -0.00140459 -0.00257449 9.33314e-05 0.00313897 0.0192551 -0.00684188 -0.00779528 -0.00272754 -0.000646721 -0.0107862 -0.00875829 -0.0107732 0.0101512 -0.0151662 0.007341 -0.00348888 0.00158282 0.0140058 -0.00915163 0.00831686 -0.0124158 -0.00465321 0.0100484 0.00628769 0.00141392 -0.00397217 0.0285576 -0.0214036 0.0111003
internal_weight=0 2643.87 2402.23 1479.35 846.016 210.019 922.88 861.905 321.308 445.947 540.598 456.969 398.208 241.647 230.092 400.069 339.203 179.7 46.5068 159.503 227.623 202.235 168.116 32.5875 210.603 28.4138 633.329 18.7124 83.6286 35.789
internal_count=19747 18215 17042 9575 4573 1532 7467 7038 2224 2467 4814 4054 3633 1173 2161 2106 1971 1042 238 929 1106 1896 1472 288 1025 148 5002 171 760 226
is_linear=0
shrinkage=0.04


Tree=60
num_leaves=31
num_cat=0
split_feature=18 26 25 10 7 27 22 31 27 6 25 2 12 6 18 27 1 2 0 27 7 0 5 4 4 27 6 6 2 6
split_gain=47.0208 20.5917 17.9997 9.67674 9.24294 8.5643 10.3525 7.93325 7.99087 7.03558 6.87997 6.49945 6.28697 9.84856 8.16658 6.31628 6.04955 5.90898 8.55467 6.78714 5.90287 5.90436 5.54843 5.50946 7.8464 5.47571 5.13394 17.099 10.0909 6.2607
threshold=1.5000000000000002 1.0000000180025095e-35 0.31000000238418585 1.0000000180025095e-35 0.42499999701976782 3.620332002639771 0.22195237874984744 0.46904762089252477 3.9598599672317509 6.0318858623504648 0.17500000447034839 456.50000000000006 1.0000000180025095e-35 5.4488878250122079 1.0000000180025095e-35 4.4206461906433114 2.5000000000000004 581.50000000000011 7.1592843532562265 4.069880723953248 0.25000000000000006 7.9069137573242196 0.14490120857954028 0.90161463618278515 0.88063490390777599 4.3496322631835946 5.059420347213746 4.8162329196929941 865.50000000000011 4.2268071174621591
decision_type=2 2 2 2 2 2 2 2 2 2 2 2 2 2 2 2 2 2 2 2 2 2 2 2 2 2 2 2 2 2
left_child=1 2 3 5 10 6 9 23 -9 -1 -3 25 -7 -14 22 -16 -6 18 19 -13 21 -2 -15 24 -4 -12 27 29 -28 -19
right_child=20 4 7 -5 16 12 -8 8 -10 -11 11 17 13 14 15 -17 -18 26 -20 -21 -22 -23 -24 -25 -26 -27 28 -29 -30 -31
leaf_value=-0.0067004167519475414 0.0035847279291408895 -0.0069339470306465601 0.0043567117162491686 0.0021981992780933557 0.0073257568665101172 -0.0083620903778686105 0.026592229471707678 0.042110203311026696 0.0052530501489179192 0.017694505227356133 0.0044377215035024797 0.020339754245717594 -0.01199401117638306 0.045993765817885536 0.014592477911810509 -0.017485773986996436 0.023641453996101913 0.013419781480950924 -0.021924828296581815 -0.0084596778313898065 0.023794530610847922 0.028192861151652746 0.0051844145185096779 0.014415282780907328 -0.015928879037981975 0.030134889546801477 -0.0047657023506253752 0.048247498654808645 0.022506169553491388 -0.012211604091054888
leaf_weight=95.524715878069401 64.214727610349655 131.85978496074677 130.61063165962696 243.00295110046864 245.47856508940458 1131.5837477818131 22.451147273182869 16.353597417473793 20.674647003412247 21.487605825066566 29.827447816729546 19.918202646076679 43.920670233666897 12.744394958019258 20.35965982824564 15.515330858528612 41.618809103965759 34.942518554627895 35.272467814385891 30.666874252259731 125.34272988885641 18.933580070734024 9.2338841781020147 51.537032298743725 37.624693036079407 23.151635065674782 113.84005963802338 15.30657986551523 24.714546978473663 24.036355286836624
leaf_count=716 328 1228 755 1149 1135 8903 123 83 101 183 203 138 276 82 144 104 185 214 253 232 1117 100 56 318 247 155 838 101 167 152
internal_value=0 -0.00131663 -0.00358059 -0.0051443 0.00417979 -0.00644531 0.00291493 0.00622219 0.0228549 -0.00199857 0.000793495 0.00371369 -0.00750673 0.00198154 0.0126377 0.000528415 0.00983814 0.00137768 -0.00737254 0.00322258 0.0183267 0.0097188 0.0307108 0.003239 -0.000313863 0.016355 0.0049432 0.0132766 0.00034992 0.00291601
internal_weight=0 2643.26 1872.62 1615.82 770.634 1372.82 139.463 256.801 37.0282 117.012 483.536 351.677 1233.36 101.774 57.8533 35.875 287.097 298.698 85.8575 50.5851 208.491 83.1483 21.9783 219.772 168.235 52.9791 212.84 74.2855 138.555 58.9789
internal_count=19786 18241 13240 11736 5001 10587 1022 1504 184 899 3681 2453 9565 662 386 248 1320 2095 623 370 1545 428 138 1320 1002 358 1472 467 1005 366
is_linear=0
shrinkage=0.04


Tree=61
num_leaves=31
num_cat=0
split_feature=31 25 25 3 27 36 3 2 5 12 14 36 28 32 2 34 16 27 27 27 2 6 28 27 36 36 28 27 36 16
split_gain=43.6464 20.0976 17.9558 11.7642 9.94674 8.03511 7.83749 8.04312 11.8497 7.54925 8.88319 8.62293 7.39728 7.00879 6.97137 8.8616 8.06405 6.95811 7.96189 7.74888 6.823 6.62436 6.96808 6.64647 6.515 6.40691 7.33959 8.78096 10.6065 6.94749
threshold=0.46904762089252477 0.34999999403953558 0.17500000447034839 2.5000000000000004 3.9522043466567998 0.48209337890148168 1.5000000000000002 730.50000000000011 0.32982416450977331 1.0000000180025095e-35 0.89587974548339855 0.68219557404518139 -0.91597560048103321 13.500000000000002 691.50000000000011 4.5000000000000009 124.40937423706056 4.9777677059173593 4.3033890724182138 4.2217109203338632 639.50000000000011 4.4484992027282724 -0.7865660786628722 4.7099804878234872 1.3651157617568972 0.69466507434844982 0.12940952181816109 4.3938314914703378 1.0067390799522402 18.06932353973389
decision_type=2 2 2 2 2 2 2 2 2 2 2 2 2 2 2 2 2 2 2 2 2 2 2 2 2 2 2 2 2 2
left_child=2 4 6 9 5 -2 13 21 -9 10 11 -4 -11 -1 16 -16 -13 18 19 24 -19 23 -23 -8 -5 -24 27 29 -29 -27
right_child=1 -3 3 17 -6 -7 7 8 -10 12 -12 14 -14 -15 15 -17 -18 20 -20 -21 -22 22 25 -25 -26 26 -28 28 -30 -31
leaf_value=-0.01436780779542223 -0.0097718587659423022 0.029378984560501028 -0.0071192737791089672 0.0011162475626558628 0.0011391241589202845 0.01520386056518303 -0.022890510597710835 -5.3225478607495046e-05 0.040012471237006943 0.028700199254686063 -0.0097232927845180804 -0.0031496327082057248 0.0024706501413599767 0.021712139699331879 0.0047368364639992291 0.032813059250575864 0.022861597973772407 0.0034524960652628119 0.013279452276000199 -0.016974551021764206 -0.031802616449622331 -0.013392674687268369 -0.010071956866500476 0.0047247316155378293 0.018382407352410243 0.050530567308885423 -0.0057409443951290298 0.026384608158287928 -0.023623068524352222 0.011884126391855368
leaf_weight=253.96077981591225 21.445796117186546 73.702796146273613 261.45096404850483 167.50726436823606 229.24858408421278 212.42626683413982 66.600273504853249 111.76258017867804 11.205803066492079 20.1680988073349 250.87947829812765 340.17681703716516 78.862941950559616 7.2000409737229338 184.99853673577309 18.075696974992752 18.20518758893013 19.774890929460526 175.11649417132139 28.052458830177784 13.320312917232512 82.537355788052082 51.739062458276749 16.737317763268948 42.289965517818928 12.676908522844316 39.919061385095119 10.002570025622846 13.630518503487108 18.515302784740925
leaf_count=2486 129 511 1927 908 1312 1410 487 805 68 125 2047 2281 472 49 1183 91 139 107 944 151 71 640 423 119 210 90 306 70 103 151
internal_value=0 0.0102417 -0.00239709 -8.41931e-05 0.00708293 0.0128502 -0.00775745 -0.0044375 0.00417979 -0.00218729 -0.00316576 -0.00114784 0.00827481 -0.0132157 0.00164825 0.00753155 -0.00170877 0.00543051 0.00685659 0.00205646 -0.0117409 -0.00783494 -0.00424729 -0.0173636 0.0047374 0.00101674 0.00715521 0.0164167 -0.00205039 0.0296889
internal_weight=0 536.823 2315.37 1618.88 463.121 233.872 696.488 435.327 122.968 1172.82 1073.79 822.907 99.031 261.161 561.456 203.074 358.382 446.061 412.966 237.85 33.0952 312.358 229.021 83.3376 209.797 146.483 94.7444 54.8253 23.6331 31.1922
internal_count=19815 3362 16453 10656 2851 1539 5797 3262 873 8265 7668 5621 597 2535 3694 1274 2420 2391 2213 1269 178 2389 1783 606 1118 1143 720 414 173 241
is_linear=0
shrinkage=0.04


Tree=62
num_leaves=31
num_cat=0
split_feature=31 27 7 25 6 2 18 7 3 4 34 0 5 5 14 29 29 2 13 14 2 20 0 26 27 0 4 13 0 7
split_gain=45.4392 17.0061 15.6374 12.2669 10.4892 9.276 8.7474 7.76828 7.73835 8.17028 8.46435 7.20416 6.59973 7.69772 6.36923 6.35748 6.22251 6.07849 5.83147 5.39746 5.91503 5.36354 8.03223 6.71308 6.4383 5.33945 5.15198 4.96257 5.51399 5.46512
threshold=0.46904762089252477 3.8231911659240727 0.25000000000000006 0.17500000447034839 6.4838714599609384 730.50000000000011 1.5000000000000002 1.0000000180025095e-35 3.5000000000000004 0.79833573102951061 4.5000000000000009 6.4393184185028085 0.14741823822259906 0.094603929668664946 0.89587974548339855 -0.12940952181816107 0.91597560048103344 956.50000000000011 1.0000000180025095e-35 1.0000000180025095e-35 854.50000000000011 0.25690476596355444 7.8184282779693612 1.0000000180025095e-35 4.2856531143188485 7.2970852851867685 0.81924378871917736 1.5000000000000002 6.7286107540130624 0.75000000000000011
decision_type=2 2 2 2 2 2 2 2 2 2 2 2 2 2 2 2 2 2 2 2 2 2 2 2 2 2 2 2 2 2
left_child=2 7 3 5 17 -1 16 -2 -5 10 -10 -9 13 -7 15 19 21 18 -4 20 -14 -3 23 24 -23 -6 -25 28 -20 -30
right_child=1 6 4 8 25 12 -8 11 9 -11 -12 -13 14 -15 -16 -17 -18 -19 27 -21 -22 22 -24 26 -26 -27 -28 -29 29 -31
leaf_value=-0.014363560238077668 0.0070533373813577438 -0.011310943855870796 0.0017294498186811464 -0.0039360563475037214 0.038800780138688221 0.022705534910261446 0.021206691520332891 -0.003182488485764762 0.020278905383588265 -0.0049329101431624849 -0.014548841948497728 0.024907125361189567 0.02956812829575528 -0.016523312286229781 -0.015075875979604967 0.029190594026467922 0.026383118413862445 0.015223182601871901 0.0032300301817491696 -0.022325263682680899 -0.011713125676234842 -0.016470728861364064 0.031564408647976341 -0.00084949564886191095 0.0027834518958084154 0.0029567846714335239 0.02427797890682757 0.011506633141196885 -0.020311393555275049 0.0014296202696949842
leaf_weight=303.40314985066652 76.65841680765152 55.829160585999489 698.54416661709547 836.81344538927078 16.027501501142982 7.6379859670996657 37.260352566838264 15.5461438447237 65.323571130633354 58.092973716557026 11.886420167982577 164.71537125855684 11.087260380387308 50.809375442564487 13.794586047530172 21.987281277775764 12.362642042338846 43.319855496287346 37.353774383664131 8.6214818656444567 8.1729422956705076 45.657423250377178 12.212065137922762 25.166355431079865 65.499785892665386 11.09540932625532 24.840174868702888 18.717842690646648 69.660176239907742 24.598593354225159
leaf_count=3047 427 284 3627 6708 84 84 269 97 362 336 75 1222 85 563 130 171 66 213 203 79 59 269 69 128 375 60 148 105 412 120
internal_value=0 0.010579 -0.0023264 -0.00498881 0.00172328 -0.0106375 0.00369438 0.0179645 -0.00249953 0.00631293 0.0146852 0.0224763 -0.00129709 -0.0108152 0.00750443 0.014091 0.000841252 0.000949998 0.000187537 0.00102676 0.0125967 -0.000752707 0.00273739 0.000192919 -0.00527647 0.0253478 0.0120859 -0.00690595 -0.00965761 -0.0147258
internal_weight=0 535.748 2316.95 1397.63 919.317 425.514 278.828 256.92 972.116 135.303 77.21 180.262 122.111 58.4474 63.6636 49.869 241.568 892.194 848.875 27.8817 19.2602 229.205 173.376 161.164 111.157 27.1229 50.0065 150.33 131.613 94.2588
internal_count=19877 3354 16523 11699 4824 4218 1608 1746 7481 773 437 1319 1171 647 524 394 1339 4680 4467 223 144 1273 989 920 644 144 276 840 735 532
is_linear=0
shrinkage=0.04


Tree=63
num_leaves=31
num_cat=0
split_feature=31 27 23 3 7 25 6 36 25 3 2 2 29 18 36 29 0 7 2 18 4 29 6 3 30 32 25 20 2 0
split_gain=37.8752 15.9549 14.7677 11.4524 12.0335 10.4813 7.95855 7.97872 7.6673 6.59895 7.69206 6.52445 6.97441 7.09969 6.30041 8.04178 6.0702 6.87497 6.72547 6.43207 5.94994 5.94041 6.38973 6.44646 5.91879 7.14615 6.37717 5.72231 5.64116 5.51671
threshold=0.46904762089252477 3.831896305084229 1.0000000180025095e-35 3.5000000000000004 1.0000000180025095e-35 0.23499999940395358 6.4838714599609384 1.1464493870735171 0.17500000447034839 2.5000000000000004 708.50000000000011 798.50000000000011 0.78656607866287243 1.0000000180025095e-35 0.4720140546560288 -0.12940952181816107 6.7753498554229745 1.0000000180025095e-35 497.50000000000006 1.5000000000000002 0.79833573102951061 0.78656607866287243 5.3351285457611093 1.5000000000000002 1.4978661537170412 13.500000000000002 0.14500000327825549 0.19597221910953525 693.50000000000011 7.0352590084075937
decision_type=2 2 2 2 2 2 2 2 2 2 2 2 2 2 2 2 2 2 2 2 2 2 2 2 2 2 2 2 2 2
left_child=2 8 3 4 5 27 7 24 -2 -4 -11 12 13 -3 -7 -16 17 -15 -18 -20 29 -17 -23 -24 26 -26 -6 -1 -9 -5
right_child=1 11 9 20 6 14 -8 28 -10 10 -12 -13 -14 16 15 21 18 -19 19 -21 -22 22 23 -25 25 -27 -28 -29 -30 -31
leaf_value=-0.016908210755132224 0.00023959358805420119 -0.020606902580314911 0.0036846734744295437 0.0050378422065769091 -0.018095308778811867 -0.01573930525435023 0.018712623090322997 -0.00040922881647556964 0.020177170171668011 0.029193682450124114 -0.0019731541372328878 0.014666366566196805 0.019069678528680658 -0.027817134094280296 0.0047572598038958837 -0.012708871409338412 0.024106670091138128 0.0010554989074761643 -0.0040717068601289373 0.025676180284263782 -0.0017455876665524762 -0.013551709999603326 -0.0028302780485162989 0.038577942914945956 -0.010381600501291123 0.01301045484426684 0.00071936683045562293 -0.0078098886151993585 0.0111516311191154 0.022204372417343816
leaf_weight=193.11357868462801 36.144116394221783 27.977981492877007 159.2063248232007 105.53913367539644 29.489343747496605 48.943107180297375 29.383685387670994 189.19799346476793 211.11272645741701 38.338188901543617 18.120296120643616 60.227303989231586 24.763081625103951 19.643507845699787 188.14516444504261 102.55735886096954 23.318275235593319 33.448246844112873 72.530496172606945 11.780582040548323 125.58675380051136 14.567936383187769 11.055488787591459 10.561160586774347 261.32496473938227 21.010915413498878 339.13927242159843 271.45522763580084 102.89988820254803 40.829805865883827
leaf_count=2226 227 142 797 593 229 432 180 1120 1479 176 81 349 143 143 1466 815 140 168 415 85 687 109 97 78 1714 128 2096 2609 561 205
internal_value=0 0.00996368 -0.00196119 -0.00299381 -0.00414225 -0.007642 -0.00110825 -0.00176411 0.017288 0.00795679 0.0194654 0.00326933 -5.25803e-05 -0.00273568 -0.00265446 -0.000611538 0.000590341 -0.0102492 0.00602672 0.000583545 0.00463601 -0.0078562 0.00584291 0.0189541 -0.00422497 -0.00856154 -0.000875284 -0.0116482 0.00371156 0.0100612
internal_weight=0 520.946 2300.47 2084.8 1812.85 840.399 972.446 943.062 247.257 215.665 56.4585 273.689 213.462 188.699 375.83 326.887 160.721 53.0918 107.629 84.3111 271.956 138.742 36.1846 21.6166 650.964 282.336 368.629 464.569 292.098 146.369
internal_count=19690 3291 16399 15345 13860 7832 6028 5848 1706 1054 257 1585 1236 1093 2997 2565 951 311 640 500 1485 1099 284 175 4167 1842 2325 4835 1681 798
is_linear=0
shrinkage=0.04


Tree=64
num_leaves=31
num_cat=0
split_feature=18 23 7 7 29 26 27 36 3 27 29 29 6 22 27 8 36 6 6 27 34 27 27 22 29 8 6 8 27 5
split_gain=45.3179 19.1495 16.4667 7.75917 7.0444 7.03885 6.60327 6.3619 6.54375 7.53751 7.97533 6.79111 8.44878 6.14662 6.13287 10.7079 10.0351 5.94103 6.79204 5.96927 5.75869 5.59389 10.2494 8.58897 5.58552 5.54019 6.41685 5.36818 6.3872 5.19601
threshold=1.5000000000000002 1.0000000180025095e-35 0.57499998807907116 0.25000000000000006 -0.91597560048103321 1.0000000180025095e-35 3.1759661436080937 0.66885957121849071 1.5000000000000002 3.7123510837554936 1.0000000180025095e-35 -0.6035533845424651 4.6959142684936532 0.10416071489453317 4.4813060760498056 3.5000000000000004 0.51403531432151806 4.2555875778198251 5.6002705097198495 4.069880723953248 4.5000000000000009 3.8659784793853764 3.7049980163574223 0.16398936510086062 -0.37940952181816096 10.500000000000002 5.6002705097198495 7.5000000000000009 4.5125062465667733 0.14553347229957583
decision_type=2 2 2 2 2 2 2 2 2 2 2 2 2 2 2 2 2 2 2 2 2 2 2 2 2 2 2 2 2 2
left_child=1 2 5 -2 -5 6 -1 14 17 -10 11 -11 -13 -8 21 -16 -17 -9 19 -19 -12 22 -4 -23 -21 -15 -27 -3 -29 -25
right_child=3 27 7 4 -6 -7 13 8 9 10 20 12 -14 25 15 16 -18 18 -20 24 -22 23 -24 29 -26 26 -28 28 -30 -31
leaf_value=0.01595620285734569 0.0088791300260335736 0.014541997966812674 -0.010623430132956545 0.0030143571915490358 0.029616522702657681 6.3369963687299932e-05 -0.02293910310561309 -0.020335177817574292 0.024480821553756346 0.0082009369521629204 0.0088343027951902717 0.013775444495166139 -0.018000180324435979 -0.0058007006827844685 0.027764637814748062 0.012714026940812292 -0.02430521336641123 -0.0032911475937359804 -0.0042704383442357316 0.043312783263933813 0.031085177212752134 -0.04194640763242348 0.028594180559201387 0.0062464803575216343 0.0074499494297732283 0.035740859645874118 -0.0073331633962248908 0.0092630401740894392 -0.011796647188245109 -0.015075543680638199
leaf_weight=20.595436587929726 78.85208061337471 145.80290955305099 25.900109700858593 19.492273934185505 98.762762568891048 500.00089121609926 31.26929048448801 18.884203642606735 45.416361674666405 90.08875048160553 58.007572025060654 17.244339883327484 43.664589136838913 1189.120958276093 23.782765746116638 23.354215085506439 19.885214403271675 17.816877037286758 81.305311515927315 12.704822272062303 27.29659728705883 11.977377399802206 15.326804548501967 27.159655302762985 15.10278484225273 9.2346832156181353 9.7969971820712072 69.82550972700119 31.988410420715809 48.810425773262978
leaf_count=143 418 678 122 169 950 3785 280 93 205 394 254 74 195 9794 113 110 95 83 398 62 119 64 69 142 74 76 99 357 167 221
internal_value=0 -0.000872499 -0.00197478 0.0189191 0.0253547 -0.00395293 -0.00554425 0.00360187 0.00632925 0.00986877 0.00687849 0.00129638 -0.00885203 -0.00592665 -0.00234525 0.00733501 -0.00463248 -0.000550237 0.00266309 0.0146795 0.0165034 -0.00740312 0.00460479 -0.0130093 0.0256418 -0.00544915 0.0149787 0.00966971 0.00254661 -0.00748812
internal_weight=0 2631.36 2383.75 197.107 118.255 1760.02 1260.02 623.729 427.532 281.718 236.302 150.998 60.9089 1239.42 196.197 67.0222 43.2394 145.814 126.93 45.6245 85.3042 129.174 41.2269 87.9475 27.8076 1208.15 19.0317 247.617 101.814 75.9701
internal_count=19803 18266 17064 1537 1119 14177 10392 2887 1951 1241 1036 663 269 10249 936 318 205 710 617 219 373 618 191 427 136 9969 175 1202 524 363
is_linear=0
shrinkage=0.04


Tree=65
num_leaves=31
num_cat=0
split_feature=31 3 36 27 7 16 7 8 0 25 4 13 7 20 16 36 29 5 27 28 25 26 0 0 0 0 36 5 29 22
split_gain=32.8494 12.4765 12.4063 12.0135 7.93606 7.28941 7.12156 6.80119 6.57415 5.72728 8.02847 6.32623 5.72118 7.29188 6.56565 5.28308 5.23336 5.81536 5.21468 8.00602 5.30717 5.14059 5.0323 4.88277 7.70129 4.85049 6.17179 4.84557 4.82827 4.75529
threshold=0.46904762089252477 1.5000000000000002 0.29378509521484381 3.9598599672317509 0.25000000000000006 176.54515075683597 0.75000000000000011 7.5000000000000009 7.7169036865234384 0.23499999940395358 0.87135007977485668 1.0000000180025095e-35 0.57499998807907116 0.25690476596355444 12.439978599548342 0.216337725520134 0.60355338454246532 0.12113611772656442 4.4158239364624032 1.0000000180025095e-35 0.27500000596046453 1.0000000180025095e-35 6.7405018806457528 7.5261752605438241 7.6760070323944101 6.6669363975524911 0.56571310758590709 0.096648685634136214 -0.91597560048103321 0.41083332896232611
decision_type=2 2 2 2 2 2 2 2 2 2 2 2 2 2 2 2 2 2 2 2 2 2 2 2 2 2 2 2 2 2
left_child=1 4 -2 5 9 7 8 -4 15 23 -11 16 13 -5 -15 -3 25 -18 19 20 22 -14 -8 27 -25 -12 -27 -1 -16 -30
right_child=2 6 3 12 -6 -7 18 -9 -10 10 11 -13 21 14 28 -17 17 -19 -20 -21 -22 -23 -24 24 -26 26 -28 -29 29 -31
leaf_value=-0.0028492136090526188 -0.029309000270099125 -0.027359831393638172 0.02082233684545488 -0.021361493099611967 -0.0013723809739667706 -0.014889685196230388 -0.014399980028432208 0.0063539077446982742 0.0092761154897870006 -0.020307479284772979 -0.012442033169506659 -0.015770293350444921 0.0048459139536530058 0.028381680587406075 -0.018573314116896212 -0.0011133405384404524 -0.022549255139953536 0.011271682257790497 0.018583461304214125 -0.014648747088152111 0.027896604356793368 0.025618082271629983 0.014313165758773505 0.014254369160367167 -0.012472373426820116 0.039336203760502293 0.0064714647367170985 -0.01939609021569989 0.012696713325575129 -0.0057186343052226009
leaf_weight=35.448756910860538 11.235374614596365 10.406305849552153 195.35233895480633 23.140805780887604 384.21763574331999 10.549694776535032 15.207289054989813 73.68112188577652 98.299256883561611 39.153924308717251 16.689244255423546 34.500065445899963 68.11004314571619 11.723672240972517 18.353094294667244 1168.4442888200283 21.408541761338711 10.952225662767885 53.024830371141434 26.827813670039177 17.906686097383499 25.203811146318913 20.63398502767086 23.015173979103565 54.10784400254488 8.2941145002841932 96.073047481477261 155.56458732485771 40.599352590739727 45.637770622968674
leaf_count=397 65 78 1444 137 2266 68 69 413 632 318 146 310 334 67 120 8045 169 87 237 118 76 115 93 235 555 70 735 1795 276 289
internal_value=0 -0.00196434 0.00912307 0.0100765 -0.00569784 0.0156378 0.000367806 0.0169359 -0.000556737 -0.00903483 -0.00430489 -0.000791888 0.00332045 -0.00181768 0.00236595 -0.00139098 0.00273601 -0.011113 0.0090838 0.00253364 0.0113279 0.0108762 0.00201313 -0.0129788 -0.00433783 0.00655858 0.00977377 -0.0163866 -0.00102801 0.00304236
internal_weight=0 2290.18 523.587 512.352 879.425 279.583 1410.75 269.033 1277.15 495.208 227.071 187.917 232.769 139.455 116.314 1178.85 153.417 32.3608 133.601 80.5758 53.748 93.3139 35.8413 268.136 77.123 121.056 104.367 191.013 104.59 86.2371
internal_count=19759 16431 3328 3263 7083 1925 9348 1857 8755 4817 1835 1517 1338 889 752 8123 1207 256 593 356 238 449 162 2982 790 951 805 2192 685 565
is_linear=0
shrinkage=0.04


Tree=66
num_leaves=31
num_cat=0
split_feature=18 25 26 27 7 8 7 4 27 3 32 25 6 7 0 0 36 0 4 6 1 5 36 7 9 28 15 0 14 4
split_gain=35.432 15.299 12.3994 11.1135 9.55693 8.52705 7.33883 7.24297 7.17395 7.16058 6.90032 6.63851 6.57891 6.45182 6.37872 6.33235 5.72168 10.0656 5.69772 5.40456 5.11693 5.68178 5.19396 5.97934 6.51958 5.99083 4.90924 7.48617 4.85228 4.83261
threshold=1.5000000000000002 0.17500000447034839 1.0000000180025095e-35 3.1376634836196904 0.57499998807907116 10.500000000000002 0.25000000000000006 0.63320410251617443 3.4061836004257207 3.5000000000000004 3.5000000000000004 0.34999999403953558 4.2555875778198251 0.25000000000000006 6.6920645236969003 7.9710843563079843 1.6424235701560976 7.9501483440399179 0.87909165024757396 5.6886675357818612 1.5000000000000002 0.10097681358456613 1.1083049774169924 1.0000000180025095e-35 1.0000000180025095e-35 -0.6035533845424651 0.21374999731779101 7.6806347370147714 1.4978661537170412 0.84380370378494274
decision_type=2 2 2 2 2 2 2 2 2 2 2 2 2 2 2 2 2 2 2 2 2 2 2 2 2 2 2 2 2 2
left_child=1 6 3 -3 5 7 -1 -5 -6 28 11 -10 -8 -2 -11 18 20 26 -14 -20 22 -22 29 -24 -25 -26 -18 -28 -4 -9
right_child=13 2 9 4 8 -7 12 16 10 14 -12 -13 15 -15 -16 -17 17 -19 19 -21 21 -23 23 24 25 -27 27 -29 -30 -31
leaf_value=-0.009335242301247406 0.007335573638456664 0.023749876477165154 0.0045103329123682362 0.015324528119782957 -0.022601383776762966 0.024730852448322547 -0.014426342342534577 -0.0052630896059377638 0.0014996456386940872 0.0036903104393614097 0.025048028064401786 0.024075185610430188 0.0034874640048143581 0.022430190949031689 0.027626719241315115 0.028297413932220388 -0.00060893588022983857 -0.01036344967571772 0.00075388836774693574 -0.019975261317983394 -0.01731468919904082 -0.0012273166616723022 -0.0090417853449843051 -0.0087408129780554567 0.043637698771806122 0.0031792922538169794 0.0020157815898042834 0.036880429685769274 -0.016955777091538764 -0.015778862024891177
leaf_weight=452.58252631872892 79.298983365297318 25.1365125477314 483.98402827978134 26.17455580085516 13.652805238962172 14.083509653806685 50.569278560578823 110.81214970350266 257.11565078794956 32.604602366685867 23.713106215000153 20.715130239725113 185.92222359776497 112.99492298066616 39.226759284734726 10.97122974693775 24.757829174399376 48.702303364872932 41.51818785071373 36.800071038305759 37.535170689225197 318.68099581450224 62.977772653102875 15.294662490487097 10.118077248334883 11.991400487720968 17.582533545792103 21.147190734744072 15.519756346940992 201.32299453765154
leaf_count=4489 425 140 2972 159 62 114 273 775 1146 164 110 88 1008 1107 185 71 170 333 276 253 306 2293 496 78 71 85 91 123 114 1764
internal_value=0 -0.00136023 0.000636155 -0.00157838 -0.00213084 -0.0041861 -0.00605081 -0.00468848 0.00386429 0.00551431 0.00520358 0.00334292 -0.00145888 0.016345 0.0171561 0.00101075 -0.00531649 0.0030774 -0.000326253 -0.00924116 -0.00654631 -0.00300968 -0.009571 -0.00161549 0.0107125 0.0237785 0.0133897 0.0219288 0.00377841 -0.0121029
internal_weight=0 2611.21 1832.85 1261.51 1236.38 921.181 778.364 907.098 315.197 571.335 301.544 277.831 325.781 192.294 71.8314 275.212 880.923 112.19 264.24 78.3183 768.733 356.216 412.517 100.382 37.4041 22.1095 63.4876 38.7297 499.504 312.135
internal_count=19741 18209 11839 8404 8264 6858 6370 6744 1406 3435 1344 1234 1881 1532 349 1608 6585 717 1537 529 5868 2599 3269 730 234 156 384 214 3086 2539
is_linear=0
shrinkage=0.04


Tree=67
num_leaves=31
num_cat=0
split_feature=23 25 1 34 7 32 27 3 15 28 31 15 4 8 28 0 30 27 28 27 16 16 0 0 8 28 0 16 18 27
split_gain=31.2706 19.6551 13.2904 11.9303 11.1641 10.1839 8.97469 8.14813 7.6797 8.56691 7.32519 8.03538 8.29034 7.18234 7.14438 10.1311 6.58556 6.1948 6.0218 6.61272 8.59461 5.88967 6.08771 5.72889 5.71397 7.14687 6.12274 5.57553 5.49622 6.53323
threshold=1.0000000180025095e-35 0.31000000238418585 1.5000000000000002 6.5000000000000009 0.57499998807907116 17.500000000000004 4.2217109203338632 3.5000000000000004 0.21374999731779101 -0.6035533845424651 0.15075758099555972 0.25690476596355444 0.72547450661659252 7.5000000000000009 -1.0000000180025095e-35 7.8920767307281503 3.2384861707687382 3.9806153774261479 0.37940952181816107 4.3726072311401376 51.78228950500489 1.9231573939323428 7.1823449134826669 7.0950558185577401 5.5000000000000009 -0.37940952181816096 6.8200013637542733 130.81638336181643 3.5000000000000004 4.1828129291534433
decision_type=2 2 2 2 2 2 2 2 2 2 2 2 2 2 2 2 2 2 2 2 2 2 2 2 2 2 2 2 2 2
left_child=1 4 24 -2 7 16 -5 8 -1 28 21 -12 -13 -11 15 -15 18 -16 -6 20 23 -4 -23 -20 25 -3 27 -26 29 -10
right_child=3 2 10 6 5 -7 -8 -9 9 13 11 12 -14 14 17 -17 -18 -19 19 -21 -22 22 -24 -25 26 -27 -28 -29 -30 -31
leaf_value=-0.009541626181944372 0.007827400020408902 0.022316719832462004 0.014640857532648937 0.034058196110058607 -0.00080262064852153008 0.023652388153307165 -0.00093555612855069823 0.0027693205386540918 -0.00070535901972726509 0.006306701382597305 0.03767872517800664 0.029783929877408775 -0.0031532460881413499 0.00017383873328386757 0.0022774500958077934 0.043413101674519138 -0.022676585676544056 -0.015075371279808186 0.0043943233740985337 0.021350107729716319 0.020311176922184239 -0.013953533972019368 0.012446628244826924 -0.023902024528577665 -0.023917841510242992 -0.0056649158770414841 0.00067636739715494542 0.0099184418606671019 -0.031039546360489601 -0.011344727154061178
leaf_weight=526.5514278486371 214.4119831174612 30.317317873239517 75.352919265627861 54.68995713442564 415.54011667519808 30.449854984879494 14.651849277317522 204.08414951711893 166.99928538501263 191.51925235241652 33.24329674243927 20.03818491101265 26.699211217463017 75.550893269479275 48.30240698158741 7.796306535601615 16.814398609101772 98.249659582972527 23.306791238486767 43.719844356179237 22.875116720795631 30.244711875915527 22.723543904721737 19.560653537511826 35.325663849711418 25.445558734238148 94.005399920046329 8.6448232159018499 13.538281768560408 205.35658065974712
leaf_count=5244 1049 157 397 392 1973 297 72 1254 1298 1423 214 172 160 620 373 55 108 827 109 200 109 198 140 95 241 132 623 66 81 1642
internal_value=0 -0.00133373 0.00675087 0.0126302 -0.00287895 0.00188584 0.0268451 -0.00465207 -0.00579 -0.00332555 0.0137142 0.0231007 0.011611 0.000619949 -0.00413098 0.00514099 0.000580079 -0.00940236 0.00140816 0.00966451 0.0014925 0.007599 -0.002587 -0.00900736 -0.000799507 0.00979418 -0.00515971 -0.0171234 -0.00761525 -0.0066023
internal_weight=0 2512.26 402.041 283.754 2110.22 572.267 69.3418 1537.95 1333.86 807.313 208.302 79.9807 46.7374 421.419 229.899 83.3472 541.817 146.552 525.003 109.462 65.7426 128.321 52.9683 42.8674 193.739 55.7629 137.976 43.9705 385.894 372.356
internal_count=19721 18208 2500 1513 15708 2891 464 12817 11563 6319 1281 546 332 3298 1875 675 2594 1200 2486 513 313 735 338 204 1219 289 930 307 3021 2940
is_linear=0
shrinkage=0.04


Tree=68
num_leaves=31
num_cat=0
split_feature=22 23 7 6 36 16 1 34 8 4 4 16 4 3 26 36 13 36 2 2 34 0 5 0 1 20 28 22 28 6
split_gain=30.827 16.2974 11.9728 6.77306 6.40144 8.03448 6.43805 6.44872 6.0859 6.06612 6.00136 6.83204 8.55591 5.65731 7.60666 5.62198 5.19746 6.23407 6.11142 5.22259 6.79397 6.27754 9.00135 5.76608 5.46556 5.15941 7.02868 5.25815 6.15147 5.52928
threshold=0.5671176314353944 1.0000000180025095e-35 0.57499998807907116 6.4838714599609384 1.1083049774169924 48.595153808593757 1.5000000000000002 8.5000000000000018 7.5000000000000009 0.63320410251617443 0.63719540834426891 91.53562164306642 0.88641491532325756 1.5000000000000002 1.0000000180025095e-35 0.97124102711677562 1.0000000180025095e-35 1.1205064058303835 500.50000000000006 655.50000000000011 1.0000000180025095e-35 7.1747169494628915 0.13306973129510882 7.8103506565094003 2.5000000000000004 0.19597221910953525 -0.98296290636062611 0.33224999904632574 -0.6035533845424651 5.4617087841033944
decision_type=2 2 2 2 2 2 2 2 2 2 2 2 2 2 2 2 2 2 2 2 2 2 2 2 2 2 2 2 2 2
left_child=1 2 4 13 5 6 15 -8 -2 -7 -3 -12 -13 -4 -15 -1 17 -6 -18 -19 21 -21 -23 -22 -25 -11 -27 28 29 -28
right_child=8 10 3 -5 16 9 7 -9 -10 25 11 12 -14 14 -16 -17 18 19 -20 20 23 22 -24 24 -26 26 27 -29 -30 -31
leaf_value=-0.0047929634665191245 0.020749128553533749 0.035115567030677773 -0.0039473940811027416 0.027417286846258694 0.029564386579433326 0.010202460452690593 -0.0008428759748321411 0.019693219422079761 0.0013103596128393607 -0.014048372541554088 0.010512840784250575 0.0030605492041720045 -0.032571024045694619 0.00073274642187531294 0.01254051946115687 -0.018714012313480691 0.0092150718382850924 -0.0034627957820261568 -0.012772198000816094 0.025226650947311535 0.0059493414783195267 0.0098923488473721816 -0.014304751723023769 0.03814964991763093 0.0020970429715122755 0.024775502793152684 0.034625987896701113 -0.020935938115659591 -0.010979229530256871 0.00075567304711544674
leaf_weight=325.41080575436354 123.86306067556143 10.725740365684031 195.84558342397213 14.75802982598543 10.015287362039087 20.958013378083706 322.21015268564224 24.465441681444645 32.757740899920464 292.75555734336376 183.56209412962198 46.676041767001152 11.91399437189102 292.02005068957806 122.67995459586382 52.732754595577717 24.087737075984478 255.8266002908349 93.706039942800999 10.208861686289309 74.163219839334488 38.029748372733593 62.403632901608944 19.30459609627724 10.188842952251433 10.137903481721876 8.6242323219776136 30.599148139357567 50.365996584296227 28.470054000616074
leaf_count=2710 1132 52 984 71 83 149 2504 136 177 2987 903 230 70 1342 539 407 191 1910 753 57 534 292 409 144 72 81 57 215 405 239
internal_value=0 -0.00140368 -0.00242727 0.0023234 -0.00411139 -0.00583371 -0.00322724 0.000711036 0.0167512 -0.010075 0.0082135 0.00674402 -0.00502092 0.0016293 0.00426924 -0.00682252 -0.000742429 0.00111288 -0.00819722 0.000384098 0.00496601 -0.00192913 -0.00512811 0.012223 0.026619 -0.0111281 -0.00434578 -0.00721753 -0.00205721 0.0099989
internal_weight=0 2642.85 2389.97 625.304 1764.66 1166.73 724.819 346.676 156.621 441.911 252.878 242.152 58.59 610.546 414.7 378.144 597.935 480.141 117.794 470.126 214.299 110.642 100.433 103.657 29.4934 420.953 128.197 118.059 87.4603 37.0943
internal_count=19835 18526 17271 2936 14335 9890 5757 2640 1309 4133 1255 1203 300 2865 1881 3117 4445 3501 944 3418 1508 758 701 750 216 3984 997 916 701 296
is_linear=0
shrinkage=0.04


Tree=69
num_leaves=31
num_cat=0
split_feature=22 25 26 32 2 27 22 20 4 25 0 2 28 8 8 17 2 32 17 27 29 3 2 28 27 5 2 29 4 1
split_gain=27.7934 13.8485 10.3892 7.95198 10.4178 8.65648 7.71298 7.28098 9.09198 7.08092 6.4911 6.41642 5.9427 8.99602 8.69535 5.91394 6.23587 5.76821 5.75307 6.9324 10.0556 7.65025 7.56731 9.35756 6.36618 6.05941 5.64609 5.48991 5.45614 6.66731
threshold=0.52642855048179638 0.17500000447034839 1.0000000180025095e-35 1.5000000000000002 595.50000000000011 4.1549687385559091 0.22083333134651187 0.19597221910953525 0.84278598427772533 0.31000000238418585 6.3902053833007821 441.50000000000006 -0.7865660786628722 6.5000000000000009 8.5000000000000018 1.0000000180025095e-35 388.50000000000006 7.5000000000000009 1.0000000180025095e-35 4.2577378749847421 -0.6035533845424651 1.5000000000000002 728.50000000000011 -1.0000000180025095e-35 3.7483261823654179 0.12919782102108004 761.50000000000011 -0.7865660786628722 0.87296524643898021 1.5000000000000002
decision_type=2 2 2 2 2 2 2 2 2 2 2 2 2 2 2 2 2 2 2 2 2 2 2 2 2 2 2 2 2 2
left_child=1 7 3 -3 9 26 -7 -1 -9 17 -2 15 14 28 -13 16 -10 -5 19 22 27 25 -4 -24 -20 -22 -6 -21 -14 -30
right_child=10 2 18 4 5 6 -8 8 11 -11 -12 12 13 -15 -16 -17 -18 -19 24 20 21 -23 23 -25 -26 -27 -28 -29 29 -31
leaf_value=-0.010452739161381121 -0.013554722614333402 -0.0021924089796419837 0.0095331673373698807 -0.0018650347545929203 0.011176045251899072 0.014642003612437282 -0.016472594487395745 0.0047218353936942974 -0.020023001504391406 0.020285770248629899 0.017062412976023268 -0.023293184078681351 -0.0088742870566190166 -0.012536796925197664 0.0061879284612149565 0.032818298145397343 0.015071985892256185 -0.028272391338147188 -0.011186200067977988 0.0084622829073352432 -0.0039710612532653407 0.0050600872649304183 0.044197909906395848 0.0051670000680189591 0.0043690889353158969 -0.036989594625683617 0.036054195313670066 0.039133302252268604 -0.0037075601693030585 0.023971056008879051
leaf_weight=276.9871843457222 10.381832510232924 1086.8477040454745 98.14114074409008 37.47529548406601 31.529034934937954 28.192244336009026 20.076060563325882 181.59037537872791 12.991868093609812 12.156278535723684 173.90395682305098 71.096306890249252 27.177044160664082 96.239981822669506 19.566800199449062 9.4483618885278684 15.63274973630905 18.726595774292946 48.779786288738251 33.405733667314053 20.509455785155296 48.877464644610882 25.385997645556927 16.246205687522888 245.0106520652771 14.479748435318468 30.155208215117455 11.909751065075396 23.116954073309898 31.304229043424129
leaf_count=2625 71 7481 552 208 175 161 97 1110 116 67 1391 601 159 940 190 76 134 115 320 189 128 263 136 83 1574 91 168 69 166 214
internal_value=0 -0.000784852 0.00110704 -0.000905305 0.00687721 0.0144032 0.00156013 -0.00529559 -0.00233868 -0.00529352 0.0152106 -0.00652427 -0.00870427 -0.00436684 -0.0169344 0.00851681 -0.00112399 -0.0113332 0.00561837 0.00982365 0.00306769 -0.00514194 0.0159363 0.0299018 0.00172818 -0.0188965 0.0240884 0.0178366 0.0053385 0.0124991
internal_weight=0 2593.06 1827.9 1265.16 178.311 109.953 48.2683 765.152 488.165 68.3582 184.286 306.574 268.501 177.838 90.6631 38.073 28.6246 56.2019 562.746 268.955 129.182 83.8667 139.773 41.6322 293.79 34.9892 61.6842 45.3155 81.5982 54.4212
internal_count=19670 18208 11877 8472 991 601 258 6331 3706 390 1462 2596 2270 1479 791 326 250 323 3405 1511 740 482 771 219 1894 219 343 258 539 380
is_linear=0
shrinkage=0.04


Tree=70
num_leaves=31
num_cat=0
split_feature=22 7 25 1 25 23 27 2 27 27 3 4 27 17 6 25 2 6 16 2 3 31 29 2 2 4 21 16 29 16
split_gain=25.9184 14.3253 10.8068 9.80972 7.4099 7.09722 6.95198 6.33076 8.84095 6.5686 5.84329 5.83261 6.7877 5.70369 7.66767 5.63516 5.45754 5.29273 4.98854 5.43688 4.94515 5.35354 5.04106 4.82354 7.81519 6.0941 6.7319 5.87827 4.65376 7.33845
threshold=0.55511903762817394 0.57499998807907116 0.17500000447034839 3.5000000000000004 0.34999999403953558 1.0000000180025095e-35 3.1376634836196904 603.50000000000011 4.0647437572479257 4.0280263423919687 1.5000000000000002 0.6129952371120454 4.2158241271972665 1.5000000000000002 5.6886675357818612 0.34999999403953558 388.50000000000006 6.4960203170776376 82.218700408935561 516.50000000000011 1.5000000000000002 0.10620300844311716 0.12940952181816107 615.50000000000011 737.50000000000011 0.7615090310573579 11.500000000000002 36.122529983520515 -0.6035533845424651 1.9231573939323428
decision_type=2 2 2 2 2 2 2 2 2 2 2 2 2 2 2 2 2 2 2 2 2 2 2 2 2 2 2 2 2 2
left_child=1 2 17 5 6 7 -3 8 9 16 -6 -10 -13 28 -15 18 -4 20 19 -2 21 -1 -23 -21 -25 27 -27 -26 29 -9
right_child=15 4 3 -5 10 -7 -8 13 11 -11 -12 12 -14 14 -16 -17 -18 -19 -20 23 -22 22 -24 24 25 26 -28 -29 -30 -31
leaf_value=-0.01485953187114741 0.038114868409646938 0.029723470164420063 0.01835156290540119 0.018137978099218906 -0.0018161696214719655 0.0077206919848293535 0.0027686436386684448 0.013008672288853516 0.02038506333232917 0.026565411376952737 0.029142013849854216 -0.021739485740782723 -0.0070034820592786914 0.0097214803804479503 -0.034021686139944551 0.029717420271125807 -0.0029890192826668776 0.014855702419801527 -0.01038018650052872 -0.0082288136063482249 -0.0044299492437469452 0.012835640227943429 -0.019010352819923807 0.034131145371852009 0.024618549491917729 0.011835865053745042 -0.035006184971632902 -0.0099414516851309958 -0.0010921396238272642 -0.0010798222986019214
leaf_weight=179.40043356642127 12.077870219945906 13.726561129093168 19.851930342614651 43.110173963010311 13.555925644934176 137.05562956631184 624.99214425683022 116.59152738749981 8.735737092792986 13.78306522220373 30.850326821208 60.636772617697716 269.54695130139589 9.2597759291529673 14.623125448822973 37.442833311855793 154.47766776755452 15.870496325194834 13.027822405099867 16.170311875641346 352.89605654776096 22.56499045342207 9.7893012687563878 21.720541819930077 25.737081088125706 7.9755653142929104 8.2350968271493894 9.7182566672563535 399.0689297541976 117.46714346855879
leaf_count=2037 93 75 148 263 63 647 2924 781 53 106 149 476 2128 73 133 341 1182 155 100 134 2991 188 77 187 228 62 68 74 2903 928
internal_value=0 -0.000402761 -0.00215317 -0.000205394 0.00457207 -0.000830489 0.0034389 -0.00183166 -0.0050886 0.00185462 0.0200204 -0.0089306 -0.00982428 0.000788465 -0.0176211 0.0164754 -0.000378256 -0.00671397 0.0117159 0.0146939 -0.00737052 -0.0121838 0.00265436 0.0107716 0.0150655 0.00607699 -0.0131913 0.0151207 0.00153621 0.00598883
internal_weight=0 2627.85 1944.73 1364.21 683.125 1321.1 638.719 1184.04 527.032 188.113 44.4063 338.919 330.184 657.011 23.8829 152.105 174.33 580.521 114.663 101.635 564.651 211.755 32.3543 89.5569 73.3865 51.666 16.2107 35.4553 633.128 234.059
internal_count=19767 18480 15269 9821 3211 9558 2999 8911 4093 1436 212 2657 2604 4818 206 1287 1330 5448 946 846 5293 2302 265 753 619 432 130 302 4612 1709
is_linear=0
shrinkage=0.04


Tree=71
num_leaves=31
num_cat=0
split_feature=31 25 3 36 4 2 2 25 36 13 22 6 27 25 27 29 6 6 2 25 30 20 4 5 29 5 4 0 5 0
split_gain=27.6736 16.3011 12.9562 7.93625 7.379 7.24538 7.10636 6.47774 6.80451 6.33402 7.31016 9.38467 7.19578 6.17225 5.68255 7.50041 10.3419 5.54039 5.33463 5.30091 5.01077 4.8927 5.21907 7.8448 5.2021 6.24164 5.68821 4.73366 4.60821 8.32411
threshold=0.46904762089252477 0.34999999403953558 2.5000000000000004 0.29378509521484381 0.66450887918472301 555.50000000000011 813.50000000000011 0.27500000596046453 2.5961122512817387 1.0000000180025095e-35 0.23043560981750491 6.1431114673614511 4.9631943702697763 0.27500000596046453 3.7049980163574223 0.37940952181816107 4.7664294242858896 6.1664671897888192 645.50000000000011 0.31000000238418585 1.4978661537170412 0.21374999731779101 0.76728403568267833 0.26974222064018255 -0.12940952181816107 0.21297142654657367 0.81380349397659313 6.5161657333374032 0.25452153384685522 7.3562746047973642
decision_type=2 2 2 2 2 2 2 2 2 2 2 2 2 2 2 2 2 2 2 2 2 2 2 2 2 2 2 2 2 2
left_child=2 3 6 -2 -5 -3 7 8 -1 10 11 12 13 21 15 16 -9 19 -14 -11 -13 -4 27 24 25 -24 -26 -23 29 -15
right_child=1 5 9 4 -6 -7 -8 14 -10 17 -12 20 18 28 -16 -17 -18 -19 -20 -21 -22 22 23 -25 26 -27 -28 -29 -30 -31
leaf_value=-0.0073837598651017499 -0.025730493428192079 0.0017791878761036159 -0.0059213548568994223 0.01882352224914674 0.0043129613573781121 0.032955556339374643 0.0024004684470466083 0.010727772639093228 0.014683208834672166 -0.0059450641313677482 -0.01418398180305197 0.0089599669257480474 0.00014072752547701563 0.023584065079650229 0.00069822964269450924 0.010423317769037268 -0.029243833119990421 -0.028266288723034456 -0.028484874833041213 0.019948680749157156 0.037822650880576111 -0.0010251817596207133 -0.015878338585203849 -0.014019509727935585 0.002726310243760739 0.0080777086251316715 0.027204272504530926 0.027196345683073414 0.0042435831752621811 -0.0092857096924654613
leaf_weight=854.66945739462972 10.579394191503523 15.429380886256693 81.477771408855915 64.793305262923241 363.88088740408421 54.352740079164505 262.98439025878906 12.792729280889032 21.157966107130051 82.899257801473141 28.950235016644001 20.57714618742466 25.950120806694031 72.135926581919193 418.87265631556511 17.090543292462826 37.999357923865318 13.081992901861666 15.379282452166079 12.882725864648817 19.261585310101509 13.942502871155737 25.121278539299965 35.033792644739151 30.269979692995548 46.563338927924633 29.525370299816132 26.985257238149643 68.280328512191772 13.662264391779898
leaf_count=7556 62 105 552 496 2243 422 1907 74 163 520 140 116 145 359 2745 114 258 79 83 68 119 79 149 189 175 266 163 142 325 64
internal_value=0 0.00860955 -0.00168522 0.00569206 0.00658343 0.0263038 -0.00360508 -0.004766 -0.00681843 0.00302588 0.00476166 0.00585799 0.00426835 0.0057684 -0.00106022 -0.0116203 -0.0191514 -0.0057201 -0.0113344 -0.00212555 0.0240557 0.00228824 0.00553852 0.00230276 0.00679684 -0.000520602 0.0153022 0.0179825 0.0121813 0.0182577
internal_weight=0 509.036 2287.55 439.254 428.674 69.7821 1625.57 1362.58 875.827 661.98 553.116 524.166 484.327 442.998 486.755 67.8826 50.7921 108.864 41.3294 95.782 39.8387 288.919 207.442 166.514 131.48 71.6846 59.7953 40.9278 154.079 85.7982
internal_count=19878 3328 16550 2801 2739 527 12817 10910 7719 3733 3066 2926 2691 2463 3191 446 332 667 228 588 235 1715 1163 942 753 415 338 221 748 423
is_linear=0
shrinkage=0.04


Tree=72
num_leaves=31
num_cat=0
split_feature=25 23 34 7 13 34 6 27 28 1 25 36 5 4 2 20 28 6 4 3 27 29 4 36 5 28 2 5 21 6
split_gain=22.2714 15.6904 12.389 10.8339 10.8766 10.0108 9.63492 8.38559 7.22808 6.5856 6.17332 6.40522 5.91956 9.74413 11.9462 6.74275 5.61216 5.2496 4.96985 4.84646 5.4337 4.71611 5.04067 5.6547 4.75993 7.69723 4.6204 4.58232 7.12961 9.30115
threshold=0.31000000238418585 1.0000000180025095e-35 6.5000000000000009 0.25000000000000006 1.5000000000000002 5.5000000000000009 6.4838714599609384 4.2217109203338632 -0.6035533845424651 3.5000000000000004 0.2100000008940697 0.4720140546560288 0.12386099621653558 0.8772488832473756 459.50000000000006 0.21374999731779101 0.37940952181816107 6.3341670036315927 0.8029385805130006 3.5000000000000004 5.3139445781707773 0.60355338454246532 0.77634596824646007 1.548534154891968 0.2601724117994309 -0.98296290636062611 609.50000000000011 0.33569559454917913 13.500000000000002 5.6185860633850107
decision_type=2 2 2 2 2 2 2 2 2 2 2 2 2 2 2 2 2 2 2 2 2 2 2 2 2 2 2 2 2 2
left_child=1 3 -2 8 6 -3 9 -7 19 17 -10 -12 -13 18 -15 -16 -17 -5 -14 20 21 24 -23 -24 -1 -26 -6 28 -4 -30
right_child=2 5 27 4 26 7 -8 -9 10 -11 11 12 13 14 15 16 -18 -19 -20 -21 -22 22 23 -25 25 -27 -28 -29 29 -31
leaf_value=-0.010789978279072106 0.0038718836610762458 0.0033702888230927918 0.02137964052690652 -0.0012407089472741949 0.00076332662695138376 0.032653944704277363 0.023677166875681662 -0.0019648742270303209 -0.0070367789781718261 0.016490218475367073 -0.012306781594685488 -0.0065856194682002971 0.0094761551451205042 0.061496481121594455 -0.01390169807364223 0.03172291488611366 -0.0011169560185228706 -0.015313474416983899 -0.0037270538756854332 0.00030461480832964354 0.020699058306163011 -0.046473195200261122 -0.02126269020114107 0.008257360055646765 0.032128278647182901 -0.005103537413517191 0.028637502951122801 0.032538645074326709 -0.032757124458833393 0.012438252048250449
leaf_weight=347.33158687502146 346.06478796154261 171.42762318998575 61.398235283792019 771.1259429231286 14.09488534927368 37.925100319087505 23.405613876879215 15.254839561879633 266.98376273736358 29.974467150866985 48.207301344722509 75.112061224877834 75.786393344402313 7.7209034487605086 10.889206066727636 21.592175126075745 12.662935227155684 42.919454872608185 108.4916013404727 81.487870395183563 7.1503523439168921 8.7017120122909528 47.73335637152195 11.960829824209211 8.8774303644895536 46.616846166551113 28.013059027493 28.478074036538601 8.7803146243095416 20.522485472261906
leaf_count=3379 2024 861 376 4188 107 267 130 75 2711 160 430 692 498 65 105 167 94 268 857 513 67 65 477 102 68 354 239 264 64 165
internal_value=0 -0.00181943 0.00775146 -0.00289763 0.000387793 0.00818291 -0.000596139 0.0230121 -0.00541085 -0.00132365 -0.00245063 0.000966282 0.00308072 0.00617187 0.0209724 0.0117268 0.0201912 -0.00201839 0.00174636 -0.0087079 -0.010238 -0.0107929 -0.020449 -0.0152719 -0.0090605 0.00176287 0.0197648 0.0187669 0.0138341 -0.0023318
internal_weight=0 2321.45 465.244 2096.84 909.533 224.608 867.425 53.1799 1187.31 844.02 627.446 360.463 312.255 237.143 52.8652 45.1443 34.2551 814.045 184.278 559.86 478.372 471.222 68.3959 59.6942 402.826 55.4943 42.1079 119.179 90.701 29.3028
internal_count=19832 16939 2893 15736 5092 1203 4746 342 10644 4616 5619 2908 2478 1786 431 366 261 4456 1355 5025 4512 4445 644 579 3801 422 346 869 605 229
is_linear=0
shrinkage=0.04


Tree=73
num_leaves=31
num_cat=0
split_feature=23 25 32 4 15 26 27 27 13 16 2 4 2 36 2 16 0 0 0 27 16 5 25 36 0 4 27 30 2 2
split_gain=19.587 13.1857 12.0177 11.7745 8.78894 8.4838 7.94079 7.71351 6.89134 6.31588 7.56781 6.79224 8.42679 6.2491 7.4354 9.05535 7.21162 7.08422 7.02464 6.99496 6.61374 9.77783 6.27835 6.14536 7.88547 5.88697 5.67588 5.42534 5.30232 6.99322
threshold=1.0000000180025095e-35 0.17500000447034839 1.5000000000000002 0.67251640558242809 0.19597221910953525 1.0000000180025095e-35 3.4766128063201909 3.857566356658936 1.0000000180025095e-35 138.42250823974612 465.50000000000006 0.72547450661659252 595.50000000000011 1.6093621850013735 441.50000000000006 115.807674407959 7.4988660812377939 7.2484977245330819 7.9501483440399179 3.3516553640365605 64.345928192138686 0.1569853946566582 0.34999999403953558 1.0592091083526614 6.0775766372680673 0.93424811959266674 4.069880723953248 2.0126758217811589 651.50000000000011 816.50000000000011
decision_type=2 2 2 2 2 2 2 2 2 2 2 2 2 2 2 2 2 2 2 2 2 2 2 2 2 2 2 2 2 2
left_child=1 -1 5 -2 -5 13 -6 -4 9 10 -7 -12 26 14 16 17 22 19 -15 -16 -19 -22 -3 24 -17 28 -13 -8 -14 -30
right_child=3 2 7 4 6 8 27 -9 -10 -11 11 12 25 18 15 23 -18 20 -20 -21 21 -23 -24 -25 -26 -27 -28 -29 29 -31
leaf_value=-0.0055309513468664393 0.03447129800842666 -0.021936131061036188 0.01355553407922467 -0.0030720317658389936 0.031524691463911222 0.018970134907872076 0.0047502698308779573 0.0016343435707324944 -0.0066572369288838279 0.020439005725717645 -0.018800321291329899 0.0071805918239520984 0.023112188120464325 0.012287370397333238 0.026082284238159167 0.013304905887830613 0.016505656592768682 -0.011060598720180757 -0.0063043969409943392 0.00084098073626107442 0.027880768446231406 -0.0207078575412501 0.012194800952645333 0.0020954428836675661 -0.021270353958189114 -0.015554197098962348 -0.01511818832732725 0.025099211000836844 -0.00080995981159043458 0.018875312576285809
leaf_weight=716.87633721157908 26.74630681425333 75.471451856195927 170.67230450361967 85.577728964388371 27.57712733745575 45.484342336654663 117.75361816585064 175.9667092487216 79.716574221849442 42.055408723652363 21.787013486027718 26.6681939214468 38.613537698984146 82.667079702019691 16.294807501137257 10.62509800121188 9.1468650773167592 141.88027031719685 51.19658424705267 445.94694654643536 16.197212383151058 8.6463059633970243 8.4210314452648145 35.08177475631237 86.173248827457428 13.378041207790373 49.977104157209396 23.917953327298164 80.045742340385914 43.03107800334692
leaf_count=6146 195 590 1247 440 188 284 565 1006 553 297 124 166 244 493 109 72 71 972 338 3138 130 63 57 262 756 82 331 148 491 249
internal_value=0 -0.000960412 0.000889507 0.0101338 0.00733083 -0.000734525 0.0125653 0.00754799 0.00386911 0.00621716 0.00422647 0.00165462 0.00355933 -0.00279244 -0.00405286 -0.00272719 -0.0146082 -0.000714186 0.00518876 0.00183931 -0.00773164 0.0106875 -0.0183059 -0.0121736 -0.0172827 0.00837528 -0.00737419 0.00848729 0.010521 0.00626433
internal_weight=0 2492.02 1775.14 281.573 254.826 1428.51 169.249 346.639 440.757 361.04 318.985 273.501 251.714 987.749 853.885 760.846 93.0393 628.966 133.864 462.242 166.724 24.8435 83.8925 131.88 96.7983 175.068 76.6453 141.672 161.69 123.077
internal_count=19807 18271 12125 1536 1341 9872 901 2253 2821 2268 1971 1687 1563 7051 6220 5502 718 4412 831 3247 1165 193 647 1090 828 1066 497 713 984 740
is_linear=0
shrinkage=0.04


Tree=74
num_leaves=31
num_cat=0
split_feature=31 25 3 23 30 36 27 5 27 25 6 30 36 7 27 26 36 23 27 29 5 28 36 22 8 30 32 36 27 6
split_gain=18.7684 12.9482 11.1858 7.66532 7.20562 6.65244 6.39087 6.47253 5.88305 8.78217 5.71947 6.91891 7.9982 7.64824 9.75907 6.84433 5.44474 6.01408 5.22361 8.66526 5.36987 5.75319 5.18498 5.10782 4.93409 4.91735 7.89987 6.35532 7.49888 7.20862
threshold=0.46904762089252477 0.34999999403953558 2.5000000000000004 1.0000000180025095e-35 2.0126758217811589 1.6093621850013735 3.7577049732208256 0.12434208765625955 3.6309846639633183 0.14500000327825549 6.3826613426208505 1.4978661537170412 1.6424235701560976 0.57499998807907116 4.0901689529418954 1.0000000180025095e-35 1.3895635604858401 1.0000000180025095e-35 4.5352838039398202 -0.6035533845424651 0.095933515578508391 -0.7865660786628722 2.0964355468750004 0.20726351439952853 6.5000000000000009 1.4978661537170412 1.5000000000000002 0.69001945853233349 3.3268313407897954 6.1495356559753427
decision_type=2 2 2 2 2 2 2 2 2 2 2 2 2 2 2 2 2 2 2 2 2 2 2 2 2 2 2 2 2 2
left_child=2 3 5 -2 -5 16 7 -7 -4 -10 11 15 13 -13 -15 22 17 25 20 -20 -19 -22 -11 -16 -3 27 -27 28 -1 -30
right_child=1 24 8 4 -6 6 -8 -9 9 10 -12 12 -14 14 23 -17 -18 18 19 -21 21 -23 -24 -25 -26 26 -28 -29 29 -31
leaf_value=0.027273923449167986 0.0025408343444422578 0.031938009831666725 0.013793363489612074 0.0010717736290556973 0.030037664264380159 -0.0051008362629471216 -4.4433748821295179e-05 0.027778314556348105 -0.013413810493061465 0.0036706579174343476 0.027220593492180329 -0.013284515594100405 0.017135800719389752 -0.019147892321225813 0.029751287315896081 0.014651501145085583 -0.01272950839713631 0.033800468608472273 0.01696135875955819 -0.021160628493704786 -0.0089139486018237485 0.013353032343900286 -0.020361227816320448 -0.00052941308403728338 0.0091859869685797721 -0.011270980394532743 0.00015815937518868492 0.00090992797935434181 -0.010213162397115765 0.009437313881930854
leaf_weight=8.0987020879983884 389.68453565984964 39.832866445183754 70.10640137642622 23.388864979147911 31.847581520676613 13.437715910375116 179.06536386162043 27.223644725978374 53.929780557751656 233.24381773918867 13.481638483703135 104.2404827401042 23.163960106670856 15.683501735329626 19.321656972169876 97.953119836747646 108.4793600961566 11.026066415011881 13.182804174721239 24.216024130582809 26.53783180564642 52.234020039439201 13.317886926233767 15.196841299533842 27.41541301459074 303.60447741672397 141.51800696179271 413.7520929351449 251.84334524720907 32.268946845084429
leaf_count=71 2473 361 378 110 268 99 1288 177 345 1310 77 712 122 67 83 515 792 57 69 125 135 258 69 64 169 2956 916 3311 2188 313
internal_value=0 0.00708986 -0.0013744 0.00456259 0.0182386 -0.00317419 0.00326976 0.0171827 0.00300518 0.00167996 0.003244 0.00252339 -0.00386126 -0.0071893 0.00549099 0.00581814 -0.00419845 -0.00345572 0.00474365 -0.00754405 0.00991407 0.00581643 0.0022192 0.0171213 0.0231958 -0.00436842 -0.00765285 -0.00228176 -0.00677645 -0.00793093
internal_weight=0 512.169 2266.13 444.921 55.2364 1606.49 219.727 40.6614 659.639 589.533 535.603 522.121 177.606 154.442 50.202 344.515 1386.76 1278.28 127.197 37.3988 89.7979 78.7719 246.562 34.5185 67.2483 1151.09 445.122 705.963 292.211 284.112
internal_count=19878 3381 16497 2851 378 12755 1564 276 3742 3364 3019 2942 1048 926 214 1894 11191 10399 644 194 450 393 1379 147 530 9755 3872 5883 2572 2501
is_linear=0
shrinkage=0.04


Tree=75
num_leaves=31
num_cat=0
split_feature=22 1 3 26 29 25 7 15 16 6 16 36 1 27 29 8 22 27 4 36 4 5 27 22 29 6 5 25 8 6
split_gain=20.1003 11.8744 10.4138 8.61267 8.11327 7.98971 7.78409 6.78494 10.1773 6.66143 5.86958 10.0354 5.86244 5.79657 5.55842 5.68785 5.26478 5.25569 5.07564 5.05592 5.77895 5.46719 5.50386 5.05046 4.95939 4.92576 4.81035 4.73105 7.59198 8.18856
threshold=0.61041668057441723 3.5000000000000004 1.5000000000000002 1.0000000180025095e-35 0.12940952181816107 0.14500000327825549 0.25000000000000006 0.33224999904632574 17.092786788940433 4.8322978019714364 11.401166915893556 0.78335803747177135 1.5000000000000002 4.3726072311401376 0.98296290636062633 5.5000000000000009 0.6660769283771516 3.7316987514495854 0.891168773174286 0.98450648784637462 0.82384765148162853 0.17370241135358813 3.9522043466567998 0.51552271842956554 -0.7865660786628722 6.3910789489746103 0.17614834755659106 0.17500000447034839 8.5000000000000018 5.9877066612243661
decision_type=2 2 2 2 2 2 2 2 2 2 2 2 2 2 2 2 2 2 2 2 2 2 2 2 2 2 2 2 2 2
left_child=1 2 6 12 9 26 14 8 16 -3 11 -7 25 -11 15 -1 -2 -12 23 24 -21 22 -22 -14 -13 -4 -5 28 -8 -30
right_child=7 4 3 5 -6 10 27 -9 -10 13 17 19 18 -15 -16 -17 -18 -19 -20 20 21 -23 -24 -25 -26 -27 -28 -29 29 -31
leaf_value=0.014901828102667387 0.036673693869336645 -0.017900417189524932 -0.0050343912054237328 0.0066946868554174227 0.027837594104004496 -0.00012854516992878096 -0.012496363368612181 0.021693337857113644 -0.026957200028132716 0.022331698266476307 -0.013311739881874667 0.0055458520152569376 -0.0012427252533673795 -0.0078348409257806371 0.02184607276848137 -0.0099366984002489112 0.0023617085123256443 0.0038428453463807077 0.011689081337680679 0.024494901035656796 -0.0090079306292986175 -0.010000710484323796 0.023234998983174687 0.018194911674968936 0.037707154561406886 0.021818819442163465 -0.023523428491437973 0.0012294271444277434 -0.0096367770774225432 0.042016917115842489
leaf_weight=13.496470987796782 8.9158725291490573 15.329896256327627 612.72497187554836 11.62136175483465 32.90836076810956 87.162523344159126 97.445313416421413 79.706468060612679 11.830416709184645 25.91632067412138 31.784271627664566 11.35632138699293 438.54815316945314 14.755364485085009 7.5483750812709323 492.02694649249315 21.653314262628555 183.74651998281479 62.410371445119381 34.331044316291809 10.920530691742895 24.433523409068584 25.708721496164799 20.479548141360283 27.947783790528774 9.1871779635548574 22.943217933177948 309.11751368641853 9.0551775917410868 7.3822475001215926
leaf_count=118 70 88 4205 100 197 512 681 756 95 166 209 63 2839 101 69 4898 216 1176 441 178 65 127 151 123 153 55 160 1685 77 55
internal_value=0 -0.00151808 -0.00202277 -7.59799e-05 0.0126905 0.00445898 -0.00537486 0.0149537 0.00187746 0.00313665 0.00593758 0.0104746 -0.00195245 0.0115333 -0.00867739 -0.00921745 0.0140067 0.00121393 0.00117384 0.0172374 0.0118385 0.00417157 0.0136535 -0.000300344 0.0291331 -0.00456903 -0.013553 -0.00134713 -0.00824133 0.0156029
internal_weight=0 2640.29 2551.38 1615.31 88.9099 471.956 936.072 122.106 42.3996 56.0016 437.391 221.86 1143.35 40.6717 513.072 505.523 30.5692 215.531 521.438 134.698 95.3938 61.0628 36.6293 459.028 39.3041 621.912 34.5646 423 113.883 16.4374
internal_count=19829 18692 18140 10557 552 2894 7583 1137 381 355 2634 1249 7663 267 5085 5016 286 1385 3403 737 521 343 216 2962 216 4260 260 2498 813 132
is_linear=0
shrinkage=0.04


Tree=76
num_leaves=31
num_cat=0
split_feature=25 23 3 30 4 22 36 22 27 8 27 0 22 0 16 4 31 29 12 0 0 2 4 4 27 6 16 36 36 27
split_gain=23.4911 12.9199 10.7243 9.01446 7.88654 6.66951 6.0576 6.04843 6.20127 5.84989 5.76862 5.71126 8.53905 7.73447 10.0543 7.3118 7.34854 6.59358 5.76836 5.47371 5.12779 5.08032 4.39663 6.03327 4.37916 7.63145 4.31613 4.15123 10.7946 4.11334
threshold=0.34999999403953558 1.0000000180025095e-35 1.5000000000000002 1.7005987167358401 0.64292663335800182 0.80292990803718578 0.29378509521484381 0.11087121069431306 4.0766892433166513 2.5000000000000004 3.2047748565673833 7.5261752605438241 0.18279032409191134 7.8461968898773202 19.212609291076664 0.87296524643898021 0.57518798112869274 -0.7865660786628722 1.0000000180025095e-35 7.5735280513763437 7.6989336013793954 982.50000000000011 0.89394548535346996 0.95948326587677013 4.775334596633912 5.6818761825561532 102.93876266479494 0.50931063294410717 0.77018675208091747 3.8010908365249638
decision_type=2 2 2 2 2 2 2 2 2 2 2 2 2 2 2 2 2 2 2 2 2 2 2 2 2 2 2 2 2 2
left_child=1 2 9 27 -3 6 26 8 -8 -1 20 18 13 14 -13 17 19 -14 -11 -17 -9 -6 -21 -24 25 -10 -4 -2 -29 -30
right_child=3 4 5 -5 21 -7 7 10 24 11 -12 12 15 -15 -16 16 -18 -19 -20 22 -22 -23 23 -25 -26 -27 -28 28 29 -31
leaf_value=0.0087848452563129582 0.022397749493456805 0.03261727374836413 -0.021585843290509991 0.024433634984960491 0.0039585466714667766 0.019628226451796151 -0.026034305473390244 -0.018723579996653163 0.024755001534204461 -0.010196197957831426 0.0012301753858183226 -0.034992046724734126 0.011506224433884332 -0.023955677094055911 0.0080594846082431906 0.03062384038236601 0.032525663703041018 -0.0226255426526949 0.0033719535081547227 0.013768698791917123 0.0098535117480497824 0.028900555373859809 -0.0093975005905517165 0.022852334332301799 -0.024512336578518399 -0.011446195160086926 0.0099968176571431418 -0.016220104683037008 0.02751063267951849 0.005768337184450501
leaf_weight=40.802270270884037 20.037313207983971 16.506790116429329 31.929049856960773 71.141278006136417 230.04262412339449 25.264677837491035 25.803956873714924 40.188913278281689 14.975711517035959 476.20669849216938 1292.7154376208782 8.8481963723897916 12.3385998532176 39.278706550598145 41.423987649381161 9.6682037562131864 16.100280053913593 24.111091814935207 55.049248948693275 29.765006750822067 11.790434472262858 11.950927056372164 55.682535238564014 9.1107250899076444 8.3169779255986196 18.835679315030575 7.4292953200638285 30.380032613873482 17.103356771171093 57.375519134104252
leaf_count=209 121 116 237 570 1202 282 204 254 114 4385 8674 63 84 342 381 70 96 175 455 228 70 69 428 68 68 174 60 196 90 327
internal_value=0 -0.00105255 -0.00200895 0.0132476 0.00739109 2.75217e-05 -0.000340062 0.000101566 -0.0113682 -0.00567604 0.000697028 -0.00645544 -0.00140554 -0.0111248 -0.000566757 0.00421632 0.00895345 -0.0110741 -0.00878288 0.00476833 -0.0121165 0.00541711 0.00154515 -0.00431429 -0.00161231 0.00507505 -0.0154292 0.00659139 0.0032083 0.0113501
internal_weight=0 2554.14 2295.64 196.037 258.5 1477.25 1451.99 1412.63 67.9323 818.386 1344.69 777.583 246.327 89.5509 50.2722 156.776 120.327 36.4497 531.256 104.226 51.9793 241.994 94.5583 64.7933 42.1284 33.8114 39.3583 124.896 104.859 74.4789
internal_count=19812 18508 17121 1304 1387 10137 9855 9558 560 6984 8998 6775 1935 786 444 1149 890 259 4840 794 324 1271 724 496 356 288 297 734 613 417
is_linear=0
shrinkage=0.04


Tree=77
num_leaves=31
num_cat=0
split_feature=31 27 3 34 16 2 22 25 2 8 18 28 8 28 15 2 4 8 36 22 16 30 25 10 2 2 27 36 36 4
split_gain=16.8977 13.0187 10.5523 7.30871 5.9894 9.04504 6.84757 5.55148 5.52619 9.03686 8.54028 6.67984 8.15944 5.39018 5.95658 7.64719 5.96283 6.61018 9.23742 9.03786 6.71469 7.49824 6.71701 6.07353 5.36736 9.06946 5.28193 6.01414 10.8359 7.87415
threshold=0.46904762089252477 3.831896305084229 1.5000000000000002 50.500000000000007 14.420945167541506 587.50000000000011 0.16550000011920932 0.34999999403953558 633.50000000000011 6.5000000000000009 1.0000000180025095e-35 -0.7865660786628722 5.5000000000000009 0.12940952181816109 0.25690476596355444 581.50000000000011 0.64292663335800182 8.5000000000000018 1.1700189113616946 0.16398936510086062 73.453693389892592 1.4978661537170412 0.23499999940395358 1.0000000180025095e-35 573.50000000000011 615.50000000000011 4.6076669692993173 0.84674265980720531 0.97124102711677562 0.91050902009010326
decision_type=2 2 2 2 2 2 2 2 2 2 2 2 2 2 2 2 2 2 2 2 2 2 2 2 2 2 2 2 2 2
left_child=2 7 3 -1 5 26 -7 24 10 11 -3 -10 -13 14 16 -16 -6 18 19 -18 22 -22 -19 -20 -2 -26 27 -4 -29 -30
right_child=1 8 4 -5 13 6 -8 -9 9 -11 -12 12 -14 -15 15 -17 17 20 23 -21 21 -23 -24 -25 25 -27 -28 28 29 -31
leaf_value=-0.0047931771362000556 0.022849804892788043 -0.026459232559095325 -0.0052321188213248476 0.025939772275472991 0.014380428843309848 0.02322976151963824 0.00562398511351194 0.027353523250249739 -0.00096416984786428146 -0.0050674431554556879 0.00016222502110466684 0.012565516707619831 0.047221448863146512 0.0047125330224760719 0.0046792361857651114 -0.030817221374733139 -0.021012155074916411 -0.027621148096700906 -0.00097292398370269449 -0.0044066422695871743 0.046576618877633397 0.0065980868996392238 0.014182504638224902 0.022546480541230141 -0.021668220176544632 0.010525379057857429 -0.010639677229787019 0.029312959824305044 0.0057049148586248563 -0.026330665737505556
leaf_weight=842.53711561486125 45.235164046287537 21.37126848846674 112.7897253036499 10.606312364339827 29.400552377104759 36.851858988404274 433.54607306420803 41.620556548237801 26.513610199093819 57.753194972872734 110.0309559777379 38.678304351866245 14.521224923431872 155.86313340067863 14.375518850982187 25.178031332790852 79.732763208448887 11.165421798825266 80.041764326393604 150.42361171543598 9.2217986360192281 25.228565573692322 9.8139266744256002 20.453583583235741 13.859252497553824 124.74359773844481 76.928159259259701 26.107223093509674 80.083880394697189 12.437133111059664
leaf_count=7038 313 111 745 62 196 206 2640 376 150 375 650 206 89 1152 87 140 656 106 572 1124 86 221 70 90 105 917 492 156 488 85
internal_value=0 0.00730098 -0.000854929 -0.00435133 0.00129479 0.00361669 0.00709576 0.0143449 0.00133201 0.00689064 -0.00449926 0.0154664 0.0233933 -0.00166721 -0.00386352 -0.0183119 -0.0024069 -0.0037528 -0.00589995 -0.0102907 0.00881489 0.0192681 -0.00853344 0.00416047 0.0111371 0.00704383 -0.00170234 0.00133432 0.00756082 0.000932515
internal_weight=0 494.327 2242.79 853.143 1389.64 778.744 470.398 225.459 268.869 137.466 131.402 79.7131 53.1995 610.899 455.036 39.5536 415.482 386.081 330.652 230.156 55.4297 34.4504 20.9793 100.495 183.838 138.603 308.346 231.418 118.628 92.521
internal_count=19704 3292 16412 7100 9312 4812 2846 1711 1581 820 761 445 295 4500 3348 227 3121 2925 2442 1780 483 307 176 662 1335 1022 1966 1474 729 573
is_linear=0
shrinkage=0.04


Tree=78
num_leaves=31
num_cat=0
split_feature=22 23 34 27 25 6 0 29 15 4 2 4 27 27 6 0 5 30 29 5 1 5 29 4 4 34 2 25 21 8
split_gain=16.7118 8.23498 6.74947 6.79333 6.52302 6.36081 6.25368 6.7263 5.24652 6.75902 7.01689 5.17285 7.20634 10.0843 7.37381 6.8541 5.7467 7.19279 5.34766 4.71527 5.06077 4.66339 4.60349 6.93654 5.2857 4.97766 5.9805 5.60534 4.55662 4.54312
threshold=0.70347222685813915 1.0000000180025095e-35 5.5000000000000009 4.3087832927703866 0.27500000596046453 6.1994938850402841 7.1356794834136972 -0.91597560048103321 0.14145454764366153 0.82503083348274242 597.50000000000011 0.88419497013092052 4.5070056915283212 4.3234698772430429 5.4743669033050546 7.1592843532562265 0.10396283492445947 1.0000000180025095e-35 -0.12940952181816107 0.35014969110488897 2.5000000000000004 0.23464013636112216 -0.7865660786628722 0.87561962008476268 0.81380349397659313 6.5000000000000009 360.50000000000006 0.31000000238418585 8.5000000000000018 3.5000000000000004
decision_type=2 2 2 2 2 2 2 2 2 2 2 2 2 2 2 2 2 2 2 2 2 2 2 2 2 2 2 2 2 2
left_child=1 4 5 28 -1 11 7 -6 9 10 -9 12 13 14 18 -14 -13 -18 -3 20 22 -22 23 24 -8 26 -24 -27 -4 -10
right_child=-2 2 3 -5 6 -7 19 8 29 -11 -12 16 15 -15 -16 -17 17 -19 -20 -21 21 -23 25 -25 -26 27 -28 -29 -30 -31
leaf_value=-0.0028156762577861739 0.017850722875124653 0.010405561152237015 0.037015697965500964 -0.0046097240661920188 -0.012278555820928667 -0.015334313570187509 0.012281303075720663 0.026502314149616249 0.015361257403252006 -0.021570243362615305 -0.01472527948651528 0.015836022890676232 0.0089574701759774517 0.045280826557155922 0.025472060161907804 -0.025795343312863789 0.0020966064647005649 -0.029303537312574877 -0.019278013071521497 0.023337616029691165 0.019591495888715334 -0.0067663431849394468 0.024107961731635479 0.019874877308413929 -0.015351601561726729 -0.0043913288212959391 -0.0052845333618634898 0.024245260236174047 0.0082950750645778316 0.00074939354616545249
leaf_weight=1550.4527953676879 79.41755498945713 21.212823778390884 24.239570125937462 14.313165493309496 77.314986817538738 24.912184856832027 19.042428016662598 11.086996972560884 36.606386981904507 33.280384913086891 11.498208343982695 15.894553795456885 22.544617541134357 14.626577302813528 24.839263081550598 12.479817077517508 28.025524623692036 17.708577997982502 14.723655767738817 19.623211801052094 50.170226231217384 12.442953675985335 9.8050758987665159 47.038445055484772 21.44730718433857 19.032844431698322 185.37030854076147 22.142940431833267 15.488961875438688 290.31904000788927
leaf_count=12356 873 97 149 67 476 128 105 72 163 289 81 84 109 69 118 60 138 96 69 119 290 69 56 292 126 101 1143 129 101 1813
internal_value=0 -0.000545797 0.00632101 0.0185781 -0.00126366 0.00280511 0.00151439 -0.00167646 0.000517603 -0.0105924 0.00602276 0.00557756 0.0106915 0.0175145 0.00960235 -0.00415007 -0.0036336 -0.0107801 -0.00213136 0.00511995 0.0040796 0.0143062 0.00202691 0.00975232 -0.00238941 -0.000891871 -0.00357838 0.0114182 0.0267526 0.00246896
internal_weight=0 2667.68 251.009 54.0417 2416.67 196.968 866.222 460.106 382.791 55.8656 22.5852 172.055 110.427 75.4023 60.7757 35.0244 61.6287 45.7341 35.9365 406.116 386.493 62.6132 323.879 87.5282 40.4897 236.351 195.175 41.1758 39.7285 326.925
internal_count=19838 18965 1285 317 17680 968 5324 2894 2418 442 153 840 522 353 284 169 318 234 166 2430 2311 359 1952 523 231 1429 1199 230 250 1976
is_linear=0
shrinkage=0.04


Tree=79
num_leaves=31
num_cat=0
split_feature=25 5 15 7 31 26 27 22 1 36 22 16 36 3 1 4 25 28 6 6 6 5 16 32 30 3 28 28 0 6
split_gain=14.901 9.80468 8.0441 7.8909 6.97227 6.46562 8.30425 6.432 6.22534 5.71447 6.14478 6.36143 6.20123 5.62511 5.36881 6.46718 12.0347 7.35448 6.5661 6.16499 7.38332 4.86471 5.94495 5.03794 4.78878 6.70223 4.77409 5.19665 9.20548 5.12703
threshold=0.27500000596046453 0.34005814790725714 0.4291666597127915 0.67499998211860668 0.67083334922790538 1.0000000180025095e-35 4.3888778686523446 0.27539215981960302 3.5000000000000004 0.64652454853057872 0.13250000029802325 190.85034942626956 1.7556618452072146 1.5000000000000002 1.5000000000000002 0.84930801391601574 0.31000000238418585 0.37940952181816107 4.7492611408233651 5.9467277526855478 5.5154407024383554 0.13837118446826938 165.53491973876956 14.500000000000002 1.8688347935676577 3.5000000000000004 -0.6035533845424651 -1.0000000180025095e-35 6.284090757369996 5.5234570503234872
decision_type=2 2 2 2 2 2 2 2 2 2 2 2 2 2 2 2 2 2 2 2 2 2 2 2 2 2 2 2 2 2
left_child=2 8 3 13 5 7 -7 24 9 26 12 14 -11 21 -12 16 17 18 -16 20 -17 23 -23 -1 25 -5 29 28 -28 -2
right_child=1 -3 -4 4 -6 6 -8 -9 -10 10 11 -13 -14 -15 15 19 -18 -19 -20 -21 -22 22 -24 -25 -26 -27 27 -29 -30 -31
leaf_value=-0.0030958114804620004 0.010796274047394193 0.017704663651479966 0.015548703858667877 -0.0096292272984293652 0.028592026448838428 0.00022975208163714353 0.033323908472247414 -0.018359974966673711 0.018803578189158569 -0.010348782155871745 0.0016741970568630959 0.032060420698175579 0.019275734531158165 -0.00098068269425551687 0.0078610146606930883 0.012233087915979875 0.01448795969711362 0.016147862103117794 -0.02761957750765559 -0.0010412390152098262 0.03401735561989374 -0.015195499879886809 0.012727982174970233 -0.030579069398360716 0.016253474743678439 0.020419369903010104 0.0032862977743384069 -0.0013593666162213852 -0.031931064439196223 -0.0059005015240999213
leaf_weight=395.1894046664238 63.423430979251862 82.713791340589523 41.496733844280243 50.383833229541779 17.43872831761837 26.398059844970703 20.491888612508774 26.662072166800499 38.641319967806339 67.724814556539059 296.98241463303566 12.81687857210636 11.594865165650843 945.00772082060575 10.077756799757479 98.850816197693348 55.532646752893925 10.409408949315546 31.838678918778896 33.088401257991791 33.513976201415062 124.15457677468657 11.997698597609995 9.0077878311276418 28.766877166926861 13.388812243938444 19.110596053302288 76.494534142315388 27.94576370716095 51.735568910837173
leaf_count=3867 385 609 305 257 100 123 94 130 244 473 1783 74 67 7001 50 543 344 60 195 207 202 1112 106 62 145 55 113 501 192 374
internal_value=0 0.00466119 -0.00143774 -0.00187821 0.0059046 0.00321069 0.0154642 -0.00178506 0.00347802 0.00278067 0.00468912 0.00611015 -0.00565073 -0.0028465 0.00541693 0.00944211 0.00176818 -0.0117675 -0.0191196 0.0143639 0.018173 -0.00609395 -0.0125863 -0.00385584 0.00327781 -0.00289157 -0.00251034 -0.00791334 -0.0180777 0.00332251
internal_weight=0 1022.5 1710.38 1668.89 183.53 166.092 46.8899 119.202 939.782 901.141 662.431 583.111 79.3197 1485.36 570.294 273.312 107.858 52.3258 41.9164 165.453 132.365 540.349 136.152 404.197 92.5395 63.7726 238.71 123.551 47.0564 115.159
internal_count=19773 6416 13357 13052 904 804 217 587 5807 5563 3998 3458 540 12148 3384 1601 649 305 245 952 745 5147 1218 3929 457 312 1565 806 305 759
is_linear=0
shrinkage=0.04


Tree=80
num_leaves=31
num_cat=0
split_feature=25 22 15 7 16 14 18 33 5 36 28 25 25 36 6 5 25 28 27 36 0 36 25 7 6 6 34 36 28 27
split_gain=15.6093 14.2849 9.11812 8.85675 8.4183 7.05481 12.4148 9.18095 7.58927 8.89254 6.27584 9.151 5.49441 7.08576 7.05279 7.67513 4.69609 5.74477 4.50838 6.18467 5.27382 5.94216 5.79308 4.36724 5.57959 4.45559 7.17054 5.67391 6.94268 6.45974
threshold=0.17500000447034839 0.61974024772644054 0.39333333075046545 0.75000000000000011 17.092786788940433 1.0000000180025095e-35 1.0000000180025095e-35 1.0000000180025095e-35 0.34488114714622503 0.48668977618217474 -0.37940952181816096 0.23499999940395358 0.34999999403953558 0.48668977618217474 5.570249319076539 0.12162988260388376 0.27500000596046453 -0.91597560048103321 3.6415249109268193 1.7800819873809817 7.1899151802062997 0.49608606100082403 0.27500000596046453 0.25000000000000006 4.2268071174621591 6.4715728759765634 7.5000000000000009 0.81289497017860424 -0.7865660786628722 4.4420626163482675
decision_type=2 2 2 2 2 2 2 2 2 2 2 2 2 2 2 2 2 2 2 2 2 2 2 2 2 2 2 2 2 2
left_child=23 3 4 5 -3 6 18 -8 12 -10 16 -12 -7 -14 -15 -16 -5 -18 19 20 21 -2 -22 -1 -25 26 27 29 -29 -26
right_child=1 2 -4 10 -6 8 7 -9 9 -11 11 -13 13 14 15 -17 17 -19 -20 -21 22 -23 -24 24 25 -27 -28 28 -30 -31
leaf_value=-0.0074809758992644398 -0.011568496843853127 0.012190629762197057 0.024733975453698202 0.0066644359685583366 -0.026655979587326233 -0.0044203716132713636 0.048083911209801156 0.0071844125794658488 -0.017863101631611984 0.019163386855862951 0.018533147476595971 -0.0078649685206279071 0.034122932282523742 -0.012494298901548353 -0.013653401482246599 0.02577677594688178 0.0075869957299579292 0.03424780614135 0.00047671467971504753 0.032530722615485078 -0.02757365175919281 0.01888164515699297 0.0084703993629417756 -0.013651984657832014 -0.011354494868879263 0.024123896117725065 -0.012182359572491426 -0.0045511469528025372 0.016193143851831543 0.010474779722236
leaf_weight=443.2841587215662 11.883300736546515 27.12831861525774 66.742094822227955 55.589147955179214 10.8692260235548 752.54235846176744 14.186075285077093 21.059283025562763 11.539034344255922 46.019039735198021 29.630061767995358 60.607629053294659 10.745566666126249 29.302895411849022 10.060755617916582 22.900661982595921 23.641656823456287 30.930218890309334 648.71408669650555 14.019256152212618 12.036899477243425 41.998794764280319 13.062859699130057 48.067436926066875 61.548711761832237 10.573690243065355 59.952521070837975 37.750112891197205 74.923875413835049 31.077882207930088
leaf_count=4563 79 272 688 259 89 5586 76 144 75 284 134 273 69 179 71 153 106 143 4084 72 79 241 71 265 374 63 396 227 424 190
internal_value=0 0.0018108 0.016042 0.000993254 0.000301287 3.00698e-05 0.00280628 0.0253443 -0.00241326 0.0113899 0.00889298 0.00101691 -0.00340083 0.00694571 0.00133948 0.013649 0.0152114 0.0233744 0.00167003 0.0098085 0.00507151 0.0119924 -0.00957426 -0.00490969 -0.0013663 0.000857546 -0.000243504 0.00332682 0.00928485 -0.00396379
internal_weight=0 1965.21 104.74 1860.47 37.9975 1660.07 776.961 35.2454 883.11 57.5581 200.399 90.2377 825.552 73.0099 62.2643 32.9614 110.161 54.5719 741.715 93.0011 78.9819 53.8821 25.0998 767.178 323.894 275.827 265.253 205.301 112.674 92.6266
internal_count=19729 13227 1049 12178 361 11263 4846 220 6417 359 915 407 6058 472 403 224 508 249 4626 542 470 320 150 6502 1939 1674 1611 1215 651 564
is_linear=0
shrinkage=0.04


Tree=81
num_leaves=31
num_cat=0
split_feature=25 1 26 13 36 31 28 29 5 21 6 22 6 14 10 36 15 28 27 2 27 8 28 2 5 36 6 6 28 16
split_gain=14.5815 11.2637 11.1716 8.43615 7.18432 7.16484 6.45416 6.40915 6.37249 6.28973 5.79825 5.68002 5.59661 6.12328 5.55575 6.52464 5.57474 7.2845 6.22141 5.36732 5.35609 5.32189 5.71821 7.77265 9.19745 7.27751 6.56975 10.3516 5.7449 5.44513
threshold=0.31000000238418585 1.5000000000000002 1.0000000180025095e-35 1.0000000180025095e-35 0.65556094050407421 0.25320513546466833 0.78656607866287243 0.37940952181816107 0.12386099621653558 17.500000000000004 4.8559212684631357 0.23043560981750491 5.6294164657592782 0.89587974548339855 1.0000000180025095e-35 1.5790605545043948 0.21374999731779101 -0.7865660786628722 4.1828129291534433 659.50000000000011 5.2211663722991952 3.5000000000000004 -0.7865660786628722 510.50000000000006 0.22370029240846637 0.78335803747177135 5.8593597412109384 4.9015574455261239 -0.37940952181816096 108.63581466674806
decision_type=2 2 2 2 2 2 2 2 2 2 2 2 2 2 2 2 2 2 2 2 2 2 2 2 2 2 2 2 2 2
left_child=2 12 8 5 -3 21 -6 10 20 14 19 -7 -2 -14 15 -10 -17 -18 -19 -5 -1 -4 -23 24 28 -25 27 -27 -24 -29
right_child=1 4 3 7 6 11 -8 -9 9 -11 -12 -13 13 -15 -16 16 17 18 -20 -21 -22 22 23 25 -26 26 -28 29 -30 -31
leaf_value=-0.0086468360217262282 -0.005304099439135619 -5.104327070918744e-05 0.015166879527863561 0.020205111813806874 0.018439572368091555 0.040467141714267109 -0.0096725645726629603 0.0082054846188752851 -0.00496841632146287 0.014404981499312273 -0.016161215119807049 0.011132426736927442 0.015974062629592823 -0.0043056497032471063 0.0035683064470347567 -0.0059075203076886596 -0.0056746044853943044 0.0047253349888606291 0.03003445958177263 -0.015440244602606861 0.018084647404367375 -0.0049888487129754926 -0.010908311460662186 -0.007476940305948033 0.045147318595430426 -0.0017969368357468301 -0.0080815830533782357 0.017848814259574443 0.01880999238145778 0.053245765974309869
leaf_weight=369.04931550845504 133.73909579962492 56.479952782392502 50.81361810863018 14.438417397439482 164.67263884842396 11.403460137546061 12.965072825551031 36.784105218946934 850.30329554527998 34.798688724637032 77.33321450278163 65.11794725060463 53.434692397713661 40.563919603824615 205.91336291283369 54.508928671479225 30.77070826292038 31.52571277320385 30.450969539582729 9.6236493587493879 10.574909396469591 134.37688365206122 14.847099334001539 82.865515157580376 13.077167622745035 37.537919819355011 28.525215219706297 36.169210352003574 26.211975373327732 8.1500870510935766
leaf_count=3290 791 349 235 92 1057 65 82 285 6622 304 594 368 333 297 1059 416 199 195 189 64 88 998 111 637 75 239 225 236 204 60
internal_value=0 0.00626901 -0.00151478 0.00292028 0.0123906 0.005297 0.0163029 -0.00578695 -0.00329054 -0.00189421 -0.0109236 0.0164234 -7.7139e-05 0.00731523 -0.00238862 -0.00362291 0.0041089 0.00999612 0.0177106 0.00585787 -0.00781132 0.00326225 0.00160692 0.00520096 0.0183052 0.00138004 0.00804383 0.0137219 0.00805623 0.0263761
internal_weight=0 461.855 2265.17 647.275 234.118 509.096 177.638 138.179 1617.9 1238.27 101.395 76.5214 227.738 93.9986 1203.47 997.56 147.256 92.7474 61.9767 24.0621 379.624 432.575 381.761 247.384 54.1362 193.248 110.382 81.8572 41.0591 44.3193
internal_count=19759 2909 16850 4488 1488 3453 1139 1035 12362 8984 750 433 1421 630 8680 7621 999 583 384 156 3378 3020 2785 1787 390 1397 760 535 315 296
is_linear=0
shrinkage=0.04


Tree=82
num_leaves=31
num_cat=0
split_feature=20 1 7 5 16 36 28 27 6 34 27 25 0 0 28 31 16 28 30 12 0 16 6 2 36 6 22 17 28 6
split_gain=13.7607 11.16 9.94993 10.2948 7.64029 8.09592 8.09699 7.7105 6.92616 7.40899 6.75708 6.62754 6.37484 6.53562 5.40869 5.08673 5.63415 5.31371 5.02418 4.53469 5.45146 4.57757 7.62373 7.02186 11.7649 8.34505 7.37861 6.72874 6.02318 5.9456
threshold=0.69055554270744335 3.5000000000000004 0.57499998807907116 0.33569559454917913 11.941490650177004 0.69001945853233349 0.91597560048103344 3.2600158452987675 6.1495356559753427 15.500000000000002 4.2745802402496347 0.34999999403953558 6.6541316509246835 6.6147031784057626 -0.37940952181816096 0.50384616851806652 5.0045039653778085 -0.7865660786628722 3.3497501611709599 1.0000000180025095e-35 6.9902460575103769 55.65727615356446 5.6954128742218026 579.50000000000011 1.1144746541976931 5.6076369285583505 0.23043560981750491 1.5000000000000002 0.37940952181816107 5.3447208404541025
decision_type=2 2 2 2 2 2 2 2 2 2 2 2 2 2 2 2 2 2 2 2 2 2 2 2 2 2 2 2 2 2
left_child=1 2 3 4 5 8 -7 -6 9 12 -3 15 13 -1 -12 18 17 -17 -4 21 -21 28 23 24 26 -25 29 -24 -9 -23
right_child=-2 10 11 -5 7 6 -8 19 -10 -11 14 -13 -14 -15 -16 16 -18 -19 -20 20 -22 22 27 25 -26 -27 -28 -29 -30 -31
leaf_value=-0.0075251561063818763 0.01577513083277127 0.020999817042987257 0.00094805041323567829 0.0084702322929149972 -0.02673037647881929 0.002687794370638358 -0.017766024969320993 -0.014150899326526521 0.014109087113879695 0.023223466054211325 0.0096451796794245117 0.017786953676293391 -0.01929244181097732 0.022356908928249371 -0.021080495135734529 -0.0010238365903152667 0.0033681455184757202 0.033686866002283197 -0.022352100436899999 0.026913927165458762 -0.0030305944775651668 0.0042760707901334308 -0.0059633682619882247 -0.0081653943646195302 0.029262323749738851 0.020029088745596519 0.023565659428970282 -0.024090996669764941 0.0031295598044667693 -0.02503084655846927
leaf_weight=160.27685163170099 81.408846914768219 57.361686483025551 522.0778623893857 120.70858663320541 26.515562985092402 586.77340734004974 30.699679248034954 179.25292102992535 22.007006429135799 9.4874359816312772 25.243377473205328 42.791472584009171 76.480330549180508 10.697164148092268 11.817411400377749 9.8692033067345637 69.154239349067211 21.784482136368752 13.23784940689802 12.802718341350554 27.368849664926529 23.219319898635149 314.06355087086558 114.49527463316917 31.003358371555805 17.684698812663555 12.68783989548683 35.022629629820585 38.480003383010626 18.359141170978546
leaf_count=1243 819 374 2454 786 206 4209 224 1544 186 56 155 238 694 97 84 63 362 139 69 119 227 196 2968 880 222 164 85 356 340 181
internal_value=0 -0.00072625 -0.00123102 -0.0027376 -0.00352063 -0.000939773 0.00161679 -0.00623081 -0.00657014 -0.0084366 0.0126327 0.00291033 -0.00982691 -0.00541867 -0.000729903 0.00185698 0.0100063 0.0234468 0.000290805 -0.00550841 0.00733656 -0.00618334 -0.00426281 0.00160927 0.0104288 -0.00415087 -0.000988839 -0.00790893 -0.0110962 -0.00921939
internal_weight=0 2641.42 2547 1868.09 1747.38 896.422 617.473 850.956 278.949 256.942 94.4225 678.915 247.454 170.974 37.0608 636.124 100.808 31.6537 535.316 824.44 40.1716 784.269 566.536 217.45 85.2697 132.18 54.2663 349.086 217.733 41.5785
internal_count=19740 18921 18308 14983 14197 6709 4433 7488 2276 2090 613 3325 2034 1340 239 3087 564 202 2523 7282 346 6936 5052 1728 684 1044 462 3324 1884 377
is_linear=0
shrinkage=0.04


Tree=83
num_leaves=31
num_cat=0
split_feature=4 1 36 0 30 36 0 0 23 16 28 4 36 16 4 29 8 36 0 12 22 26 6 0 16 22 16 6 6 0
split_gain=10.2454 8.70397 12.0523 7.83437 7.49672 7.39559 6.75285 7.89378 6.66433 5.74201 11.4124 8.20264 6.60692 8.44455 6.59799 5.94705 7.81447 5.81799 5.50494 5.40388 5.38382 5.72808 5.42724 5.62108 5.34333 7.44802 6.87543 6.03806 6.06633 5.33966
threshold=0.65063205361366283 2.5000000000000004 0.40955632925033575 6.9622323513031015 3.6762205362319951 0.73725226521492015 6.8936436176300058 6.8200013637542733 1.0000000180025095e-35 11.941490650177004 0.91597560048103344 0.91245159506797802 1.1014350056648257 164.20353698730472 0.89175492525100719 -0.6035533845424651 4.5000000000000009 0.76172128319740307 7.0867292881011972 1.0000000180025095e-35 0.16550000011920932 1.0000000180025095e-35 6.310826539993287 6.4232139587402353 90.040901184082045 0.3326136469841004 172.87823486328128 6.0461888313293466 5.0968081951141366 5.9295008182525644
decision_type=2 2 2 2 2 2 2 2 2 2 2 2 2 2 2 2 2 2 2 2 2 2 2 2 2 2 2 2 2 2
left_child=4 5 -3 -4 8 19 7 -7 -1 10 11 17 13 14 -11 16 -13 -8 -5 20 21 29 23 -23 27 26 -26 28 -22 -2
right_child=1 2 3 18 -6 6 9 -9 -10 12 -12 15 -14 -15 -16 -17 -18 -19 -20 -21 24 22 -24 -25 25 -27 -28 -29 -30 -31
leaf_value=0.00075701307025659726 0.009400117937143319 -0.018239135509979795 0.014837118455973131 -0.012337595307599973 0.024606261637415569 0.0016823809631092103 0.033859671242567391 0.020126868139926795 0.030625581559432478 -0.016941033548131205 -0.020996042651343524 -0.024512969167752221 -0.00037591417257788967 0.008531719309096986 2.586458677543385e-05 -0.012171492494358485 0.012320666720905536 0.0049377906139775971 0.0050600220793917319 0.0077820485085819836 -0.0022149252120913961 0.0077999736065898478 0.022734036863435742 -0.015699451032246872 0.023489566464422539 -0.013343600624799714 -0.0053167331604097737 0.010013769191995073 -0.012660239163645349 -0.016059118149333255
leaf_weight=95.099004670977592 13.035463996231554 31.086521062999964 128.94065305218101 32.060934595763683 39.943323768675327 114.72256030142307 9.4916068091988546 53.184047818183899 11.688690438866614 136.32598373666406 31.110074363648891 9.6589791998267156 376.63607184588909 35.228465162217617 49.891984075307846 81.360802538692951 42.759453229606152 448.0068954192102 199.85399417206645 50.741717927157879 223.36006325483322 27.20758356153965 11.041457891464232 35.373684592545033 37.372198082506657 20.311031393706799 19.031216390430927 37.853854730725288 147.03880175203085 164.13752648979425
leaf_count=598 109 221 855 222 422 653 71 337 64 1106 212 46 2717 315 471 606 325 2937 1392 355 1601 208 100 293 272 124 125 303 1096 1564
internal_value=0 -0.000545987 0.00492577 0.00701088 0.010252 -0.00153569 0.000221023 0.00769278 0.00452927 -0.00081781 0.00186904 0.00313881 -0.00361076 -0.00905998 -0.0124432 -0.00551598 0.00488199 0.00568259 0.00256998 -0.00462942 -0.00550415 -0.010242 -0.000825717 -0.00555777 -0.00302202 0.00654656 0.0139207 -0.0048432 -0.00640717 -0.0141019
internal_weight=0 2566.82 391.942 360.856 146.731 2174.88 1388.38 167.907 106.788 1220.47 622.388 591.278 598.083 221.446 186.218 133.779 52.4184 457.499 231.915 786.505 735.763 250.796 73.6227 62.5813 484.967 76.7144 56.4034 408.253 370.399 177.173
internal_count=19720 18636 2690 2469 1084 15946 9796 990 662 8806 4197 3985 4609 1892 1577 977 371 3008 1614 6150 5795 2274 601 501 3521 521 397 3000 2697 1673
is_linear=0
shrinkage=0.04


Tree=84
num_leaves=31
num_cat=0
split_feature=7 31 2 14 36 0 2 25 6 20 16 0 3 26 4 36 2 22 2 32 23 2 4 22 36 28 2 1 6 0
split_gain=17.2153 8.92536 6.7013 7.4016 7.56893 6.105 6.34194 6.40457 5.84261 5.80349 5.39826 5.38805 5.37417 9.97935 6.10089 6.28384 6.23822 6.14926 5.86349 5.64908 5.9614 5.66747 5.34723 5.23263 4.90612 6.66377 4.87417 6.2395 6.94143 5.19512
threshold=1.0000000180025095e-35 0.64611005783081066 730.50000000000011 1.0000000180025095e-35 1.0907711982727053 6.455167531967164 611.50000000000011 0.14500000327825549 6.4838714599609384 0.69502452015876781 5.0045039653778085 6.2652561664581308 1.5000000000000002 1.0000000180025095e-35 0.89175492525100719 0.31323483586311346 641.50000000000011 0.11501358821988107 508.50000000000006 1.5000000000000002 1.0000000180025095e-35 581.50000000000011 0.90342187881469738 0.33224999904632574 1.7360265254974367 -0.6035533845424651 730.50000000000011 2.5000000000000004 5.3156630992889413 6.9622323513031015
decision_type=2 2 2 2 2 2 2 2 2 2 2 2 2 2 2 2 2 2 2 2 2 2 2 2 2 2 2 2 2 2
left_child=2 8 9 4 -4 11 -7 -8 12 24 -5 -3 23 14 15 -14 18 -17 -16 20 -15 -21 -6 -2 -1 -26 -9 28 -28 -29
right_child=1 5 3 10 22 6 7 26 -10 -11 -12 -13 13 19 16 17 -18 -19 -20 21 -22 -23 -24 -25 25 -27 27 29 -30 -31
leaf_value=-0.0064838231737808175 -0.00098931506285641424 0.0065905923598146912 0.014609709203219473 -0.029273859592920053 -0.010729475212144401 0.0035646847203694722 -0.01307990541358678 0.031685269711105135 0.017444765930971252 0.023759384344899138 -0.0018396193078724556 -0.026232496357721246 -0.023695961937327998 0.011144444002120286 0.015071206112855579 -0.019150736388307322 0.023198429056494958 0.0011200757363696741 -0.016382916551940171 0.017090217818090777 0.035482173357053892 -0.012196986136671863 0.01514469439766488 -0.024926867594452382 -0.007838007169451636 0.013148146021507249 -0.024754905152047424 0.045967343343285012 0.013291736794005448 0.014716546974288211
leaf_weight=724.98276094347239 456.76535369455814 19.954493954777721 99.166075423359871 10.216617934405802 42.422159679234028 74.418623305857182 8.4139829352498037 41.498261712491512 36.461928591132164 9.148031607270239 196.26181610673666 10.73705794662237 16.61108785122633 167.16256907582283 17.071210652589798 23.328003376722336 34.438031874597073 436.25560262799263 16.862516857683659 14.076555773615835 16.565915152430534 28.975534237921238 16.005856446921825 13.103160634636877 44.361534141004086 48.865556113421917 10.049241632223131 10.186819683760403 19.12553845345974 41.142280846834183
leaf_count=6631 3111 110 751 70 282 496 52 332 223 56 1698 67 100 886 103 156 196 2373 108 71 76 146 117 70 345 369 63 92 172 392
internal_value=0 0.00341387 -0.0030095 0.00150713 0.00798321 0.0105362 0.0130155 0.0182731 0.00208652 -0.00499585 -0.00346489 -0.00579452 0.00160802 0.00365871 0.000710856 -0.000910044 0.0117051 1.26295e-05 -0.00060102 0.0106693 0.0136973 -0.00228749 -0.00337481 -0.00175968 -0.00537451 0.00320713 0.0206115 0.0142735 -0.000560797 0.0224099
internal_weight=0 1513.2 1191.43 364.073 157.594 235.526 204.835 130.416 1277.68 827.358 206.478 30.6916 1241.22 771.347 544.566 476.195 68.3718 459.584 33.9337 226.781 183.728 43.0521 58.428 469.869 818.21 93.2271 122.002 80.5039 29.1748 51.3291
internal_count=19714 9395 10319 2918 1150 1776 1599 1103 7619 7401 1768 177 7396 4215 3036 2629 407 2529 211 1179 962 217 399 3181 7345 714 1051 719 235 484
is_linear=0
shrinkage=0.04


Tree=85
num_leaves=31
num_cat=0
split_feature=23 34 34 27 9 36 20 36 4 5 2 2 4 31 14 16 4 2 29 27 5 0 5 5 4 4 8 0 0 2
split_gain=15.2526 12.0468 10.598 9.83992 6.94109 7.39626 6.68656 6.37004 6.15814 5.80855 7.05992 7.23865 6.89173 7.32575 5.99985 6.00305 5.31226 5.25323 6.51358 5.32811 4.93838 4.73615 6.1319 4.70156 5.16421 4.58911 4.36534 4.28231 5.03945 4.27524
threshold=1.0000000180025095e-35 49.500000000000007 5.5000000000000009 4.3087832927703866 1.0000000180025095e-35 0.29378509521484381 0.41083332896232611 0.88647782802581798 0.85527354478836071 0.33569559454917913 774.50000000000011 720.50000000000011 0.73818117380142223 0.66091954708099376 1.4978661537170412 87.848701477050795 0.93424811959266674 907.50000000000011 0.12940952181816107 4.5648686885833749 0.11812742426991464 6.530851125717164 0.38010956346988684 0.12772481888532641 0.8029385805130006 0.8818233609199525 6.5000000000000009 6.8834495544433603 6.4232139587402353 326.50000000000006
decision_type=2 2 2 2 2 2 2 2 2 2 2 2 2 2 2 2 2 2 2 2 2 2 2 2 2 2 2 2 2 2
left_child=1 4 17 -4 6 -6 16 27 -3 12 11 21 13 -7 -14 -16 29 18 23 20 -20 -11 -23 -2 -25 -9 -26 28 -8 -1
right_child=2 8 3 -5 5 9 7 25 -10 10 -12 -13 14 -15 15 -17 -18 -19 19 -21 -22 22 -24 24 26 -27 -28 -29 -30 -31
leaf_value=-0.019174904013385358 -0.0041637137496041837 0.026307552321185774 0.030438865584415536 -0.0043771827738218081 -0.020264721272777751 -0.0081249003749333318 -0.010203061661149882 0.012125452962577776 -0.011146658111494954 -0.011160508998513417 -0.012062192413280434 0.042463536805060098 -0.0018302558174833269 -0.040200610124749528 0.017312448379763843 -0.021934823264792857 -0.013230471581089783 0.025330847178253901 0.021126814021096955 -0.024548623289251302 -0.007125230541654131 0.02679979683657319 -0.0006338329225385915 -0.0023391068287973156 0.030000244199614837 0.038198909238713198 0.0084927603063742613 -0.017645219965305364 0.016829819857555651 0.0013968604908690442
leaf_weight=14.522252939641474 35.419943623244762 36.01193680241704 53.605472929775715 16.345410212874413 36.00255061686039 53.127809211611748 16.797997161746025 66.60400377959013 7.4266575276851645 15.091136112809179 22.163601905107498 9.3542380407452566 1194.5776242129505 13.084416560828684 5.8080089241266242 39.417886134237051 42.675080679357052 15.786593183875082 11.126024253666399 18.272636376321316 38.270880468189716 24.415596008300781 25.559581249952316 25.230709031224251 28.366198003292084 11.998050376772879 34.541432857513428 14.845106452703474 25.284763120114803 751.86905366927385
leaf_count=73 190 328 440 81 362 430 91 562 47 105 137 63 10682 77 44 442 235 75 59 94 183 176 164 118 129 64 172 102 167 3803
internal_value=0 -0.000708451 0.00916728 0.0224079 -0.00109655 -0.00284422 0.0015655 0.00971956 0.0196953 -0.00236884 0.00700309 0.0128481 -0.00307158 -0.0154563 -0.00238634 -0.0163749 0.00017898 0.00452163 0.00255934 -0.00728143 -0.000187331 0.00745111 0.0132845 0.007979 0.0128429 0.0169545 0.0188164 -0.000506298 0.00606588 0.000958154
internal_weight=0 2426.64 276.965 69.9509 2383.2 1438.6 944.596 135.53 43.4386 1402.6 96.5842 74.4206 1306.02 66.2122 1239.8 45.2259 809.066 207.014 191.228 67.6695 49.3969 65.0663 49.9752 123.558 88.1383 78.6021 62.9076 56.9279 42.0828 766.391
internal_count=19695 18154 1541 521 17779 12682 5097 986 375 12320 645 508 11675 507 11168 486 4111 1020 945 336 242 445 340 609 419 626 301 360 258 3876
is_linear=0
shrinkage=0.04


Tree=86
num_leaves=31
num_cat=0
split_feature=22 3 7 29 25 6 6 1 36 22 6 27 28 6 22 2 31 25 6 27 4 26 5 5 27 27 28 30 16 6
split_gain=11.0815 7.06005 6.82223 8.08913 6.49851 7.80643 7.15691 9.74895 6.39507 6.04003 6.50152 7.73066 5.85101 5.84315 6.37913 7.93772 5.4256 5.14191 7.88288 7.0435 6.54901 5.06302 5.2492 5.9968 5.22089 4.84913 4.75601 4.73151 7.02724 4.96638
threshold=0.52642855048179638 1.5000000000000002 0.42499999701976782 -0.91597560048103321 0.34999999403953558 5.3351285457611093 5.3821961879730233 3.5000000000000004 1.4209429621696474 0.11087121069431306 5.6294164657592782 4.9777677059173593 0.98296290636062633 5.6612212657928476 0.23043560981750491 521.50000000000011 0.077935222536325469 0.17500000447034839 6.3690440654754648 4.1214728355407724 0.88063490390777599 1.0000000180025095e-35 0.12162988260388376 0.1342478543519974 5.3139445781707773 4.3826513290405282 -0.7865660786628722 2.0126758217811589 12.892439842224123 4.7317931652069101
decision_type=2 2 2 2 2 2 2 2 2 2 2 2 2 2 2 2 2 2 2 2 2 2 2 2 2 2 2 2 2 2
left_child=1 17 -2 -4 6 8 12 9 -6 -8 11 -11 21 -12 16 -16 -15 18 -1 -20 -21 24 -23 -24 27 -25 -18 29 -29 -3
right_child=2 4 3 -5 5 -7 7 -9 -10 10 13 -13 -14 14 15 -17 26 -19 19 20 -22 22 23 25 -26 -27 -28 28 -30 -31
leaf_value=-0.010844668280429041 -9.4112103337594432e-05 -0.00048814622968385561 -0.007844627974006568 0.021565839057186235 -0.0069991495562700626 0.023200865598122431 -0.01650673211031619 0.024721714425628614 0.022871319619325887 -0.01221626354163831 0.020820009171974768 0.018614387261239564 -0.020275783391990633 -0.00027580815077431621 0.0098386991206579049 -0.01614243340144959 -0.0033664555917252972 -0.0013645538054691748 0.02663906493885624 0.010621288885249838 -0.028203057888694961 -0.01576208682267341 0.035526842588603044 0.012407095564844445 -0.023046889913262029 0.00026920128074482154 0.023699885815766399 0.0042067599613821042 -0.027157502357357845 0.007035498278720527
leaf_weight=225.59677774831653 64.004420898854733 317.48775139451027 17.043317526578903 83.767160329967737 41.918318450450897 43.618750706315041 51.663958236575127 17.986872442066669 13.523231513798235 139.01684210449457 18.881081268191338 12.561229549348353 15.294925004243849 247.73709898069501 23.627196028828621 72.812213391065598 14.983316242694853 675.56050744652748 16.455512888729572 15.13498990237713 9.8074298910796625 12.225213982164858 11.474420949816702 136.75208339095116 11.782440461218355 85.021173939108849 28.846361085772514 23.35828872770071 19.553443230688572 249.30524446442723
leaf_count=2362 384 2065 172 935 231 258 456 114 68 962 136 86 95 1858 138 424 88 4983 157 135 108 94 71 792 77 500 175 131 106 1694
internal_value=0 -0.000485784 0.0101552 0.0165377 0.00112414 0.0109444 0.000466437 -0.00279175 0.000829468 -0.00368098 -0.00243979 -0.0094522 0.00278715 0.000206007 -0.000898731 -0.00970661 0.00206087 -0.00323131 -0.00790939 0.00784894 -0.00560491 0.00323976 0.00807935 0.00945234 0.00130844 0.00779779 0.014704 0.00185292 -0.0106578 0.00283425
internal_weight=0 2551.99 164.815 100.81 1609.43 99.0603 1510.37 628.116 55.4415 610.129 558.465 151.578 882.255 406.887 388.006 96.4394 291.567 942.555 266.995 41.3979 24.9424 866.96 245.473 233.248 621.487 221.773 43.8297 609.705 42.9117 566.793
internal_count=19855 18364 1491 1107 10619 557 10062 4437 299 4323 3867 1048 5625 2819 2683 562 2121 7745 2762 400 243 5530 1457 1363 4073 1292 263 3996 237 3759
is_linear=0
shrinkage=0.04


Tree=87
num_leaves=31
num_cat=0
split_feature=23 7 27 16 16 25 0 22 25 18 5 8 34 4 22 2 2 4 0 34 0 2 28 25 0 2 4 2 29 22
split_gain=12.7113 10.6446 10.4794 8.18992 14.2853 7.04573 6.91321 6.34869 6.03382 6.40602 6.37785 5.94198 5.60175 5.47442 6.23759 5.1683 5.15098 5.51778 6.75685 5.10964 5.04718 5.00499 4.94209 4.84951 5.19245 5.11359 5.55509 5.29729 6.89756 4.73757
threshold=1.0000000180025095e-35 0.57499998807907116 3.4578914642333989 48.595153808593757 55.65727615356446 0.34999999403953558 7.8995227813720712 0.098082788288593306 0.23499999940395358 3.5000000000000004 0.34005814790725714 3.5000000000000004 38.500000000000007 0.74497476220130932 0.40547619760036474 854.50000000000011 786.50000000000011 0.86221691966056835 6.6795794963836679 29.500000000000004 6.6669363975524911 976.50000000000011 -0.6035533845424651 0.14500000327825549 7.1747169494628915 450.50000000000006 0.92196691036224376 700.50000000000011 -0.91597560048103321 0.16398936510086062
decision_type=2 2 2 2 2 2 2 2 2 2 2 2 2 2 2 2 2 2 2 2 2 2 2 2 2 2 2 2 2 2
left_child=1 3 -2 8 -5 6 15 20 9 -1 13 -8 -9 -10 -15 16 23 18 -18 -16 -6 -4 -12 -3 25 -25 27 28 -27 -26
right_child=2 5 21 4 7 -7 11 12 10 -11 22 -13 -14 14 19 -17 17 -19 -20 -21 -22 -23 -24 24 29 26 -28 -29 -30 -31
leaf_value=-0.0026811366305483143 0.028055816082141118 -0.011601976904937484 0.0035712383821762624 -0.029659243001862411 0.0057165911334916995 0.018102841091740676 -0.0054813722096863629 -0.0044110888348125859 -0.015210742046079622 -0.029985332602544018 0.0022517937294876649 0.0283673736202813 0.01645532501622881 0.00098603487271314567 0.024744949141597965 0.010710407966217217 -0.024404049505661767 -0.02783884275926167 0.013996895704309105 -0.0069698020101191249 -0.030180378462385984 0.028362614761542657 0.032756631100779442 -0.0077016007213828834 0.015323387225091569 -0.0049957739802873168 -0.01447683961197109 -0.0023742230341806574 0.016338560094929823 -0.006230980783804279
leaf_weight=558.08027485758066 34.451196983456612 42.718109488487244 233.15682105347514 36.976282637566328 7.5417403616011169 46.013016022741795 10.998524099588392 561.47562941163778 27.977904312312603 12.126104950904844 15.866506554186342 25.89644218981266 19.43143130466342 436.60572898387909 30.571342639625072 75.538081370294094 9.8453133329749125 19.588268972933292 17.242200538516045 9.8350077271461469 23.655192408710718 11.883826423436401 17.11719336360693 38.137979879975319 16.624584794044495 28.25308596342802 14.916500292718409 46.618673026561737 140.42705009877682 133.43206505477428
leaf_count=5027 277 230 1208 317 81 326 55 5185 173 73 108 159 125 2948 180 419 48 97 92 68 249 70 123 192 83 140 77 231 673 700
internal_value=0 -0.000964442 0.00801533 -0.00259622 -0.00615688 0.00333432 0.00218403 -0.00464517 -0.00050334 -0.00336457 0.00253055 0.0185139 -0.00365904 0.00138066 0.00241324 0.00109148 -0.000375785 -0.0127524 -0.000678729 0.0170609 -0.0216808 0.00499344 0.0190502 0.000926651 0.00225489 0.00557219 0.00781855 0.00948226 0.0127485 -0.00367286
internal_weight=0 2423.51 279.492 1757.26 649.08 666.25 620.237 612.104 1108.18 570.206 537.974 36.895 580.907 504.99 477.012 583.342 507.804 46.6758 27.0875 40.4064 31.1969 245.041 32.9837 461.128 418.41 268.353 230.215 215.299 168.68 150.057
internal_count=19734 18179 1555 14657 5957 3522 3196 5640 8700 5100 3600 214 5310 3369 3196 2982 2563 237 140 248 330 1278 231 2326 2096 1313 1121 1044 813 783
is_linear=0
shrinkage=0.04


Tree=88
num_leaves=31
num_cat=0
split_feature=23 2 25 6 34 27 7 6 15 29 1 27 2 6 6 27 5 6 15 29 25 16 2 36 7 36 5 5 27 22
split_gain=11.8997 9.21472 7.65968 12.0858 5.97106 7.35077 5.88025 6.7199 6.29563 5.50949 5.46901 5.39753 5.11787 6.5515 5.46452 5.01519 6.98501 4.95441 4.91575 5.42025 6.70231 6.40462 5.84646 5.18244 5.41882 5.31904 5.7155 5.13865 4.64049 4.62497
threshold=1.0000000180025095e-35 990.50000000000011 0.34999999403953558 5.2907860279083261 5.5000000000000009 4.1165947914123544 1.0000000180025095e-35 6.640528917312623 0.12099999934434892 0.12940952181816107 3.5000000000000004 4.5470111370086679 671.50000000000011 5.9877066612243661 5.5548937320709237 5.2493896484375009 0.1342478543519974 4.6491756439208993 0.19597221910953525 0.78656607866287243 0.17500000447034839 2.4115967750549321 615.50000000000011 1.2493990659713747 0.67499998211860668 0.39793460071086889 0.17614834755659106 0.14431535452604297 3.7669966220855717 0.32601387798786169
decision_type=2 2 2 2 2 2 2 2 2 2 2 2 2 2 2 2 2 2 2 2 2 2 2 2 2 2 2 2 2 2
left_child=2 4 6 17 9 -6 8 10 -1 -2 18 -11 13 -5 -14 -10 -17 -4 29 23 -21 22 -22 24 25 26 -20 -26 -25 -8
right_child=1 -3 3 12 5 -7 7 -9 15 11 -12 -13 14 -15 -16 16 -18 -19 19 20 21 -23 -24 28 27 -27 -28 -29 -30 -31
leaf_value=-0.016105483746370119 0.0068258439284658943 0.036845429667109152 0.0047317404962173579 0.018607720426787825 0.025123457647648319 -0.0027842394823818285 -0.0035527078364813642 0.02827146818316997 -0.0039151180026178603 0.000410370926020522 0.01271467174070063 -0.023116598970214605 -0.0027206765654742577 -0.0096335961538375012 0.032216178720287779 0.040453842824119297 -0.0036318317304289312 -0.015848463521785736 0.019621888058689786 0.026826941378320625 -0.021741297849133007 0.019124976965072416 0.0066618140852222679 0.015736318271185944 0.016296712321353549 -0.0062018952665190341 -0.0076689622826120012 -0.0014072311510584434 0.0015455865327894966 -0.021983958487470631
leaf_weight=65.791458327323198 130.15341074764729 13.957396462559698 36.415092974901199 29.299549452960491 42.80811183527112 22.221545096486807 384.47676604613662 11.108342327177523 911.07261231541634 50.162666320800781 46.08768118917942 20.601262427866459 8.4696839898824674 21.000367633998394 35.85834377259016 7.8830102086067226 13.045302018523214 35.033631585538387 26.269356891512871 24.607682161033154 18.854480937123299 23.059751637279987 24.566397577524185 47.380146279931068 40.563468180596828 366.33696442842484 20.217545606195927 67.623554773628712 147.6321904733777 21.224672622978687
leaf_count=778 640 99 204 203 360 114 2699 73 8265 247 300 107 63 156 269 79 112 223 189 148 106 161 133 319 194 2298 111 319 787 114
internal_value=0 0.00726223 -0.00141863 0.00682336 0.00544621 0.0157885 -0.00202769 -0.000220931 -0.00432233 0.00197618 -0.000516788 -0.00688608 0.0160616 0.00689938 0.0257116 -0.00345784 0.015054 -0.00551617 -0.0010397 0.000766979 0.00984707 0.00296207 -0.00608582 -0.000412348 -0.00249403 -0.00458044 0.00792611 0.00540597 0.00511811 -0.00462007
internal_weight=0 279.904 2433.88 166.077 265.947 65.0297 2267.8 1270.01 997.792 200.917 1258.9 70.7639 94.6279 50.2999 44.328 932.001 20.9283 71.4487 1212.81 807.112 91.0883 66.4806 43.4209 716.023 521.011 412.824 46.4869 108.187 195.012 405.701
internal_count=19870 1567 18303 1118 1468 474 17185 7951 9234 994 7878 354 691 359 332 8456 191 427 7578 4765 548 400 239 4217 3111 2598 300 513 1106 2813
is_linear=0
shrinkage=0.04


Tree=89
num_leaves=31
num_cat=0
split_feature=25 4 7 36 36 0 16 0 3 5 27 0 16 0 27 13 36 27 12 5 36 22 3 5 0 36 7 27 27 29
split_gain=14.0272 7.28497 6.81308 6.93463 6.82384 5.70091 7.07096 7.78362 5.42138 5.46044 5.28993 5.22929 5.02602 5.40908 4.95854 7.2544 5.94553 4.81129 5.29726 5.5471 5.25199 4.75904 5.68983 5.564 5.23397 4.74078 5.05143 5.40872 4.79726 4.56848
threshold=0.17500000447034839 0.86221691966056835 1.0000000180025095e-35 0.92616951465606701 0.30390463769435888 7.0084948539733896 134.57733154296878 6.8522284030914316 3.5000000000000004 0.08996195346117021 4.6076669692993173 6.9037346839904794 151.99979400634768 6.2264878749847421 3.8867046833038335 1.0000000180025095e-35 0.82693207263946544 3.3050518035888676 1.0000000180025095e-35 0.14111863821744922 0.80839002132415783 0.16398936510086062 3.5000000000000004 0.25452153384685522 8.0346298217773455 0.38429674506187445 0.42499999701976782 3.8867046833038335 3.5596235990524296 -0.7865660786628722
decision_type=2 2 2 2 2 2 2 2 2 2 2 2 2 2 2 2 2 2 2 2 2 2 2 2 2 2 2 2 2 2
left_child=1 -1 4 5 -2 6 17 12 9 -5 11 -10 -8 -14 16 29 -7 -4 20 -20 25 22 -6 -24 -23 -19 -27 28 -28 -16
right_child=2 -3 3 8 21 14 7 -9 10 -11 -12 -13 13 -15 15 -17 -18 18 19 -21 -22 24 23 -25 -26 26 27 -29 -30 -31
leaf_value=-0.00063298772813494286 -0.021354058853145282 -0.0084768606517380916 0.018415425679025068 0.028985217281330848 -0.011888037233638663 -0.0019539879338512211 0.025281117345118797 0.039849187086607611 0.04604195098864465 0.0047932064137026628 -0.0031969471103706886 0.015565072771499993 0.020980915204013403 -0.010167934486877929 0.021932798689933478 -0.024015416897416726 -0.037247890194206781 0.0061321309233645128 0.028601916008599407 -0.00095662530326740133 0.013694803537230576 0.00020457187169325956 0.030887666614664924 -0.0082806640592533905 0.015076145156413413 -0.014240301837378851 -0.010228207414154689 -0.0061591932678823711 0.019460044582815032 -0.0018911660607621309
leaf_weight=383.05493022873998 23.081519283354282 373.49759860336781 21.201551910489798 13.552401687949894 92.630972627550364 14.643430408090355 14.966975949704645 13.386408030986784 11.010064177215098 450.46928526088595 15.010437369346617 43.556677524000406 10.768020585179327 27.610548932105303 15.364508375525473 16.540693834424019 14.511293925344942 61.293604902923107 17.565528027713299 20.867771975696087 28.851598005741835 672.56650210544467 9.1345219165086764 10.752724558115004 38.127811692655087 80.161758989095688 10.960768733173607 119.08829086273909 27.039224196225405 48.811964452266693
leaf_count=2772 217 3716 174 78 979 106 87 82 52 2717 67 283 60 166 86 106 105 354 112 126 154 5109 62 70 265 587 69 574 153 293
internal_value=0 -0.00451752 0.00189523 0.00397231 -0.00080076 0.000871957 0.0028551 0.0146786 0.0072317 0.00562113 0.0175156 0.0231249 0.00715054 -0.000822054 -0.00722287 -0.0019404 -0.0207844 0.000751505 -0.00036677 0.0132993 -0.00204206 -0.000174123 -0.00774251 0.0108885 0.00104248 -0.0036439 -0.00619969 -0.00196914 0.0108135 0.00430302
internal_weight=0 756.553 1943.53 1097.23 846.294 563.634 453.762 66.732 533.599 464.022 69.5772 54.5667 53.3455 38.3786 109.872 80.7172 29.1547 387.03 365.829 38.4333 327.395 823.213 112.518 19.8872 710.694 298.544 237.25 157.088 38 64.1765
internal_count=19781 6488 13293 6591 6702 3394 2698 395 3197 2795 402 335 313 226 696 485 211 2303 2129 238 1891 6485 1111 132 5374 1737 1383 796 222 379
is_linear=0
shrinkage=0.04


Tree=90
num_leaves=31
num_cat=0
split_feature=23 7 27 36 27 6 3 5 25 6 36 28 31 26 27 27 4 36 13 30 30 30 36 36 20 8 20 1 14 2
split_gain=12.1831 9.15248 8.8968 8.32196 6.50141 6.46813 5.84513 6.40171 6.3743 8.08676 5.99747 5.82702 5.72916 5.31459 5.73724 5.11066 6.72871 5.10789 4.88903 8.37069 5.30962 8.16761 8.03107 6.53991 7.09845 5.24314 5.05187 4.82622 5.46586 5.36484
threshold=1.0000000180025095e-35 1.0000000180025095e-35 4.5406315326690683 0.31323483586311346 4.6908891201019296 6.4838714599609384 1.5000000000000002 0.18336820602416995 0.34999999403953558 5.5234570503234872 1.1144746541976931 -0.37940952181816096 0.60188680887222301 1.0000000180025095e-35 3.8743206262588505 5.2493896484375009 0.850358545780182 1.6424235701560976 1.5000000000000002 2.0126758217811589 2.0126758217811589 1.7005987167358401 0.56992623209953319 0.87534815073013317 0.21374999731779101 4.5000000000000009 0.14145454764366153 2.5000000000000004 1.2424533367156985 786.50000000000011
decision_type=2 2 2 2 2 2 2 2 2 2 2 2 2 2 2 2 2 2 2 2 2 2 2 2 2 2 2 2 2 2
left_child=1 3 -2 -1 -4 6 7 10 13 11 -3 -10 17 18 -15 -5 -17 -12 20 -20 21 26 -23 -22 -25 -26 -8 28 29 -16
right_child=2 5 4 15 -6 -7 8 -9 9 -11 12 -13 -14 14 27 16 -18 -19 19 -21 23 22 -24 24 25 -27 -28 -29 -30 -31
leaf_value=-0.023175158686445527 0.012198243318253843 -0.0053702584452998674 -0.018886504395571404 -0.0036597637685296751 0.0052037145074663917 0.016637820111591737 -0.015312940827398437 -0.022250012845165174 0.016221248730814174 0.034249455861509383 0.007289990334148704 -0.012809739569642847 0.0242249274384892 -0.0036754821685144354 0.012982702788174774 -0.011502671311531185 0.031361754010763646 -0.0079083974294185226 -0.017149236439503304 0.029039912173889706 -0.020336487870588869 -0.011819900380695232 0.026752952491139671 0.020426930268463938 0.007716538330111493 -0.020414742107179785 0.00020764683541144965 0.027904773801966126 -0.013925821719964926 -0.012646726278827314
leaf_weight=32.70180007070303 197.12350387126207 282.57675568759441 27.081967584788799 1002.6930045820773 45.105125524103642 39.382936082780361 35.115984179079533 24.112223602831364 24.180608656257391 20.193774271756411 89.370420709252357 17.270811598747969 18.113626699894667 61.87326442822814 119.78050041943789 8.2057912573218363 13.12693666666746 55.784267470240593 7.4369788095355061 18.808480240404606 46.064445316791534 10.375506721436976 31.103198006749153 16.463104754686356 16.354279156774282 24.286316007375717 349.21422430872917 20.360036097466946 14.980208434164522 13.040340982377527
leaf_count=350 1150 2056 135 9110 226 270 245 184 147 173 564 106 119 382 618 63 126 358 49 197 288 59 173 92 121 168 1932 106 91 67
internal_value=0 -0.00110808 0.0078317 -0.00389538 -0.00409957 0.00106621 0.000575988 -0.00299368 0.00255923 0.0147372 -0.00185754 0.00409257 0.00421351 0.00156821 0.00665226 -0.00323571 0.015301 0.00142101 -0.000554483 0.0156641 -0.00141515 0.000570125 0.0170044 -0.00946403 -0.000302051 -0.0092634 -0.00128239 0.0104508 0.00770599 0.0103161
internal_weight=0 2412.97 269.311 1056.73 72.1871 1356.24 1316.86 469.957 846.902 61.6452 445.845 41.4514 163.268 785.257 230.034 1024.03 21.3327 145.155 555.223 26.2455 528.977 425.809 41.4787 103.168 57.1037 40.6406 384.33 168.161 147.801 132.821
internal_count=19725 18214 1511 9649 361 8565 8295 3281 5014 426 3097 253 1041 4588 1264 9299 189 922 3324 246 3078 2409 232 669 381 289 2177 882 776 685
is_linear=0
shrinkage=0.04


Tree=91
num_leaves=31
num_cat=0
split_feature=23 35 25 12 3 4 2 4 5 25 27 27 0 4 27 29 29 0 25 5 26 2 8 0 4 2 31 4 29 0
split_gain=10.2069 8.41386 6.80829 9.27409 8.34368 9.614 7.53077 9.23635 6.77352 8.65518 6.40877 6.25545 7.40641 6.18446 5.61977 8.23677 5.33551 6.6475 6.98981 6.10066 5.31114 9.56909 6.4037 6.00181 7.1361 6.11738 5.52854 5.1692 5.13173 5.11204
threshold=1.0000000180025095e-35 1.0000000180025095e-35 0.31000000238418585 1.0000000180025095e-35 1.5000000000000002 0.89175492525100719 819.50000000000011 0.92549723386764537 0.11869595199823381 0.17500000447034839 3.9880572557449345 5.113492727279664 7.2269294261932382 0.85527354478836071 4.5470111370086679 1.0000000180025095e-35 1.0000000180025095e-35 7.0613250732421884 0.17500000447034839 0.13543409109115603 1.0000000180025095e-35 477.50000000000006 3.5000000000000004 7.5261752605438241 0.91513288021087658 689.50000000000011 0.73942822217941295 0.78906691074371349 0.78656607866287243 6.8200013637542733
decision_type=2 2 2 2 2 2 2 2 2 2 2 2 2 2 2 2 2 2 2 2 2 2 2 2 2 2 2 2 2 2
left_child=1 2 3 4 11 -6 10 -8 9 -5 -7 20 -13 -3 -2 -16 17 -12 -19 -20 23 -22 -23 27 26 -26 -25 -1 -29 -4
right_child=14 13 29 8 5 6 7 -9 -10 -11 16 12 -14 -15 15 -17 -18 18 19 -21 21 22 -24 24 25 -27 -28 28 -30 -31
leaf_value=0.017152638816238016 0.0109353401933205 0.022426764093800698 -0.0028995744351750885 -0.0052114253469273779 -0.0018966167236476263 0.017961057072934852 0.045926588765734487 -0.0039260114758290195 0.0034627102410107313 0.039481756547729098 -0.0078432827114761489 -0.010951341529511962 0.030567055733108455 -0.014718967478923489 0.0078637547256319024 -0.020094552771900923 -0.01352354446951372 -0.0089226074080512238 0.049917035750975461 0.0059572819301701796 0.019146830014742433 0.017820993382950855 -0.0083895138472465866 -0.010273622583945206 0.00053193280274488612 0.039365142592128644 0.014900701126001108 -0.015581781281425858 0.0016416331950728574 0.0071423287413057614
leaf_weight=7.3411946929991236 205.0770663805306 38.434777859598398 115.40781490132213 9.7482753992080706 1094.5550597533584 38.375070139765739 14.888217367231848 8.7228099405765516 106.16837187111378 18.863561533391476 26.755563970655203 10.78808654099703 13.725070320069788 7.2599447146058074 45.385662794113159 24.199629224836826 33.043291181325912 9.0403048172593135 10.356308631598951 9.5808710232377035 28.780544146895409 14.967279240489004 127.26918106153607 99.988101899623871 16.576373808085922 8.7266702428460103 14.369893394410608 247.55720901861787 30.725817177444696 263.85212226212025
leaf_count=74 1192 363 737 85 7655 299 104 65 711 118 227 110 119 47 227 123 262 88 71 61 243 81 1141 872 143 68 97 2510 307 1668
internal_value=0 -0.000480152 -0.000812817 -0.00174478 -0.00247932 -0.000587838 0.0088145 0.0286408 0.00831305 0.0249088 0.0047464 -0.00625945 0.0128473 0.0161553 0.00762886 -0.00214905 -0.00123573 0.00626564 0.018958 0.0312611 -0.00708522 -0.00111424 -0.00542257 -0.00946984 -0.00262405 0.0158275 -0.00690854 -0.0127757 -0.013682 0.00408742
internal_weight=0 2425.87 2380.17 2000.91 1866.13 1245.32 150.762 23.611 134.78 28.6118 127.151 620.815 24.5132 45.6947 274.662 69.5853 88.7763 55.733 28.9775 19.9372 596.302 171.017 142.236 425.285 139.661 25.303 114.358 285.624 278.283 379.26
internal_count=19868 18326 17916 15511 14597 8832 1177 169 914 203 1008 5765 229 410 1542 350 709 447 220 132 5536 1465 1222 4071 1180 211 969 2891 2817 2405
is_linear=0
shrinkage=0.04


Tree=92
num_leaves=31
num_cat=0
split_feature=25 7 34 3 27 13 6 6 6 26 28 8 27 1 2 36 36 6 27 6 14 31 0 30 0 36 16 1 27 26
split_gain=14.3367 10.0467 8.23502 7.79783 7.7253 5.71301 5.64811 6.79163 5.64041 5.30128 6.93505 6.7276 5.72732 5.67227 6.3259 7.8582 5.53769 7.83974 5.84883 5.39371 9.68311 8.42043 6.38579 5.35606 5.28062 5.25303 5.1014 6.59214 4.90924 8.27877
threshold=0.31000000238418585 1.0000000180025095e-35 6.5000000000000009 1.5000000000000002 5.2493896484375009 1.5000000000000002 5.9467277526855478 6.1789803504943857 6.4960203170776376 1.0000000180025095e-35 -0.37940952181816096 6.5000000000000009 3.8743206262588505 2.5000000000000004 663.50000000000011 0.64652454853057872 0.6646118462085725 5.2600927352905282 4.2333812713623056 5.3254430294036874 1.2424533367156985 0.11882352828979494 6.1653625965118417 1.7005987167358401 6.3025770187377939 0.63808181881904613 129.88234710693362 2.5000000000000004 4.3662779331207284 1.0000000180025095e-35
decision_type=2 2 2 2 2 2 2 2 2 2 2 2 2 2 2 2 2 2 2 2 2 2 2 2 2 2 2 2 2 2
left_child=1 3 -2 4 24 8 -7 -8 9 10 19 12 -11 14 -14 -16 17 -13 -18 21 22 23 -21 -3 -1 -22 -5 -28 -26 -30
right_child=2 5 -4 26 -6 6 7 -9 -10 11 -12 16 13 -15 15 -17 18 -19 -20 20 25 -23 -24 -25 28 -27 27 -29 29 -31
leaf_value=-0.033179593926509876 0.0032481776351926494 0.0012312072770911174 0.015943448896190426 -0.00042923880925704899 0.023785444554869369 0.021427308168307336 -0.029469801239241186 0.014755243844864572 0.016443029444719915 -0.0031604306117987203 0.0022978494505529259 -0.017513233739852516 0.013313535390409102 0.028531472618312292 -0.026527562903269263 0.006526059514173667 0.00065442021017709975 0.02351919757821818 -0.022426769720981305 0.012181508811214692 -0.013087222353229891 -0.015271412769176417 -0.01445414072879376 0.025668401026649756 -0.0052808971180059025 0.017997640272746154 -0.014053320451784571 0.014731969174246332 -0.022033193396803603 0.0012517125559838068
leaf_weight=13.940748147666453 344.95992928370833 165.1971922442317 105.79008398577571 551.56106140464544 9.028141535818575 38.43751173838973 7.7954172082245377 10.947939917445181 31.498019311577082 60.287554580718279 352.46921572089195 9.7691648602485675 110.90933465957642 23.635604374110699 14.507805339992045 36.243491761386395 34.544696040451527 19.046531461179256 33.509163700044155 14.057835534214972 10.696888152509926 47.339843075722456 193.97065433487296 13.742730364203451 195.12983301281929 27.308885339647532 88.309567533433437 13.146978337317703 86.264280959963799 33.494941931217909
leaf_count=172 2017 1003 868 4414 89 334 74 97 198 341 2203 69 567 118 82 182 227 146 233 87 78 257 1292 78 2120 196 834 114 1005 347
internal_value=0 -0.00151667 0.006285 -0.00452378 -0.00943905 0.000859256 0.0129915 -0.00470604 0.000259861 -0.000204223 -0.00194087 0.00396541 0.00747002 0.0109255 0.00803425 -0.0035702 -0.00489088 0.00937449 -0.0110264 -0.00510042 -0.00917476 -0.000628807 -0.0125553 0.00337098 -0.0104895 0.00903179 -0.00195966 -0.0101106 -0.00928191 -0.0156072
internal_weight=0 2246.79 450.75 990.876 337.858 1255.92 57.1809 18.7434 1198.73 1167.24 824.783 342.453 245.584 185.296 161.661 50.7513 96.8696 28.8157 68.0539 472.314 246.034 226.28 208.028 178.94 328.83 38.0058 653.018 101.457 314.889 119.759
internal_count=19842 16957 2885 9095 3733 7862 505 171 7357 7159 5194 1965 1290 949 831 264 675 215 460 2991 1653 1338 1379 1081 3644 274 5362 948 3472 1352
is_linear=0
shrinkage=0.04


Tree=93
num_leaves=31
num_cat=0
split_feature=23 34 27 6 4 25 36 20 2 20 29 1 20 29 21 2 4 0 6 2 16 16 32 5 1 29 6 6 4 4
split_gain=9.6076 8.92579 7.5045 6.42294 6.3841 5.84608 5.862 5.06186 7.24513 9.70402 8.79311 7.51425 6.2992 6.23914 5.55524 5.29765 4.98378 8.20856 6.10602 5.42632 4.68206 7.685 4.87467 4.54412 5.26506 4.49963 4.43899 4.6463 4.41957 5.33396
threshold=1.0000000180025095e-35 5.5000000000000009 4.1165947914123544 6.1994938850402841 0.87764310836792003 0.17500000447034839 0.216337725520134 0.19597221910953525 510.50000000000006 0.25690476596355444 0.12940952181816107 1.5000000000000002 0.5671176314353944 0.37940952181816107 3.5000000000000004 415.50000000000006 0.7869967818260194 7.4360234737396249 5.1328485012054452 915.50000000000011 37.355192184448249 30.477701187133793 13.500000000000002 0.12490544468164445 2.5000000000000004 -0.91597560048103321 5.4617087841033944 5.9309172630310067 0.85458123683929454 0.83666360378265392
decision_type=2 2 2 2 2 2 2 2 2 2 2 2 2 2 2 2 2 2 2 2 2 2 2 2 2 2 2 2 2 2
left_child=5 3 -3 4 28 7 -7 20 9 10 25 -10 13 14 16 -12 -13 19 -19 -18 21 26 -22 -15 -25 -9 -1 -28 29 -2
right_child=1 2 -4 -5 -6 6 -8 8 11 -11 15 12 -14 23 -16 -17 17 18 -20 -21 22 -23 -24 24 -26 -27 27 -29 -30 -31
leaf_value=-0.015469842293880378 0.011984431096216592 0.028537888288753078 0.00049592222757173564 -0.014904165630099456 -0.002758278349274453 -0.024240920789208732 0.00096356076228906696 -0.028057360272527147 -0.010733509156438037 0.031465298977653142 -0.0037955167538791823 0.012374707236980123 -0.032497580644323426 -0.0074177489059718731 0.027663559723519061 0.033104007081312448 -0.018007284852021795 -0.008414315465907608 0.025914390013842881 0.0068055022419918074 -0.012247822280489946 0.027634509803307374 0.019380220443439043 0.028740411898094273 -0.00057699513939467426 -0.0010775465650744757 0.030149794019225067 -0.013502804161493923 0.024584132630337999 -0.013939190124879135
leaf_weight=26.09260056167841 57.011083960533142 46.22669019177556 22.448963798582554 25.595249786973 78.063262015581131 12.894167393445967 1713.5392942875624 11.207785401493309 142.88390155136585 20.723603904247284 9.0342845954000968 23.46241656690836 6.5768242776393881 11.689308397471903 7.6099324598908415 15.652515850961207 70.771012503653765 13.950403101742269 16.030444860458374 16.364222928881645 187.18275258690119 12.318854603916405 6.3936220407485953 29.12059111148119 14.193569175899027 40.068507429212332 6.9982061013579351 5.3155466169118881 30.642937786877155 14.382311448454855
leaf_count=253 262 409 119 133 403 103 12001 102 1185 144 82 142 58 122 50 133 615 112 131 118 1990 118 45 208 91 350 69 59 148 68
internal_value=0 0.00737289 0.0196449 0.00312591 0.00582384 -0.000499154 0.000747485 -0.0035952 -0.0010639 0.00852786 0.00162361 -0.00372693 0.00110189 0.00249557 -0.00180746 0.020328 -0.00376848 -0.007156 0.0104136 -0.0132992 -0.00820452 0.00253427 -0.0110157 0.0137453 0.019532 -0.00780659 -0.00648597 0.0120523 0.0123164 0.00652454
internal_weight=0 274.37 68.6757 205.695 180.1 2420.07 1726.43 693.641 449.339 96.6867 75.9631 352.653 209.769 203.192 148.188 24.6868 140.578 117.116 29.9808 87.1352 244.302 50.7252 193.576 55.0035 43.3142 51.2763 38.4064 12.3138 102.036 71.3934
internal_count=19823 1542 528 1014 881 18281 12104 6177 3643 811 667 2832 1647 1589 1168 215 1118 976 243 733 2534 499 2035 421 299 452 381 128 478 330
is_linear=0
shrinkage=0.04


Tree=94
num_leaves=31
num_cat=0
split_feature=1 5 32 2 2 2 7 32 6 6 28 27 6 27 22 13 28 29 28 3 29 2 34 29 5 32 5 5 2 4
split_gain=9.2333 9.0203 6.67353 6.34223 12.904 7.10579 5.81198 7.11317 7.62389 6.61352 7.18974 6.87634 6.48641 5.64736 6.56227 5.53724 5.45362 5.29447 5.08767 6.65819 5.9074 6.18458 5.27263 4.91867 4.91628 4.878 4.56287 6.52623 6.77952 6.42315
threshold=2.5000000000000004 0.2375874072313309 12.500000000000002 382.50000000000006 506.50000000000006 480.50000000000006 0.42499999701976782 24.500000000000004 4.7492611408233651 6.1495356559753427 -0.6035533845424651 4.2275631427764901 4.5485858917236337 4.0526537895202646 0.23043560981750491 1.0000000180025095e-35 -1.0000000180025095e-35 -0.37940952181816096 -0.98296290636062611 3.5000000000000004 0.60355338454246532 801.50000000000011 4.5000000000000009 0.37940952181816107 0.1569853946566582 1.5000000000000002 0.19854699820280078 0.20354445278644565 667.50000000000011 0.81380349397659313
decision_type=2 2 2 2 2 2 2 2 2 2 2 2 2 2 2 2 2 2 2 2 2 2 2 2 2 2 2 2 2 2
left_child=1 16 3 -3 5 -5 7 8 12 10 23 -12 -2 25 -15 -4 26 24 -6 -20 21 22 -21 -10 -13 -8 29 -28 -29 -1
right_child=6 2 15 4 18 -7 13 -9 9 -11 11 17 -14 14 -16 -17 -18 -19 19 20 -22 -23 -24 -25 -26 -27 27 28 -30 -31
leaf_value=0.024680020966655329 -0.0016151446568182363 -0.016085021070961315 -0.0033245465617157671 0.0082446934349684094 0.015801703284535371 0.031830454933494241 0.0064375863001039785 -0.025480165297841365 0.0084739291075373781 -0.0074728740564191775 0.0072347414825901183 0.030739655085094911 -0.030926516940147284 0.0098146445594890549 -0.016103049575887336 0.023315902982319021 0.00037237124729855536 0.05172255573566753 -0.0071923353425101082 0.014887917850465589 -0.011308091916586755 -0.016481375140496777 -0.0087067135989934517 -0.014826901516963547 -0.0047209321584470079 0.027112699229809405 -0.02480027059582458 -0.012091306598111121 0.0059794902168217572 -0.0036486715255846999
leaf_weight=11.011250875890253 53.851914595812559 28.635007798671722 16.933468520641327 72.733074758201838 25.264250330626965 27.707442864775658 32.723780773580074 12.883874416351317 44.958852082490921 36.601955577731133 39.188549015671015 15.35128663852811 13.665767930448053 62.374122716486454 18.708681397140026 41.100380286574364 578.08040174841881 12.211680103093384 186.05839234963059 91.469314374029636 30.122863106429577 12.899077013134955 16.714418336749077 18.980439584702253 9.0402135252952558 44.386362358927727 36.745753563940525 99.109976891428232 47.985477935522795 932.53113212808967
leaf_count=77 349 174 156 431 148 165 149 79 347 315 293 125 93 287 108 441 4443 97 1211 485 157 68 92 148 65 484 247 633 303 7543
internal_value=0 -0.0013505 0.0030981 0.00155397 0.00270945 0.0152455 0.00512867 0.00138655 0.00300179 0.00736089 0.0112971 0.0194661 -0.00826691 0.0111087 0.00359083 0.0156908 -0.00278615 0.0315082 -0.000828305 -0.00215986 0.00404565 0.00798702 0.0111507 0.00131714 0.0182351 0.0187232 -0.00440351 -0.0101407 -0.00619512 -0.00326657
internal_weight=0 2255.1 549.638 491.604 462.969 100.441 414.927 256.735 243.851 176.333 139.731 75.7917 67.5177 158.193 81.0828 58.0338 1705.46 36.6032 362.528 337.264 151.206 121.083 108.184 63.9393 24.3915 77.1101 1127.38 183.841 147.095 943.542
internal_count=19713 16774 3528 2931 2757 596 2939 1911 1832 1390 1075 580 442 1028 395 597 13246 287 2161 2013 802 645 577 495 190 633 8803 1183 936 7620
is_linear=0
shrinkage=0.04


Tree=95
num_leaves=31
num_cat=0
split_feature=25 3 36 5 25 2 16 30 34 36 4 5 2 5 28 8 2 27 0 0 16 25 2 27 6 36 36 36 6 28
split_gain=7.93293 7.66308 5.81034 6.2518 6.20553 6.0689 8.23906 6.99821 6.33906 5.41619 5.47687 6.86043 5.83867 7.39994 8.38315 6.95667 7.92039 6.61426 5.24258 6.6537 6.10799 5.23401 5.22154 5.75795 5.74117 7.17954 7.03802 5.21557 5.19498 5.19101
threshold=0.17500000447034839 3.5000000000000004 0.4720140546560288 0.29369966685771948 0.34999999403953558 641.50000000000011 146.77368164062503 3.0677825212478642 14.500000000000002 2.8037247657775883 0.86274120211601268 0.19005208462476733 465.50000000000006 0.11556304991245271 -1.0000000180025095e-35 2.5000000000000004 559.50000000000011 3.8010908365249638 6.873150348663331 7.6806347370147714 24.615055084228519 0.27500000596046453 623.50000000000011 4.8327040672302255 6.1933839321136483 0.81289497017860424 1.4330188035964968 1.1538783907890322 5.3636341094970712 -0.6035533845424651
decision_type=2 2 2 2 2 2 2 2 2 2 2 2 2 2 2 2 2 2 2 2 2 2 2 2 2 2 2 2 2 2
left_child=-1 2 4 5 -2 7 -7 8 9 10 -4 12 13 14 -12 -14 18 -18 20 -20 -17 -9 23 24 25 -19 -27 -8 -5 -23
right_child=1 -3 3 28 -6 6 27 21 -10 -11 11 -13 15 -15 -16 16 17 22 19 -21 -22 29 -24 -25 -26 26 -28 -29 -30 -31
leaf_value=-0.0037858272898936441 -0.0080551177321287696 0.007439716888635161 -0.0065288508609390589 -0.011744835620651759 0.015356567206890839 0.0044409449566511919 -0.019070870270030623 -0.030285849414268259 0.027695421347556263 -0.025402653482519993 -0.016264055407659433 0.027506033752329944 0.023374831240847379 0.016126385274842982 0.022965236620281299 -0.011778158726548582 -0.014478295164111513 -0.0070321093052989284 -0.020326408791857108 0.0049221934300493998 0.025999697139226847 0.012674231688906317 -0.008178337552106469 -0.0090608802251396867 0.044439646515246956 0.034393807858994048 -0.0039571977794109446 0.0038027046574188334 0.011701992638716857 -0.019625310642430647
leaf_weight=749.65453198552132 199.99220450595021 258.50101783871651 206.38089220225811 15.55163613706827 18.056314252316952 571.80142318457365 39.797917485237122 22.178322605788708 9.7977384999394399 13.316984556615351 28.924957603216171 13.593711875379084 13.420794770121573 67.280228085815907 10.206724911928175 13.746652051806452 26.320817537605762 19.637016355991364 80.991271261125803 20.050763286650181 10.223117861896752 13.286343280225994 24.634998898953199 14.75989295914769 8.977336931973694 22.502168845385313 10.58251368254423 24.863091692328453 124.13168828934431 14.773450326174496
leaf_count=6543 1507 1459 1372 125 116 3803 331 153 58 83 226 77 61 482 78 110 198 167 633 139 86 92 197 107 80 166 67 168 918 116
internal_value=0 0.00106149 6.03606e-05 0.000983133 -0.00599447 0.000114666 0.00290268 -0.00255206 -0.00135421 -0.00191385 -0.00130196 0.00151299 0.000421894 0.0082519 -0.00541274 -0.00275047 -0.00431231 0.00269583 -0.0113851 -0.0153178 0.00509557 -0.0166105 0.00736141 0.0124492 0.0177178 0.0117098 0.0226005 -0.0104254 0.0089626 -0.00450574
internal_weight=0 1918.28 1659.78 1441.73 218.049 1302.05 636.462 665.587 615.349 605.551 592.234 385.853 372.259 106.412 39.1317 265.847 252.427 127.415 125.012 101.042 23.9698 50.2381 101.094 76.4589 61.699 52.7217 33.0847 64.661 139.683 28.0598
internal_count=19718 13175 11716 10093 1623 9050 4302 4748 4387 4329 4246 2874 2797 786 304 2011 1950 982 968 772 196 361 784 587 480 400 233 499 1043 208
is_linear=0
shrinkage=0.04


Tree=96
num_leaves=31
num_cat=0
split_feature=23 36 18 34 36 36 22 7 26 21 27 5 30 29 36 6 2 8 31 28 2 2 5 16 30 18 8 16 6 29
split_gain=9.10319 8.29288 6.45571 5.93914 6.04865 8.26165 5.65533 4.72042 5.55155 7.45271 6.97162 7.95325 6.14753 4.88781 9.82243 5.02923 5.15257 4.8833 5.26966 4.40887 4.16373 5.55586 5.49736 3.98015 6.10158 15.145 4.6941 4.64631 8.65483 5.62491
threshold=1.0000000180025095e-35 0.29378509521484381 2.5000000000000004 47.500000000000007 1.2232594490051272 0.97124102711677562 0.16398936510086062 0.67499998211860668 1.0000000180025095e-35 3.5000000000000004 4.8508577346801767 0.29655559360980993 3.3497501611709599 0.91597560048103344 0.87534815073013317 5.1209788322448739 789.50000000000011 8.5000000000000018 0.19279906898736957 -1.0000000180025095e-35 551.50000000000011 599.50000000000011 0.16348432004451754 0.99304834008216869 3.3842465877532963 1.0000000180025095e-35 6.5000000000000009 80.602119445800795 5.7761018276214608 -0.98296290636062611
decision_type=2 2 2 2 2 2 2 2 2 2 2 2 2 2 2 2 2 2 2 2 2 2 2 2 2 2 2 2 2 2
left_child=1 6 -2 7 5 -5 -1 13 9 10 11 20 -11 23 17 19 -17 18 -15 -16 -9 -22 -23 24 25 -3 -26 -25 29 -29
right_child=2 3 -4 4 -6 -7 -8 8 -10 12 -12 -13 -14 14 15 16 -18 -19 -20 -21 21 22 -24 27 26 -27 -28 28 -30 -31
leaf_value=0.012531048544440055 0.0046584248757608202 -0.00064678271867576141 0.025439065092845464 0.014829037696584351 0.029957964336256034 -0.026883348587102441 -0.020166136194871877 -0.021549825485956672 0.012721039071194692 0.042575196233471953 0.017126142494690674 0.019439120803955084 0.0001047197470813664 -0.021306215529677559 0.017338473511656089 0.034034995943304287 -0.0016504877817593658 0.015761359319366747 0.013316470152308444 -0.014352050896900606 0.017262785627888032 -0.01895851358925749 0.0022595121719039108 -0.0064702335674844437 -0.041236935217781712 0.026036379406182031 -0.0016551144387955039 0.028494952226794927 -0.0050207388050007183 0.0034930246655388332
leaf_weight=8.6212177574634534 244.01065420731902 842.64267747476697 24.752201095223427 21.963870160281662 18.127330396324396 9.1305376254022104 52.472027506679296 32.385216720402241 80.756517343223095 9.3156040012836474 22.070273816585541 15.198683053255079 10.544599600136278 28.648565899580717 13.066026899963619 27.634166024625301 8.0540069676935655 9.9487064220011217 7.636628806591033 11.207476802170275 13.242525383830069 40.347933910787106 35.559567891061306 499.61596136912704 8.0460881628096121 33.463746096938848 9.5034460946917516 13.715623274445532 333.49663399159908 184.31184196844697
leaf_count=84 1224 6093 289 187 180 84 435 162 377 51 103 66 86 251 83 221 63 89 50 72 65 199 156 4142 73 227 56 103 3076 1415
internal_value=0 -0.000990584 0.00674603 -0.000604154 0.0128678 0.00169621 -0.0153011 -0.000904644 0.00415625 0.000186984 -0.00279406 -0.00620992 0.0220985 -0.00155453 0.00672228 0.0171666 0.0263214 -0.00697334 -0.0137045 0.00272775 -0.00968027 -0.00499022 -0.0092159 -0.00201769 -6.28167e-05 0.000429387 -0.0221647 -0.00370851 -0.00109804 0.00549228
internal_weight=0 2400.73 268.763 2339.63 49.2217 31.0944 61.0932 2290.41 259.421 178.664 158.804 136.734 19.8602 2030.99 106.196 59.9617 35.6882 46.2339 36.2852 24.2735 121.535 89.15 75.9075 1924.8 893.656 876.106 17.5495 1031.14 531.524 198.027
internal_count=19762 18249 1513 17730 451 271 519 17279 1265 888 751 648 137 16014 829 439 284 390 301 155 582 420 355 15185 6449 6320 129 8736 4594 1518
is_linear=0
shrinkage=0.04


Tree=97
num_leaves=31
num_cat=0
split_feature=23 27 25 20 3 0 27 27 26 28 0 8 7 0 36 36 6 6 0 6 27 28 27 6 36 6 16 7 6 6
split_gain=9.27961 7.90061 5.88438 5.9451 5.07041 5.52517 7.56829 9.03556 8.32464 6.21884 8.83512 5.50243 5.48349 5.01095 5.63455 4.76583 5.81894 5.02695 5.90763 6.46771 5.87919 4.91011 4.60502 5.26393 5.21167 6.38595 5.24738 4.54259 4.6796 4.34019
threshold=1.0000000180025095e-35 3.4578914642333989 0.17500000447034839 0.21374999731779101 3.5000000000000004 6.6280195713043222 3.7220716476440434 3.9464238882064824 1.0000000180025095e-35 -0.37940952181816096 6.6541316509246835 7.5000000000000009 0.75000000000000011 6.0062773227691659 0.29378509521484381 0.74910274147987377 6.2116029262542733 4.9015574455261239 7.1823449134826669 5.1328485012054452 4.0595800876617441 -0.98296290636062611 5.1535806655883798 6.5388629436492929 0.69466507434844982 5.9229171276092538 46.772882461547859 1.0000000180025095e-35 6.1495356559753427 5.747798204421998
decision_type=2 2 2 2 2 2 2 2 2 2 2 2 2 2 2 2 2 2 2 2 2 2 2 2 2 2 2 2 2 2
left_child=2 -2 3 -1 5 6 -4 8 11 12 -11 -8 -7 14 -5 16 29 20 19 -19 -17 -20 23 24 25 -12 -27 -23 -29 -15
right_child=1 -3 4 13 -6 9 7 -9 -10 10 22 -13 -14 15 -16 17 -18 18 21 -21 -22 27 -24 -25 -26 26 -28 28 -30 -31
leaf_value=-0.0087552737985299566 0.024601748170345911 0.0044969656445123267 -0.020792333576031181 -0.004163408017036142 0.0060954226731732572 -0.0028160985706992504 -0.013636576195204505 -0.0056561485028141624 0.041890198566890267 0.03967643625432065 -0.014365435835647415 0.022221168444367622 0.0083881719413793129 -0.0062659529748485222 0.036293622671425607 -0.017190573234136058 0.016221645596584344 0.042867274774202893 -0.0276833686961485 0.0088055366478649207 0.0016376485402530194 -0.0066575587199789723 -0.015522191985202025 -0.02107104346038156 0.006605279058054591 0.030248515064354328 -0.0056320700889306635 0.01598881636038323 -0.010655124612071819 -0.023788785144462248
leaf_weight=239.85802636668086 34.312085952609777 237.32388529926538 40.467012744396925 9.552028991281988 235.88385457918048 600.23571067303419 14.051930956542494 206.73560118675232 10.810136884450911 9.0769195407628995 42.582107096910477 9.9546615220606309 77.111601419746876 108.76380017772317 9.9194474220275861 39.714142836630344 13.09856468811631 9.7247953563928586 7.2484206259250632 44.367451947182417 72.080605700612068 44.46440377086401 17.635108504444361 10.847312230616806 410.14353357627988 9.9180663377046603 13.263702545315025 44.424715295433998 12.117498010396956 27.459027796983719
leaf_count=2532 294 1245 321 86 1319 4486 96 1574 69 62 339 91 411 934 63 305 121 74 62 323 573 456 116 91 2840 73 125 293 81 245
internal_value=0 0.00719778 -0.000578024 -0.00371109 0.000676804 -0.000198113 -0.00521181 -0.00245232 0.0158453 0.000996025 0.0043076 0.00179774 -0.00151963 -0.000952485 0.0179077 -0.00189981 -0.00759913 0.00123709 0.00570369 0.0162393 -0.0052355 0.000240221 0.00351692 0.0042674 0.0049307 -0.00539969 0.0109022 0.00274267 0.0101098 -0.0100912
internal_weight=0 271.636 2391.51 682.793 1708.72 1472.83 282.019 241.552 34.8167 1190.81 513.467 24.0066 677.347 442.935 19.4715 423.463 149.321 274.142 162.347 54.0922 111.795 108.255 504.39 486.755 475.907 65.7639 23.1818 101.007 56.5422 136.223
internal_count=19700 1539 18161 6148 12013 10694 2151 1830 256 8543 3646 187 4897 3616 149 3467 1300 2167 1289 397 878 892 3584 3468 3377 537 198 830 374 1179
is_linear=0
shrinkage=0.04


Tree=98
num_leaves=31
num_cat=0
split_feature=31 25 2 36 0 29 12 3 8 4 36 28 28 2 30 20 2 2 0 28 4 25 15 6 32 36 30 0 5 2
split_gain=7.44764 6.19884 8.34717 4.9314 6.30175 6.78485 5.09932 5.54921 6.13321 5.52862 6.2654 6.58218 5.08915 6.75915 6.85327 4.60157 4.38387 7.75305 6.28643 6.24431 7.40298 4.85755 5.34924 4.37943 4.36898 5.76857 4.87443 8.14575 6.80822 8.3847
threshold=0.46904762089252477 0.34999999403953558 531.50000000000011 0.216337725520134 6.0062773227691659 -0.91597560048103321 1.0000000180025095e-35 1.5000000000000002 2.5000000000000004 0.94810631871223461 0.46628683805465704 -0.37940952181816096 -0.91597560048103321 673.50000000000011 1.0000000180025095e-35 0.12099999934434892 497.50000000000006 529.50000000000011 7.2970852851867685 1.0000000180025095e-35 0.86586222052574169 0.14500000327825549 0.39333333075046545 4.3107767105102548 1.5000000000000002 0.45206370949745184 1.4978661537170412 8.1986389160156268 0.092444527894258513 579.50000000000011
decision_type=2 2 2 2 2 2 2 2 2 2 2 2 2 2 2 2 2 2 2 2 2 2 2 2 2 2 2 2 2 2
left_child=3 16 -3 -1 5 -5 7 24 -9 10 12 15 -10 -14 -15 -12 18 -18 19 20 -2 22 -19 -8 26 -26 -6 28 29 -28
right_child=1 2 -4 4 6 -7 23 8 9 -11 11 -13 13 14 -16 -17 17 21 -20 -21 -22 -23 -24 -25 25 -27 27 -29 -30 -31
leaf_value=-0.021270397373335252 0.025349308911264825 -0.010682000682529618 0.0248963627381159 -0.015383648827124664 -0.0030906085261151097 0.016355705606677078 -0.009586754982912199 -0.017597632203041454 0.0075348141630997316 0.022371135957879401 -0.015447734396646385 0.0048129142373084105 -0.023736143330254512 0.0187519006468089 -0.015926279547738505 -0.00060312490068184976 -0.020515940945841638 0.0037213872225276379 0.029140511982993937 -0.01538216367745773 -0.012370287558076716 0.0043882922503413677 -0.030758750367588773 0.0093061816008003732 0.029152924786884308 4.1633820971685049e-06 0.035337048233317951 0.02776132767181656 -0.015316566849816865 -0.014784593588049023
leaf_weight=16.309207804501057 23.451735094189644 12.388286188244818 44.639519192278385 11.36625039577484 437.56522367149591 60.537633325904608 21.620242163538933 28.075236409902573 21.376563280820847 16.527894243597984 33.389325018972158 467.59728679805994 44.424040194600821 14.864226296544073 17.851277116686106 601.61073729023337 22.30731737613678 14.195781588554384 21.50006004050374 16.210817970335484 10.904251977801321 296.41813629120588 11.851566277444361 122.59127026796341 10.492342267185448 83.289418023079634 8.3241935037076491 6.5175485163927069 155.9086136110127 9.3755814842879754
leaf_count=145 141 92 421 77 3777 417 134 131 159 125 305 3142 368 103 145 4070 133 88 140 102 71 2062 87 819 73 558 85 57 1603 105
internal_value=0 0.00492315 0.0170675 -0.000597627 -0.000423078 0.0110579 -0.000826066 -0.0013631 0.000247589 0.00068723 0.000352156 0.00122162 -0.00920957 -0.0139229 2.28449e-06 -0.00142973 0.00318811 0.00128347 0.0120194 0.00390803 0.0133556 0.00290866 -0.0130417 0.00638135 -0.00417605 0.00380598 -0.0053963 -0.0109019 -0.012653 0.009982
internal_weight=0 473.867 57.0278 2189.61 2173.3 71.9039 2101.4 1957.19 1245.72 1217.64 1201.11 1102.6 98.5161 77.1395 32.7155 635 416.84 344.773 72.0669 50.5668 34.356 322.465 26.0473 144.212 711.473 93.7818 617.691 180.126 173.608 17.6998
internal_count=19735 3337 513 16398 16253 494 15759 14806 8548 8417 8292 7517 775 616 248 4375 2824 2370 454 314 212 2237 175 953 6258 631 5627 1850 1793 190
is_linear=0
shrinkage=0.04


Tree=99
num_leaves=31
num_cat=0
split_feature=23 27 22 14 25 0 36 8 28 2 6 0 6 27 28 27 27 5 0 18 8 27 1 28 6 18 2 22 2 16
split_gain=9.15536 7.44862 6.33302 5.25625 4.82091 6.18707 7.37789 5.89589 5.36993 5.10635 5.06358 5.39758 4.89781 8.80735 5.26643 5.12291 8.03286 6.73 5.9394 5.52326 5.0633 4.71013 4.48326 9.27168 4.98612 4.43437 5.13439 13.4675 4.49657 4.18928
threshold=1.0000000180025095e-35 3.4578914642333989 0.11087121069431306 1.4978661537170412 0.17500000447034839 6.716576576232911 0.69466507434844982 3.5000000000000004 -0.91597560048103321 697.50000000000011 5.6954128742218026 6.3207278251647958 4.2268071174621591 4.7099804878234872 0.78656607866287243 4.3938314914703378 3.9328050613403325 0.21975186467170718 7.1033136844635019 1.0000000180025095e-35 5.5000000000000009 4.2856531143188485 1.5000000000000002 -0.6035533845424651 5.3351285457611093 5.5000000000000009 609.50000000000011 0.8190118968486787 982.50000000000011 151.05592346191409
decision_type=2 2 2 2 2 2 2 2 2 2 2 2 2 2 2 2 2 2 2 2 2 2 2 2 2 2 2 2 2 2
left_child=2 -2 3 -1 5 6 7 -4 9 10 11 -9 13 -7 15 16 18 29 -14 -19 -20 -8 -17 -24 -25 -6 27 -27 -28 -18
right_child=1 -3 4 -5 25 12 21 8 -10 -11 -12 -13 14 -15 -16 22 17 19 20 -21 -22 -23 23 24 -26 26 28 -29 -30 -31
leaf_value=-0.0041368910495081053 0.024680212527561467 0.0045653344596562166 0.018663632435229095 -0.022049835113766372 0.00058741978910002333 -0.021819955369237413 0.0038506480805500314 -0.011908772711289397 -0.0074192830739828368 0.030659710484969495 -0.025883400478107589 0.033605547350765694 -0.020322357785446447 0.012289676523885686 -0.018287056114948016 -0.014947477671459184 -0.00027642895056969626 0.044242091195047399 0.020257476185438376 0.0070427362209392538 -0.0059531608088711002 0.03624642125291927 -0.014713043735650027 0.035441499724163383 0.0024460140298405387 0.0189308222591884 0.025523110151591456 -0.049512069560918366 -0.0042888156254137378 0.023836780507562917
leaf_weight=96.631163481622934 32.068804327398539 230.15573623403907 20.391132287681103 34.650240398943424 1580.7678708732128 58.023572809994221 14.187308989465238 6.5408665351569706 112.75627036765218 10.828100867569445 6.6484938897192469 6.6657556854188442 32.128967966884375 13.778951875865458 34.294396210461855 71.547170277684927 77.325401287525892 11.635883674025536 13.736245945096014 13.726601552218199 45.068941283971071 13.73707816749811 32.186871413141489 10.173356831073763 19.230146564543247 10.465779576450585 32.460709441453218 5.3393685072660437 9.9011712633073312 11.538508627563713
leaf_count=805 280 1210 114 386 10823 486 87 54 1064 97 70 72 297 115 303 675 764 71 91 98 447 84 283 84 178 87 355 66 103 115
internal_value=0 0.00719348 -0.000650141 -0.00912474 -0.000153538 -0.00310346 0.00288093 -0.000449554 -0.00338594 0.010983 -0.00157154 0.0124621 -0.00568704 -0.0151186 -0.00379845 -0.00223085 0.00173687 0.00873145 -0.00704815 0.0260955 0.000634282 0.0211448 -0.0082802 -0.000308564 0.0153923 0.000993855 0.0116526 -0.00715523 0.018676 0.0033103
internal_weight=0 262.225 2406.37 131.281 2275.08 636.15 191.755 163.831 143.439 30.6832 19.8551 13.2066 444.395 71.8025 372.592 338.298 205.161 114.226 90.9342 25.3625 58.8052 27.9244 133.138 61.5904 29.4035 1638.93 58.167 15.8051 42.3619 88.8639
internal_count=19764 1490 18274 1191 17083 5649 1642 1471 1357 293 196 126 4007 601 3406 3103 1883 1048 835 169 538 171 1220 545 262 11434 611 153 458 879
is_linear=0
shrinkage=0.04


Tree=100
num_leaves=31
num_cat=0
split_feature=23 27 3 4 4 2 34 21 5 29 0 2 29 36 4 5 1 6 36 0 13 31 6 6 5 28 6 36 16 6
split_gain=6.47238 7.0476 5.83496 8.13784 9.95493 6.22216 5.90108 7.46983 9.26195 5.20093 4.45909 4.3858 4.30834 8.19896 10.011 5.51392 4.66851 6.70228 4.27761 4.14326 4.08381 6.0834 5.6479 7.60583 5.06355 4.91898 7.00125 4.49529 4.42504 5.34397
threshold=1.0000000180025095e-35 3.4578914642333989 1.5000000000000002 0.89175492525100719 0.89663648605346691 759.50000000000011 47.500000000000007 14.500000000000002 0.28621938824653631 0.37940952181816107 7.3626401424407968 693.50000000000011 0.78656607866287243 0.62642619013786327 0.784165918827057 0.22256510704755786 1.5000000000000002 5.5154407024383554 0.51403531432151806 7.1670303344726571 1.0000000180025095e-35 0.66091954708099376 4.5053346157073983 4.8559212684631357 0.10097681358456613 -0.6035533845424651 6.0532643795013437 0.35742662847042089 119.73545837402345 6.4060542583465585
decision_type=2 2 2 2 2 2 2 2 2 2 2 2 2 2 2 2 2 2 2 2 2 2 2 2 2 2 2 2 2 2
left_child=2 -2 20 6 11 9 7 12 -9 -6 -7 -5 -4 18 -15 16 17 -16 -14 -18 21 24 -22 -24 27 -23 -27 -1 -29 -30
right_child=1 -3 3 4 5 10 -8 8 -10 -11 -12 -13 13 14 15 -17 19 -19 -20 -21 22 25 23 -25 -26 26 -28 28 29 -31
leaf_value=-0.021726606886875163 0.023541080964334868 0.0037905044039149476 -0.00070730479434158878 0.014108051297543531 0.0053820624928223298 0.025435052458232459 0.016139423726300041 -0.041290519875200993 0.0032847919418143787 -0.013072750004186163 -0.0061925940855852178 0.047854208119322464 0.001904548782236716 0.029535062118986915 -0.019508172486331733 -0.015866438783882015 0.034981372807725133 0.018834514820525259 -0.023488219947108806 0.0052432587287854918 -0.030639441599037729 -0.00084628717675692695 0.025122173364727426 -0.0081756562952394109 -0.0043871133076198989 0.044534052060058046 -0.0014542948504273536 0.0098133984711294333 -0.019239166165972103 0.018834721128661802
leaf_weight=7.9683997780084601 31.120148446410894 238.04848755523562 1155.9510604031384 16.063876260071996 87.292182024568319 29.775693491101265 33.732367899268866 13.678701449185612 13.704029355198143 31.638891495764256 8.3177124187350255 11.362718407064675 26.094564784318209 34.188297916203737 14.674066927284004 15.980778526514767 13.195034686475994 11.000373035669325 15.585240863263605 16.458424050360918 14.504703707993029 20.42191256582737 9.8558414727449399 158.19877390190959 486.00979897379875 11.312848292291166 8.5922238826751691 103.68465439975262 18.154911112040285 6.5258455239236346
leaf_count=82 278 1245 7859 122 664 205 351 106 161 252 56 76 199 219 107 85 92 77 100 113 125 129 89 1492 4243 69 58 901 178 60
internal_value=0 0.00623077 -0.000289428 0.0011693 0.00900748 0.00493727 9.7913e-05 -0.0003324 -0.0202771 0.000337575 0.0185647 0.0303912 0.000117131 0.00651505 0.0123858 0.00358225 0.00955731 -0.00290611 -0.00823123 0.0198501 -0.00295867 -0.0014881 -0.00822272 -0.00595036 -0.00247875 0.0131948 0.0263624 0.00428937 0.00621287 -0.00851482
internal_weight=0 269.169 2393.92 1548.69 184.451 157.024 1364.24 1330.51 27.3827 118.931 38.0934 27.4266 1303.13 147.177 105.497 71.3087 55.3279 25.6744 41.6798 29.6535 845.23 662.671 182.559 168.055 622.344 40.327 19.9051 136.334 128.365 24.6808
internal_count=19793 1523 18270 10844 1375 1177 9469 9118 267 916 261 198 8851 992 693 474 389 184 299 205 7426 5720 1706 1581 5464 256 127 1221 1139 238
is_linear=0
shrinkage=0.04


Tree=101
num_leaves=31
num_cat=0
split_feature=23 2 27 27 22 18 4 22 14 2 6 7 25 3 13 0 0 12 26 29 6 2 36 2 20 6 0 6 2 16
split_gain=7.17765 7.03424 7.41846 6.44471 5.64076 5.59249 5.33833 4.58636 5.89876 4.95768 6.32499 4.64439 6.91206 5.05175 4.76288 5.40342 6.96147 5.3787 5.11479 5.98283 5.12521 5.05015 5.86916 4.74086 8.10332 7.18027 6.70077 6.14397 4.95981 4.58985
threshold=1.0000000180025095e-35 990.50000000000011 4.5406315326690683 4.6908891201019296 0.17343915253877643 14.500000000000002 0.64292663335800182 0.11087121069431306 1.4978661537170412 819.50000000000011 6.2943427562713632 0.57499998807907116 0.34999999403953558 1.5000000000000002 1.0000000180025095e-35 7.8770160675048837 7.7604649066925058 1.0000000180025095e-35 1.0000000180025095e-35 0.91597560048103344 6.3412404060363778 681.50000000000011 0.78335803747177135 465.50000000000006 0.21374999731779101 4.7664294242858896 7.1974284648895273 3.6242519617080693 595.50000000000011 13.301693916320803
decision_type=2 2 2 2 2 2 2 2 2 2 2 2 2 2 2 2 2 2 2 2 2 2 2 2 2 2 2 2 2 2
left_child=5 2 6 -4 -5 7 -2 8 9 10 -1 14 -13 -14 17 16 -16 18 19 20 -9 -22 -23 24 26 27 -20 -25 -29 -17
right_child=1 -3 3 4 -6 -7 -8 11 -10 -11 -12 12 13 -15 15 29 -18 -19 23 -21 21 22 -24 25 -26 -27 -28 28 -30 -31
leaf_value=-0.012039828405226055 0.033008514981438149 0.032818974910366346 -0.02219770010668972 0.021770221781900415 -0.0072802113468355047 0.025282408994657307 0.0069376401657687582 -0.003966204641441394 -0.022241007869037481 0.017749484325799963 0.014952219431577355 0.001630645882632811 -0.0042666208320568258 0.025870212437773932 -0.0051734643032374872 0.0048263976534508816 0.021501486766762858 0.01102541538857294 -0.030511950015439843 0.012004650821458358 -0.00068516469690400514 -0.001964174267365228 0.042656235787319904 0.0050681949343231196 0.023328061891232679 0.0052252571848650075 0.017505642083872591 -0.031994362483222863 -0.0070551252559077375 -0.028101017732062167
leaf_weight=65.46506991237402 11.784835271537302 13.356205645948647 23.946727745234966 14.383321173489092 28.955999687314034 11.491554874926804 176.5900526791811 778.19734508171678 31.818245347589254 13.9938120059669 15.676508534699677 583.25914003700018 11.45462606474757 31.258436504751444 281.6479337438941 8.2825169488787633 14.61125737428665 63.380304716527462 8.5105514861643297 41.826333872973919 31.6589658819139 7.5284817107021835 9.9117678552865964 34.853732883930206 38.687914654612541 218.09592378512025 6.5902633033692828 18.308074653148651 38.660798199474812 25.547913402318954
leaf_count=545 110 99 121 78 141 117 973 6600 364 109 145 3009 65 236 2518 61 120 515 82 342 315 78 85 237 268 1720 56 138 265 218
internal_value=0 0.00646944 0.00484883 -0.00641768 0.00289599 -0.000398963 0.00889829 -0.000544133 -0.00788062 -0.00271871 -0.00659074 -0.000123973 0.00279845 0.0179589 -0.00125089 -0.00552493 -0.00372252 -0.000155633 -0.000747382 -0.00241294 -0.00316906 0.00912604 0.0251743 0.00322411 0.0139607 0.00128312 -0.00995972 -0.00799199 -0.0158831 -0.0202202
internal_weight=0 269.017 255.661 67.286 43.3393 2390.72 188.375 2379.23 126.954 95.1354 81.1416 2252.27 625.972 42.7131 1626.3 330.09 296.259 1296.21 1232.83 869.123 827.297 49.0992 17.4402 363.707 53.7887 309.919 15.1008 91.8226 56.9689 33.8304
internal_count=19730 1522 1423 340 219 18208 1083 18091 1163 799 690 16928 3310 301 13618 2917 2638 10701 10186 7420 7078 478 163 2766 406 2360 138 640 403 279
is_linear=0
shrinkage=0.04


Tree=102
num_leaves=31
num_cat=0
split_feature=22 7 25 2 29 4 5 2 28 4 4 20 21 34 5 2 5 3 22 16 16 0 23 32 28 36 36 36 3 16
split_gain=7.29887 6.10446 5.45008 6.03402 5.33298 4.22946 4.15343 6.6735 5.92094 5.47542 11.3322 5.07875 5.0086 6.21823 6.1865 7.9797 6.22293 5.37749 4.57174 8.84232 5.30047 4.53297 4.43962 4.41356 4.11112 11.0361 5.0654 6.82942 4.8964 5.69625
threshold=0.11974025890231134 0.75000000000000011 0.27500000596046453 1060.5000000000002 -0.91597560048103321 0.86012190580368053 0.14959898591041568 326.50000000000006 -0.6035533845424651 0.89924168586730968 0.90342187881469738 0.12099999934434892 1.5000000000000002 46.500000000000007 0.15925247967243197 661.50000000000011 0.16074434667825702 1.5000000000000002 0.16550000011920932 41.084970474243171 105.6554298400879 7.6898260116577157 1.0000000180025095e-35 1.0000000180025095e-35 -0.98296290636062611 0.87534815073013317 1.5622174739837649 1.3988464474678042 3.5000000000000004 85.485794067382827
decision_type=2 2 2 2 2 2 2 2 2 2 2 2 2 2 2 2 2 2 2 2 2 2 2 2 2 2 2 2 2 2
left_child=-1 2 6 -4 5 -3 8 -8 9 18 23 -10 14 22 15 17 -16 -9 19 -2 -21 -20 -14 -11 25 -18 27 28 -26 -30
right_child=1 4 3 -5 -6 -7 7 12 11 10 -12 -13 13 -15 16 -17 24 -19 21 20 -22 -23 -24 -25 26 -27 -28 -29 29 -31
leaf_value=-0.0082297321963870056 0.021808994340104925 -0.017553158695836221 0.0021385661781036084 0.02195327706568485 0.0089468807179112573 0.0063327572455986782 -0.024617290844003121 -0.0047130203871616171 0.03024759859908244 0.0015996275058352035 -0.0068084278426141197 -0.00093924714054338448 -0.016557987481593265 0.015341152803695576 -0.027698086512395931 -0.0020845150451707672 0.032239308025249998 0.033350863809746036 -0.022168893770395676 -0.025807471078188985 0.00071254085653310757 -0.00018615514511822386 0.0092528923587000805 0.04088572485879622 -0.0023281492061403043 -0.0085463649018470492 0.0097887072125221897 -0.019694568479280156 0.0015589627763192416 0.019470308799975973
leaf_weight=146.35816922783852 14.071233190596102 22.336053103208542 824.94922219961882 23.383547455072403 229.92419004067779 21.609678111970425 14.481168292462824 6.815227609127759 6.5804212242364875 7.5469895042479065 103.714002083987 315.70786495506763 62.341571625322104 13.786956697702406 9.8414394222199899 27.744332659989595 21.093405567109585 28.373175635933876 80.008380066603422 21.990863669663668 24.033700555562973 18.41227837279439 11.434089139103888 10.320004448294638 330.63198319450021 18.399904079735279 82.04988244920969 26.914371602237225 103.18651386350393 37.414363153278828
leaf_count=1288 144 119 5339 170 1188 103 110 65 67 68 1032 2996 404 121 88 238 158 248 721 252 279 149 98 102 2571 128 516 182 597 236
internal_value=0 0.00089992 0.000209791 0.00273509 0.00651516 -0.00604322 -0.00132554 0.000574096 -0.00382465 -0.00805641 -0.00162454 -0.00011986 0.00110353 -0.00780317 0.00224902 0.0140056 0.00103311 0.0261217 -0.0129079 -0.00402758 -0.012506 -0.018142 -0.0124191 0.0261229 0.00157704 0.0137413 0.000704673 -0.00082472 0.000331707 0.00653146
internal_weight=0 2519.1 2245.23 848.333 273.87 43.9457 1396.89 794.508 602.386 280.097 121.581 322.288 780.027 87.5626 692.465 62.9327 629.532 35.1884 158.516 60.0958 46.0246 98.4207 73.7757 17.867 619.69 39.4933 580.197 498.147 471.233 140.601
internal_count=19777 18489 17079 5509 1410 222 11570 5760 5810 2747 1202 3063 5650 623 5027 551 4476 313 1545 675 531 870 502 170 4388 286 4102 3586 3404 833
is_linear=0
shrinkage=0.04


Tree=103
num_leaves=31
num_cat=0
split_feature=25 32 26 0 2 36 0 29 36 30 29 16 36 29 2 30 0 31 5 0 29 0 32 0 23 22 0 0 31 16
split_gain=7.14011 6.11796 5.13184 7.14457 5.76153 5.41515 5.05228 4.77775 4.75434 5.49891 7.64382 4.98922 9.04768 6.82531 6.34937 5.41869 4.54725 6.82126 4.50509 4.31125 4.30867 5.82445 4.05501 7.76577 4.93559 6.4873 6.05759 5.54586 4.09547 4.01754
threshold=0.17500000447034839 25.500000000000004 1.0000000180025095e-35 7.6138155460357675 402.50000000000006 1.5198159813880923 7.1974284648895273 -0.91597560048103321 1.0067390799522402 1.4978661537170412 0.78656607866287243 143.57322692871097 0.62642619013786327 -0.12940952181816107 712.50000000000011 1.7005987167358401 6.6669363975524911 0.4220647811889649 0.14775766432285312 7.3814969062805185 0.60355338454246532 7.8995227813720712 1.5000000000000002 7.9069137573242196 1.0000000180025095e-35 0.24204545468091967 6.3902053833007821 6.7638680934906015 0.61721614003181469 212.53236389160159
decision_type=2 2 2 2 2 2 2 2 2 2 2 2 2 2 2 2 2 2 2 2 2 2 2 2 2 2 2 2 2 2
left_child=29 2 4 8 6 -5 -2 -3 9 10 -4 12 16 -14 15 -13 17 -11 -15 -9 21 -7 -6 24 25 26 -24 -28 -27 -1
right_child=1 7 3 5 22 20 -8 19 -10 11 -12 14 13 18 -16 -17 -18 -19 -20 -21 -22 -23 23 -25 -26 28 27 -29 -30 -31
leaf_value=-0.003336789667573295 -0.018552625716618438 -0.0096699503627664073 0.010882029665240748 -0.023578635535780674 -0.00045333229373565784 0.017203146965677082 0.0015021488051070178 0.032885966834186577 0.012235301556794059 -0.011721473733386592 -0.012571634988536487 0.0022846533811083721 -0.028796843811212142 0.0155214558286581 -0.013874540944767937 0.039968550816055548 0.02589900135687806 0.02223021580438559 -0.016653413945465226 0.0073164876926227586 -0.017936681107570327 -0.007021049729350074 0.033186441692458879 0.024710368438502894 0.020310123608309989 -0.016990979193222608 -0.018113863428543833 0.0094240484116282358 0.00039988451784998895 0.016585918616991754
leaf_weight=725.59338888525963 46.740727562457323 9.155562970787285 174.00902913510799 18.875900451093912 989.74654496088624 27.907984212040901 33.726158119738102 20.496017958968878 151.14772509410977 28.17496195435524 23.748037718236446 12.107345189899208 32.224603626877069 11.73528713732958 10.029789350926874 10.868360765278338 11.213526524603365 11.801682882010935 12.127055425196884 22.671579264104366 15.723333656787871 32.156227819621563 11.272983543574808 27.485755618661642 19.953720681369305 37.070092439651489 13.137479212135075 50.097166858613491 48.437143132090569 14.607985787093638
leaf_count=6374 348 90 1092 114 6981 168 234 228 871 184 149 89 209 84 72 67 82 66 78 250 100 202 63 213 166 184 87 303 401 127
internal_value=0 0.00172128 0.00133364 0.00443352 -8.76208e-05 -0.00553906 -0.0103145 0.0149557 0.00637802 0.0037025 0.00796788 -0.00233791 -0.00651825 -0.017347 0.0108455 0.0218837 0.00555246 -0.00111683 -0.000853444 0.0203755 -0.000555345 0.00442604 0.000615808 0.0056722 0.00252496 8.38256e-05 0.00859066 0.0033229 -0.00735562 -0.00289998
internal_weight=0 1913.84 1861.52 583.851 1277.67 94.6634 80.4669 52.3232 489.187 338.04 197.757 140.283 107.277 56.0869 33.0055 22.9757 51.1902 39.9766 23.8623 43.1676 75.7875 60.0642 1197.2 207.454 179.969 160.015 74.5076 63.2346 85.5072 740.201
internal_count=19676 13175 12607 3627 8980 584 582 568 3043 2172 1241 931 703 371 228 156 332 250 162 478 470 370 8398 1417 1204 1038 453 390 585 6501
is_linear=0
shrinkage=0.04


Tree=104
num_leaves=31
num_cat=0
split_feature=4 27 16 2 27 5 2 30 7 36 6 36 4 29 2 29 4 27 2 0 2 29 6 2 1 0 0 27 8 5
split_gain=7.76886 9.24116 6.30471 7.52316 7.13453 7.23922 6.09156 6.34488 6.02993 4.6517 6.06661 5.90296 8.30897 5.18491 5.18262 5.71573 5.68213 4.94447 10.0995 5.27634 4.68865 6.07828 5.27851 5.134 4.65022 5.09644 6.06366 5.08109 4.63571 4.47813
threshold=0.67251640558242809 4.0456790924072275 12.439978599548342 702.50000000000011 3.4226313829422002 0.2375874072313309 712.50000000000011 1.8688347935676577 0.42499999701976782 0.39143198728561407 5.8215644359588632 0.80839002132415783 0.91245159506797802 -0.12940952181816107 508.50000000000006 1.0000000180025095e-35 0.95021551847457897 3.9522043466567998 587.50000000000011 6.7979249954223642 651.50000000000011 0.12940952181816107 5.6401309967041025 669.50000000000011 1.5000000000000002 6.3385550975799569 6.5161657333374032 4.3776419162750253 7.5000000000000009 0.31316846609115606
decision_type=2 2 2 2 2 2 2 2 2 2 2 2 2 2 2 2 2 2 2 2 2 2 2 2 2 2 2 2 2 2
left_child=1 -1 3 9 5 -4 -5 24 -7 10 -2 13 20 17 -14 16 -16 18 19 -11 -13 22 -22 -23 27 -26 -27 -8 -17 -6
right_child=2 -3 4 6 29 8 7 -9 -10 11 -12 12 14 -15 15 28 -18 -19 -20 -21 21 23 -24 -25 25 26 -28 -29 -30 -31
leaf_value=0.018277473842233709 0.0042801026979692311 -0.00022677698962218377 -0.021101087096701911 0.024771013662760924 -0.00090557500035573675 -0.010202338877600707 0.0024088558007250662 0.016208590132855482 0.026084602125852646 -0.027323963301506132 0.038218317150157971 0.0059252798641306935 -0.023472441387245073 8.071481890220096e-05 -0.0032295797135236844 -0.0020961121774241533 0.028102266183763946 -0.015257890817240017 0.022605501072335117 0.0086616184036608854 -0.022320803241004831 -0.011430498513185164 0.0091225673970952229 0.024413985760505935 0.017348149475952899 -0.017353747717091011 0.0041607689618562574 -0.023216750836450077 -0.036799056726186358 -0.016009779373789036
leaf_weight=80.888675797730684 50.541249226778746 90.04270875826478 57.410211753100157 23.918621331453323 1095.1680998727679 17.757662989199165 27.967562332749367 63.879221975803375 9.6902988255023939 16.505442466586832 8.2842986881732923 321.04855325445533 26.730624545365572 126.22808898985386 31.450082257390022 13.761105705052616 10.93045888096094 110.10425417870283 17.551276423037052 8.8624440319836122 31.604266993701458 9.2174780704081076 10.205522324889897 13.710500303655861 40.630794998258352 20.761329665780067 267.19826979935169 19.747244700789452 9.5415564551949483 30.348771516233683
leaf_count=758 384 573 476 166 8768 116 190 448 110 113 63 2111 212 946 234 91 79 819 124 70 200 62 71 86 259 129 1714 140 85 205
internal_value=0 0.00863997 -0.000127475 0.00182782 -0.00219546 -0.0132429 0.00588233 0.00474856 0.00351 -0.000486158 0.0101591 -0.00133747 0.00136187 -0.00593673 -0.00928665 -0.00299055 0.00575355 -0.0108375 0.00067701 -0.0150379 0.00394743 -0.00574478 -0.0145796 0.0102429 0.00272777 0.00443039 0.00250062 -0.0087039 -0.0180912 -0.00134053
internal_weight=0 170.931 2490.76 1280.38 1210.38 84.8582 464.103 440.184 27.448 816.277 58.8255 757.452 478.2 279.252 92.4138 65.6832 42.3805 153.023 42.9192 25.3679 385.786 64.7378 41.8098 22.928 376.305 328.59 287.96 47.7148 23.3027 1125.52
internal_count=19802 1331 18471 8796 9675 702 3046 2880 226 5750 447 5303 3231 2072 701 489 313 1126 307 183 2530 419 271 148 2432 2102 1843 330 176 8973
is_linear=0
shrinkage=0.04


Tree=105
num_leaves=31
num_cat=0
split_feature=31 2 25 12 2 2 16 6 0 0 6 20 36 5 5 8 27 29 31 36 32 30 4 20 36 2 5 5 7 28
split_gain=7.88425 6.94471 11.8441 6.66825 8.80631 5.45724 6.53508 7.12383 5.64675 5.94622 5.36591 7.83588 7.2681 5.36477 5.67732 5.14706 5.04618 5.8747 5.28069 5.06761 4.77504 7.31127 5.89108 5.2203 4.71868 4.50825 5.73445 8.22852 10.9296 7.12916
threshold=0.32666666805744177 500.50000000000006 0.34999999403953558 1.0000000180025095e-35 537.50000000000011 462.50000000000006 14.991014480590822 5.2122108936309823 7.4877300262451181 7.0613250732421884 5.4004201889038095 0.22857142984867099 1.6424235701560976 0.30852118134498602 0.12608382105827334 5.5000000000000009 4.5895485877990732 -0.91597560048103321 0.93201079964637767 0.76172128319740307 13.500000000000002 3.4811217784881596 0.85113981366157543 0.28611111640930181 1.1464493870735171 589.50000000000011 0.26240158081054693 0.25029137730598455 1.0000000180025095e-35 -0.98296290636062611
decision_type=2 2 2 2 2 2 2 2 2 2 2 2 2 2 2 2 2 2 2 2 2 2 2 2 2 2 2 2 2 2
left_child=20 5 3 4 -3 6 -2 -8 9 -9 12 -12 -6 14 24 -7 17 -16 19 -19 21 23 -22 25 -13 -1 27 -27 -29 -28
right_child=1 2 -4 -5 10 15 7 8 -10 -11 11 13 -14 -15 16 -17 -18 18 -20 -21 22 -23 -24 -25 -26 26 29 28 -30 -31
leaf_value=-0.003245528132520967 0.030778162342283703 -0.021077314328867312 0.020375600083920382 0.021737953583046303 0.011309873310349836 0.0055677601002009089 -0.023895135035144829 0.0028251715226717067 -0.013883242182852442 0.038167354500710668 -0.019454066512525632 -0.0028068970838743094 -0.012022515612691282 0.011726211130678885 -0.033040079004914187 0.039786909130217339 0.011724835467343018 0.017265511548364219 -0.026012464779285968 -0.0085245348418705839 0.030332297441093014 -0.02825279016764921 -0.0011511058690328697 -0.021738773781101738 0.025758996216343526 0.0010533072070944046 0.019751821776528743 -0.0045661075271195067 0.037399721508802608 -0.0078234437582183347
leaf_weight=823.47935367003083 12.637702640146015 31.107625801116228 48.656491119414568 19.101306393742561 107.19699846580625 11.894418329000475 12.306622374802826 19.04828937724233 11.241437382996081 11.096445355564354 37.609586596488953 20.589339479804039 24.815814264118671 45.777684696018696 15.795240461826323 18.297376286238432 14.802736245095728 15.570907875895498 15.4704970754683 37.823127418756485 15.131328344345091 14.058478798717259 21.058850601315498 17.530883803963661 14.303913608193396 997.09724152833223 14.420351788401602 16.6947922706604 21.160635769367218 183.28668387234211
leaf_count=6517 89 194 456 106 644 71 67 131 71 70 221 152 158 448 110 119 94 122 105 302 85 88 137 96 90 7752 82 115 100 1092
internal_value=0 0.0042758 0.00215346 -0.000153646 -0.00135939 0.0138962 0.00708542 0.000603829 0.00865455 0.0174001 0.000504215 -0.00334595 0.00680988 0.000193909 -0.00384974 0.0274893 -0.00868794 -0.0124453 -0.00692241 -0.000651748 -0.00110839 -0.00136355 0.0129114 -0.0011542 0.00966482 -0.000957744 0.000573395 0.00176787 0.0195918 -0.00563449
internal_weight=0 545.144 448.621 399.965 380.863 96.5223 66.3305 53.6928 41.3862 30.1447 349.756 217.743 132.013 180.133 134.356 30.1918 99.4625 84.6598 68.8645 53.394 2123.92 2087.73 36.1902 2073.67 34.8933 2056.14 1232.66 1034.95 37.8554 197.707
internal_count=19884 3820 3202 2746 2640 618 428 339 272 201 2446 1644 802 1423 975 190 733 639 529 424 16064 15842 222 15754 242 15658 9141 7967 215 1174
is_linear=0
shrinkage=0.04


Tree=106
num_leaves=31
num_cat=0
split_feature=23 8 15 4 25 27 13 4 6 5 5 4 16 1 4 36 8 0 8 14 27 16 36 29 28 36 0 29 6 6
split_gain=6.95418 5.60207 6.74774 5.54218 4.80328 4.68367 4.18187 7.75778 5.57995 7.31127 5.01308 6.21978 7.40244 10.5659 6.59526 5.47716 7.99845 5.41635 7.70781 5.28359 4.50939 6.86768 5.74892 4.47123 4.85317 4.46427 4.63831 4.25249 4.05733 9.8138
threshold=1.0000000180025095e-35 7.5000000000000009 0.14145454764366153 0.86526721715927135 0.27500000596046453 4.6770255565643319 1.0000000180025095e-35 0.7595328986644746 5.1901714801788339 0.21835567802190783 0.25452153384685522 0.82816505432128917 153.49289703369143 1.5000000000000002 0.80919465422630321 1.4659474492073061 6.5000000000000009 6.1653625965118417 5.5000000000000009 0.89587974548339855 4.4254450798034677 18.625462532043461 0.92616951465606701 -0.37940952181816096 0.12940952181816109 0.46097640693187719 6.1653625965118417 0.60355338454246532 5.2496488094329843 5.3821961879730233
decision_type=2 2 2 2 2 2 2 2 2 2 2 2 2 2 2 2 2 2 2 2 2 2 2 2 2 2 2 2 2 2
left_child=4 3 -3 -2 28 -5 10 -8 20 -10 11 14 13 -13 27 17 -17 -12 -19 -20 22 -22 -9 24 -16 26 -15 -6 -1 -30
right_child=1 2 -4 5 6 -7 7 8 9 -11 15 12 -14 25 23 16 -18 18 19 -21 21 -23 -24 -25 -26 -27 -28 -29 29 -31
leaf_value=-0.0043168673500374915 0.017733287555330421 -0.022970804276515128 0.0034918760193955083 -0.0026398564020387598 0.0098611420688740903 0.021589183665795948 0.0096727137500525143 -0.021557132061262207 -0.0094563828173036459 -0.044353666255972951 0.013515788919953633 -0.0020210893114927229 -0.014294485142791023 0.014753578595923465 -0.0066245592488930003 -0.0096760638945824085 0.034148386807845245 0.0057694086415019316 -0.011992985079926187 -0.040087271283836809 -0.0052291167985850885 0.03984486506009581 0.009458194664978211 0.036325369032191093 0.027761194044874569 0.013476035284036155 -0.017913166005710343 -0.014783303475688372 0.012619283366277202 -0.0015866577014608009
leaf_weight=662.14616797119379 85.470572337508202 16.303451955318451 95.831285797059536 57.407194845378399 50.623210240155458 14.296816535294054 52.600370693951845 17.063274219632149 85.584869287908077 9.1703485138714296 15.188721448183058 199.78126915171742 35.190026704221964 10.082712195813658 12.072378709912302 11.653503052890303 11.674707502126692 29.217295981943607 52.023529596626759 12.701267313212155 10.251565031707289 8.5631835386157018 17.492853451520205 23.385945148766041 10.953075382858513 164.51659647747874 14.579069346189497 12.347917791455982 84.631059046834707 761.87327599897981
leaf_count=5040 580 98 502 286 288 68 510 118 651 69 77 1333 270 63 66 79 58 162 296 86 64 56 110 124 60 973 100 75 680 6809
internal_value=0 0.00614545 -0.000690677 0.01097 -0.000614085 0.00264583 0.00175651 -0.0032818 -0.00794959 -0.0136807 0.00328031 0.00500656 0.00278267 0.0043929 0.0134253 -0.0036439 0.0132207 -0.007422 -0.0110184 -0.0185424 0.00235217 0.0171428 -0.0061982 0.0245505 0.0106439 0.0111167 -0.00445283 0.00472233 -0.00197651 -0.000139992
internal_weight=0 269.309 112.135 157.175 2375.37 71.704 866.718 200.726 148.126 94.7552 665.991 533.532 424.15 388.96 109.383 132.459 23.3282 109.131 93.9421 64.7248 53.3709 18.8147 34.5561 46.4114 23.0255 189.178 24.6618 62.9711 1508.65 846.504
internal_count=19751 1534 600 934 18217 354 5688 1578 1068 720 4110 3352 2739 2469 613 758 137 621 544 382 348 120 228 250 126 1136 163 363 12529 7489
is_linear=0
shrinkage=0.04


Tree=107
num_leaves=31
num_cat=0
split_feature=1 32 23 22 4 5 36 27 29 16 7 30 34 29 21 15 27 15 36 27 27 36 29 4 16 4 16 5 6 27
split_gain=7.05497 5.57535 4.73475 5.48787 5.4824 4.7213 4.32217 5.05549 4.75418 7.15026 4.54565 4.24315 5.64292 5.23124 7.41415 5.84834 5.53229 8.44592 4.17347 4.02143 5.22423 7.3394 4.90836 7.73425 6.69092 5.44149 4.5702 7.25073 4.38796 3.98429
threshold=3.5000000000000004 25.500000000000004 1.0000000180025095e-35 0.81455555558204662 0.67251640558242809 0.072180762887001051 0.91173902153968822 3.0130778551101689 0.91597560048103344 69.736694335937514 0.57499998807907116 1.4978661537170412 3.5000000000000004 -0.91597560048103321 1.0000000180025095e-35 0.14145454764366153 4.724285602569581 0.31377777457237249 0.63808181881904613 3.620332002639771 3.4766128063201909 1.0711895823478701 -0.6035533845424651 0.87697201967239391 22.039302825927738 0.86454355716705333 1.9231573939323428 0.22736801207065585 5.1328485012054452 3.9328050613403325
decision_type=2 2 2 2 2 2 2 2 2 2 2 2 2 2 2 2 2 2 2 2 2 2 2 2 2 2 2 2 2 2
left_child=1 2 3 5 -4 -1 7 -7 19 10 -10 12 -9 14 -13 -16 -15 -18 -14 20 26 -22 23 24 25 -21 -8 -28 -23 -17
right_child=-2 -3 4 -5 -6 6 8 11 9 -11 -12 13 18 16 15 29 17 -19 -20 22 21 28 -24 -25 -26 -27 27 -29 -30 -31
leaf_value=0.025905588568690241 0.010364163511185876 0.012418860339081787 0.028043168197123474 -0.030511780380680885 0.0029897014995488255 -0.027641011239646164 0.0084814683552660378 -0.0012512402788932417 -0.0050639587209893935 0.034655731974035396 0.022862088078626028 0.018637570940167669 -0.00042152533124595229 -0.0056726360782715932 -0.0016096794192166648 -0.0047977168142097132 -0.00025909505855852748 0.03506283496984848 0.037886023807830231 0.0093543813326565414 -0.013166288873576895 0.0061132681457309246 -0.0035411779241248261 0.0090673818033111288 -0.0094836353629122998 -0.01346299392877081 -0.020407692629759909 0.015883835778713513 0.033845358691454698 -0.031375595048771902
leaf_weight=8.2571229636669141 97.971231285482645 50.616661157459021 12.942708373069761 8.2539033442735654 230.47169396281242 11.190124694257973 46.24862452968955 649.59190785512328 31.190616052597761 13.774158079177139 11.011245500296353 8.1197122111916524 8.0015493705868739 331.86529414728284 23.710563410073519 12.48383869230747 52.619881000369787 11.629197642207144 8.4186625815927965 80.458935268223286 9.4817476458847505 15.655511524528263 528.74806573614478 158.46969104558229 106.97115499153733 19.113310758024454 27.28267914801836 10.882831554859875 24.070906423032284 40.517905700951815
leaf_count=71 712 547 83 103 1217 79 294 5157 230 98 63 60 70 2720 240 90 459 70 66 476 76 104 3822 1208 757 132 219 77 183 293
internal_value=0 -0.000467811 -0.000738287 -0.00131075 0.00453951 -0.00117661 -0.00129938 -0.00299603 0.000516582 0.0116609 0.00292721 -0.00270789 -0.000635905 -0.00556265 -0.0144681 -0.0183567 -0.00359236 0.00699974 0.0211999 -0.000112083 0.00630719 0.0163868 -0.00108374 0.00247594 -0.00261978 0.00479564 0.000188118 -0.0097836 0.0237335 -0.0255176
internal_weight=0 2552.05 2501.43 2258.02 243.414 2249.77 2241.51 1158.15 1083.36 55.976 42.2019 1146.96 666.012 480.946 84.832 76.7123 396.114 64.2491 16.4202 1027.38 133.622 49.2082 893.761 365.013 206.543 99.5722 84.4141 38.1655 39.7264 53.0017
internal_count=19776 19064 18517 17217 1300 17114 17043 9304 7739 391 293 9225 5293 3932 683 623 3249 529 136 7348 953 363 6395 2573 1365 608 590 296 287 383
is_linear=0
shrinkage=0.04


Tree=108
num_leaves=31
num_cat=0
split_feature=1 20 15 14 26 0 13 2 36 36 16 16 27 1 30 36 8 27 27 20 25 27 28 29 5 36 5 16 2 4
split_gain=8.11227 5.98344 8.13862 5.19049 4.72361 7.36997 5.40404 7.34473 5.33928 12.0109 6.85853 8.43278 7.91431 6.67969 6.29469 5.46897 5.22347 9.58399 5.69049 5.07781 5.00115 6.49446 5.34329 5.28546 4.93656 4.88417 7.84698 4.577 4.52403 4.3257
threshold=3.5000000000000004 0.69055554270744335 0.33224999904632574 1.2424533367156985 1.0000000180025095e-35 7.6138155460357675 1.0000000180025095e-35 434.50000000000006 1.2493990659713747 1.3237224817276003 103.68577194213869 45.317565917968757 3.7483261823654179 2.5000000000000004 1.8688347935676577 1.4209429621696474 5.5000000000000009 4.0968410968780526 3.9936026334762578 0.21374999731779101 0.23499999940395358 4.6016638278961191 -1.0000000180025095e-35 0.37940952181816107 0.094603929668664946 0.63808181881904613 0.16348432004451754 104.87001037597658 643.50000000000011 0.89287164807319652
decision_type=2 2 2 2 2 2 2 2 2 2 2 2 2 2 2 2 2 2 2 2 2 2 2 2 2 2 2 2 2 2
left_child=1 4 -3 -2 -1 6 7 19 10 -10 11 13 -12 16 -14 -11 25 18 29 -6 -8 22 23 -22 -7 -9 -27 -26 -13 -18
right_child=3 2 -4 -5 5 24 20 8 9 15 12 28 14 -15 -16 -17 17 -19 -20 -21 21 -23 -24 -25 27 26 -28 -29 -30 -31
leaf_value=-0.0024980047432302745 0.013613594226386179 -0.012593948501599917 0.019971857337893487 -0.011236388300408573 -0.0031659201106085896 -0.03237161650751201 -0.012591940078507563 -0.0054816186100871793 0.041921654074031256 -0.015540648069808261 -0.016182526073160897 -0.0019738365301601173 0.022110401433326383 0.017527343407637095 -0.0062487793309877627 0.012426356927636963 0.0094508141093265184 -0.012818461026018683 0.03049856912426429 0.02493040995065798 -0.022909276880833846 0.026257795272582717 0.01490341210398044 0.010353606030662843 -0.00074801327538275334 0.032323793244587139 -0.0009343401476169912 -0.020964622201103796 -0.023586121139696343 -0.015432005980751623
leaf_weight=1740.4821386896074 91.722652908414602 15.275012463331221 43.407956801354885 14.149647220969198 12.932412199676035 9.9543369486927968 59.989091046154499 25.28286350518465 15.639629602432249 15.097321655601261 12.60292426496744 27.6202179081738 58.090955227613449 35.324563805013895 14.863481659442185 30.540645875036716 30.548331577330828 92.36554703488946 11.563228592276571 41.538105729967356 22.167798038572077 13.207188069820402 14.806436676532028 9.7793111503124219 84.428107734769583 21.253503642976284 21.962014891207218 20.800037886947393 34.496750760823488 15.03195473179221
leaf_count=13273 630 173 518 137 110 75 474 125 90 88 100 209 464 199 88 168 199 694 85 248 149 80 103 69 556 100 102 143 253 117
internal_value=0 -0.0010532 0.0113594 0.0101457 -0.00135432 0.00129269 0.0029813 0.00475497 0.00307681 0.0138776 0.00136567 -0.00137526 0.011272 0.00189051 0.01632 0.00291067 -0.000779485 -0.00495806 0.00775115 0.0183839 -0.00461248 0.00351952 -0.00371737 -0.0127171 -0.00793314 0.00822286 0.0161284 -0.00506064 -0.0143376 0.000940957
internal_weight=0 2551.05 58.683 105.872 2492.37 751.887 636.704 516.754 462.284 61.2776 401.006 315.449 85.5574 253.332 72.9544 45.638 218.007 149.509 57.1435 54.4705 119.95 59.9607 46.7535 31.9471 115.182 68.4984 43.2155 105.228 62.117 45.5803
internal_count=19819 19052 691 767 18361 5088 4314 3439 3081 346 2735 2083 652 1621 552 256 1422 1095 401 358 875 401 321 218 774 327 202 699 462 316
is_linear=0
shrinkage=0.04


Tree=109
num_leaves=31
num_cat=0
split_feature=25 7 1 16 17 1 4 29 3 22 20 2 2 2 22 5 13 2 16 4 2 4 16 7 36 36 0 2 27 8
split_gain=8.13741 7.16473 6.80282 5.74328 5.52364 5.69029 4.8411 7.17621 4.03144 4.2052 3.87422 5.18127 7.70644 7.23097 5.02431 6.47425 4.89473 5.62746 5.77217 6.94821 6.78806 8.92747 6.50913 5.91846 5.07519 5.84694 5.17934 6.64534 7.9411 4.71769
threshold=0.34999999403953558 1.0000000180025095e-35 1.5000000000000002 159.15270996093753 1.5000000000000002 2.5000000000000004 0.9543166756629945 1.0000000180025095e-35 3.5000000000000004 0.10918604582548143 0.41083332896232611 743.50000000000011 623.50000000000011 477.50000000000006 0.43935896456241613 0.19854699820280078 1.0000000180025095e-35 924.50000000000011 149.76631164550784 0.82155412435531627 693.50000000000011 0.85850352048873912 86.983146667480483 0.57499998807907116 1.957960903644562 1.4775957465171816 7.3562746047973642 693.50000000000011 3.8867046833038335 9.5000000000000018
decision_type=2 2 2 2 2 2 2 2 2 2 2 2 2 2 2 2 2 2 2 2 2 2 2 2 2 2 2 2 2 2
left_child=1 4 3 -2 6 -6 8 -8 9 -1 16 12 13 -12 15 -15 24 18 19 -18 21 -21 -23 -20 25 29 -27 28 -28 -3
right_child=2 10 -4 -5 5 -7 7 -9 -10 -11 11 -13 -14 14 -16 -17 17 -19 23 20 -22 22 -24 -25 -26 26 27 -29 -30 -31
leaf_value=-0.026896403734393837 -0.0030852275262643371 0.0015134316132451426 0.016135167415778917 0.02776119665417948 -0.022365318050367317 0.016176873655871109 0.032478618331627962 -0.011535966340916049 0.0038485894136629341 -0.0030020647517995571 0.022229305700874877 -0.0015964851851237661 0.025824200578689727 -0.010493672433537998 -0.017699627322346947 0.025730805908883308 -0.020994877360860344 0.016885272532152475 -0.0090015115672347819 0.026756681391051151 -0.017665328511554695 -0.010003931230775727 0.018071648528161167 0.025827624512187831 -0.0078825807408419036 0.035819797227461606 0.02516658604107494 0.02239041888705021 -0.0085110471345512875 0.024351487676640256
leaf_weight=9.9884712286293489 78.208511676639318 802.83661123737693 92.908701367676258 8.9807380959391576 35.655213747173548 5.8233762420713893 13.325639799237253 8.3297802284359914 144.09867665916681 857.7746729105711 22.333244275301695 65.859609343111515 41.126720543950796 15.01762203872204 22.091618470847607 12.96201605349779 50.925185993313789 16.571261063218117 12.932386834174396 17.003217235207558 36.804118759930134 58.302693050354719 14.98251887410879 15.083115190267561 71.380996510386467 11.09910826385021 12.947764895856379 31.881736159324646 42.711555019021034 12.751828067004679
leaf_count=140 518 4852 687 57 387 58 129 80 899 8046 147 589 322 81 194 62 281 96 110 104 252 421 110 73 386 51 71 173 252 98
internal_value=0 -3.80729e-05 0.00872467 0.000643317 -0.00248682 -0.016459 -0.00189536 0.0160044 -0.00230926 -0.00333832 0.00185985 0.00731174 0.0124176 0.00431299 -0.00422508 0.00688492 0.00103963 -0.00429271 -0.00614201 -0.00880216 -0.00366703 0.00229824 -0.00393652 0.0102215 0.00225022 0.00305685 0.0121569 0.00842371 -7.55809e-05 0.0019292
internal_weight=0 2462.6 180.098 87.1892 1075 41.4786 1033.52 21.6554 1011.86 867.763 1387.6 179.391 113.531 72.4045 50.0713 27.9796 1208.21 222.604 206.033 178.018 127.093 90.2884 73.2852 28.0155 985.61 914.229 98.6402 87.5411 55.6593 815.588
internal_count=19726 18464 1262 575 9739 445 9294 209 9085 8186 8725 1395 806 484 337 143 7330 1447 1351 1168 887 635 531 183 5883 5497 547 496 323 4950
is_linear=0
shrinkage=0.04


Tree=110
num_leaves=31
num_cat=0
split_feature=1 25 15 4 36 27 15 0 4 3 27 14 36 27 25 36 5 29 0 4 36 27 29 14 0 27 0 28 5 28
split_gain=6.27696 5.76317 6.10776 5.37792 5.2092 5.48069 5.57864 4.89697 4.74364 4.46071 5.66227 5.53962 5.33767 6.83621 5.00148 5.39843 5.90052 4.99854 4.49192 6.47184 9.04638 6.49008 6.59714 4.90069 8.01365 5.61744 5.59728 6.54266 4.42954 4.30176
threshold=3.5000000000000004 0.17500000447034839 0.59397727251052868 0.96481129527091991 0.40955632925033575 4.4361593723297128 0.4291666597127915 6.0062773227691659 0.85906165838241588 3.5000000000000004 5.0009214878082284 0.89587974548339855 1.821431636810303 4.1720767021179208 0.31000000238418585 2.2300208806991582 0.13543409109115603 -0.91597560048103321 6.716576576232911 0.82384765148162853 0.63401335477828991 3.9731177091598515 1.0000000180025095e-35 1.2424533367156985 7.3877043724060067 4.6195659637451181 6.8936436176300058 1.0000000180025095e-35 0.26974222064018255 -0.37940952181816096
decision_type=2 2 2 2 2 2 2 2 2 2 2 2 2 2 2 2 2 2 2 2 2 2 2 2 2 2 2 2 2 2
left_child=1 3 9 7 -2 6 8 -1 -6 10 12 -12 -3 14 15 16 -14 -15 19 20 21 -11 -23 24 25 26 -20 -28 -26 -19
right_child=4 2 -4 -5 5 -7 -8 -9 -10 18 11 -13 13 17 -16 -17 -18 29 23 -21 -22 22 -24 -25 28 -27 27 -29 -30 -31
leaf_value=0.012061040303607396 -0.017379180631122603 -0.0018196655950812306 0.022539846151750451 -0.032420265214821921 0.031875741357108849 -0.0047307432199622428 -0.010462390577600775 -0.0038915406286261999 0.0091249286760248204 -0.0037361199846294431 0.01410681087632454 -0.0077979493201062238 -0.0048726748834449982 -0.025430010094578646 0.029062863313799231 -0.0044004954299204212 0.030805403941558628 -0.005772100800410367 0.043712676458017963 -0.015394473036561723 -0.0088709174521729769 0.037195413247596093 0.0021447804197446251 -0.0096929207289029699 0.011244740104521162 -0.00066728546052560278 0.026178189486531209 -0.0068463340869657175 -0.020377341954696589 0.018409863038885196
leaf_weight=30.342815604060888 8.7315449453890306 1320.0582581944764 18.145803965628147 8.2352721318602544 32.84245215728879 22.094784401357174 8.688706409186123 674.54535567387938 29.141236737370491 18.012067563831806 74.035111464560032 22.964090280234814 10.575108848512174 11.492704808712004 22.174182966351509 31.179723739624023 19.513822462409735 35.447242174297571 18.071987349539995 30.193284176290035 40.010834190994501 22.92590606957674 13.503139421343802 14.526967551559208 11.860765974968674 16.094791896641254 30.172151174396276 12.676302898675202 12.73570680990815 15.191024340689181
leaf_count=240 62 9501 206 94 246 145 100 6001 185 107 475 183 74 70 156 212 122 225 100 163 223 124 73 93 58 81 164 72 79 89
internal_value=0 -0.000557101 0.000636862 -0.00360014 0.00949258 0.0123352 0.017654 -0.00317266 0.0217992 0.000391751 -0.000391474 0.0088682 -0.00101555 0.00620196 0.0135533 0.00719883 0.0187438 -0.00378576 0.00543606 0.000136913 0.00531807 0.0156909 0.024991 0.0110247 0.0141166 0.0203386 0.025733 0.0165386 -0.00542981 0.00190613
internal_weight=0 2534.68 1821.56 713.123 101.499 92.7672 70.6724 704.888 61.9837 1803.42 1562.63 96.9992 1465.63 145.574 83.4428 61.2687 30.0889 62.131 240.784 124.645 94.4519 54.4411 36.429 116.139 101.612 77.0152 60.9204 42.8485 24.5965 50.6383
internal_count=19723 18985 12650 6335 738 676 531 6241 431 12444 11107 658 10449 948 564 408 196 384 1337 690 527 304 197 647 554 417 336 236 137 314
is_linear=0
shrinkage=0.04


Tree=111
num_leaves=31
num_cat=0
split_feature=25 1 15 31 22 7 2 5 16 30 16 2 2 2 27 0 0 5 0 0 4 5 5 30 34 28 25 34 34 16
split_gain=6.57213 5.29805 5.08939 4.84489 4.65658 4.56629 5.2697 5.76286 7.05376 8.61576 6.64332 5.09385 6.70564 3.89673 3.77237 3.75447 3.66689 3.54036 3.44078 7.33347 9.24553 4.02889 4.87194 3.64706 6.17159 5.84584 5.27518 5.01072 4.22579 6.19491
threshold=0.34999999403953558 1.5000000000000002 0.59397727251052868 0.039230769500136382 0.18279032409191134 0.67499998211860668 841.50000000000011 0.14490120857954028 29.323871612548832 2.0126758217811589 2.9694546461105351 655.50000000000011 525.50000000000011 619.50000000000011 4.0404160022735605 7.2048857212066659 7.12768578529358 0.12564434856176379 5.8748321533203134 6.0062773227691659 0.85850352048873912 0.18757566809654239 0.14002618193626407 3.0677825212478642 32.500000000000007 -0.91597560048103321 0.23499999940395358 24.500000000000004 8.5000000000000018 36.122529983520515
decision_type=2 2 2 2 2 2 2 2 2 2 2 2 2 2 2 2 2 2 2 2 2 2 2 2 2 2 2 2 2 2
left_child=2 4 5 -3 -2 18 7 11 10 -10 -9 12 15 -11 -8 -7 -13 -14 21 20 -20 22 -1 28 26 -26 27 -25 -21 -30
right_child=1 3 -4 -5 -6 6 14 8 9 13 -12 16 17 -15 -16 -17 -18 -19 19 23 -22 -23 -24 24 25 -27 -28 -29 29 -31
leaf_value=-0.016686664875285907 0.013438904765313413 0.0053766933658862285 0.018600916452303762 0.023551884974630378 -0.0060654071563434834 0.01373625777671997 0.031280181028888084 -0.0057697479648628029 0.018207535737801414 0.0060365473300096617 -0.035513822749324582 0.0089955823169227383 0.012043322631153422 -0.023634715462383899 0.0062969648288492388 -0.014239480678565253 -0.015744641400692209 0.038532313159880441 0.030964792934470166 -0.0014832417029490652 -0.010627589525237022 -0.018768050267459105 0.023466889614513313 -0.043508989767414484 0.019051524705202327 -0.0058526857904599239 -0.005644089473483686 -0.010431500580929808 0.018348852116092326 -0.0086593702597808856
leaf_weight=7.2413867339491835 26.224628739058971 55.454682998359203 19.510283883661032 40.813490383327007 61.98363570868969 13.875391833484175 15.392581168562172 64.952441655099392 37.048201620578766 11.328533902764322 13.078815110027788 17.63339651376009 18.234061546623707 14.339143421500919 24.777162998914719 12.860501475632189 16.858553223311901 17.620264701545238 22.113434486091137 1864.5898158438504 11.985813889652489 35.452283378690481 8.2596816904842836 14.836393009871246 17.633576851338148 63.033514216542244 37.085510868579149 15.934858325868843 38.197664462029934 19.063050102442503
leaf_count=76 180 307 213 393 400 74 95 303 163 57 82 89 90 72 113 65 85 86 140 14709 109 232 75 114 131 518 291 121 245 114
internal_value=0 0.00701684 -0.000772506 0.0134047 -9.7316e-05 -0.000942982 0.00386418 0.00153988 -0.00361861 0.00626212 -0.0115181 0.00894061 0.0155776 -0.0110495 0.0168997 0.000224898 -0.00329682 0.0264091 -0.001566 -0.00131128 0.0165663 -0.0116395 0.00494569 -0.00162143 -0.00761869 -7.94893e-05 -0.0163223 -0.0280618 -0.00115051 0.00936857
internal_weight=0 184.476 2452.94 96.2682 88.2083 2433.43 277.999 237.829 140.747 62.7159 78.0313 97.0822 62.5902 25.6677 40.1697 26.7359 34.4919 35.8543 2155.43 2104.47 34.0992 50.9534 15.5011 2070.37 148.524 80.6671 67.8568 30.7713 1921.85 57.2607
internal_count=19742 1280 18462 700 580 18249 1374 1166 677 292 385 489 315 129 208 139 174 176 16875 16492 249 383 151 16243 1175 649 526 235 15068 359
is_linear=0
shrinkage=0.04


Tree=112
num_leaves=31
num_cat=0
split_feature=36 23 4 4 2 36 36 34 16 6 27 16 16 28 2 6 5 36 15 0 27 6 16 7 30 27 36 20 22 8
split_gain=7.24348 5.53198 5.29694 4.35179 6.38416 5.51693 4.13462 5.9703 9.44276 6.54428 5.93162 6.12111 5.97947 5.55216 6.78491 4.8325 4.62299 4.56976 4.47791 4.31497 4.94227 4.16016 4.14109 3.83751 8.85094 3.8046 6.93613 5.55694 7.84315 4.18514
threshold=0.216337725520134 1.0000000180025095e-35 0.67251640558242809 0.93883934617042553 465.50000000000006 0.93118602037429821 1.7154432535171511 3.5000000000000004 16.558975219726566 5.8593597412109384 3.620332002639771 78.28824615478517 22.039302825927738 0.78656607866287243 883.50000000000011 6.1789803504943857 0.26974222064018255 1.6937969923019411 0.14145454764366153 8.1185040473938006 4.5648686885833749 5.0968081951141366 53.911766052246101 1.0000000180025095e-35 1.7005987167358401 4.724285602569581 1.49129194021225 0.41083332896232611 0.32601387798786169 2.5000000000000004
decision_type=2 2 2 2 2 2 2 2 2 2 2 2 2 2 2 2 2 2 2 2 2 2 2 2 2 2 2 2 2 2
left_child=-1 3 -3 6 5 -5 17 9 21 10 -8 12 16 14 15 22 19 18 -2 20 -12 -9 -10 -24 -25 -20 27 28 29 -27
right_child=1 2 -4 4 -6 -7 7 8 13 -11 11 -13 -14 -15 -16 -17 -18 -19 25 -21 -22 -23 23 24 -26 26 -28 -29 -30 -31
leaf_value=-0.023989301720019309 -0.0051177626958874792 0.023915106365755123 0.0037335274323863532 0.035799363702986746 -0.012115095778025518 -0.0088871834295766432 0.025436802785588603 0.0093150074941745539 -0.015670681568672601 -0.019765278404164394 0.017979829316063765 0.025664293987738059 -0.030720581631370637 0.029244865754811326 -0.026536785699694525 0.022893976877711785 -0.02080809503795155 -0.026660447364881316 -0.00071914986248911592 -0.014078263907414561 -0.0098823342907894893 0.037523351658086415 0.01861475639166011 -0.023324065929433542 0.018880709352673188 0.025585729577644024 0.026694966302242485 0.022828787036568748 -0.023231806736701444 0.0016704428061053247
leaf_weight=18.217574764043093 305.7155179977417 20.887607477605343 246.09688970074058 7.2088636569678766 94.539702985435724 7.2765982449054718 13.60270084440708 15.564724858850239 18.366951737552881 23.922332480549812 33.092985428869724 9.9183217287063581 10.317594699561594 10.001688685268162 11.025960892438887 15.947330113500355 12.568527691066263 8.9022776894271356 1372.9077852517366 13.78043709695339 12.857895441353319 21.678260799497366 19.262842547148466 14.944766998291017 13.029545065015553 10.437300950288771 18.738158673048019 18.028164364397526 17.82555928081274 207.36182140558958
leaf_count=155 2979 184 1340 64 762 59 80 101 148 183 208 59 77 73 85 138 63 67 10187 102 77 167 156 88 77 48 122 100 105 1611
internal_value=0 4.58395e-05 0.00547852 -0.000578469 -0.00830766 0.0149968 -0.000193448 0.00442955 0.0101077 -0.00173539 0.00261873 -0.00120269 -0.00495847 0.00364693 0.000321481 0.00450108 -0.000554096 -0.000833907 -0.000688882 0.00424378 0.0100965 0.02681 -0.000514965 0.00577512 -0.00371826 0.00013927 0.00443959 0.00259954 0.00087264 0.00303889
internal_weight=0 2605.81 266.984 2338.82 109.025 14.4855 2229.8 269.883 139.822 130.061 106.138 92.5358 82.6174 102.579 92.5774 81.5514 72.2998 1959.92 1951.01 59.7313 45.9509 37.243 65.6041 47.2372 27.9743 1645.3 272.391 253.653 235.625 217.799
internal_count=19665 19510 1524 17986 885 123 17101 1882 1033 849 666 586 527 765 692 607 450 15219 15152 387 285 268 469 321 165 12173 1986 1864 1764 1659
is_linear=0
shrinkage=0.04


Tree=113
num_leaves=31
num_cat=0
split_feature=25 3 27 0 0 1 36 31 31 28 13 9 2 4 36 2 29 3 27 27 36 0 29 4 36 2 0 1 5 25
split_gain=5.11754 5.39653 5.06855 5.05243 6.75819 4.88801 6.35387 8.15479 5.47701 8.83572 6.36303 4.89503 4.88021 4.38002 4.0816 4.64259 3.79136 5.87167 4.0744 3.69209 5.31536 3.76365 4.3764 3.67466 3.46622 4.55282 4.89375 3.84005 3.83175 4.26162
threshold=0.17500000447034839 3.5000000000000004 5.0009214878082284 7.5315487384796151 6.8090240955352792 2.5000000000000004 0.41369070112705236 0.9112517535686494 0.77953639626503002 -0.6035533845424651 1.5000000000000002 1.0000000180025095e-35 825.50000000000011 0.96481129527091991 2.2300208806991582 757.50000000000011 0.91597560048103344 2.5000000000000004 4.1994547843933114 3.2827874422073369 0.9602545201778413 6.0062773227691659 0.12940952181816107 0.8573744297027589 0.6072697937488557 706.50000000000011 6.0306131839752206 1.5000000000000002 0.30852118134498602 0.23499999940395358
decision_type=2 2 2 2 2 2 2 2 2 2 2 2 2 2 2 2 2 2 2 2 2 2 2 2 2 2 2 2 2 2
left_child=13 5 3 4 24 -2 11 8 10 -10 -8 -7 -6 14 16 -16 19 18 -18 20 -1 22 23 -21 25 27 -27 -3 29 -26
right_child=1 2 -4 -5 12 6 7 -9 9 -11 -12 -13 -14 -15 15 -17 17 -19 -20 21 -22 -23 -24 -25 28 26 -28 -29 -30 -31
leaf_value=-0.036579522680625282 -0.00041292748829732038 0.0088993254855523705 -0.013193592326787289 -0.010856683560616927 0.023039963053558279 0.0061590076869812395 0.0051801630101834806 0.030536609734517488 -0.03916483631006891 0.0090145901801874408 0.033855492702077751 -0.029360191628841074 -0.00036927915068787789 -0.028360859718790953 0.020578342799043515 -0.012625080629053912 0.014769885219343609 0.030031293999973008 -0.016237772014832907 -0.013789874419340048 0.0010636280305993968 -0.0035987721397005797 0.028570456722929589 0.019247957315441277 0.0077076664681771691 -0.021541660974701289 0.013265475385233141 0.034462925337525346 0.014479459728811712 -0.014129371736736951
leaf_weight=10.75996218249202 1388.4877429455519 28.873415783047676 17.351380385458469 18.925525564700365 70.065325900912285 10.024170212447643 186.18094885721803 20.31214677542448 9.2001488283276576 12.054769158363341 11.394744787365196 12.147729955613613 17.68283325061202 8.3758835121989232 22.411801546812061 7.7647077776491633 10.347614072263243 12.073353704065083 13.095449905842541 12.353126354515558 11.124584559351204 607.81887804344296 10.843105923384426 6.6323987729847422 20.704965859651566 10.436744399368765 11.544475190341471 13.638910394161938 16.311830043792725 37.864412374794483
leaf_count=100 9959 162 92 126 379 51 1165 183 95 131 98 105 116 101 184 62 99 77 139 88 89 5441 77 68 120 53 70 71 96 199
internal_value=0 0.00138637 0.00668044 0.00817704 0.00984399 0.000534073 0.00553085 0.00745482 0.00505519 -0.0134145 0.00715665 -0.0141207 0.0184195 -0.00253878 -0.00216337 0.0117811 -0.00280086 0.00959306 -0.00246604 -0.00349527 -0.0189576 -0.00290697 0.0105302 -0.00151398 0.0042608 0.0109105 -0.00367931 0.0182807 -0.00160132 -0.00641012
internal_weight=0 1913.2 263.4 246.048 227.123 1649.8 261.315 239.143 218.831 21.2549 197.576 22.1719 87.7482 733.601 725.225 30.1765 695.048 35.5164 23.4431 659.532 21.8845 637.648 29.8286 18.9855 139.375 64.4935 21.9812 42.5123 74.8812 58.5694
internal_count=19796 13271 1484 1392 1266 11787 1828 1672 1489 226 1263 156 495 6525 6424 246 6178 315 238 5863 189 5674 233 156 771 356 123 233 415 319
is_linear=0
shrinkage=0.04


Tree=114
num_leaves=31
num_cat=0
split_feature=36 12 6 10 13 6 5 0 17 0 6 0 4 32 25 4 36 20 14 16 3 34 20 6 36 4 0 36 34 0
split_gain=4.61508 4.06862 5.05896 4.83979 8.39541 6.43647 7.46137 5.56895 4.81043 6.56193 7.20631 4.70969 4.00137 4.23907 3.90736 5.37892 4.92147 4.84768 4.21851 6.47179 5.11824 5.07569 4.62948 3.77408 4.48197 5.99382 4.70999 6.70418 4.42094 4.99164
threshold=0.216337725520134 1.0000000180025095e-35 5.4094088077545175 1.0000000180025095e-35 1.5000000000000002 5.3008110523223886 0.27527342736721044 6.6795794963836679 1.5000000000000002 7.212287664413453 5.6542406082153329 7.2341706752777108 0.66450887918472301 30.500000000000004 0.27500000596046453 0.70091852545738231 0.30390463769435888 0.55802631378173839 0.89587974548339855 112.92915344238283 1.5000000000000002 5.5000000000000009 0.41083332896232611 6.2643496990203866 0.58193409442901622 0.66450887918472301 6.8936436176300058 0.87534815073013317 5.5000000000000009 7.1356794834136972
decision_type=2 2 2 2 2 2 2 2 2 2 2 2 2 2 2 2 2 2 2 2 2 2 2 2 2 2 2 2 2 2
left_child=-1 3 -3 8 5 6 11 -8 12 -10 -11 -5 -2 14 17 -16 -17 -14 19 21 -21 22 -18 24 -7 -26 -27 -28 29 -25
right_child=1 2 -4 4 -6 23 7 -9 9 10 -12 -13 13 -15 15 16 18 -19 -20 20 -22 -23 -24 28 25 26 27 -29 -30 -31
leaf_value=-0.019306552428954279 0.0063558468697494513 -0.0022135658082002973 0.011762050007795446 0.015425861517922752 0.023809267416103511 -0.016853560302362968 -0.028623245854824945 0.004369095504729326 -0.021026015833270965 0.030787777144875662 -0.0092862499909619842 0.0014315248863753546 -0.0023632300852506746 -0.02394883464860003 -0.018807251411986557 -0.019892884071142928 0.0020662508889241556 -0.023431858160781967 -0.0037020640367070859 -0.00052224327599026215 0.03137328401885936 0.013427887028516714 -0.018212067352951024 0.015639874816338599 -0.0273121203948547 0.01502487396048297 -0.022668548256059528 0.0021031952596971891 0.024237705139726336 -0.017459579555848363
leaf_weight=18.192778665572405 110.35199323296547 70.675082251429558 96.352853607386351 104.32474944368005 27.693478759378195 40.125967413187027 13.007378768175842 17.018737759441137 42.786715306341648 8.2780287265777606 21.928082354366779 60.99246959015727 1112.4374360740185 11.275948472321032 18.992213990539312 14.400527354329823 393.1011838465929 15.785708662122486 143.86314302682877 12.148045070469378 21.490153208374977 60.075438525527716 16.880561292171478 11.576020166277887 11.440996546298264 26.854292780160904 20.311159159988165 79.476261395961046 14.275428041815756 13.78639669716358
leaf_count=160 826 439 631 494 325 214 57 102 423 62 195 310 9822 91 125 105 2426 116 1083 89 127 362 89 61 83 141 114 443 125 68
internal_value=0 -0.000109844 0.00589228 -0.000524409 0.00326063 0.00177533 0.00701245 -0.0108182 -0.00135963 -0.0113004 0.00292601 0.0103416 -0.00097252 -0.00142324 -0.00125655 0.00113418 0.00176124 -0.00269896 0.00230256 0.00402543 0.0204717 0.00276675 0.00114695 -0.00294188 -0.00542673 -0.00191295 0.000770598 -0.00328529 0.00795388 -0.00231327
internal_weight=0 2611.71 167.028 2444.68 440.883 413.19 195.343 30.0261 2003.8 72.9928 30.2061 165.317 1930.8 1820.45 1809.17 680.951 661.959 1128.22 647.559 503.695 33.6382 470.057 409.982 217.847 178.209 138.083 126.642 99.7874 39.6378 25.3624
internal_count=19708 19548 1070 18478 2537 2212 963 159 15941 680 257 804 15261 14435 14344 4406 4281 9938 4176 3093 216 2877 2515 1249 995 781 698 557 254 129
is_linear=0
shrinkage=0.04


Tree=115
num_leaves=31
num_cat=0
split_feature=16 16 0 0 7 2 30 31 16 30 28 6 2 4 4 4 27 4 2 6 6 0 27 0 6 2 5 5 27 27
split_gain=4.68962 5.20453 4.90254 4.39588 4.11634 4.45713 4.7715 6.17143 4.22611 5.77894 3.93935 3.51901 3.59376 3.50002 4.07956 4.31372 9.56333 4.64832 5.24765 3.54504 10.9319 7.15373 8.20402 8.034 6.77198 5.91581 5.87167 5.01793 6.21984 8.67304
threshold=214.80000305175784 199.18648529052737 5.4202902317047128 6.6012070178985605 1.0000000180025095e-35 1151.5000000000002 1.7005987167358401 0.83405795693397533 180.36049652099612 1.4978661537170412 0.98296290636062633 6.4960203170776376 545.50000000000011 0.9543166756629945 0.93250548839569103 0.90827807784080516 3.9936026334762578 0.9095045030117036 845.50000000000011 4.9015574455261239 4.9452011585235605 6.9622323513031015 4.9887301921844491 6.6147031784057626 4.3372693061828622 819.50000000000011 0.15461477637290957 0.26696513593196874 4.8967196941375741 4.6429474353790292
decision_type=2 2 2 2 2 2 2 2 2 2 2 2 2 2 2 2 2 2 2 2 2 2 2 2 2 2 2 2 2 2
left_child=1 2 -1 -2 5 6 8 -8 10 -10 13 -6 -13 14 15 19 -17 -18 -19 24 -21 23 -23 25 -4 -22 -24 28 29 -25
right_child=3 -3 4 -5 11 -7 7 -9 9 -11 -12 12 -14 -15 -16 16 17 18 -20 20 21 22 26 27 -26 -27 -28 -29 -30 -31
leaf_value=-0.027696001923420411 0.032694693987301064 -0.015011922905613128 0.00027517511203712259 0.0040751075616191441 0.00081924863719582829 0.022336397448954916 -0.012305876842569377 0.014679878247825332 -0.012106625109544451 0.030612516430221687 -0.021574621098503451 0.032733761937743043 0.0044787679929068989 0.013973443914207627 -0.012809493887342266 -0.01244934540032991 0.040927601758461947 0.0050098416456413391 0.037655229176584253 0.035023582887905559 -0.0072343662798493649 -0.0075367431145273922 0.033737936992390249 0.013037840818179445 -0.01331622790007553 0.016647236502378197 -0.0048459605445587521 -0.0051093122276308035 -0.013648211432673463 0.049831332360713257
leaf_weight=8.4840030334889871 10.583998404443262 37.605804674327374 121.91317463293672 29.272535178810358 1398.5699522010982 9.8196532838046533 120.22720104828477 13.554113559424875 6.4214315451681623 12.558413203805685 13.815726317465304 8.9802291467785818 23.258841942995787 21.037697613239288 49.035892356187105 27.422979056835175 7.6946697048842898 51.503022506833076 7.5030197352170935 11.619092941284178 101.32053805142641 263.15693419054151 11.988431926816704 74.341144397854805 110.90148036181927 17.830228749662638 10.691712781786917 23.230070352554321 9.2787561044096929 10.515019018203018
leaf_count=57 76 316 887 239 8877 70 1077 77 65 128 121 55 176 201 458 290 83 548 61 96 968 2428 113 732 884 149 77 172 96 98
internal_value=0 -0.000622993 -0.000398903 0.0128742 -0.000285927 -0.00211494 -0.00237394 -0.00939585 -0.00138179 0.0163831 -0.00177252 0.00113062 0.0138016 -0.00143304 -0.0018191 -0.00116486 0.00682831 0.0148857 0.0102593 -0.00216125 -0.000358624 -0.00127624 -0.00551695 0.00385207 -0.00625738 -0.0034448 0.0166303 0.0111936 0.0152393 0.0186396
internal_weight=0 2584.28 2546.67 39.8565 2538.19 1107.38 1097.56 133.781 963.779 18.9798 944.8 1430.81 32.2391 930.984 909.946 860.91 94.1237 66.7007 59.006 766.787 533.972 522.353 285.837 236.516 232.815 119.151 22.6801 117.365 94.1349 84.8562
internal_count=19675 19360 19044 315 18987 9879 9809 1154 8655 193 8462 9108 231 8341 8140 7682 982 692 609 6700 4929 4833 2618 2215 1771 1117 190 1098 926 830
is_linear=0
shrinkage=0.04


Tree=116
num_leaves=31
num_cat=0
split_feature=26 8 2 25 36 2 8 27 16 2 25 27 5 2 27 0 28 12 2 28 0 2 16 5 0 0 16 5 6 8
split_gain=5.36126 7.25013 7.14148 6.15986 5.41784 4.64432 4.62338 7.46343 5.13227 4.45941 5.61793 5.10068 4.30301 6.11216 6.1078 5.95861 5.60823 9.18542 5.98299 4.90244 8.82527 6.16871 6.74263 5.54711 6.72206 6.43622 5.17769 4.86925 4.50796 4.9799
threshold=1.0000000180025095e-35 10.500000000000002 663.50000000000011 0.31000000238418585 1.7556618452072146 354.50000000000006 3.5000000000000004 3.7412339448928837 114.08603668212892 456.50000000000006 0.27500000596046453 4.7685635089874276 0.12386099621653558 523.50000000000011 4.3496322631835946 8.4469828605651873 -0.37940952181816096 1.0000000180025095e-35 545.50000000000011 0.60355338454246532 7.8422768115997323 919.50000000000011 115.06750869750978 0.10589666292071344 7.4060986042022714 7.0440235137939462 32.131202697753913 0.10396283492445947 6.1789803504943857 3.5000000000000004
decision_type=2 2 2 2 2 2 2 2 2 2 2 2 2 2 2 2 2 2 2 2 2 2 2 2 2 2 2 2 2 2
left_child=1 3 -3 12 5 -5 7 -2 -9 10 11 -8 13 14 27 28 17 18 -15 20 21 22 23 24 25 -18 -25 -1 29 -14
right_child=6 2 -4 4 -6 -7 9 8 -10 -11 -12 -13 15 16 -16 -17 19 -19 -20 -21 -22 -23 -24 26 -26 -27 -28 -29 -30 -31
leaf_value=0.0084502662342217701 -0.014191066980496261 -0.00038659112796667685 0.04717371191827608 -0.023844185037200712 0.017208178438950412 0.0028305579347175048 0.00627938737069392 0.020140741048469035 -0.0027547027134679513 0.00029383258282754859 0.020662038074627229 -0.025551715040428302 -0.0097496097088272254 0.020874723115185168 -0.027554404722139193 0.028770509631060853 0.039126481649745783 0.021449804651852054 -0.013154343239395379 -0.0088309239038640245 -0.020655721854709701 -0.018327631009364343 -0.010245894805287502 -0.0018087607130709944 0.066232796919035164 -0.0083010179346446923 0.032750344858752799 -0.016108775218167747 0.0052027661318258065 -0.0013732251139348265
leaf_weight=20.642508931457996 14.877284798771141 10.344308860599996 7.8128962256014338 8.9248272627592069 40.212468832731247 239.14545218273997 47.70708629488945 68.052817344665527 19.605876035988331 591.26252711564302 39.585818342864513 7.6158358454704276 127.64915274083614 7.0429183468222609 36.022204428911209 8.4933802261948568 8.5669034644961375 13.413875617086886 134.25670645013452 33.791289653629065 11.717873226851223 6.507022611796855 9.6134094111621362 18.281953558325771 7.3236880041658869 7.0432851091027251 8.9893517605960351 28.682013899087906 139.37091244012117 923.93001103028655
leaf_count=209 109 101 72 61 282 1633 374 321 93 4259 229 60 678 77 359 69 81 93 1261 304 101 52 108 160 62 65 85 274 1142 7086
internal_value=0 -0.00113468 0.0227283 -0.00139464 0.00395643 0.00168786 0.00279735 0.0106364 0.0150727 0.00159843 0.00955205 0.00115885 -0.00239283 -0.00626955 -0.0154624 -0.00124693 -0.00323282 -0.00812294 -0.0111905 0.00355608 0.00900604 0.0146977 0.0187669 0.024502 0.0383378 0.0192149 0.0110422 -0.00590194 -0.00150888 -0.0024066
internal_weight=0 1857.78 18.1572 1839.62 288.283 248.07 788.707 102.536 87.6587 686.171 94.9087 55.3229 1551.34 351.895 85.3467 1199.44 266.548 154.714 141.3 111.835 78.0435 66.3256 59.8186 50.2052 22.9339 15.6102 27.2713 49.3245 1190.95 1051.58
internal_count=19860 14415 173 14242 1976 1694 5445 523 414 4922 663 434 12266 3291 842 8975 2449 1431 1338 1018 714 613 561 453 208 146 245 483 8906 7764
is_linear=0
shrinkage=0.04


Tree=117
num_leaves=31
num_cat=0
split_feature=3 27 27 36 27 36 27 27 16 27 4 33 7 29 34 36 7 36 36 27 16 14 2 5 5 27 4 20 5 27
split_gain=7.56208 6.21207 5.16817 5.12921 10.7807 7.42617 6.16167 4.42926 9.215 6.71953 5.42712 5.52271 4.94573 5.83608 4.856 5.73976 5.09125 4.71332 5.8316 4.41171 4.05469 6.30958 3.9928 12.2828 5.52881 6.09155 6.43602 5.99971 4.65942 3.8222
threshold=2.5000000000000004 5.2211663722991952 3.6309846639633183 0.56992623209953319 3.5336854457855229 1.1394529938697817 3.3894608020782475 4.312810182571412 166.55635070800784 4.2275631427764901 0.86933740973472606 1.0000000180025095e-35 0.25000000000000006 -0.6035533845424651 5.5000000000000009 0.79628494381904613 0.75000000000000011 0.66885957121849071 0.90622690320014965 4.5824129581451425 199.18648529052737 0.89587974548339855 661.50000000000011 0.2375874072313309 0.24488214403390887 4.7685635089874276 0.73818117380142223 0.21374999731779101 0.29156503081321722 3.8928396701812749
decision_type=2 2 2 2 2 2 2 2 2 2 2 2 2 2 2 2 2 2 2 2 2 2 2 2 2 2 2 2 2 2
left_child=20 2 3 6 -5 -6 -2 8 9 10 11 29 13 -9 15 -14 19 -11 -19 -17 -1 -22 24 -24 27 26 -26 -15 -25 -4
right_child=1 -3 7 4 5 -7 -8 12 -10 17 -12 -13 14 22 -16 16 -18 18 -20 -21 21 -23 23 28 25 -27 -28 -29 -30 -31
leaf_value=-0.0012436008487071847 0.016609876764592031 -0.016967144661981445 -0.010088779745412366 0.0076070952370736857 0.055466819831875867 0.0072322756074026011 -0.022680584055094575 -0.0085081015775280103 0.02076120729208665 -0.034424579653330206 0.021184511161235143 0.021038251583651229 0.023741813309178867 -0.03219403746744439 -0.0032122516090815258 0.012347370800155324 0.023796988802268788 0.016107560228608986 -0.01774977898150289 -0.011904399010689562 0.016874688968002743 -0.018179060510629345 0.035672800926388297 -0.015819194387894212 -0.0045685575352757725 -0.013650651199445744 0.034100587162483945 0.0012813967436256198 0.014993735952841652 0.00044283531753851044
leaf_weight=1748.9063294902444 9.3804456256330031 22.1478016898036 84.907097607851028 82.601782482117414 13.127504441887142 8.7313507050275785 12.782025795429943 63.733882397413254 26.600359998643398 14.010872423648832 15.424473494291304 13.778698693960903 55.225072652101517 11.577574044466017 30.029052883386612 19.369672112166882 16.007689788937569 10.016586713492869 24.13827545940876 25.407466426491737 8.3178278729319555 44.748931594192982 22.036571562290192 16.679208278656009 10.211345233023168 10.46582619845867 16.746646605432034 22.817830748856068 11.600537598133085 150.39378679543734
leaf_count=14222 70 126 484 647 86 66 77 439 161 85 83 161 244 100 142 86 69 56 136 111 70 407 150 102 66 70 99 151 67 857
internal_value=0 0.00304737 0.00364403 0.0109935 0.0146557 0.0384212 -0.00605224 0.00222895 -0.000984546 -0.00295476 -0.000406058 -0.00190117 0.00549994 0.00114237 0.0109556 0.0146153 0.00583132 -0.0163769 -0.00747868 -0.0013342 -0.0015816 -0.0122713 0.0062342 0.0146395 0.000108391 0.0104839 0.0201493 -0.0111364 -0.00302404 -0.00341044
internal_weight=0 819.949 797.802 126.623 104.461 21.8589 22.1625 671.179 339.27 312.67 264.504 249.08 331.908 185.869 146.039 116.01 60.7848 48.1657 34.1549 44.7771 1801.97 53.0668 122.136 50.3163 71.8192 37.4238 26.958 34.3954 28.2797 235.301
internal_count=19690 4991 4865 946 799 152 147 3919 2023 1862 1585 1502 1896 1244 652 510 266 277 192 197 14699 477 805 319 486 235 165 251 169 1341
is_linear=0
shrinkage=0.04


Tree=118
num_leaves=31
num_cat=0
split_feature=3 25 6 8 36 23 2 36 36 27 5 4 34 15 2 4 6 4 27 27 27 4 8 2 6 2 4 25 4 2
split_gain=6.2056 4.14474 8.5179 5.25215 6.11286 3.85753 6.12092 4.83429 5.10978 8.44839 4.69991 4.23969 4.8897 3.73848 3.59472 6.05608 4.81103 8.5441 4.87087 6.11125 6.93547 5.44007 4.20843 3.86025 4.06216 3.84932 3.4951 4.15836 3.20176 7.84446
threshold=1.5000000000000002 0.34999999403953558 5.5548937320709237 4.5000000000000009 1.6424235701560976 1.0000000180025095e-35 465.50000000000006 0.93118602037429821 0.86583510041236889 4.4880743026733407 0.10913942381739618 0.91573208570480358 5.5000000000000009 0.59397727251052868 685.50000000000011 0.85796335339546215 5.9229171276092538 0.850358545780182 3.7123510837554936 4.069880723953248 4.3287575244903573 0.88026925921440136 7.5000000000000009 798.50000000000011 6.3341670036315927 665.50000000000011 0.88063490390777599 0.27500000596046453 0.891168773174286 665.50000000000011
decision_type=2 2 2 2 2 2 2 2 2 2 2 2 2 2 2 2 2 2 2 2 2 2 2 2 2 2 2 2 2 2
left_child=5 13 3 -3 -5 7 -7 8 -1 10 -10 12 26 28 15 -9 18 -18 -16 -20 -21 -22 -23 24 -19 -17 -8 -28 -2 -30
right_child=1 2 -4 4 -6 6 11 14 9 -11 -12 -13 -14 -15 16 25 17 23 19 20 21 22 -24 -25 -26 -27 27 -29 29 -31
leaf_value=-0.0044453790272278347 0.00045289148830591374 0.018625060389312716 0.023845874778681872 -0.011151134222516479 0.019602035559145605 -0.016806552892253249 0.010846794457964905 -0.019387716991953872 -0.0067792544850773708 0.004713960628041706 -0.041401147173419597 0.028780179194769998 0.022523509072592041 0.020120739873470732 0.028323223090874979 0.00094952920212151392 0.02307556408679063 -0.0095612937935122336 -0.01284987691933347 0.032655332424133925 -0.020391863601796609 -0.0022070754189308893 0.026604532170774933 -0.02034168523928586 0.021251366592518011 -0.020067199438748514 -0.020595622073221104 0.0072323047674287579 -0.0013306747286252853 0.014988790503957589
leaf_weight=390.68484304100275 1372.80497039482 18.602149296551943 38.960964266210794 46.961359888315201 11.186014935374258 15.102083534002302 21.725210815668106 29.400718856602907 10.220118932425978 15.953229408711193 19.074878316372633 13.112289868295191 17.20294065028429 14.768103957176207 17.646244369447231 195.53120355308056 13.556011784821747 19.121383454650644 19.248150214552879 16.357689633965492 9.9443157054483873 16.88857959210873 13.12559153139591 27.805881962180138 8.1293946914374811 13.004103410989044 18.510977953672413 13.402963668107985 104.48360124230385 83.408153496682644
leaf_count=3765 9380 143 324 291 72 83 107 242 89 138 180 66 118 175 131 1669 102 160 145 129 70 109 112 219 76 109 110 59 824 573
internal_value=0 0.00187308 0.00911528 0.00122178 -0.00477996 -0.00218451 0.00520828 -0.00307114 -0.00597436 -0.018429 -0.0305278 0.00946731 0.0052006 0.0013303 0.000108771 -0.00301046 0.00467587 -0.00331417 0.0105034 0.00571905 0.0122887 0.00279214 0.0112675 -0.0103929 0.000455226 -0.000539238 -0.000965057 -0.00917137 0.00112697 0.00599536
internal_weight=0 1691.18 115.71 76.7495 58.1474 934.749 99.0565 835.692 435.933 45.2482 29.295 83.9544 70.8421 1575.46 399.759 237.936 161.823 68.6127 93.2106 75.5643 56.3162 39.9585 30.0142 55.0567 27.2508 208.535 53.6392 31.9139 1560.7 187.892
internal_count=19770 11782 830 506 363 7988 543 7445 4172 407 269 460 394 10952 3273 2020 1253 557 696 565 420 291 221 455 236 1778 276 169 10777 1397
is_linear=0
shrinkage=0.04


Tree=119
num_leaves=31
num_cat=0
split_feature=23 3 25 6 6 27 16 16 16 0 31 0 7 32 34 0 22 6 7 36 8 21 27 20 34 6 28 6 5 29
split_gain=5.44836 4.41406 5.46566 12.107 5.67315 5.50704 5.58118 6.13716 7.39771 5.85229 9.24588 6.68191 5.44393 4.91324 5.4322 6.83627 5.6427 5.17905 4.76395 4.75364 4.40237 4.26588 4.23422 4.22764 6.88566 4.12982 6.85183 6.00608 7.32029 15.5008
threshold=1.0000000180025095e-35 1.5000000000000002 0.34999999403953558 5.6294164657592782 5.9674272537231454 3.0130778551101689 41.773942947387702 84.581165313720717 91.53562164306642 7.2341706752777108 0.75532880425453197 7.5315487384796151 0.42499999701976782 10.500000000000002 3.5000000000000004 7.3105444908142099 0.41083332896232611 5.4094088077545175 0.57499998807907116 0.27016852796077734 8.5000000000000018 1.0000000180025095e-35 4.3611857891082773 0.25690476596355444 38.500000000000007 5.6294164657592782 -0.91597560048103321 5.3913497924804696 0.13990316540002826 -0.6035533845424651
decision_type=2 2 2 2 2 2 2 2 2 2 2 2 2 2 2 2 2 2 2 2 2 2 2 2 2 2 2 2 2 2
left_child=1 -1 5 18 -5 23 19 9 22 -8 11 -11 -13 14 20 16 21 -17 -4 -7 -10 -16 -9 -3 -25 27 -27 28 29 -21
right_child=-2 2 3 4 -6 6 7 8 13 10 -12 12 -14 -15 15 17 -18 -19 -20 25 -22 -23 -24 24 -26 26 -28 -29 -30 -31
leaf_value=-0.0030954364331724272 0.0052588530469605101 0.0051746293542138493 -0.0063128109436577443 0.043948933230842306 0.0095597214617171213 -0.019646873581790653 -0.01360203260137096 0.004219138885564527 0.0023019702217985331 0.025101047101356588 -0.031020755131783449 -0.019928611183264465 0.017137474030309043 0.018469865561407225 0.011960635434361074 0.027655878612463582 -0.030236022501612673 3.7579401829718263e-05 0.015123565009746818 0.036781830812107605 0.028104218083866716 -0.0088334089029934344 0.034306669610177851 -0.040187544357438112 0.0046504373429843487 -0.0064118584464572109 0.0137949336329282 -0.0089976562084557454 0.001102466132666553 -0.00038591754138993803
leaf_weight=833.49731251597404 266.11888800561428 9.6728944107890147 53.054671764373779 16.629211183637381 15.453727927058933 13.50309909135103 124.77343843504786 16.515759933739904 62.75435658171773 21.230298161506653 8.8768976777791959 13.57863011211157 8.7922313064336759 16.480077311396599 15.728380963206289 11.662260405719278 16.60320745408535 53.061063550412655 21.740692239254713 27.915865138173103 10.837114557623861 162.32818104699254 12.745284646749495 14.107782579958441 7.7289648391306391 34.253756869584322 107.41236467286944 76.514570251107216 527.19051778689027 44.793936748057604
leaf_count=7420 1530 59 336 128 127 111 947 121 472 160 63 116 42 123 110 68 92 390 155 210 95 1329 89 103 84 232 761 551 3384 355
internal_value=0 -0.000758193 0.000520835 0.00915776 0.0289173 -0.000141638 0.000244978 -0.0028517 3.42383e-05 -0.00894938 0.00220614 0.0100347 -0.00514996 -0.00162453 -0.00272341 -0.00544072 -0.00916315 0.00569383 0.000149673 0.00231718 0.00674467 -0.00688414 0.0186808 -0.0161651 -0.0252588 0.00272674 0.00888785 0.00141399 0.00276743 0.0144867
internal_weight=0 2359.44 1525.94 106.878 32.0829 1419.06 1387.55 555.967 378.716 177.251 52.4781 43.6012 22.3709 349.455 332.975 259.383 194.66 64.7233 74.7954 831.584 73.5915 178.057 29.261 31.5096 21.8367 818.081 141.666 676.415 599.9 72.7098
internal_count=19763 18233 10813 746 255 10067 9821 4217 2889 1328 381 318 158 2679 2556 1989 1531 458 491 5604 567 1439 210 246 187 5493 993 4500 3949 565
is_linear=0
shrinkage=0.04


Tree=120
num_leaves=31
num_cat=0
split_feature=7 13 6 6 28 6 36 0 22 36 0 6 2 17 6 28 0 0 6 34 34 0 0 25 13 27 2 1 36 28
split_gain=5.74811 5.00869 8.27799 5.87072 5.20366 6.4201 5.4744 5.82692 5.27486 5.2196 5.39016 5.05224 4.84443 4.32572 9.61469 4.44996 4.12207 5.3813 5.31423 4.11568 8.40758 6.40064 5.8823 4.32721 4.15882 5.46158 4.20189 9.46303 9.61604 4.8659
threshold=1.0000000180025095e-35 1.5000000000000002 5.9545402526855478 6.4838714599609384 0.37940952181816107 5.4183177947998056 0.80839002132415783 6.9334111213684091 0.13916666805744174 0.70758795738220226 7.1115038394927987 6.1851787567138681 537.50000000000011 1.5000000000000002 5.7120797634124765 -0.6035533845424651 7.01749610900879 7.2413599491119394 6.1580371856689462 18.500000000000004 11.500000000000002 7.8770160675048837 7.6760070323944101 0.27500000596046453 1.0000000180025095e-35 5.1535806655883798 778.50000000000011 2.5000000000000004 0.96570187807083141 0.12940952181816109
decision_type=2 2 2 2 2 2 2 2 2 2 2 2 2 2 2 2 2 2 2 2 2 2 2 2 2 2 2 2 2 2
left_child=13 3 12 4 6 -6 7 -2 -7 -9 -11 -4 -3 -1 15 -15 -10 -18 -19 20 21 24 23 -21 25 26 29 -28 -29 -8
right_child=1 2 11 -5 5 8 19 9 16 10 -12 -13 -14 14 -16 -17 17 18 -20 22 -22 -23 -24 -25 -26 -27 27 28 -30 -31
leaf_value=-0.0012773963745590967 -0.0016154669271255396 -0.00095950869009507492 -0.025901855045221672 0.016338526428823906 -0.0002133345838846755 -0.0038880951889477839 0.0058856400736514922 0.00091055312998567937 0.024547320163182885 -0.030331011480648186 -2.0585815305878942e-05 0.0084673497999275624 0.02778680185861045 -0.010289632718016913 -0.028923296936808264 0.026307792773588586 -0.011354995208859978 0.022658196866864242 -0.0059360111952120077 -0.02693349815310608 0.025384076011114691 -0.0089554545161418878 0.0090618700452572386 -0.00031922636623841648 -0.0046561091611301069 -0.015319894480558045 0.03010664910458679 -0.027537718842393265 0.013051798678918035 -0.012448517378980457
leaf_weight=1109.9869102165103 400.805505245924 12.105112962424753 10.157574091106655 39.140320610255003 138.34693047776818 26.393477622419596 273.98728912323713 24.27520813792944 47.010836761444807 31.68329194188118 13.017937004566191 14.045268729329107 37.760795205831528 9.1442521549761313 25.238133188337088 8.5052565820515138 14.83871031925082 35.718279700726271 13.378968950361012 22.855439957231283 24.286720227450132 69.586305122822523 20.734282188117504 16.189847223460674 74.822328500449657 17.285768881440163 33.566595885902643 10.811360102146862 32.52673813700676 23.41745214164257
leaf_count=9904 2491 103 108 250 795 180 1556 178 301 225 93 141 412 87 303 79 96 220 84 172 164 428 185 152 453 92 180 62 172 131
internal_value=0 0.00199286 0.0119924 0.00144928 0.000999245 0.0058875 -0.000245799 -0.00349473 0.0119479 -0.0140615 -0.0218829 -0.00683295 0.0210406 -0.00177211 -0.0139485 0.00822921 0.0157173 0.00867713 0.0149389 0.002219 0.00328942 0.00219765 -0.00759532 -0.0164514 0.00389275 0.00554155 0.00658124 0.0148107 0.00215802 0.00436851
internal_weight=0 1478.75 74.0688 1404.68 1365.54 275.687 1089.85 469.782 137.34 68.9764 44.7012 24.2028 49.8659 1152.87 42.8876 17.6495 110.947 63.936 49.0972 620.07 560.291 536.004 59.7796 39.0453 466.418 391.595 374.309 76.9047 43.3381 297.405
internal_count=19797 9424 764 8660 8410 1676 6734 2987 881 496 318 249 515 10373 469 166 701 400 304 3747 3238 3074 509 324 2646 2193 2101 414 234 1687
is_linear=0
shrinkage=0.04


Tree=121
num_leaves=31
num_cat=0
split_feature=36 34 16 16 16 5 2 27 5 4 4 5 0 27 8 28 2 7 31 31 29 36 2 0 0 29 4 15 25 34
split_gain=4.93589 7.47106 4.62986 6.23354 6.51753 3.81193 3.88167 3.59418 3.5062 5.4035 4.70369 7.08246 7.11247 6.15821 4.99102 4.3838 3.31833 3.30363 4.9958 6.44631 5.3876 4.8115 5.20119 6.15387 4.78591 4.86601 4.64199 4.56554 4.46999 3.75982
threshold=1.7154432535171511 3.5000000000000004 17.092786788940433 159.15270996093753 184.47097015380862 0.47665914893150335 623.50000000000011 3.5336854457855229 0.11556304991245271 0.88772323727607738 0.790746569633484 0.2169236242771149 8.0443043708801287 4.2856531143188485 7.5000000000000009 -0.6035533845424651 695.50000000000011 0.75000000000000011 0.76163420081138622 0.46904762089252477 0.91597560048103344 0.75740548968315136 887.50000000000011 7.6572802066802987 6.5453238487243661 1.0000000180025095e-35 0.8798280954360963 0.28611111640930181 0.34999999403953558 50.500000000000007
decision_type=2 2 2 2 2 2 2 2 2 2 2 2 2 2 2 2 2 2 2 2 2 2 2 2 2 2 2 2 2 2
left_child=5 8 -3 7 -5 17 -7 -4 16 10 13 12 14 -10 -12 -11 -2 18 19 27 21 24 23 26 25 -20 -23 29 -21 -1
right_child=1 2 3 4 -6 6 -8 -9 9 15 11 -13 -14 -15 -16 -17 -18 -19 20 28 -22 22 -24 -25 -26 -27 -28 -29 -30 -31
leaf_value=-0.0011347468735343866 -0.023764702142708899 0.021418958125926996 0.016723018884751372 0.043579885676291397 0.0026528234297663578 -0.0026852132522252252 0.025761247913373232 -0.0025317152377295721 -0.0087476014259045415 0.00014904242963797128 -0.0033349695091421257 -0.028475174327854326 -0.019146014895369028 0.029408244628200384 0.0245768431445792 0.028730747633858151 0.0033101264252552495 0.0036530478299496285 -0.00010948271617187627 0.0053469344957892588 0.015616624118963742 -0.0090665387387993124 -0.033114862220102341 0.013641330310403987 0.010228097808768129 -0.031220794950809126 -0.034047217094035645 -0.018365139639895896 0.029685666337206106 0.019124499824355722
leaf_weight=1679.4803857505322 17.001140542328361 45.683737579733133 17.54244963824749 11.089126471430065 12.400698028504847 12.94691399112344 15.692116826772688 73.458681207150221 11.467576190829279 16.353296279907227 22.375063978135586 18.020529814064503 20.076295182108879 12.338203914463518 16.295002363622189 16.12622231990099 10.995294414460657 253.09378960356116 23.095080640166998 119.81093740463257 13.146167047321795 58.746825717389584 18.284354850649834 13.130687754601238 30.897555701434612 10.354022253304718 13.8476733751595 22.469182465225458 11.659204896539448 12.790297672152517
leaf_count=13594 139 347 173 75 88 97 145 521 63 118 127 94 140 67 116 99 76 1293 146 781 104 435 153 100 242 67 91 134 79 76
internal_value=0 0.00482682 0.0108878 0.00639014 0.0238772 -0.000450522 0.0135656 0.00145986 -0.00126092 0.00150275 -0.00312525 -0.00792742 -0.000894371 0.0117746 0.00905687 0.0151834 -0.0136196 -0.000638246 -0.00117695 -0.000550684 -0.00747174 -0.00943678 -0.0146746 -0.0100761 -0.000783317 -0.010958 -0.0146168 -0.00120844 0.00791786 -0.000959231
internal_weight=0 321.223 160.175 114.491 23.4898 2309.45 28.639 91.0011 161.049 133.052 100.573 76.7669 58.7464 23.8058 38.6701 32.4795 27.9964 2280.81 2027.71 1846.21 181.502 168.356 104.01 85.7252 64.3467 33.4491 72.5945 1714.74 131.47 1692.27
internal_count=19780 2243 1204 857 163 17537 242 694 1039 824 607 477 383 130 243 217 215 17295 16002 14664 1338 1234 779 626 455 213 526 13804 860 13670
is_linear=0
shrinkage=0.04


end of trees

feature_importances:
gmv_vs_pin_median=292
weight_grams=280
checkout_seconds_log=277
channel_risk=249
gmv_log=217
addr_defect_score=198
pin_orders_log=195
pin_serviceability=187
pin_rto_rate=178
pin_tier=166
phone_first_seen_days=154
pay_switch_from_failed=140
hour_cos=116
addr_rto_rate=103
hour_sin=101
ring_rto_rate=89
items_count=86
phone_rto_rate=74
addr_tokens=69
device_rto_rate=64
entity_max_degree=63
coupon_applied=61
device_distinct_phones=53
ring_size_log=50
phone_orders_total_log=43
ring_phones=32
phone_orders_30d=31
addr_distinct_phones=27
addr_has_house_no=20
addr_junk=16
addr_landmark_only=10
ring_is_ring=10
phone_distinct_devices=8
entity_shared=1

parameters:
[boosting: gbdt]
[objective: binary]
[metric: binary_logloss]
[tree_learner: serial]
[device_type: cpu]
[data_sample_strategy: bagging]
[data: ]
[valid: ]
[num_iterations: 1200]
[learning_rate: 0.04]
[num_leaves: 31]
[num_threads: 4]
[seed: 7]
[deterministic: 1]
[force_col_wise: 0]
[force_row_wise: 1]
[histogram_pool_size: -1]
[max_depth: -1]
[min_data_in_leaf: 60]
[min_sum_hessian_in_leaf: 0.001]
[bagging_fraction: 0.85]
[pos_bagging_fraction: 1]
[neg_bagging_fraction: 1]
[bagging_freq: 1]
[bagging_seed: 17422]
[feature_fraction: 0.85]
[feature_fraction_bynode: 1]
[feature_fraction_seed: 7040]
[extra_trees: 0]
[extra_seed: 6516]
[early_stopping_round: 0]
[early_stopping_min_delta: 0]
[first_metric_only: 0]
[max_delta_step: 0]
[lambda_l1: 0]
[lambda_l2: 2]
[linear_lambda: 0]
[min_gain_to_split: 0]
[drop_rate: 0.1]
[max_drop: 50]
[skip_drop: 0.5]
[xgboost_dart_mode: 0]
[uniform_drop: 0]
[drop_seed: 15215]
[top_rate: 0.2]
[other_rate: 0.1]
[min_data_per_group: 100]
[max_cat_threshold: 32]
[cat_l2: 10]
[cat_smooth: 10]
[max_cat_to_onehot: 4]
[top_k: 20]
[monotone_constraints: ]
[monotone_constraints_method: basic]
[monotone_penalty: 0]
[feature_contri: ]
[forcedsplits_filename: ]
[refit_decay_rate: 0.9]
[cegb_tradeoff: 1]
[cegb_penalty_split: 0]
[cegb_penalty_feature_lazy: ]
[cegb_penalty_feature_coupled: ]
[path_smooth: 0]
[interaction_constraints: ]
[verbosity: -1]
[saved_feature_importance_type: 0]
[use_quantized_grad: 0]
[num_grad_quant_bins: 4]
[quant_train_renew_leaf: 0]
[stochastic_rounding: 1]
[linear_tree: 0]
[max_bin: 255]
[max_bin_by_feature: ]
[min_data_in_bin: 3]
[bin_construct_sample_cnt: 200000]
[data_random_seed: 61]
[is_enable_sparse: 1]
[enable_bundle: 1]
[use_missing: 1]
[zero_as_missing: 0]
[feature_pre_filter: 1]
[pre_partition: 0]
[two_round: 0]
[header: 0]
[label_column: ]
[weight_column: ]
[group_column: ]
[ignore_column: ]
[categorical_feature: ]
[forcedbins_filename: ]
[precise_float_parser: 0]
[parser_config_file: ]
[objective_seed: 15521]
[num_class: 1]
[is_unbalance: 0]
[scale_pos_weight: 1]
[sigmoid: 1]
[boost_from_average: 1]
[reg_sqrt: 0]
[alpha: 0.9]
[fair_c: 1]
[poisson_max_delta_step: 0.7]
[tweedie_variance_power: 1.5]
[lambdarank_truncation_level: 30]
[lambdarank_norm: 1]
[label_gain: ]
[lambdarank_position_bias_regularization: 0]
[eval_at: ]
[multi_error_top_k: 1]
[auc_mu_weights: ]
[num_machines: 1]
[local_listen_port: 12400]
[time_out: 120]
[machine_list_filename: ]
[machines: ]
[gpu_platform_id: -1]
[gpu_device_id: -1]
[gpu_use_dp: 0]
[num_gpu: 1]

end of parameters

pandas_categorical:null
