tree
version=v4
num_class=1
num_tree_per_iteration=1
label_index=0
max_feature_idx=35
objective=binary sigmoid:1
feature_names=gmv_log items_count weight_grams pin_tier pin_serviceability pin_rto_rate pin_orders_log addr_defect_score addr_tokens addr_has_house_no addr_landmark_only addr_state_mismatch addr_junk phone_orders_30d phone_orders_total_log phone_rto_rate phone_first_seen_days phone_distinct_devices device_distinct_phones device_orders_24h device_rto_rate addr_distinct_phones addr_rto_rate pay_switch_from_failed is_cod channel_risk coupon_applied checkout_seconds_log hour_sin hour_cos ring_size_log ring_rto_rate ring_phones ring_is_ring entity_max_degree gmv_vs_pin_median
feature_infos=[5.0106353759765625:9.538996696472168] [1:8] [123:1827] [1:4] [0.42599999904632568:0.98011362552642822] [0.057835821062326431:0.59399998188018799] [0:6.7627296447753906] [0:1] [1:13] [0:1] [0:1] none [0:1] [0:11] [0:2.5649492740631104] [0.065999999642372131:0.81999999284744263] [0:234.55287170410156] [0:2] [0:18] [0:5] [0.065999999642372131:0.94150000810623169] [0:35] [0.050769232213497162:0.95372265577316284] [0:1] none [0.14000000059604645:0.37999999523162842] [0:1] [2.1972246170043945:6.295081615447998] [-1:1] [-1:1] [0:5.0172796249389648] [0:1] [0:50] [0:1] [0:80] [0.09513247013092041:9.2036905288696289]
tree_sizes=3398 3422 3418 3426 3441 3448 3447 3438 3424 3438 3439 3420 3461 3443 3445 3450 3436 3454 3444 3446 3440 3459 3453 3457 3454 3446 3449 3424 3457 3461 3447 3470 3456 3479 3449 3441 3456 3469 3456 3470 3475 3460 3456 3445 3478 3446 3446 3461 3465 3473 3449 3476 3461 3443 3441 3451 3463 3443 3452 3463 3458 3459 3453 3454 3449 3463 3460 3460 3442 3466 3449 3458 3438 3465 3463 3447 3453 3456 3454 3465 3434 3451 3446 3451 3447 3442 3448 3473 3444 3445 3427 3445 3455 3457 3432 3452 3472 3470 3443 3445 3439

Tree=0
num_leaves=31
num_cat=0
split_feature=32 9 23 23 3 3 25 31 7 22 7 25 25 31 6 4 3 3 4 7 6 25 26 6 0 7 25 26 4 5
split_gain=5210.47 996.689 184.945 138.035 108.353 94.7366 48.0344 38.2943 30.4995 26.1177 23.9674 20.7336 20.5587 19.0637 14.3739 13.6965 12.9902 12.8976 13.5001 11.2249 9.53555 9.18991 10.0485 9.05425 9.00307 8.6781 8.67556 8.58828 8.05107 9.95901
threshold=4.5000000000000009 1.0000000180025095e-35 1.0000000180025095e-35 1.0000000180025095e-35 2.5000000000000004 2.5000000000000004 0.17500000447034839 0.35897436738014227 0.25000000000000006 0.16550000011920932 0.57499998807907116 0.27500000596046453 0.27500000596046453 0.18465909361839297 3.979637980461121 0.86632803082466137 1.5000000000000002 1.5000000000000002 0.92465984821319591 0.25000000000000006 6.1323122978210458 0.23499999940395358 1.0000000180025095e-35 5.4488878250122079 7.4933135509490976 1.0000000180025095e-35 0.27500000596046453 1.0000000180025095e-35 0.87484177947044384 0.13728915899991992
decision_type=2 2 2 2 2 2 2 2 2 2 2 2 2 2 2 2 2 2 2 2 2 2 2 2 2 2 2 2 2 2
left_child=1 3 5 4 6 12 16 17 20 23 26 24 19 -7 -12 -13 -1 18 -8 -3 -2 22 -15 -6 -4 -14 -11 -19 -18 -30
right_child=8 2 11 -5 9 13 7 -9 -10 10 14 15 25 21 -16 -17 28 27 -20 -21 -22 -23 -24 -25 -26 -27 -28 -29 29 -31
leaf_value=-0.9231457278828441 -0.79395550063527409 -0.94044813928913673 -0.89341684997234538 -0.82624686923259461 -0.87292075969386396 -0.9202622538329156 -0.90374641705293257 -0.85719524324407115 -0.77602039867462302 -0.89434140220760827 -0.82065684983065412 -0.8514401334804691 -0.93312334270777075 -0.92298175002715888 -0.8553919517084444 -0.88942995220758503 -0.91444619865236054 -0.8910040556580956 -0.87005722734665392 -0.92616612929934095 -0.82612348047804196 -0.88141894640283247 -0.88149935415857161 -0.90291595356601173 -0.91924395988109153 -0.92159078433441366 -0.86131867250051486 -0.86842189292386107 -0.90367843194444653 -0.8608872818941955
leaf_weight=93.635251067578793 109.5639892667532 1308.8458647280931 76.9257582873106 67.799378901720047 34.354410737752914 433.58688538521528 164.21087706834078 54.519507139921188 367.9643831178546 30.547827631235123 29.178596071898937 27.542407982051373 473.50217954069376 27.556380845606327 101.08788679540157 34.66357909142971 30.503736697137356 82.645254962146282 19.496195748448372 109.02504082769156 45.635822989046574 29.318401329219341 11.854486562311648 28.505529887974262 27.73249639570713 153.51802881807089 21.162409782409668 40.269376680254936 21.930668488144875 12.194309636950491
leaf_count=482 501 6584 422 325 189 2316 733 258 1659 159 140 132 2063 168 522 150 171 387 83 534 198 156 66 160 108 663 98 186 125 63
internal_value=-0.901162 -0.918419 -0.930156 -0.880155 -0.885121 -0.932828 -0.895514 -0.887482 -0.783422 -0.863297 -0.85565 -0.88948 -0.936654 -0.917172 -0.846512 -0.871585 -0.913783 -0.893117 -0.899875 -0.939387 -0.802339 -0.897686 -0.910157 -0.886158 -0.900471 -0.930374 -0.879846 -0.8832 -0.899966 -0.887004
internal_weight=0 3546.11 2714.07 832.041 764.242 2547.21 519.405 361.141 523.164 244.837 181.977 166.864 2044.89 502.316 130.266 62.206 158.264 306.622 183.707 1417.87 155.2 68.7293 39.4109 62.8599 104.658 627.02 51.7102 122.915 64.6287 34.125
internal_count=19801 17443 13362 4081 3756 12550 2488 1647 2358 1268 919 812 9844 2706 662 282 841 1389 816 7118 699 390 234 349 530 2726 257 573 359 188
is_linear=0
shrinkage=1


Tree=1
num_leaves=31
num_cat=0
split_feature=32 9 23 23 5 15 5 31 25 31 25 7 25 35 7 25 7 25 2 31 25 8 27 0 5 5 31 6 0 25
split_gain=4492.24 944.807 183.066 124.745 73.9378 42.9547 42.821 32.7991 31.31 28.4533 27.4753 21.882 18.7946 15.9886 15.3916 14.4221 12.8597 13.1326 12.5651 13.6041 12.4803 12.0754 11.0972 10.5467 9.82476 9.07732 8.88049 8.48559 12.2634 8.84084
threshold=4.5000000000000009 1.0000000180025095e-35 1.0000000180025095e-35 1.0000000180025095e-35 0.14865864068269732 0.21374999731779101 0.16491568833589557 0.41428571939468389 0.17500000447034839 0.74833333492279064 0.27500000596046453 0.25000000000000006 0.27500000596046453 0.52675783634185802 0.57499998807907116 0.23499999940395358 0.25000000000000006 0.27500000596046453 871.50000000000011 0.41428571939468389 0.2100000008940697 2.5000000000000004 4.1751561164855966 6.4393184185028085 0.16270697116851809 0.30756701529026037 0.18465909361839297 5.2652740478515634 7.1356794834136972 0.27500000596046453
decision_type=2 2 2 2 2 2 2 2 2 2 2 2 2 2 2 2 2 2 2 2 2 2 2 2 2 2 2 2 2 2
left_child=1 3 6 4 8 21 16 -2 -1 12 14 20 25 -12 -7 -4 17 -3 19 -10 -9 -6 -14 -16 -17 -8 -15 28 -23 -29
right_child=7 2 15 -5 5 10 9 11 18 -11 13 -13 22 26 23 24 -18 -19 -20 -21 -22 27 -24 -25 -26 -27 -28 29 -30 -31
leaf_value=-0.01782796840486648 0.042806214267468057 -0.039029896597046955 0.0010307558136095894 0.07135400552516441 0.032908043247205539 0.0054148541631433922 -0.031878881758387462 0.054865637343232798 0.0014512753142571417 0.0048816541558949255 0.016131430494863503 0.1152380954063051 -0.0087125294478061048 0.045439138126004808 0.052954804979787967 0.01137047756957363 -0.018761321093218094 -0.030166477877885695 0.037944895688411147 0.030029033380953515 0.097442338336336753 0.0335386673226859 -0.024286783663195088 0.02501430853255782 0.040288001489609843 -0.018768641335370477 0.075956820284927826 -0.014841137667056685 -0.012415533945290734 0.012487711232431052
leaf_weight=97.285494416952133 15.925047203898428 960.98192185163498 87.419854275882244 68.584926627576351 22.652536608278751 50.667825773358345 581.00588263571262 21.793137773871422 169.08239605277777 48.988156653940678 21.038907527923584 365.76148422062397 131.32680130004883 65.400407150387764 28.493784449994564 44.461109489202499 77.17886895686388 435.83122263848782 20.011664032936096 29.692059278488159 136.60438816249371 23.807933360338211 173.4703621044755 112.77335932850838 33.750066354870796 111.24520141631365 30.616048008203506 51.985538966953754 13.191987827420233 27.352444514632225
leaf_count=514 74 4918 444 317 115 254 3119 97 756 266 105 1567 605 277 165 199 365 1917 90 138 586 139 791 544 157 611 143 291 60 137
internal_value=0 -0.0167785 -0.0283157 0.0204135 0.0156665 0.0260815 -0.0309924 0.106918 0.00083359 -0.0246989 0.0343504 0.108696 -0.0261592 0.0496549 0.0246008 0.0122934 -0.0354192 -0.0363114 0.00921797 0.0059767 0.0923416 0.00747251 -0.0176769 0.0313105 0.0245425 -0.0298322 0.0565214 0.0020474 0.0173577 -0.0053439
internal_weight=0 3518.3 2685.66 832.637 764.052 447.981 2520.03 540.084 316.072 1046.04 308.99 524.159 997.048 117.055 191.935 165.631 1473.99 1396.81 218.786 198.774 158.398 138.99 304.797 141.267 78.2112 692.251 96.0165 116.338 36.9999 79.338
internal_count=19761 17437 13392 4045 3728 2230 12592 2324 1498 5392 1488 2250 5126 525 963 800 7200 6835 984 894 683 742 1396 709 356 3730 420 627 199 428
is_linear=0
shrinkage=0.04


Tree=2
num_leaves=31
num_cat=0
split_feature=32 9 23 23 5 5 31 22 7 4 5 27 7 7 6 27 2 5 8 27 35 7 2 6 1 16 35 35 6 35
split_gain=4066.58 836.877 189.385 105.325 66.0385 41.4114 28.6105 28.5522 23.9536 21.5553 20.893 25.334 14.3201 13.4809 11.7916 13.7795 10.5848 11.5893 10.231 10.1114 9.45124 9.03664 8.62518 8.35277 8.30235 7.53046 7.48229 13.4664 7.28552 9.62207
threshold=4.5000000000000009 1.0000000180025095e-35 1.0000000180025095e-35 1.0000000180025095e-35 0.14865864068269732 0.16270697116851809 0.41428571939468389 0.16550000011920932 0.25000000000000006 0.85950115323066723 0.24228786677122119 3.5931932926177983 0.57499998807907116 0.57499998807907116 5.9699847698211679 3.4323716163635258 635.50000000000011 0.12643428891897204 2.5000000000000004 3.6415249109268193 1.2073920369148257 0.57499998807907116 524.50000000000011 5.4488878250122079 3.5000000000000004 78.256221771240249 0.82342091202735912 1.7493241429328921 4.4716224670410165 0.76327344775199901
decision_type=2 2 2 2 2 2 2 2 2 2 2 2 2 2 2 2 2 2 2 2 2 2 2 2 2 2 2 2 2 2
left_child=1 3 5 4 13 -3 14 18 -2 22 11 -9 -13 -1 15 -7 17 -15 -6 -8 -19 -5 -4 -20 -17 -24 -18 -28 -12 -30
right_child=8 2 9 21 7 6 19 10 -10 -11 28 12 -14 16 -16 24 26 20 23 -21 -22 -23 25 -25 -26 -27 27 -29 29 -31
leaf_value=-0.012535482578071371 0.083505778530064426 -0.034696863585065088 0.006405263675569161 0.03882794128184066 0.038814627888815026 -0.00019778504713026051 0.029527118351424721 0.057266065851576987 0.10544133397860472 0.0021632701538852827 0.056170062251633075 -0.002895659622163216 0.022536460481681328 -0.010371034502622221 -0.034083947335045842 -0.02536546175395751 0.027239123679501719 6.3811426224223548e-06 0.01518783906333683 -0.0077581604233545242 0.040497092221925622 0.076336476125998642 0.051193597237084214 -0.007026601615536917 0.0051574427939216384 0.014855844525756119 -0.005833148253790262 0.034799460086038923 0.047785415428273449 0.020051924481989381
leaf_weight=92.410956352949142 170.73302469402552 1422.2345915436745 17.332486033439636 22.532902412116528 12.212543010711668 38.755859918892384 11.639622956514357 25.474267564713955 394.96774529665709 104.18111163377762 44.97715101391077 48.436436593532562 125.74535470455885 87.332306005060673 233.44424685835838 666.53843010216951 42.425581388175488 23.598319716751575 45.730313502252102 77.643214613199234 13.142492979764937 45.580219350755215 30.92432264238596 60.747873350977898 13.938202522695063 15.595219142735003 45.704149454832077 16.031843155622482 41.842691242694855 46.191275134682655
leaf_count=441 712 7048 89 98 62 202 61 120 1634 491 213 231 601 410 1199 3456 231 127 243 434 55 207 148 325 73 81 201 59 222 207
internal_value=0 -0.0163341 -0.0274235 0.0183934 0.0140888 -0.0302248 -0.0240657 0.0239148 0.0991385 0.0135293 0.0298993 0.0213543 0.0155117 0.000194585 -0.026091 -0.0234094 0.00541304 -0.00248331 0.00692407 -0.00235692 0.0158332 0.0653896 0.0314453 0.00261819 -0.024727 0.0401262 0.0146884 0.00547937 0.0422193 0.0340024
internal_weight=0 3472.34 2632.23 840.117 772.004 2464.19 1041.96 451.358 565.701 168.033 332.667 199.656 174.182 320.646 952.677 719.232 228.235 124.073 118.691 89.2828 36.7408 68.1131 63.852 106.478 680.477 46.5195 104.162 61.736 133.011 88.034
internal_count=19681 17335 13282 4053 3748 12473 5425 2224 2346 809 1594 952 832 1524 4930 3731 1083 592 630 495 182 305 318 568 3529 229 491 260 642 429
is_linear=0
shrinkage=0.04


Tree=3
num_leaves=31
num_cat=0
split_feature=32 9 23 23 5 5 25 25 20 2 7 27 16 25 0 31 25 25 2 0 27 5 7 0 27 35 35 5 4 2
split_gain=3667.14 839.367 153.456 102.062 61.4289 45.1203 37.1035 35.1925 26.6414 17.9411 17.4413 16.1567 13.5588 13.5317 12.8251 12.5289 12.4773 11.8944 11.0121 10.9526 10.7642 10.7139 10.5883 10.2565 16.8485 15.8345 10.0563 9.99995 9.22801 8.99402
threshold=4.5000000000000009 1.0000000180025095e-35 1.0000000180025095e-35 1.0000000180025095e-35 0.14865864068269732 0.16270697116851809 0.27500000596046453 0.17500000447034839 0.33224999904632574 655.50000000000011 0.57499998807907116 3.8659784793853764 150.18400573730472 0.27500000596046453 6.4232139587402353 0.41428571939468389 0.27500000596046453 0.34999999403953558 635.50000000000011 6.980994939804078 3.5567746162414555 0.16574188321828845 0.25000000000000006 7.151477813720704 4.1455123424530038 0.67691612243652355 0.64369457960128795 0.31125290691852575 0.88240826129913341 615.50000000000011
decision_type=2 2 2 2 2 2 2 2 2 2 2 2 2 2 2 2 2 2 2 2 2 2 2 2 2 2 2 2 2 2
left_child=1 3 5 4 7 16 10 -1 9 17 -6 -8 -2 -4 -12 18 22 27 28 -11 -21 -16 -3 24 -13 -26 -23 -7 -9 -25
right_child=12 2 13 -5 6 8 11 15 -10 19 14 23 -14 -15 21 -17 -18 -19 -20 20 -22 26 -24 29 25 -27 -28 -29 -30 -31
leaf_value=-0.018396733246400829 0.094346818446817041 -0.037679095174018511 0.0010007761485396514 0.063418937521198662 -6.6383439949555131e-05 -0.032636862454202567 0.059955564204496915 0.023435197716408 0.0057974114248424136 -0.010721327892907221 0.041639549799041331 0.0073011602809026034 0.052726258207219656 0.024062625864638375 0.04097991592268093 0.032463284620069123 -0.028046127649568379 -0.0024476998614124156 0.016311895617480289 0.0040085716607998678 -0.026528414524294247 -0.013177812152597768 -0.017518556093959217 0.031848870718661992 0.027619689340278072 0.071162857378352179 0.01617676932881032 -0.016835441220561801 -0.008133709148950603 -0.0038897936649570086
leaf_weight=98.768332533538342 560.15840789675713 909.2894608527422 106.8163111358881 73.798570021986961 84.591292031109333 456.01887207478285 44.083820313215256 15.817748099565504 48.627421639859676 193.08023776859045 39.47971934825182 21.048461154103279 21.411218345165253 63.959178693592548 22.26637190580368 32.045304536819458 430.90954959392548 26.112741842865944 86.702605754137039 19.726961374282837 206.8229425996542 20.456806913018227 48.992863900959492 20.154324769973755 31.951125577092171 27.793912172317505 121.09476590156555 82.586234606802464 86.50357573479414 22.140594676136971
leaf_count=530 2254 4814 540 324 438 2420 195 73 267 1155 235 100 89 284 107 146 1951 126 387 91 934 119 248 84 158 127 574 446 382 86
internal_value=0 -0.0154348 -0.0267316 0.0190611 0.0146842 -0.0293145 0.0240933 0.0012305 -0.0228912 -0.0243173 0.015217 0.0390188 0.0930005 0.00981651 0.021515 0.0100858 -0.0340509 -0.0290112 0.00599196 -0.0178929 -0.0238576 0.0162213 -0.036687 0.0306816 0.0389671 0.0495253 0.01181 -0.0302852 -0.00289778 0.0138094
internal_weight=0 3441.64 2592.94 848.697 774.899 2422.17 455.061 319.838 1032.98 984.348 287.889 167.172 581.57 170.775 203.298 221.069 1389.19 564.718 189.024 419.63 226.55 163.818 958.282 123.088 80.7935 59.745 141.552 538.605 102.321 42.2949
internal_count=19684 17341 13276 4065 3741 12452 2223 1518 5439 5172 1473 750 2343 824 1035 988 7013 2992 842 2180 1025 800 5062 555 385 285 693 2866 455 170
is_linear=0
shrinkage=0.04


Tree=4
num_leaves=31
num_cat=0
split_feature=32 9 23 23 5 31 25 5 25 7 25 5 7 28 25 16 7 25 15 2 7 31 29 35 22 20 25 2 7 2
split_gain=3341.28 708.722 177.053 90.1797 61.7285 59.4552 47.4982 37.621 19.8559 19.6166 19.0608 17.0424 15.4149 14.0555 13.9787 13.6547 12.1029 11.1569 10.1919 10.1777 10.5127 9.97162 9.58915 9.3375 9.28991 8.17023 8.10258 8.09851 7.9224 7.79174
threshold=3.5000000000000004 1.0000000180025095e-35 1.0000000180025095e-35 1.0000000180025095e-35 0.12643428891897204 0.41428571939468389 0.27500000596046453 0.16491568833589557 0.27500000596046453 0.57499998807907116 0.17500000447034839 0.22273581475019458 0.25000000000000006 -0.98296290636062611 0.27500000596046453 103.09275817871095 1.0000000180025095e-35 0.17500000447034839 0.21374999731779101 697.50000000000011 1.0000000180025095e-35 0.18465909361839297 0.60355338454246532 1.4027330875396731 0.33224999904632574 0.21374999731779101 0.31000000238418585 797.50000000000011 0.25000000000000006 615.50000000000011
decision_type=2 2 2 2 2 2 2 2 2 2 2 2 2 2 2 2 2 2 2 2 2 2 2 2 2 2 2 2 2 2
left_child=1 3 7 4 10 15 9 14 24 29 -1 16 17 -8 28 -2 26 -7 23 -10 -21 -12 -15 -11 -9 -13 -4 -20 -3 -6
right_child=5 2 11 -5 6 12 13 8 19 18 21 25 -14 22 -16 -17 -18 -19 27 20 -22 -23 -24 -25 -26 -27 -28 -29 -30 -31
leaf_value=-0.023252918483355658 0.049114848955829682 -0.03689764816089329 -0.005599212263603175 0.057742580367517164 -0.015843321193865115 0.036118308496602934 5.6464035951432796e-05 -0.027711265546163252 -0.019760662297936687 -0.0039533987700269974 -0.002929435632577403 0.01162317523561889 0.09331580093137691 0.032100166260374333 -0.026920471958369316 -0.0061177345541264328 0.026900381704832568 0.078686383394731635 0.017100026616231431 -0.011520869290328866 0.016454306111402767 0.022553436434833211 0.055620435211527007 0.029339455190160769 -0.0044003272563725351 0.053309024389600834 0.021668261203356087 0.040578249974639338 -0.019747871355346676 0.006297185191330215
leaf_weight=67.127159915864468 13.738307759165766 916.92890766263008 86.710842862725258 73.992829166352749 49.397002816200256 15.820608124136923 17.171889767050743 668.89240448921919 198.970773242414 58.485647276043892 125.54962968081236 13.700406461954115 411.64638275653124 141.2998855561018 427.59206277132034 12.414879903197287 32.885481931269169 157.85636013746262 142.61964578181505 83.182851284742355 26.837223246693611 28.449558168649673 40.657762378454208 15.380700290203093 29.381029486656189 19.501816265285015 19.702052086591721 28.450079068541527 53.000580325722694 48.725949428975582
leaf_count=358 62 4929 421 321 254 65 74 3743 944 338 559 66 1609 623 1962 60 159 620 710 391 126 130 180 65 169 92 86 133 266 254
internal_value=0 -0.0157971 -0.0261794 0.0161466 0.0119741 0.0855888 0.019218 -0.0289867 -0.0229945 0.0100984 -0.00580081 0.0128406 0.088234 0.0346726 -0.0332666 0.024324 0.0064542 0.0752641 0.0161152 -0.0143998 -0.00452494 0.00200702 0.0379033 0.00356965 -0.0267458 0.0377456 -0.000244114 0.0214284 -0.0360031 -0.00494261
internal_weight=0 3414.59 2577.29 837.308 763.315 611.477 542.189 2404.79 1007.26 343.059 221.126 172.501 585.323 199.13 1397.52 26.1532 139.298 173.677 244.936 308.991 110.02 153.999 181.958 73.8663 698.273 33.2022 106.413 171.07 969.929 98.123
internal_count=19769 17353 13354 3999 3678 2416 2631 12530 5373 1754 1047 824 2294 877 7157 122 666 685 1246 1461 517 689 803 403 3912 158 507 843 5195 508
is_linear=0
shrinkage=0.04


Tree=5
num_leaves=31
num_cat=0
split_feature=32 9 23 3 3 20 25 23 31 23 22 7 3 7 2 3 25 23 6 7 7 35 35 16 22 3 6 2 25 7
split_gain=2959.4 703.704 161.65 88.0349 77.6182 51.6092 50.6159 31.3018 29.5045 28.3105 20.4728 19.7229 19.2246 19.1913 16.3545 14.5122 14.3056 11.9302 22.203 10.2081 9.54862 9.41178 9.62715 9.9293 9.20205 8.96083 8.10229 7.15977 6.74713 6.59932
threshold=3.5000000000000004 1.0000000180025095e-35 1.0000000180025095e-35 2.5000000000000004 2.5000000000000004 0.21374999731779101 0.17500000447034839 1.0000000180025095e-35 0.18465909361839297 1.0000000180025095e-35 0.16550000011920932 0.25000000000000006 2.5000000000000004 0.25000000000000006 661.50000000000011 1.5000000000000002 0.27500000596046453 1.0000000180025095e-35 6.0879099369049081 0.57499998807907116 0.57499998807907116 1.3281396031379702 0.67691612243652355 46.510473251342781 0.22083333134651187 1.5000000000000002 3.979637980461121 401.50000000000006 0.34999999403953558 1.0000000180025095e-35
decision_type=2 2 2 2 2 2 2 2 2 2 2 2 2 2 2 2 2 2 2 2 2 2 2 2 2 2 2 2 2 2
left_child=1 3 4 6 13 -2 -1 8 15 10 -5 17 29 16 27 19 25 18 -7 -8 -12 22 -17 -24 -18 -3 -22 -6 -29 -4
right_child=5 2 12 9 14 11 7 -9 -10 -11 20 -13 -14 -15 -16 21 24 -19 -20 -21 26 -23 23 -25 -26 -27 -28 28 -30 -31
leaf_value=-0.011285905409470854 0.0068419815642692576 -0.038379023363113003 8.7290156870141849e-05 0.01063737408514284 -0.00030086691865318375 0.071640511256020473 -0.015773474650193166 0.049046531067682295 0.033759153882865753 0.071779035194752955 0.021582795620664133 0.087519352184334306 0.03734392893265838 -0.017392729026667032 -0.0042005423758209809 0.024360822469926106 -0.028282636272802267 0.089717099968429845 0.033789247814204754 0.0048292426151265054 0.061012745617506879 0.033972859591297533 0.0088137607224172531 -0.027942441469737154 -0.0059239462452553553 -0.030874417069884284 0.035763221614454464 -0.023063389287593411 0.0059670675454712085 0.020603922787108271
leaf_weight=160.53287730365992 15.295373924076555 676.52944767475128 101.09769360721111 66.546531677246094 28.296994432806969 94.955658093094826 54.749493472278118 37.533598363399506 73.444739550352097 28.806329242885113 55.665093585848808 424.86413348466158 36.668310433626175 150.79718573391438 192.56839886307716 36.134672075510025 507.81968110799789 43.260259971022606 41.208831630647182 117.6615345031023 32.442923590540886 32.453597977757454 38.559833690524101 14.570802241563795 32.541400574147701 530.46683528274298 103.17482874542475 236.90007643401623 12.761246629059313 31.370148688554764
leaf_count=857 72 3576 477 361 164 375 235 152 335 128 270 1634 183 749 1079 182 2345 169 156 518 143 127 167 73 164 3015 496 1347 67 148
internal_value=0 -0.0145909 -0.0251474 0.0168284 -0.0278444 0.0803492 0.00762503 0.0151375 0.0114283 0.0348114 0.0301605 0.082181 0.0125081 -0.0314512 -0.0132229 0.00566195 -0.0326432 0.0687148 0.0608401 -0.00181905 0.0367721 0.0161167 0.00902257 -0.00191443 -0.026963 -0.0351373 0.0426024 -0.0193989 -0.0215439 0.00518009
internal_weight=0 3390.09 2537.82 852.277 2368.68 619.584 565.641 405.108 367.575 286.636 257.829 604.289 169.136 1898.15 470.527 294.13 1747.36 179.425 136.164 172.411 191.283 121.719 89.2653 53.1306 540.361 1207 135.618 277.958 249.661 132.468
internal_count=19764 17358 13314 4044 12506 2406 2646 1789 1637 1398 1270 2334 808 9849 2657 1302 9100 700 531 753 909 549 422 240 2509 6591 639 1578 1414 625
is_linear=0
shrinkage=0.04


Tree=6
num_leaves=31
num_cat=0
split_feature=34 9 23 31 3 3 23 23 22 3 15 12 35 2 5 2 3 9 31 2 4 27 0 27 26 35 27 3 2 1
split_gain=2696.05 618.19 140.066 103.199 79.9727 77.9722 32.9865 17.2073 18.3561 17.1938 14.8603 14.3208 13.3115 11.6718 11.3245 11.8774 10.7427 10.7313 9.5347 7.87234 7.82501 7.8247 7.7989 7.68439 7.62836 7.36847 7.18838 6.78054 6.63926 6.55352
threshold=7.5000000000000009 1.0000000180025095e-35 1.0000000180025095e-35 0.55902779102325451 2.5000000000000004 2.5000000000000004 1.0000000180025095e-35 1.0000000180025095e-35 0.21374999731779101 2.5000000000000004 0.21374999731779101 1.0000000180025095e-35 1.3699100613594057 589.50000000000011 0.13728915899991992 613.50000000000011 1.5000000000000002 1.0000000180025095e-35 0.66384181380271923 691.50000000000011 0.90354722738266002 3.6309846639633183 7.5579915046691903 3.5567746162414555 1.0000000180025095e-35 0.98620155453681957 3.6951092481613164 3.5000000000000004 816.50000000000011 1.5000000000000002
decision_type=2 2 2 2 2 2 2 2 2 2 2 2 2 2 2 2 2 2 2 2 2 2 2 2 2 2 2 2 2 2
left_child=1 4 5 12 6 11 10 8 -6 21 -1 16 13 -2 15 -12 -3 -5 19 -7 -13 -4 24 25 -23 -18 -16 28 -10 -25
right_child=3 2 9 17 7 18 -8 -9 27 -11 14 20 -14 -15 26 -17 23 -19 -20 -21 -22 22 -24 29 -26 -27 -28 -29 -30 -31
leaf_value=-0.0061327347996169594 -0.011966648407199567 -0.034980878736180089 0.028492310128413863 0.082734267228606023 0.0095572661221767826 -0.018032204855179323 0.037932577447599966 0.064175709689013774 0.021890592611175205 0.033164894679212582 -0.010704905571429831 -0.021406814872900949 0.052614520899640853 0.027235766661411202 0.035588652914923011 0.011256050603128913 -0.027473963407188946 0.067777869678976005 0.0091477273507960533 -0.0067390102266039207 0.0099337534591967622 -0.002389531818136093 -0.016663602122402123 -0.033105298405958522 0.022093508515367462 -4.3613419399609352e-05 0.011959040121583034 0.04407183652128116 0.049694567958407349 -0.024772238178117946
leaf_weight=171.89597179740667 17.181901380419731 951.30265015363693 14.988879576325415 410.07733652740717 59.386355884373188 291.77970083802938 46.373560935258865 25.162813827395439 85.23690739274025 37.160402037203312 74.254493363201618 134.01844454556704 19.145840838551521 33.013919919729233 23.42527212947607 79.544774502515793 29.715894527733326 190.67863620817661 28.588357143104076 154.01618706434965 12.911588996648787 61.331050902605057 32.537616282701492 389.97307515889406 28.237480215728283 30.980650842189789 136.57684268802404 86.66430626064539 17.065334811806679 317.12925641983747
leaf_count=861 94 4890 70 1555 321 1667 190 109 400 182 346 675 75 164 105 356 183 728 165 869 63 314 119 2142 137 142 618 410 76 1737
internal_value=0 -0.0149549 -0.0247195 0.0728896 0.0155113 -0.0272944 0.00642639 0.0330093 0.0293641 0.00978127 0.00327501 -0.0309768 0.0257447 0.0138725 0.00843464 0.00065196 -0.0320156 0.0782278 -0.0127399 -0.0141781 -0.0185563 0.00305728 -0.000473793 -0.0282603 0.00564299 -0.013921 0.0158152 0.0354235 0.0273926 -0.0294484
internal_weight=0 3320.26 2514.67 670.098 805.587 2340.42 532.071 273.516 248.353 174.255 485.697 1866.03 69.3417 50.1958 313.801 153.799 1719.1 600.756 474.384 445.796 146.93 137.095 122.106 767.799 89.5685 60.6965 160.002 188.967 102.302 707.102
internal_count=19763 17147 13355 2616 3792 12533 2476 1316 1207 822 2286 9832 333 258 1425 702 9094 2283 2701 2536 738 640 570 4204 451 325 723 886 476 3879
is_linear=0
shrinkage=0.04


Tree=7
num_leaves=31
num_cat=0
split_feature=32 9 23 25 25 23 23 0 5 5 35 7 27 5 5 5 0 22 23 6 2 5 26 6 6 7 5 2 0 2
split_gain=2490.17 613.455 123.249 71.3336 30.8135 28.7119 27.7083 22.5557 22.1785 19.944 19.7965 18.1617 15.8737 13.7679 13.2409 12.8566 11.9244 11.3863 11.2298 11.8736 11.2119 10.7017 9.52298 9.50846 8.98476 8.92152 8.42327 8.01322 8.83495 7.88489
threshold=4.5000000000000009 1.0000000180025095e-35 1.0000000180025095e-35 0.27500000596046453 0.27500000596046453 1.0000000180025095e-35 1.0000000180025095e-35 7.01749610900879 0.13464640825986865 0.30011415481567388 1.4605025053024294 0.25000000000000006 3.7943642139434819 0.29046463966369634 0.23048414289951327 0.14865864068269732 8.0149955749511737 0.27133333683013922 1.0000000180025095e-35 6.1323122978210458 707.50000000000011 0.16811604797840121 1.0000000180025095e-35 5.7914869785308847 5.4402484893798837 1.0000000180025095e-35 0.13413521647453311 655.50000000000011 7.3172068595886239 579.50000000000011
decision_type=2 2 2 2 2 2 2 2 2 2 2 2 2 2 2 2 2 2 2 2 2 2 2 2 2 2 2 2 2 2
left_child=1 3 4 6 9 8 7 14 -5 26 -9 18 13 -6 20 -4 -12 22 19 -2 -1 -14 -10 -16 -19 -17 -3 29 -29 -23
right_child=11 2 15 5 12 -7 -8 10 17 -11 16 -13 21 -15 23 25 -18 24 -20 -21 -22 27 -24 -25 -26 -27 -28 28 -30 -31
leaf_value=-0.0019729082458318924 0.061739382267622302 -0.034381767752079753 -0.0016617862790182314 0.0090161616636856047 -0.010871774467855396 0.06209371415968952 0.038491659939118836 -0.012037633227082295 0.019477181567066237 -0.013570797523829985 0.019190511043581961 0.078454094470804203 -0.026485581717159173 0.030019482136131839 0.033879735091854039 0.011754587959240446 -0.010483014385842275 0.071573629197705976 0.080938590034384195 0.033400049979755687 0.021293909761002049 -0.014263544884424351 0.041322486922715944 0.0031132314267672497 0.029837793427363472 0.042126540914807616 -0.027847057773701986 0.0010972642443588007 -0.024160440841999892 -0.034929012301952729
leaf_weight=99.709902532398701 98.487731575965881 623.86680931597948 91.453509315848351 91.944740742444992 114.17800337076187 38.563190251588821 37.895651169121265 173.43840989470482 99.443399019539356 122.82132592797279 68.941855698823929 435.28183007240295 352.80970159173012 12.919038996100424 59.404338978230953 61.697432309389114 29.681570887565613 19.422569677233696 43.323199018836021 42.340205013751984 47.414355397224426 92.228421010077 51.502492889761925 22.357405491173267 21.568679228425026 19.944856807589531 843.25364872813225 72.34784197062254 29.838773638010025 45.721149668097496
leaf_count=585 378 3510 427 400 550 155 163 821 427 717 283 1631 1687 61 309 296 101 84 165 157 264 454 218 135 97 93 4856 370 121 224
internal_value=0 -0.0137144 -0.0237994 0.015348 -0.0262377 0.0301714 0.00639895 0.0038278 0.0254309 -0.0293668 -0.0039501 0.0734753 -0.0192663 -0.00631462 0.013027 0.00866896 0.0102291 0.0331201 0.0609903 0.0538061 0.00571041 -0.0220119 0.0273737 0.025742 0.0520229 0.0200042 -0.0306688 -0.0152746 -0.00660027 -0.0215141
internal_weight=0 3344.37 2483.08 861.289 2309.98 322.445 538.843 500.948 283.882 1589.94 272.062 619.433 720.043 127.097 228.886 173.096 98.6234 191.937 184.151 140.828 147.124 592.946 150.946 81.7617 40.9912 81.6423 1467.12 240.136 102.187 137.95
internal_count=19739 17408 13366 4042 12550 1381 2661 2498 1226 9083 1205 2331 3467 611 1293 816 384 826 700 535 849 2856 645 444 181 389 8366 1169 491 678
is_linear=0
shrinkage=0.04


Tree=8
num_leaves=31
num_cat=0
split_feature=21 9 23 31 3 3 25 25 16 23 23 7 20 7 2 7 7 28 25 3 25 35 0 25 25 16 4 7 31 7
split_gain=2231.25 500 121.882 120.437 76.464 69.7649 39.2544 20.7933 20.2013 20.0184 19.3073 13.8405 13.7007 13.135 12.8007 11.0025 10.53 10.9204 10.3024 9.92703 11.0041 11.0903 10.7366 9.83683 8.99635 8.9951 9.81292 8.91003 8.22401 8.12706
threshold=1.5000000000000002 1.0000000180025095e-35 1.0000000180025095e-35 0.55902779102325451 2.5000000000000004 2.5000000000000004 0.17500000447034839 0.27500000596046453 2.865721702575684 1.0000000180025095e-35 1.0000000180025095e-35 1.0000000180025095e-35 0.13516666740179065 1.0000000180025095e-35 661.50000000000011 1.0000000180025095e-35 0.57499998807907116 0.12940952181816109 0.34999999403953558 3.5000000000000004 0.27500000596046453 0.60402336716651928 7.3498685359954843 0.17500000447034839 0.34999999403953558 94.371532440185561 0.8924473524093629 0.25000000000000006 0.11805555596947671 0.57499998807907116
decision_type=2 2 2 2 2 2 2 2 2 2 2 2 2 2 2 2 2 2 2 2 2 2 2 2 2 2 2 2 2 2
left_child=1 5 4 8 7 6 -1 27 -2 16 19 -5 -4 -9 18 -14 17 25 -6 20 29 -22 -21 -10 -18 26 -8 -3 -15 -7
right_child=3 2 12 11 14 10 9 13 23 -11 -12 -13 15 28 -16 -17 24 -19 -20 22 21 -23 -24 -25 -26 -27 -28 -29 -30 -31
leaf_value=-0.012228306475561215 0.054917047783103946 -0.033323212934906053 -0.015658333629726979 0.057305201610636847 -0.018436253393435013 -0.010683221593871204 0.011637809652070584 -0.026350481884686854 -0.00775968258071481 0.038760343167342802 0.064206080162238471 0.07389064010788346 0.0077929590660314445 -0.015609952736495101 -0.0030305602722684559 0.033562452321543812 0.011147234856284237 0.021902290448571872 0.014582698774711716 0.040804959367086828 0.0045174726227021188 0.045655780689907319 0.0046766750627271602 0.021787444636652237 0.040788957569166007 -0.034216285001510333 -0.019355552192874523 -0.019974673857522874 0.012767474400282218 0.016996244397315709
leaf_weight=145.75303097069263 21.942062705755234 1140.144668970257 27.75750457495451 152.05826227366924 258.6707748696208 22.576915912330151 35.925544604659081 425.7876605167985 25.190957702696323 38.6532843708992 23.894698657095432 468.19682091474533 109.60919444262981 124.16544061899185 189.49411259591579 33.81183099001646 204.65580207854509 21.85228918492794 14.615353703498839 92.69456509500742 15.624133914709089 33.126908332109451 15.933271571993826 54.700285769999027 16.292089954018593 15.584963098168371 26.743894144892693 97.707041315734386 17.239935144782066 55.002404049038887
leaf_count=778 93 6548 135 572 1523 118 154 2055 143 150 100 1752 520 580 1075 155 906 98 77 451 75 139 62 252 71 75 113 527 85 273
internal_value=0 -0.0143391 -0.0231814 0.0634048 -0.025637 0.0138645 0.00517176 -0.0293561 0.0225283 0.0122509 0.030669 0.0700219 0.0092722 -0.0228327 -0.0110672 0.0142462 0.00883906 -0.00190248 -0.0165773 0.0267452 0.0186209 0.033169 0.0356861 0.0125088 0.0136792 -0.00893005 -0.00177802 -0.0323035 -0.0120204 0.008875
internal_weight=0 3203.32 2439 722.088 2267.82 764.314 505.461 1805.04 101.833 359.708 258.853 620.255 171.179 567.193 462.78 143.421 321.055 100.107 273.286 234.958 126.33 48.751 108.628 79.8912 220.948 78.2544 62.6694 1237.85 141.405 77.5793
internal_count=19655 16843 13280 2812 12470 3563 2345 9795 488 1567 1218 2324 810 2720 2675 675 1417 440 1600 1118 605 214 513 395 977 342 267 7075 665 391
is_linear=0
shrinkage=0.04


Tree=9
num_leaves=31
num_cat=0
split_feature=34 9 23 31 3 3 25 15 25 23 27 23 7 35 2 25 16 6 5 7 7 35 7 27 25 35 6 0 4 25
split_gain=2081.42 504.563 127.142 77.2358 73.7662 73.0004 34.0061 23.2156 22.8992 17.8051 17.5833 17.2802 16.3986 14.8739 14.8146 14.3224 14.3168 13.9646 12.0548 11.1335 10.9505 10.9223 11.1359 9.89356 9.78795 8.98327 9.53197 8.92934 8.76203 7.92143
threshold=7.5000000000000009 1.0000000180025095e-35 1.0000000180025095e-35 0.55902779102325451 2.5000000000000004 2.5000000000000004 0.17500000447034839 0.21374999731779101 0.27500000596046453 1.0000000180025095e-35 3.5931932926177983 1.0000000180025095e-35 0.57499998807907116 1.7122704982757571 613.50000000000011 0.23499999940395358 9.7678117752075213 3.979637980461121 0.14865864068269732 0.42499999701976782 1.0000000180025095e-35 0.87240421772003185 0.57499998807907116 3.7388586997985844 0.17500000447034839 0.65670669078826915 5.0466406345367441 6.530851125717164 0.893944412469864 0.17500000447034839
decision_type=2 2 2 2 2 2 2 2 2 2 2 2 2 2 2 2 2 2 2 2 2 2 2 2 2 2 2 2 2 2
left_child=1 4 5 16 6 8 -1 27 -3 12 -10 13 14 21 -6 -7 -2 -14 -4 24 -12 22 -9 -17 -5 -24 -27 -8 -23 -18
right_child=3 2 18 19 9 15 7 11 10 -11 20 -13 17 -15 -16 23 29 -19 -20 -21 -22 28 25 -25 -26 26 -28 -29 -30 -31
leaf_value=-0.010727077968425189 0.049506563729906611 -0.031778504877842249 0.00019034369382160517 0.026458449984939014 -0.0067366544462775573 -0.016592185553299662 0.024654900249783004 -0.00085257780588255674 0.00020839158939263156 0.062356199507891848 -0.027500442412172307 0.045346948900616163 0.056237366623539418 0.040106592736907309 0.027429698840895404 0.017627220294746032 -0.01147923714126853 0.027375148995667082 0.021127568809861011 0.072626660719596212 -0.013547781586427181 0.011902597690396316 0.014122885732561321 -0.0063721545093938427 0.061476543981712581 0.015232005450571228 0.060747446516333188 -0.0065861276728345864 -0.012282318624010536 0.021176605762507069
leaf_weight=151.63699609786272 20.315463870763779 1211.5933493301272 90.007302969694138 18.229474321007729 37.413728825747967 273.78744906187057 14.825555033981798 33.450438544154167 52.693003974854946 24.744861021637917 377.08467638492584 31.318782895803452 35.167391762137413 29.006620422005653 40.806132085621357 31.169810459017754 16.426096029579639 141.39370621740818 84.144740790128708 401.95634791254997 126.42121323943138 46.270635887980461 45.281046465039253 158.93832629173994 195.70337255299091 14.556500613689421 17.685604423284531 111.40801210701466 45.606899261474609 33.049034997820854
leaf_count=812 81 7034 420 71 185 1699 86 154 257 103 1838 119 153 103 191 156 93 684 394 1498 603 187 212 841 725 63 77 504 178 154
internal_value=0 -0.0131511 -0.0223847 0.063493 0.0139096 -0.0249526 0.0052476 0.0114912 -0.0286585 0.0305193 -0.0217726 0.0182137 0.0269656 0.0141922 0.0113269 -0.010768 0.022781 0.0336894 0.0104316 0.0680176 -0.0240646 0.0101312 0.0184606 -0.00229471 0.0587653 0.0266059 0.0422883 -0.00258971 -0.000108409 0.0103099
internal_weight=0 3226.41 2405.84 685.68 820.573 2231.69 541.047 389.41 1767.79 279.526 556.199 263.177 254.781 231.858 78.2199 463.896 69.7906 176.561 174.152 615.889 503.506 202.851 110.974 190.108 213.933 77.5232 32.2421 126.234 91.8775 49.4751
internal_count=19675 17053 13242 2622 3811 12428 2495 1683 9732 1316 2698 1093 1213 974 376 2696 328 837 814 2294 2441 871 506 997 796 352 140 590 365 247
is_linear=0
shrinkage=0.04


Tree=10
num_leaves=31
num_cat=0
split_feature=32 9 3 3 25 25 3 25 25 27 15 5 12 15 27 31 0 35 35 9 26 1 25 20 12 15 16 4 29 14
split_gain=1909.6 529.928 83.5105 50.0438 26.2155 25.3451 23.3041 21.4162 20.3478 15.7444 12.895 12.8619 12.5947 11.4447 11.2702 10.9889 10.6109 12.9994 15.7449 8.86989 8.48076 8.82073 8.09417 7.62984 7.58708 8.66701 7.44791 7.43045 7.14574 11.0932
threshold=4.5000000000000009 1.0000000180025095e-35 2.5000000000000004 1.5000000000000002 0.17500000447034839 0.27500000596046453 3.5000000000000004 0.27500000596046453 0.27500000596046453 3.4160846471786503 0.21374999731779101 0.14355952292680743 1.0000000180025095e-35 0.21374999731779101 4.1919245719909677 0.41428571939468389 6.7522532939910898 0.88649332523345958 1.3925839662551882 1.0000000180025095e-35 1.0000000180025095e-35 3.5000000000000004 0.17500000447034839 0.35625000298023229 1.0000000180025095e-35 0.21374999731779101 27.261121749877933 0.91640457510948192 0.60355338454246532 0.89587974548339855
decision_type=2 2 2 2 2 2 2 2 2 2 2 2 2 2 2 2 2 2 2 2 2 2 2 2 2 2 2 2 2 2
left_child=1 3 5 4 -1 12 8 23 24 11 -6 -7 -3 -2 -9 28 -12 -18 -19 -15 21 -11 -21 -4 25 -5 -22 -27 29 -10
right_child=13 2 7 6 10 9 -8 14 15 20 16 -13 -14 19 -16 -17 17 18 -20 22 26 -23 -24 -25 -26 27 -28 -29 -30 -31
leaf_value=-0.015683844178662264 0.034963401127069881 -0.030512403810535309 -0.014859378977713647 -0.004518597282466506 -0.0033797888083022332 -0.014711337580601131 0.036066498505581052 0.016076612989901835 0.022658092799302136 -0.024884423068791576 -0.006025198283275887 0.035290596280944254 -0.015224091135164812 0.068952432119802232 -0.0050238876898084381 0.049534152422740264 0.0359871323023098 -0.0056458297049599695 0.029718276035538404 0.024277165743817865 -0.005714717991488546 0.006247340969119144 0.058379031432097508 0.010402605260459439 0.030794077320666982 0.0092189342599559472 -0.023048121526047575 0.037928022462781479 0.040046803814047717 -0.011589415974027526
leaf_weight=94.73257040977478 28.736910119652748 1179.1363573744893 312.97712744027376 69.610969789326191 87.665817521512508 16.061540886759762 133.2613839879632 70.853677794337273 80.516345947980881 405.3368271291256 28.675262577831745 13.318574368953703 99.625399388372898 409.6369746774435 89.635212585330009 29.919931083917618 50.403932094573975 44.901777222752571 33.779513955116272 16.156058110296726 99.472110018134117 14.35616013407707 169.16243648529053 18.997742645442486 22.382144615054131 143.92172539979219 66.08375184237957 14.452814519405363 26.864189863204956 17.219448581337929
leaf_count=496 110 6919 1919 381 408 76 614 358 331 1979 140 61 544 1519 451 127 216 177 120 63 447 69 623 114 110 699 346 67 111 81
internal_value=0 -0.0125247 -0.0222986 0.0140158 0.00198551 -0.0261133 0.0215846 -0.00758611 0.0166642 -0.019312 0.00887738 0.00876008 -0.029347 0.0637552 0.00437492 0.028009 0.0156456 0.0204781 0.00989704 0.065024 -0.0207463 -0.0237949 0.055697 -0.0133601 0.00949611 0.0071556 -0.0128261 0.0122792 0.0221393 0.0165128
internal_weight=0 3264.16 2385.85 878.308 340.159 1893.39 538.149 492.464 404.888 614.629 245.426 29.3801 1278.76 623.692 160.489 154.52 157.76 129.085 78.6813 594.955 585.249 419.693 185.318 331.975 250.368 227.986 165.556 158.375 124.6 97.7358
internal_count=19676 17361 13283 4078 1557 10441 2521 2842 1907 2978 1061 137 7463 2315 809 650 653 513 297 2205 2841 2048 686 2033 1257 1147 793 766 523 412
is_linear=0
shrinkage=0.04


Tree=11
num_leaves=31
num_cat=0
split_feature=32 9 3 3 7 25 25 25 31 25 26 27 31 5 35 4 20 7 27 0 25 18 6 27 35 5 6 7 5 22
split_gain=1799.43 457.423 81.3773 45.1768 24.3123 22.9975 16.6049 16.1273 15.9382 15.7055 12.4475 12.6831 16.8261 10.2901 15.4802 10.2504 11.5735 10.0642 9.56879 9.27623 8.85019 8.76628 8.38224 8.27497 10.8181 8.65663 8.10123 7.92385 11.065 7.65111
threshold=4.5000000000000009 1.0000000180025095e-35 2.5000000000000004 1.5000000000000002 0.57499998807907116 0.27500000596046453 0.23499999940395358 0.27500000596046453 0.41428571939468389 0.27500000596046453 1.0000000180025095e-35 3.857566356658936 0.12916667014360431 0.21271323412656787 0.61291152238845836 0.81679013371467601 0.21374999731779101 0.25000000000000006 4.2619752883911142 7.0613250732421884 0.2100000008940697 10.500000000000002 4.9938225746154794 4.3340172767639169 1.0556135773658755 0.30011415481567388 5.3542222976684579 0.57499998807907116 0.13413521647453311 0.21374999731779101
decision_type=2 2 2 2 2 2 2 2 2 2 2 2 2 2 2 2 2 2 2 2 2 2 2 2 2 2 2 2 2 2
left_child=1 3 6 5 15 -1 -3 23 -2 29 11 12 -8 26 -15 16 -5 20 -9 -16 -10 -22 -20 -4 -25 -26 -11 -7 -29 -6
right_child=8 2 7 4 9 27 10 18 17 13 -12 -13 -14 14 19 -17 -18 -19 22 -21 21 -23 -24 24 25 -27 -28 28 -30 -31
leaf_value=-0.0073705785365813306 0.021212466468528604 -0.028656143125651946 -0.017770480383470507 -0.0057995768664381633 0.0057738247379067143 -0.0011318768481115877 -0.017500812273164058 0.012773782879842167 0.028425479519483123 0.01440982682543604 -0.012610822482544106 -0.02720047125236116 0.028103571347405584 0.012518861058780384 0.07591693525476291 -0.0036259810747988372 0.02821149265321541 0.066367074854668029 -0.021874946608488911 0.033594795564533458 0.06124140288108728 0.031893294524528278 0.0041182247961829756 0.0036253139527915551 -0.02735635914036251 0.0066041582522699729 0.040457029461845186 0.010090425650072628 0.040308093292120456 0.022346577149443783
leaf_weight=209.9445737823844 18.013032801449299 1086.563186313957 182.44525717198849 23.148865394294262 61.475302517414093 37.792663082480431 112.6357346624136 81.45299257338047 27.324384614825249 52.156707510352135 220.63330878317356 442.34456330537796 12.780231088399885 16.362965419888496 25.20188096165657 83.566072098910809 45.915243923664093 427.84695427119732 31.516459472477436 19.742939993739128 128.4726227670908 26.869625300168991 47.432056821882725 90.821801103651524 41.986278831958771 15.595308050513266 32.062921494245529 58.609106779098511 28.531786903738976 178.47493356466293
leaf_count=1007 75 6481 1124 124 327 160 570 407 105 208 1113 2264 65 76 105 396 212 1588 152 76 475 95 247 614 219 76 136 244 117 848
internal_value=0 -0.012482 -0.0216074 0.0122449 0.0194017 0.000697746 -0.0254022 -0.00707929 0.0613723 0.0247327 -0.0208565 -0.0240052 -0.0124854 0.0351385 0.047789 0.00579219 0.0169693 0.062484 0.003303 0.0595493 0.0527688 0.056635 -0.00654241 -0.0121024 -0.00499054 -0.0182456 0.0250346 0.0141587 0.0206667 0.0181835
internal_weight=0 3239.19 2366.21 872.986 538.108 334.878 1874.96 491.25 628.527 385.478 788.394 567.761 125.416 145.527 61.3078 152.63 69.0641 610.514 160.402 44.9448 182.667 155.342 78.9485 330.849 148.403 57.5816 84.2196 124.934 87.1409 239.95
internal_count=19706 17368 13332 4036 2508 1528 10493 2839 2338 1776 4012 2899 635 601 257 732 336 2263 806 181 675 570 399 2033 909 295 344 521 361 1175
is_linear=0
shrinkage=0.04


Tree=12
num_leaves=31
num_cat=0
split_feature=32 9 23 23 22 5 5 25 31 25 8 27 25 9 2 23 2 25 0 35 28 6 25 22 16 31 20 22 12 4
split_gain=1673.79 436.841 121.253 57.8577 36.0967 32.7415 32.0129 23.8429 17.8905 15.3899 14.1804 12.842 12.559 12.3882 11.3825 10.6367 10.1269 9.4362 9.16413 12.6621 9.45607 8.74703 8.43225 7.68032 8.40051 7.61044 7.10747 7.08633 6.98145 6.82994
threshold=3.5000000000000004 1.0000000180025095e-35 1.0000000180025095e-35 1.0000000180025095e-35 0.21374999731779101 0.16382539272308352 0.13413521647453311 0.27500000596046453 1.0000000180025095e-35 0.17500000447034839 2.5000000000000004 3.8659784793853764 0.27500000596046453 1.0000000180025095e-35 657.50000000000011 1.0000000180025095e-35 613.50000000000011 0.31000000238418585 6.9527173042297372 2.2683899402618413 0.78656607866287243 6.0787878036499032 0.27500000596046453 0.16550000011920932 43.947809219360359 0.12916667014360431 0.21374999731779101 0.22083333134651187 1.0000000180025095e-35 0.82460430264472973
decision_type=2 2 2 2 2 2 2 2 2 2 2 2 2 2 2 2 2 2 2 2 2 2 2 2 2 2 2 2 2 2
left_child=1 3 5 6 -2 22 9 10 14 -1 -8 -9 -4 -6 -7 21 -11 -10 20 -20 29 -15 28 24 -12 -13 -18 -24 -3 -16
right_child=4 2 12 -5 13 8 7 11 17 16 23 25 -14 15 18 -17 26 -19 19 -21 -22 -23 27 -25 -26 -27 -28 -29 -30 -31
leaf_value=-0.017161931651607357 -0.00051435123362448014 -0.030751612395638551 0.0027670755629560181 0.044416272118064565 0.064664808377480482 -0.023531611969165769 0.028261726841190795 0.043198515032182597 -0.0069006581011817015 -0.0058532677514467491 0.010589453992030061 0.013948853734671775 0.02467886136503768 0.0508238963365822 -0.01659784545534157 0.069066313455090525 -0.0017325167024505861 0.025981016400197347 -0.023657577649115229 0.0076931186974285772 0.021309440191719261 0.027741987389989536 -0.023627455687133984 0.0089008588701172953 -0.015320085788418437 0.035449157332849986 0.021126041496359754 -0.00023298325493369959 -0.01395773977194485 0.0011335268892527746
leaf_weight=76.426246903836727 15.952493533492087 784.54013835638762 106.82634335756302 81.208528727293015 429.21666291356087 472.87428946793079 46.68550281971693 49.961621686816216 95.366477064788342 84.68403222411871 30.66807147115469 113.51963229477406 67.438495025038719 113.26158340275288 90.273955121636391 46.146442025899887 33.213681437075138 14.314171925187109 164.17314480245113 22.568627297878265 15.433026656508444 45.534185007214546 359.67127458006144 209.20825299620628 50.310657873749733 34.869833871722221 59.59941054880619 22.017632111907005 46.75207931548357 55.373449005186558
leaf_count=418 72 4828 537 328 1613 2756 222 205 580 379 164 467 291 423 587 172 159 75 843 90 93 165 1813 996 277 150 245 118 260 350
internal_value=0 -0.011479 -0.0205481 0.0126626 0.0588509 -0.0231564 0.00929088 0.0148233 -0.0174391 -0.0023952 0.00826389 0.0257699 0.0114305 0.0603412 -0.0194626 0.0507486 0.0040834 -0.00222092 -0.0138278 -0.0198273 -0.00671464 0.0446326 -0.0275056 0.00487519 -0.00548896 0.0194054 0.013082 -0.0222862 -0.0298429 -0.00993255
internal_weight=0 3187.98 2317.62 870.355 650.111 2143.36 789.147 535.224 930.377 253.923 336.872 198.351 174.265 634.159 820.696 204.942 177.497 109.681 347.822 186.742 161.08 158.796 1212.98 290.187 80.9787 148.389 92.8131 381.689 831.292 145.647
internal_count=19676 17231 13221 4010 2445 12393 3682 2481 5374 1201 1659 822 828 2373 4719 760 783 655 1963 933 1030 588 7019 1437 441 617 404 1931 5088 937
is_linear=0
shrinkage=0.04


Tree=13
num_leaves=31
num_cat=0
split_feature=32 9 23 3 23 3 31 27 7 15 20 0 3 7 7 7 3 7 4 35 2 28 23 6 4 1 2 4 15 1
split_gain=1559.05 401.05 110.029 61.2842 54.5331 38.9042 32.9061 19.3847 18.1468 14.5581 13.7953 13.4108 14.4259 12.2765 12.1781 10.4951 10.2181 9.43964 8.87186 7.73917 7.51338 7.9657 7.33768 12.1003 6.74123 10.4458 10.6552 6.59718 6.45203 6.3082
threshold=3.5000000000000004 1.0000000180025095e-35 1.0000000180025095e-35 2.5000000000000004 1.0000000180025095e-35 1.5000000000000002 0.41428571939468389 4.1084115505218515 1.0000000180025095e-35 0.21374999731779101 0.13516666740179065 7.6666874885559091 3.5000000000000004 0.90000000596046459 0.57499998807907116 0.25000000000000006 1.5000000000000002 1.0000000180025095e-35 0.85531020164489757 0.88215878605842601 427.50000000000006 1.0000000180025095e-35 1.0000000180025095e-35 6.2567088603973398 0.79819598793983471 1.5000000000000002 545.50000000000011 0.83014917373657238 0.19597221910953525 3.5000000000000004
decision_type=2 2 2 2 2 2 2 2 2 2 2 2 2 2 2 2 2 2 2 2 2 2 2 2 2 2 2 2 2 2
left_child=1 4 3 8 5 14 7 -2 16 13 -4 12 19 -7 -1 22 -3 -12 -19 20 -11 -22 23 -8 25 26 28 -26 -5 -10
right_child=6 2 10 24 -6 9 15 -9 29 11 17 -13 -14 -15 -16 -17 -18 18 -20 -21 21 -23 -24 -25 27 -27 -28 -29 -30 -31
leaf_value=-0.014927844446114282 0.042005638085673258 -0.032131114771793617 -0.014850124785332375 -0.016940235247108748 0.042886350997460375 0.00051666263680770366 0.049304179837671297 -0.021732858097583789 -0.019789468897817505 -0.010560074879053565 0.0091543494944252932 0.044090218954029585 0.031276319593209666 0.036930988699997974 0.0023756126202969918 0.062235818155490653 -0.024516617407507321 0.055621987216794344 0.014106140110995972 0.003117908805525484 0.013583362570382975 0.036377646560027677 0.064898899925904696 0.019352422423440058 -0.019638166206120303 0.0056959510579755266 -0.024527819387588013 -0.005849992025392995 0.0084851825793294759 0.0095644128432398577
leaf_weight=90.813118509948254 14.019012317061426 686.59972662106156 27.621787004172802 23.225072331726551 78.751133166253567 130.59191257506609 109.72612892091274 12.835671998560427 417.4450251609087 12.103522367775438 110.49952367693186 31.790838330984116 82.515748240053654 14.717245787382124 216.36512890458107 435.54707577079535 563.25117252022028 13.963417887687681 20.984625272452831 97.902621746063232 81.082887686789036 36.308460034430027 43.247134983539581 31.294086486101151 141.50498623400927 92.320110090076923 55.740313217043877 94.308568403124809 41.536929599940777 10.93462862074375
leaf_count=422 60 3955 138 154 318 680 411 61 2369 65 526 116 370 70 997 1633 3419 62 98 413 393 174 161 109 859 539 335 534 238 64
internal_value=0 -0.0115206 -0.0202772 -0.0227722 0.0115438 0.00833593 0.0565326 0.0121459 -0.0262823 0.0153447 0.0102937 0.0198364 0.0170817 0.00465612 -0.0028034 0.0584105 -0.0287443 0.0152054 0.0328066 0.0117031 0.0180477 0.0211248 0.0487975 0.0430211 -0.00958308 -0.00436128 -0.0120336 -0.0142195 -0.000867258 -0.0189992
internal_weight=0 3172.88 2299.94 2126.87 872.943 794.191 646.669 26.8547 1678.23 487.013 173.069 341.704 309.913 145.309 307.178 619.814 1249.85 145.448 34.948 227.397 129.495 117.391 184.267 141.02 448.636 212.822 120.502 235.814 64.762 428.38
internal_count=19743 17308 13290 12466 4018 3700 2435 121 9807 2281 824 1531 1415 750 1419 2314 7374 686 160 1045 632 567 681 520 2659 1266 727 1393 392 2433
is_linear=0
shrinkage=0.04


Tree=14
num_leaves=31
num_cat=0
split_feature=32 9 23 3 31 23 3 26 25 7 25 7 0 1 7 7 25 27 4 25 26 28 5 25 0 7 25 25 3 27
split_gain=1447.24 330.776 101.365 66.3868 57.1123 42.1035 37.2022 18.2804 15.7589 13.3521 13.0702 12.5117 10.7242 10.6155 9.41656 9.3481 8.62696 10.7882 9.57747 8.54601 8.40481 8.25115 10.3275 8.19702 7.86256 7.80025 7.6295 7.28519 7.639 6.91979
threshold=2.5000000000000004 1.0000000180025095e-35 1.0000000180025095e-35 2.5000000000000004 0.41428571939468389 1.0000000180025095e-35 1.5000000000000002 1.0000000180025095e-35 0.27500000596046453 1.0000000180025095e-35 0.27500000596046453 0.25000000000000006 7.01749610900879 2.5000000000000004 0.57499998807907116 0.42499999701976782 0.27500000596046453 3.7853246927261357 0.85531020164489757 0.23499999940395358 1.0000000180025095e-35 -0.91597560048103321 0.20043472200632098 0.27500000596046453 8.3079514503479022 0.57499998807907116 0.23499999940395358 0.23499999940395358 1.5000000000000002 4.3392496109008798
decision_type=2 2 2 2 2 2 2 2 2 2 2 2 2 2 2 2 2 2 2 2 2 2 2 2 2 2 2 2 2 2
left_child=1 5 3 9 11 6 8 12 -1 27 -5 -2 19 21 -10 24 17 -4 -18 -8 -16 22 -9 -11 26 -7 -6 28 -3 -13
right_child=4 2 16 10 15 25 7 13 14 23 -12 29 -14 -15 20 -17 18 -19 -20 -21 -22 -23 -24 -25 -26 -27 -28 -29 -30 -31
leaf_value=-0.011627919670959871 -0.014935558269377281 -0.034569421988790046 0.030381676818728196 -0.013028550502732586 0.034656072971816186 0.018128561079772291 0.0071673508617812109 -0.020798082564411527 -0.0097158124350873298 -0.023203942913829625 0.0015525284481533676 0.036622663925835783 0.00031909897532986047 0.05718574251229052 0.0058659792349161511 0.060212123080693715 0.040964847263030568 -0.0028963270108956695 0.0088976937681192296 0.024061375057658613 0.034720390135845096 0.026987033379334054 0.024458201414463893 -0.010944722873752059 0.021643588323338431 0.047111728779102142 0.055549142313213402 -0.024003625837728918 -0.025638964727612141 0.0007127693467976734
leaf_weight=181.74015652388334 16.626827068626881 392.18069208413363 16.963495142757893 304.10115161538124 51.592045649886131 26.126433655619621 112.18533147126436 13.942382939159872 32.733029320836067 290.8595310524106 144.35553019493818 24.897579528391361 145.07868587970734 14.164419226348398 49.712719276547432 403.73455895483494 23.481760010123253 86.055429756641388 39.541836857795715 85.043633818626404 22.712360516190529 94.640487641096115 14.353026524186133 132.71112526208162 20.806794673204422 49.369046963751316 149.23927141726017 513.13931407779455 318.41989086568356 12.729980573058127
leaf_count=885 88 2444 81 1932 199 102 616 63 138 1772 735 112 609 61 206 1534 102 433 168 390 94 436 65 660 60 199 561 2773 2100 64
internal_value=0 -0.0116967 -0.0196585 -0.0220414 0.0526675 0.00969174 0.00683052 0.0136278 -0.00454349 -0.0257543 -0.00834893 0.012752 0.00859617 0.0258864 0.00768872 0.0560787 0.0103223 0.0030576 0.021738 0.0146203 0.0156045 0.0214225 0.00225759 -0.0194324 0.0480782 0.0378084 0.0505765 -0.0279073 -0.0306509 0.0251229
internal_weight=0 3103.61 2261.81 2095.77 679.627 841.802 766.306 479.408 286.898 1647.31 448.457 54.2544 342.308 137.1 105.158 625.373 166.043 103.019 63.0236 197.229 72.4251 122.936 28.2954 423.571 221.638 75.4955 200.831 1223.74 710.601 37.6276
internal_count=19682 17064 13200 12416 2618 3864 3563 2240 1323 9749 2667 264 1615 625 438 2354 784 514 270 1006 300 564 128 2432 820 301 760 7317 4544 176
is_linear=0
shrinkage=0.04


Tree=15
num_leaves=31
num_cat=0
split_feature=32 9 23 31 3 23 3 12 6 3 9 3 2 0 23 3 15 0 0 6 27 22 4 8 1 4 29 16 30 0
split_gain=1310.76 300.54 87.4965 65.6482 50.2021 46.4483 42.9663 22.0648 14.0897 11.9273 11.4532 11.0617 9.91358 9.649 9.25129 9.05494 8.47529 8.53551 8.75875 8.32792 7.61354 7.55615 7.47162 11.1161 14.1824 7.44552 7.01704 7.56344 9.93992 8.63124
threshold=2.5000000000000004 1.0000000180025095e-35 1.0000000180025095e-35 0.41428571939468389 2.5000000000000004 1.0000000180025095e-35 1.5000000000000002 1.0000000180025095e-35 5.7667560577392587 3.5000000000000004 1.0000000180025095e-35 1.5000000000000002 661.50000000000011 7.0613250732421884 1.0000000180025095e-35 2.5000000000000004 0.21374999731779101 7.6666874885559091 7.1670303344726571 6.0075833797454843 3.3826924562454228 0.33224999904632574 0.79329302906990062 6.5000000000000009 1.5000000000000002 0.94005209207534801 0.91597560048103344 29.469574928283695 1.0000000180025095e-35 7.4419023990631112
decision_type=2 2 2 2 2 2 2 2 2 2 2 2 2 2 2 2 2 2 2 2 2 2 2 2 2 2 2 2 2 2
left_child=1 5 4 8 7 6 26 11 -2 16 -5 25 20 -11 19 -4 -8 18 -18 -12 -6 -13 23 -14 -25 -3 27 28 -1 -30
right_child=3 2 15 10 12 -7 9 -9 -10 13 14 21 22 -15 -16 -17 17 -19 -20 -21 -22 -23 -24 24 -26 -27 -28 -29 29 -31
leaf_value=-0.008340078816708299 0.031893873939482856 -0.029757629212988305 0.0037828820610319312 0.057953468700889264 0.015191433517442721 0.039228762903975707 0.00078615449508593325 -0.0085430496377599842 -0.008148758650594369 0.031284963412391571 0.045828578564918294 -0.02248399742232024 0.032256232869659909 0.0041655264653180585 0.061394149632975764 0.025991061797200527 0.016092627778383797 0.034495202642845862 -0.0017918912457321706 0.024613497345535272 -0.01567292589714055 0.0019801880500027779 -0.0090575728637854892 -0.034011307541275987 0.0089237682692764296 -0.010412935852213112 0.017909631599871002 -0.014903247220822804 -0.0009823934559744711 0.032109268415281708
leaf_weight=106.74255124479532 21.390521612018347 777.03509405627847 134.62430360913277 422.1949008256197 11.939679648727177 73.765561647713184 110.00045470893383 132.8965475782752 33.729331128299236 87.685091927647591 104.89583949744701 643.67440111190081 18.768505156040192 28.290464475750923 47.492858827114105 35.915416121482849 160.63873814046383 27.567865371704102 59.457736730575562 53.002306133508682 248.57509169727564 20.532509461045265 105.68712095171213 14.194353532046078 49.351395957171917 36.068849332630634 16.967081189155579 117.26630300283432 29.645028091967106 19.801577687263489
leaf_count=466 95 4618 631 1615 68 294 566 735 171 418 396 4008 107 113 178 173 761 99 241 189 1523 129 616 87 285 202 76 577 149 80
internal_value=0 -0.0110689 -0.0187405 0.0501379 -0.0210204 0.0093395 0.006359 -0.0243168 0.00796334 0.0137649 0.0538049 -0.0257224 -0.00913063 0.0248524 0.0448007 0.00870695 0.0100515 0.0141274 0.0112886 0.0391042 -0.0141534 -0.0217241 -0.00209479 0.00684784 -0.00141189 -0.0289272 -0.00573054 -0.00731672 -0.00150438 0.0130027
internal_weight=0 3067.09 2229.26 682.706 2058.72 837.828 764.063 1610.21 55.1199 473.64 627.586 1477.31 448.516 115.976 205.391 170.54 357.665 247.664 220.096 157.898 260.515 664.207 188.001 82.3143 63.5457 813.104 290.423 273.455 156.189 49.4466
internal_count=19666 17022 13182 2644 12378 3840 3546 9692 266 2198 2378 8957 2686 531 763 804 1667 1101 1002 585 1591 4137 1095 479 372 4820 1348 1272 695 229
is_linear=0
shrinkage=0.04


Tree=16
num_leaves=31
num_cat=0
split_feature=32 7 23 31 5 25 23 7 25 25 31 7 25 2 23 6 2 2 6 5 31 22 5 5 1 5 5 0 2 5
split_gain=1263.06 352.746 75.9659 34.4725 32.3098 24.5056 23.3045 16.6766 15.3517 14.508 14.214 12.7152 11.7916 10.5221 10.2023 11.6901 9.98733 9.65415 11.1174 9.47936 8.98201 7.79207 8.64672 7.69871 7.42992 7.57326 7.26803 7.20547 7.13863 7.8335
threshold=5.5000000000000009 0.42499999701976782 1.0000000180025095e-35 0.28991597890853887 0.30359959602355963 0.23499999940395358 1.0000000180025095e-35 0.57499998807907116 0.17500000447034839 0.31000000238418585 0.12916667014360431 0.57499998807907116 0.27500000596046453 827.50000000000011 1.0000000180025095e-35 6.1323122978210458 609.50000000000011 589.50000000000011 6.0246567726135263 0.12217437103390695 0.7992805838584901 0.18722222000360492 0.15773445367813113 0.26498527824878698 2.5000000000000004 0.16491568833589557 0.21877599507570269 7.5474979877471933 635.50000000000011 0.09958501905202867
decision_type=2 2 2 2 2 2 2 2 2 2 2 2 2 2 2 2 2 2 2 2 2 2 2 2 2 2 2 2 2 2
left_child=1 2 4 6 5 21 7 23 -5 19 -7 14 13 -4 15 -2 -12 18 -10 28 -6 -1 -23 -3 25 27 -8 -21 -9 -30
right_child=11 3 12 8 20 10 26 9 17 -11 16 -13 -14 -15 -16 -17 -18 -19 -20 24 -22 22 -24 -25 -26 -27 -28 -29 29 -31
leaf_value=-0.030785433474742396 0.046893450389491234 -0.0093272242358926737 -0.0076623015116251336 0.0061290021828605658 -0.0063916169761309436 -0.018986156248692362 0.02020899996051995 -0.015384720138567325 0.028654192595920527 0.025349440243761734 -0.01637540296380165 0.059304108979851333 0.019115992395920024 0.025394950596200765 0.061447151299757689 0.024911328795379023 0.010895339404602324 0.040587095410676101 -0.0095712619151245831 0.0092696463132612133 0.029383003670811363 -0.027607731470053382 -0.018112763813460508 0.012548204833353789 0.026049991469844533 0.0016769586687449957 0.052864443343442508 0.037312235200237416 0.026060947539013939 -0.0062417666828128021
leaf_weight=438.5923956669867 170.33351966738701 156.39559254050255 88.333287224173546 50.138646818697453 148.49314702302217 717.19035253673792 43.60474294424057 51.067688778042793 43.117086328566074 66.63970835506916 37.175671979784966 299.5261677801609 67.866247966885567 16.584799602627754 63.641685605049133 60.276018738746643 45.614887572824955 86.361625298857689 15.538816317915915 59.921733714640141 10.160008922219275 381.09204756841063 290.13481525331736 28.935375854372978 34.152169786393642 168.66658766567707 15.327543109655378 18.402503341436386 16.95422725379467 31.243805103003979
leaf_count=3031 642 759 446 258 865 3907 168 248 186 275 216 1163 286 80 240 218 251 366 71 296 58 2412 1812 133 156 783 61 71 78 148
internal_value=0 -0.0105907 -0.0190342 0.0107516 -0.0211613 -0.0226012 0.00652183 0.00423094 0.025517 0.00840273 -0.0171792 0.0529525 0.00638136 -0.00205953 0.0461304 0.0414114 -0.00144753 0.0320456 0.018546 0.00531696 -0.00376337 -0.0264715 -0.0235696 -0.00581435 0.00905274 0.00651211 0.0301587 0.0166233 -0.00523342 0.0057067
internal_weight=0 3127.71 2241.24 886.468 2068.45 1909.8 691.312 632.379 195.156 447.048 799.981 593.777 172.784 104.918 294.251 230.61 82.7906 145.018 58.6559 380.409 158.653 1109.82 671.227 185.331 281.143 246.991 58.9323 78.3242 99.2657 48.198
internal_count=19684 17421 13364 4057 12552 11629 3176 2947 881 2055 4374 2263 812 526 1100 860 467 623 257 1780 923 7255 4224 892 1306 1150 229 367 474 226
is_linear=0
shrinkage=0.04


Tree=17
num_leaves=31
num_cat=0
split_feature=32 9 3 31 3 25 25 25 6 25 8 27 3 27 4 26 27 2 27 27 9 27 35 22 12 3 2 4 4 3
split_gain=1165.34 289.779 66.9116 52.1977 29.5571 18.668 17.4401 15.3152 12.6384 11.8087 11.3637 12.4478 10.0265 9.73148 9.29688 8.43333 8.25091 8.06462 8.1424 7.8694 7.80932 7.49831 8.47745 7.44507 7.39039 10.0958 7.75897 7.07751 6.93248 8.92949
threshold=2.5000000000000004 1.0000000180025095e-35 2.5000000000000004 0.41428571939468389 1.5000000000000002 0.23499999940395358 0.27500000596046453 0.27500000596046453 5.7729961872100839 0.27500000596046453 6.5000000000000009 4.3611857891082773 3.5000000000000004 3.4160846471786503 0.85531020164489757 1.0000000180025095e-35 3.3826924562454228 768.50000000000011 3.8426724672317509 4.1391582489013681 1.0000000180025095e-35 4.3340172767639169 1.4276303648948672 0.18722222000360492 1.0000000180025095e-35 1.5000000000000002 492.50000000000006 0.91218680143356334 0.52640226483345043 3.5000000000000004
decision_type=2 2 2 2 2 2 2 2 2 2 2 2 2 2 2 2 2 2 2 2 2 2 2 2 2 2 2 2 2 2
left_child=1 4 7 8 5 -1 16 24 -2 12 11 -8 27 -9 19 -11 -4 -15 -19 -12 -5 -18 28 -7 25 -3 -27 -6 -23 -30
right_child=3 2 6 20 9 23 10 13 -10 15 14 -13 -14 17 -16 -17 21 18 -20 -21 -22 22 -24 -25 -26 26 -28 -29 29 -31
leaf_value=-0.0093281138329299341 0.032362197331828491 -0.028904006705580736 0.018390564374551725 0.054870181063270698 0.0042869305781130275 -0.0024244340860234744 0.046405307882486833 0.0071086424581681918 -0.0049674474372565728 0.016742087823160119 0.016220668161945746 -0.00064816252534382007 0.022852598626246692 -0.019811627024412672 -0.028798494583090833 0.034514411819359929 -0.017453629719583447 0.014678246471340251 -0.012583256740773168 -0.0049551036799912185 0.043502714401801444 0.027942885476896776 -0.023686302693258367 0.016017038756322315 -0.013187282254964574 -0.030925660444039261 -0.017948800939197602 0.02766762652234114 -0.013739877215169038 0.0090834105623413004
leaf_weight=165.30054873973131 22.879304844886065 585.41963959485292 13.776080667972563 411.70415902137756 225.82610879838467 51.878318049013615 18.425277329981327 26.497525937855244 33.750900939106941 134.63601623475552 47.638708390295506 15.978324390947817 78.235808923840523 416.31503270566463 13.456584908068178 67.398378983139992 159.17394346743822 19.989625871181488 88.027247197926044 63.076866030693054 203.36818166077137 10.746155582368372 28.333195254206657 102.88245415687561 94.559961773455143 97.68311770260334 374.44950383156538 20.971490256488323 57.381260685622692 49.107687219977379
leaf_count=808 100 3749 83 1611 1111 234 97 130 172 549 238 80 367 2178 64 271 1023 103 470 327 764 66 137 421 552 672 2497 98 391 329
internal_value=0 -0.0102776 -0.0179877 0.0478871 0.0095596 -3.51382e-05 -0.0047238 -0.0216938 0.0107037 0.0153641 0.00606426 0.0257169 0.0105367 -0.0160899 0.000297879 0.0229511 -0.010099 -0.0172849 -0.00736311 0.00428255 0.0512648 -0.0114984 -0.00483827 0.0098831 -0.0243406 -0.025311 -0.0207528 0.00648013 3.77845e-05 -0.00324143
internal_weight=0 3027.16 2180.04 671.703 847.129 320.061 477.094 1702.94 56.6302 527.068 158.576 34.4036 325.033 550.829 124.172 202.034 318.518 524.332 108.017 110.716 615.072 304.742 145.568 154.761 1152.11 1057.55 472.133 246.798 117.235 106.489
internal_count=19692 17045 13186 2647 3859 1463 2835 10351 272 2396 806 177 1576 2881 629 820 2029 2751 573 565 2375 1946 923 655 7470 6918 3169 1209 786 720
is_linear=0
shrinkage=0.04


Tree=18
num_leaves=31
num_cat=0
split_feature=32 9 23 3 23 3 25 25 27 31 15 3 29 25 7 7 27 31 26 7 2 8 27 7 4 35 27 35 5 32
split_gain=1082.25 286.201 97.1291 59.5811 36.2179 29.3977 22.9705 15.4885 13.3188 13.8284 12.6754 12.3156 11.5699 11.2676 11.1548 9.51916 8.74479 8.38375 8.11823 7.97936 7.96624 7.6281 8.39041 7.21672 7.17868 6.89622 6.8089 7.99504 6.56703 7.30044
threshold=4.5000000000000009 1.0000000180025095e-35 1.0000000180025095e-35 2.5000000000000004 1.0000000180025095e-35 3.5000000000000004 0.27500000596046453 0.23499999940395358 3.857566356658936 0.12916667014360431 0.21374999731779101 2.5000000000000004 0.91597560048103344 0.27500000596046453 0.57499998807907116 0.25000000000000006 4.9159581661224374 0.18465909361839297 1.0000000180025095e-35 0.57499998807907116 685.50000000000011 6.5000000000000009 4.2842757701873788 0.57499998807907116 0.89776721596717846 0.49909669160842901 3.5821281671524052 0.51364025473594677 0.13188524544239047 1.0000000180025095e-35
decision_type=2 2 2 2 2 2 2 2 2 2 2 2 2 2 2 2 2 2 2 2 2 2 2 2 2 2 2 2 2 2
left_child=1 4 3 7 5 6 14 15 9 -9 -2 26 16 25 -1 -3 20 21 -10 -12 28 22 -15 -6 -17 -5 -4 -28 -8 -30
right_child=10 2 11 13 23 -7 12 8 18 -11 19 -13 -14 17 -16 24 -18 -19 -20 -21 -22 -23 -24 -25 -26 -27 27 -29 29 -31
leaf_value=-0.011910440899960833 0.021104615786359773 -0.028033849223182108 0.029487745740439122 0.0031278421971643682 0.015638571799210469 0.024616151315363748 -0.0038982596685642485 -0.012105986791293438 -0.024705346905669147 0.025238560593965436 0.044553389636621865 0.030733277199943409 0.043881102443611264 0.035774186961983027 0.0022386876516419757 -0.01761710777151301 -0.01342621170724383 0.025004345498621277 -0.013278793257572587 0.055641916769992604 0.023408922633621789 -0.0069083003531586126 -0.0061403995793969587 0.043652358067198638 0.016087446930279681 -0.013691167230010331 0.026027435365353038 -0.0021483676993729202 0.00016326573199635673 0.023137873303678221
leaf_weight=122.53208900988102 28.879922747612 832.65256119519472 14.616894565522669 45.255031656473875 24.391494810581207 127.24289011210203 51.777607038617134 124.02744875848293 370.3852655813098 16.253465384244919 283.77914743870497 38.361904628574848 16.58841834962368 14.125635184347631 312.17556324601173 66.720445051789284 20.151631340384483 20.290762290358543 147.25465181469917 292.05556082725525 76.642333909869194 97.15890845656395 13.570254586637018 53.020264960825443 10.245942063629625 253.41968426853418 16.99544370919466 104.7012058198452 37.336888551712036 52.434633940458298
leaf_count=626 114 5674 67 375 94 570 217 685 2095 87 1078 178 69 74 1519 399 84 106 820 1161 312 496 70 213 60 1571 96 479 140 222
internal_value=0 -0.00941736 -0.0172113 -0.0196957 0.00963026 0.00710366 0.00381065 -0.0233565 -0.018558 -0.00748516 0.0490279 0.0112954 0.0132934 -0.00671923 -0.00178584 -0.0267789 0.0108171 0.0024032 -0.0215184 0.0503505 0.0131577 -0.00160613 0.0162068 0.0354417 -0.0128365 -0.0111389 0.0054598 0.00214371 0.00735835 0.0137943
internal_weight=0 3080.33 2186.04 2011.36 894.294 816.882 689.639 1567.54 657.921 140.281 604.715 174.675 254.932 443.82 434.708 909.619 238.343 145.146 517.64 575.835 218.191 124.855 27.6959 77.4118 76.9664 298.675 136.314 121.697 141.549 89.7715
internal_count=19751 17398 13332 12512 4066 3759 3189 9820 3687 772 2353 820 1044 2692 2145 6133 975 746 2915 2239 891 640 144 307 459 1946 642 575 579 362
is_linear=0
shrinkage=0.04


Tree=19
num_leaves=31
num_cat=0
split_feature=32 7 23 3 31 3 25 25 2 7 27 15 35 23 7 35 23 4 29 16 23 22 7 2 22 26 16 7 27 22
split_gain=981.586 239.073 83.2361 55.3508 52.2489 29.5603 20.13 16.1742 12.8074 12.7167 11.815 11.6433 12.983 11.5812 11.4984 10.5585 10.1552 9.85422 9.786 9.57886 9.09195 8.20084 7.91439 9.05136 7.85467 7.74357 7.74331 9.32952 7.16131 8.86037
threshold=2.5000000000000004 0.42499999701976782 1.0000000180025095e-35 2.5000000000000004 0.41428571939468389 2.5000000000000004 0.2100000008940697 0.27500000596046453 657.50000000000011 0.90000000596046459 3.9009616374969487 0.21374999731779101 1.8928313255310061 1.0000000180025095e-35 0.57499998807907116 1.4391947388648989 1.0000000180025095e-35 0.85950115323066723 0.91597560048103344 0.93703266978263866 1.0000000180025095e-35 0.13516666740179065 0.57499998807907116 623.50000000000011 0.21374999731779101 1.0000000180025095e-35 98.656150817871108 0.57499998807907116 3.3826924562454228 0.31377777457237249
decision_type=2 2 2 2 2 2 2 2 2 2 2 2 2 2 2 2 2 2 2 2 2 2 2 2 2 2 2 2 2 2
left_child=1 2 3 7 15 6 9 21 28 -3 -9 26 20 18 16 -2 -6 19 22 -4 -13 -1 23 -7 -24 -23 -8 -28 -5 -30
right_child=4 5 17 8 14 13 11 10 -10 -11 -12 12 -14 -15 -16 -17 -18 -19 -20 -21 -22 25 24 -25 -26 -27 27 -29 29 -31
leaf_value=-0.033850031088994939 -0.0033026719830116812 -0.010879742614235759 0.037166636413608241 0.016466754724259805 0.036888395504373943 -0.011981017929059024 -0.010246259958591235 -0.0056428596649763475 0.0014562177835335886 0.022100466713826605 -0.020072222767327324 0.0070774485112415214 0.039960932353749062 0.043080217369488381 0.053951945483665532 0.035549699570135831 0.056340583740696414 0.0021186053802127662 0.045674655420409424 0.0068550025693938964 0.032233140120487239 -0.02607196312807222 0.0035533887202429267 0.016159024338107654 0.022994763847372476 -0.017137162599902337 -0.014727005020080864 0.021705583992740723 -0.016161875953072384 0.0099466197685312095
leaf_weight=168.1765165515244 41.742185492068529 173.81079343706369 31.147339940071106 11.554826118052004 228.57609890401363 34.494349144399166 69.400097034871578 122.5064674243331 186.22584526985884 19.059429541230202 372.00808298587799 194.67912118136883 24.644484743475914 26.874523140490055 300.64977332949638 13.150343254208563 65.153345271945 105.1885070502758 14.940631270408629 35.840276315808296 24.445203527808189 645.82875713706017 45.167358942329884 34.708427302539349 133.34805301576853 227.28400762379169 14.872152745723723 33.142096981406212 222.23195435851812 21.597446888685226
leaf_count=1208 216 926 134 66 869 168 323 647 1101 95 2038 807 84 110 1212 50 253 495 65 177 92 4328 231 158 581 1521 73 150 1392 136
internal_value=0 -0.00963722 -0.0167147 -0.0190368 0.0445462 0.00839419 0.00295746 -0.022623 -0.00651922 -0.00742727 -0.0165348 0.00851321 0.0134644 0.0187063 0.0479856 0.00692752 0.041555 0.00986622 0.0159057 0.0216179 0.0101499 -0.025477 0.0137588 0.00218998 0.0181696 -0.0237906 -0.00181955 0.0102831 -0.012301 -0.0137872
internal_weight=0 2993.18 2149.59 1977.41 649.272 843.587 554.053 1535.8 441.61 192.87 494.515 361.183 243.769 289.533 594.379 54.8925 293.729 172.176 262.659 66.9876 219.124 1041.29 247.718 69.2028 178.515 873.113 117.414 48.0142 255.384 243.829
internal_count=19706 17106 13243 12437 2600 3863 2550 9742 2695 1021 2685 1529 983 1313 2334 266 1122 806 1203 311 899 7057 1138 326 812 5849 546 223 1594 1528
is_linear=0
shrinkage=0.04


Tree=20
num_leaves=31
num_cat=0
split_feature=33 9 3 3 25 25 20 27 7 26 25 2 22 4 7 8 6 5 3 35 29 0 31 1 29 25 25 27 1 6
split_gain=919.118 252.686 56.7682 27.8134 25.9201 17.5036 14.5677 13.2375 12.4966 11.4709 11.3268 10.7993 11.9514 11.5352 10.7653 10.587 10.3742 9.94253 9.7999 9.72991 10.0527 8.72629 8.33041 8.07267 8.34036 7.68725 7.28143 7.26553 6.97022 7.46944
threshold=1.0000000180025095e-35 1.0000000180025095e-35 2.5000000000000004 2.5000000000000004 0.17500000447034839 0.27500000596046453 0.33224999904632574 3.5931932926177983 0.57499998807907116 1.0000000180025095e-35 0.27500000596046453 589.50000000000011 0.21374999731779101 0.88318395614624035 0.25000000000000006 6.5000000000000009 3.979637980461121 0.1759351268410683 1.5000000000000002 0.91645503044128429 -0.12940952181816107 6.9334111213684091 0.28991597890853887 3.5000000000000004 0.91597560048103344 0.27500000596046453 0.27500000596046453 4.3611857891082773 1.5000000000000002 3.4498615264892583
decision_type=2 2 2 2 2 2 2 2 2 2 2 2 2 2 2 2 2 2 2 2 2 2 2 2 2 2 2 2 2 2
left_child=1 3 5 4 -1 14 10 -7 -2 23 21 13 19 17 18 27 25 -6 -3 -13 -21 28 -18 24 -9 -5 -19 -12 29 -4
right_child=8 2 6 16 11 7 -8 9 -10 -11 15 12 -14 -15 -16 -17 22 26 -20 20 -22 -23 -24 -25 -26 -27 -28 -29 -30 -31
leaf_value=-0.009700354851086529 0.039635704109439694 -0.027267934015512592 0.020336731902185681 0.020411252791096398 0.023693095595557809 0.004608547980353369 0.021110156191619055 -0.022182915164312079 0.052529603193879996 -0.0060318596979424587 0.037955479951183806 0.015369578079482438 0.020063379559139467 -0.0081881507559780006 -0.0092527374399728485 -0.0025321293377001696 0.010265259532585645 -0.020999804131205339 -0.019095017562007353 -0.029384391378442652 0.010413618881013645 -0.018185177640275909 0.026071597336973982 0.0087520879664788158 0.008127996885727273 0.052028815611488678 0.013325177648330149 0.00052289547381071549 0.0042854488707097203 -0.015554463258853774
leaf_weight=157.80073284357786 285.65225982666016 558.29817632958293 8.6943710595369321 34.334794133901596 47.797689661383629 56.464912489056587 32.834595941007137 320.40180561691523 294.52004134654999 142.78730202466249 18.425779119133949 36.317985981702805 177.01096354424953 91.674925804138184 94.343660362064838 114.19572423398495 179.29223919659853 17.5520079433918 454.16787003725767 21.970047384500504 16.221851870417595 125.32188279926777 77.328634642064571 14.367525517940519 14.24488168209791 22.320218533277512 18.100949496030807 14.066238790750502 79.921676829457283 82.064883310347795
leaf_count=854 1102 3744 59 150 206 287 186 1751 1209 749 93 182 716 396 568 580 828 80 3178 85 65 687 351 73 78 86 76 71 556 614
internal_value=0 -0.0085364 -0.0160321 0.00924963 0.00406836 -0.0195287 -0.00383139 -0.0135942 0.0463392 -0.0156943 -0.00576794 0.0091824 0.01446 0.00152489 -0.0224386 0.00329179 0.0188287 0.0121371 -0.0236466 0.000971658 -0.0128033 -0.0102496 0.015193 -0.0195904 -0.020852 0.0342169 -0.00379093 0.0227204 -0.00427971 -0.0117519
internal_weight=0 3028.32 2130.6 897.723 584.447 1655.08 475.525 548.266 580.172 491.802 442.691 426.646 251.521 175.126 1106.81 146.688 313.276 83.4506 1012.47 74.5099 38.1919 296.003 256.621 349.014 334.647 56.655 35.653 32.492 170.681 90.7593
internal_count=19660 17349 13274 4075 2660 10428 2846 2938 2311 2651 2660 1806 1048 758 7490 744 1415 362 6922 332 150 1916 1179 1902 1829 236 156 164 1229 673
is_linear=0
shrinkage=0.04


Tree=21
num_leaves=31
num_cat=0
split_feature=32 9 23 3 23 3 20 7 25 7 29 25 25 2 6 25 25 27 5 2 7 5 0 22 6 2 5 2 31 29
split_gain=883.081 232.404 61.5084 45.1374 33.6949 25.2781 20.6926 20.5772 17.6594 12.8388 11.7385 10.6834 10.5357 9.56811 9.16466 8.30131 7.89679 8.0228 9.59122 7.70972 7.64567 7.86015 7.47836 7.41249 8.8273 8.4701 11.1259 8.12906 7.21399 6.85387
threshold=3.5000000000000004 1.0000000180025095e-35 1.0000000180025095e-35 2.5000000000000004 1.0000000180025095e-35 1.5000000000000002 0.19597221910953525 1.0000000180025095e-35 0.27500000596046453 0.25000000000000006 0.60355338454246532 0.17500000447034839 0.23499999940395358 665.50000000000011 6.1954247951507577 0.27500000596046453 0.31000000238418585 3.5821281671524052 0.22273581475019458 763.50000000000011 0.57499998807907116 0.24581386148929599 6.9902460575103769 0.22083333134651187 5.1561734676361093 743.50000000000011 0.12877520918846133 637.50000000000011 0.18465909361839297 -0.7865660786628722
decision_type=2 2 2 2 2 2 2 2 2 2 2 2 2 2 2 2 2 2 2 2 2 2 2 2 2 2 2 2 2 2
left_child=1 4 3 7 5 11 -2 12 20 14 -10 -1 -3 29 -8 -9 17 -4 22 -17 21 -7 -19 24 25 -14 -27 -25 -13 -5
right_child=6 2 16 13 -6 8 9 15 10 -11 -12 28 23 -15 -16 19 -18 18 -20 -21 -22 -23 -24 27 -26 26 -28 -29 -30 -31
leaf_value=-0.015316579352840635 -0.00083619711569150868 -0.027855386615693725 0.029827066857067409 -0.0011015776723290189 0.033049369439783767 -0.013790366032788288 0.041284910022308358 -0.017616509078108845 0.015096585548815485 0.049573857835904997 0.039240210549323806 -0.0024376658624258554 -0.018941775152012494 0.00013043041783085516 0.020210373096753095 -0.010228057029286183 0.024560316846395015 0.0058383516059119633 0.019333781125522417 0.01310192214774121 0.0090888785881794061 0.0105698062537812 -0.015754946762718137 -0.020173356870582113 -0.025470078591448234 0.028415470645951277 -0.011888551811524433 0.019511138503084727 0.015240121640397748 -0.015836536957482123
leaf_weight=84.674826540052891 15.926202230155466 629.64863510429859 13.371672086417673 69.445553749799728 77.086899295449257 54.634521193802357 135.41116915643215 265.76271117478609 147.85920862853527 396.80903477966785 41.444149076938629 175.55369821190834 127.071214877069 180.5460292994976 51.876494012773037 100.17809703201056 29.973581954836845 43.722412221133709 27.629269629716873 27.279562599956989 230.37742382287979 32.055566146969795 57.417449191212654 14.341748483479025 275.39247810840607 14.036735653877257 32.617335394024849 14.697466902434824 44.652447998523712 186.34033662453294
leaf_count=470 73 4520 63 436 304 287 530 1772 599 1633 166 755 707 1070 189 535 128 243 126 146 1099 160 254 88 1661 84 176 83 192 1174
internal_value=0 -0.00903748 -0.0162603 -0.0182951 0.00811208 0.00566704 0.0440471 -0.0215852 0.0111299 0.0452696 0.0207373 -0.00341953 -0.0243868 -0.0069298 0.0357227 -0.0136089 0.00659017 0.00251256 -0.000736637 -0.00510951 0.00529982 -0.00474743 -0.00648804 -0.0197223 -0.0209832 -0.0136616 0.00090725 -0.000125046 0.00125187 -0.0118756
internal_weight=0 2997.81 2109.47 1937.36 888.339 811.252 600.023 1501.03 506.371 584.097 189.303 304.881 1107.81 436.332 187.288 393.22 172.114 142.141 128.769 127.458 317.068 86.6901 101.14 478.157 449.118 173.725 46.6541 29.0392 220.206 255.786
internal_count=19723 17298 13266 12452 4032 3728 2425 9772 2311 2352 765 1417 7319 2680 719 2453 814 686 623 681 1546 447 497 2799 2628 967 260 171 947 1610
is_linear=0
shrinkage=0.04


Tree=22
num_leaves=31
num_cat=0
split_feature=32 7 23 3 20 23 3 7 7 25 27 23 3 20 7 2 3 3 7 25 25 7 4 26 35 32 3 25 25 26
split_gain=820.478 223.16 61.5363 40.2223 27.3599 25.3457 19.1732 15.1021 13.9931 12.9554 12.1453 9.78623 13.2504 9.43953 9.24702 9.22854 9.05831 8.91817 8.7695 8.73177 8.41308 8.33583 8.18076 7.86704 7.51406 7.4225 7.29856 7.46389 7.1103 7.03086
threshold=3.5000000000000004 0.42499999701976782 1.0000000180025095e-35 2.5000000000000004 0.19597221910953525 1.0000000180025095e-35 3.5000000000000004 0.25000000000000006 1.0000000180025095e-35 0.2100000008940697 3.2676641941070561 1.0000000180025095e-35 1.5000000000000002 0.13516666740179065 0.90000000596046459 655.50000000000011 1.5000000000000002 2.5000000000000004 0.57499998807907116 0.27500000596046453 0.23499999940395358 1.0000000180025095e-35 0.85531020164489757 1.0000000180025095e-35 1.5413821935653689 1.5000000000000002 1.5000000000000002 0.2100000008940697 0.27500000596046453 1.0000000180025095e-35
decision_type=2 2 2 2 2 2 2 2 2 2 2 2 2 2 2 2 2 2 2 2 2 2 2 2 2 2 2 2 2 2
left_child=1 2 3 8 -2 6 9 11 16 14 -11 12 19 -4 17 -5 -1 -3 24 -6 -14 26 -23 -20 -12 -10 -15 -28 -25 -17
right_child=4 5 13 15 7 -7 -8 -9 25 10 18 -13 20 21 -16 29 -18 -19 23 -21 -22 22 -24 28 -26 -27 27 -29 -30 -31
leaf_value=-0.02654037634574603 -0.005234269075257314 -0.011278715079516584 -0.014169064320250923 -0.011937708685401815 -0.010785355353111923 0.030676033278285355 0.020920317251734884 0.049056153674016549 -0.015034502736086726 0.041408596408855185 -0.0072354780077340669 0.051526167420847133 0.012075602505945547 -0.0069110469191068641 0.019194456895604808 -0.0049265560926516749 -0.018974087710501505 0.0076331737825303834 0.0055907307777772128 0.023013340913512311 0.043501567040115575 0.045867457727370928 0.0090595792400523754 0.0054130305599200323 0.019769655906300053 0.017852935727810597 -0.0050945336493540341 0.022794591090033529 0.028030355433010454 0.012226618679772998
leaf_weight=589.11721654981375 17.868184424936771 156.49634853005409 27.054198898375034 251.74786940217018 17.617414906620979 74.270848661661148 122.18750993907452 394.21549305319786 380.94136403873563 14.65897662937641 98.315169528126717 41.38123220205307 19.091132543981075 46.635509416460991 23.026614658534527 138.41951890289783 501.07705429196358 51.741537116467953 208.44475991278887 31.969651609659195 71.425351306796074 16.702014982700348 22.602425433695316 37.225965693593025 17.758560121059418 9.6941349506378156 22.273775272071362 43.307180196046829 57.820952236652374 50.538897212594748
leaf_count=3908 82 856 135 1589 65 294 541 1650 2381 59 453 163 77 212 114 826 3431 264 877 111 281 72 101 165 65 59 121 192 232 298
internal_value=0 -0.00848771 -0.0155173 -0.0176035 0.0429624 0.00863592 0.0064853 0.0444713 -0.0207593 0.00378021 0.00784067 0.0340859 0.0282821 0.00687804 -0.00384561 -0.006954 -0.0231039 -0.00655171 0.00647697 0.0110527 0.0372777 0.0107717 0.0261643 0.0100352 -0.00283897 -0.0141316 0.00501655 0.0134519 0.0194662 -0.000258756
internal_weight=0 2962.06 2100.11 1921.54 593.568 861.947 787.676 575.7 1480.83 665.489 434.224 181.485 140.104 178.575 231.265 440.706 1090.19 208.238 419.565 49.5871 90.5165 151.521 39.3044 303.492 116.074 390.635 112.216 65.581 95.0469 188.958
internal_count=19674 17245 13325 12492 2429 3920 3626 2347 9779 3085 1851 697 534 833 1234 2713 7339 1120 1792 176 358 698 173 1274 518 2440 525 313 397 1124
is_linear=0
shrinkage=0.04


Tree=23
num_leaves=31
num_cat=0
split_feature=32 7 23 3 23 3 7 25 27 7 25 25 20 29 0 2 16 31 15 27 3 23 25 25 7 6 7 28 6 31
split_gain=758.012 211.229 64.4498 43.4985 22.1836 19.903 15.5668 13.8257 13.0825 12.1587 10.8866 10.1585 10.0991 9.93205 9.54254 9.13404 9.50099 8.6697 9.3676 8.33335 7.69519 7.49546 7.4712 7.13457 7.47715 7.14485 7.0769 7.06828 7.01423 7.78035
threshold=5.5000000000000009 0.42499999701976782 1.0000000180025095e-35 2.5000000000000004 1.0000000180025095e-35 1.5000000000000002 1.0000000180025095e-35 0.27500000596046453 3.5336854457855229 1.0000000180025095e-35 0.31000000238418585 0.23499999940395358 0.21374999731779101 0.60355338454246532 8.1958847045898455 799.50000000000011 89.460536956787124 0.18465909361839297 0.25690476596355444 3.5821281671524052 2.5000000000000004 1.0000000180025095e-35 0.31000000238418585 0.34999999403953558 1.0000000180025095e-35 3.3842465877532963 1.0000000180025095e-35 -0.7865660786628722 3.1567740440368657 0.74833333492279064
decision_type=2 2 2 2 2 2 2 2 2 2 2 2 2 2 2 2 2 2 2 2 2 2 2 2 2 2 2 2 2 2
left_child=1 2 3 6 5 14 11 -7 12 20 19 -1 -8 -9 28 -10 -17 23 -19 -4 21 22 -2 24 25 -5 -21 -27 -3 -30
right_child=9 4 10 17 -6 7 8 13 15 -11 -12 -13 -14 -15 -16 16 -18 18 -20 26 -22 -23 -24 -25 -26 27 -28 -29 29 -31
leaf_value=-0.026205340627551043 0.0032823195054128957 0.023618692102400432 0.031615987838761642 0.0053979390584358812 0.027743172926848806 0.0059327657642025992 -0.017005241624213775 0.014570020871522368 -0.018377702330151003 0.046674862385196143 0.029302480282200911 -0.018176704777652902 0.026362969510711438 0.0371326529382617 0.025299244550709282 0.0084831105875451517 -0.026419679201402313 0.036784031340075782 -0.00021834379581470544 -0.0051962178193270805 0.04227917251749707 0.045044444116799441 0.030909470005714042 0.014068491698952489 0.001504847298046653 -0.02387641712335796 0.015982949920072875 -0.009631706153104368 -0.0067249561332187006 0.018098234925678004
leaf_weight=618.94491750374436 36.522746384143829 12.596167057752607 13.180149234831331 30.344835311174393 83.132146514952183 310.24060321599245 12.086073733866213 148.00614465773106 298.27031484618783 405.76754114031792 30.626699954271317 470.19112116843462 20.744487777352333 39.855577111244202 17.67619064450264 43.624874003231525 15.180208645761011 11.768734745681284 53.299221538007259 95.949360758066177 67.420652344822884 17.199462398886681 26.151406854391098 19.874067224562168 75.741560831665993 88.251892790198326 32.008160352706909 159.47017576172948 261.16314069926739 19.971126161515713
leaf_count=4590 133 54 61 173 330 1511 83 599 1892 1714 131 2828 121 158 60 265 105 63 330 470 275 67 95 106 459 564 146 1012 1256 89
internal_value=0 -0.0079758 -0.0149295 -0.0170312 0.00829886 0.00623858 -0.02031 0.0111822 -0.0133324 0.0429303 0.00846297 -0.022779 0.0103379 0.0196975 -0.00168978 -0.0155542 -0.00109949 -0.00593626 0.00737156 0.00359458 0.0321276 0.0227353 0.0154094 -0.00828041 -0.00960781 -0.0126239 0.000266122 -0.014857 -0.00347404 -0.00484619
internal_weight=0 2982.2 2089.56 1917.79 892.641 809.509 1479.04 498.102 389.906 553.062 171.764 1089.14 32.8306 187.862 311.407 357.075 58.8051 438.75 65.068 141.138 147.294 79.8736 62.6742 373.683 353.808 278.067 127.958 247.722 293.73 281.134
internal_count=19740 17456 13399 12591 4057 3727 9884 2268 2466 2284 808 7418 204 757 1459 2262 370 2707 393 677 570 295 228 2314 2208 1749 616 1576 1399 1345
is_linear=0
shrinkage=0.04


Tree=24
num_leaves=31
num_cat=0
split_feature=32 7 23 3 3 20 7 6 25 3 23 31 35 35 25 3 4 27 22 31 4 29 0 5 6 7 0 6 27 27
split_gain=724.348 159.35 59.1698 46.5228 24.3388 22.1014 21.7196 15.2531 14.2001 13.0377 12.7848 12.0849 10.9042 12.0085 10.0924 9.90153 10.9805 10.0725 8.7476 8.41296 8.5447 8.22253 7.01387 6.89234 6.81563 6.67204 7.33162 7.6982 7.17141 7.85247
threshold=3.5000000000000004 0.57499998807907116 1.0000000180025095e-35 2.5000000000000004 2.5000000000000004 0.19597221910953525 1.0000000180025095e-35 3.979637980461121 0.17500000447034839 2.5000000000000004 1.0000000180025095e-35 0.82623791694641124 1.7290275692939761 0.88215878605842601 0.23499999940395358 1.5000000000000002 0.93904343247413646 3.4610360860824589 0.27133333683013922 0.18465909361839297 0.92465984821319591 0.91597560048103344 6.9902460575103769 0.13041683286428454 5.2548844814300546 1.0000000180025095e-35 7.4360234737396249 5.0720391273498544 4.2275631427764901 3.8659784793853764
decision_type=2 2 2 2 2 2 2 2 2 2 2 2 2 2 2 2 2 2 2 2 2 2 2 2 2 2 2 2 2 2
left_child=1 2 3 6 8 -2 14 -6 -3 22 12 -7 13 19 -1 16 -8 -17 21 20 -10 25 23 -4 -15 -5 27 -27 29 -29
right_child=5 4 9 18 7 11 15 -9 10 -11 -12 -13 -14 24 -16 17 -18 -19 -20 -21 -22 -23 -24 -25 -26 26 -28 28 -30 -31
leaf_value=-0.025196824301456457 -0.0061053204451458629 -0.0083701779571846366 0.028465226350457354 -0.011065031693369065 0.040946317022175382 0.033809914957714765 -0.017294119692873186 0.014690476207337239 -0.00010203069044495965 0.025531242273022548 0.033149646909198104 0.046830983977978913 0.026130247832545625 -0.018150744645843941 -0.017115084368415502 0.026497455408399796 0.015706164401279633 -0.0069789264139917817 0.0095903228553240582 0.029304938041976071 0.030672544551593243 0.016978604116899481 -0.004556183259736348 0.00022047225101101347 0.0015493741287769078 -0.0073783655881189195 -0.022742778441671004 0.018193696098700484 0.024575325420009252 -0.020704066975345322
leaf_weight=602.94671716168523 15.259376548230646 109.68403870612383 23.56185582280159 292.24759270623326 44.348163537681103 217.83704064786434 331.39928380772471 171.97496515512466 85.912049986422062 47.515391059219837 27.989642426371574 345.92097309976816 33.916646733880043 47.863764956593513 459.16230444610119 13.712776176631449 15.453445062041281 172.19095192104578 60.027259416878223 28.080657139420509 15.34776885807514 20.954510390758514 97.196440324187279 30.170039668679237 63.719742238521576 55.722620606422424 18.112071931362152 14.155563846230509 34.230304501950741 15.105176672339438
leaf_count=4560 70 590 126 1826 181 877 1948 778 404 215 107 1484 114 185 2792 77 88 1055 346 127 67 122 404 158 259 306 77 78 191 91
internal_value=0 -0.00822955 -0.0130988 -0.0150663 0.00959487 0.0406542 -0.0184277 0.0203989 0.00385812 0.00771762 0.00831302 0.0419369 0.00556245 0.00247568 -0.0217417 -0.0117643 -0.0157422 -0.00425387 -0.00453495 0.0106947 0.00506616 -0.00645103 0.00184897 0.0131831 -0.0070718 -0.00766731 -0.000381471 0.00333507 0.0126758 -0.00192629
internal_weight=0 2932.7 2303.86 2105.42 628.837 579.017 1594.87 216.323 412.514 198.444 302.83 563.758 274.841 240.924 1062.11 532.756 346.853 185.904 510.555 129.34 101.26 450.528 150.928 53.7319 111.584 429.573 137.326 119.214 63.491 29.2607
internal_count=19703 17272 14460 13557 2812 2431 10520 959 1853 903 1263 2361 1156 1042 7352 3168 2036 1132 3037 598 471 2691 688 284 444 2569 743 666 360 169
is_linear=0
shrinkage=0.04


Tree=25
num_leaves=31
num_cat=0
split_feature=32 7 3 7 27 3 7 29 1 5 2 5 35 26 22 0 15 27 8 2 2 0 26 2 8 5 2 16 26 27
split_gain=643.659 191.894 46.2744 27.7873 19.1065 14.5927 13.3316 13.1541 13.0839 12.7769 11.7903 9.76177 9.73378 9.38195 8.9748 8.59923 8.52365 8.54247 8.46887 8.29204 9.83831 8.29127 7.74353 7.16933 6.77294 9.26876 6.72773 6.72055 6.59271 6.83061
threshold=5.5000000000000009 0.25000000000000006 1.5000000000000002 0.57499998807907116 3.3268313407897954 2.5000000000000004 0.42499999701976782 0.91597560048103344 1.5000000000000002 0.12489242851734163 802.50000000000011 0.35215543210506445 0.64001700282096874 1.0000000180025095e-35 0.21374999731779101 6.5736558437347421 0.21374999731779101 3.4160846471786503 10.500000000000002 661.50000000000011 406.50000000000006 7.0950558185577401 1.0000000180025095e-35 777.50000000000011 8.5000000000000018 0.22899316996335986 611.50000000000011 103.92748260498048 1.0000000180025095e-35 4.1674396991729745
decision_type=2 2 2 2 2 2 2 2 2 2 2 2 2 2 2 2 2 2 2 2 2 2 2 2 2 2 2 2 2 2
left_child=1 2 18 11 14 10 -2 8 9 -5 13 26 15 -6 -4 -11 23 -18 22 20 -7 -20 -1 -10 25 -21 -3 -28 29 -14
right_child=6 3 4 7 5 19 -8 -9 16 12 -12 -13 28 -15 -16 -17 17 -19 21 24 -22 -23 -24 -25 -26 -27 27 -29 -30 -31
leaf_value=-0.025510564335631591 0.031654322629704829 -0.0088277840796595272 -0.0096640082929246116 -0.0084139895830182033 -0.020044222035954028 0.012182245741867855 0.045555285890832548 0.034565075656887982 0.01550669148299853 0.0050484158903627676 -0.0021304039555741219 0.025964215053540643 0.019440475501052056 -0.0077907656654781421 0.031382603079309727 -0.026064558582711873 0.047995194377331622 0.018092344246911845 -0.024870039047122292 -0.0063529524802583802 -0.012410118189877081 0.01908983136200592 -0.016122225924311524 -0.0071625261036825458 -0.012947793736667924 0.013441522120148534 0.0056404241462524899 -0.012411920643030146 0.025606873309588562 0.00020676609698205579
leaf_weight=550.49785934388638 203.70816797018051 179.10858519375324 11.428438335657118 86.329188361763954 386.18343506008387 27.784139052033424 331.40612258762121 35.982643328607082 49.688972637057304 52.000820465385914 105.30958883464336 17.210284702479839 51.333902537822723 139.56812703609467 24.467506941407919 17.329714864492416 15.816837742924688 183.3918375223875 9.724833410233261 63.349744714796543 225.22665430232882 14.566263906657694 208.67280837520957 37.684653408825397 39.740634992718697 88.718960657715797 155.08781386911869 39.803044401109219 55.229120433330536 66.32594096660614
leaf_count=3677 810 919 81 403 2693 178 1464 156 237 274 706 78 218 929 134 91 63 763 78 379 1419 86 1365 184 240 500 770 217 231 286
internal_value=0 -0.00721963 -0.0147958 0.00655798 -0.00952148 -0.0104888 0.040401 0.0116082 0.0101576 0.00466503 -0.0143941 -0.00186369 0.00935724 -0.0168332 0.018494 -0.00324128 0.0163786 0.02092 -0.0222371 -0.00490865 -0.00963517 0.000937584 -0.0229791 0.00578787 0.00136107 0.00521999 -0.00327554 0.00186492 0.0143887 0.00878293
internal_weight=0 2937.56 1895.24 1042.32 1111.78 1075.88 535.114 651.114 615.131 328.549 631.061 391.21 242.219 525.752 35.8959 69.3305 286.582 199.209 783.462 444.82 253.011 24.2911 759.171 87.3736 191.809 152.069 373.999 194.891 172.889 117.66
internal_count=19629 17355 12465 4890 7259 7044 2274 2906 2750 1503 4328 1984 1100 3622 215 365 1247 826 5206 2716 1597 164 5042 421 1119 879 1906 987 735 504
is_linear=0
shrinkage=0.04


Tree=26
num_leaves=31
num_cat=0
split_feature=32 9 23 3 25 3 12 25 25 27 15 0 0 35 25 25 23 28 31 2 8 6 27 4 2 6 15 4 3 31
split_gain=650.614 168.699 47.0424 36.0449 23.4422 13.7834 12.6352 12.5629 11.0799 10.1258 9.71429 13.9031 13.7718 14.6338 9.43371 8.51452 8.4617 8.13918 8.13068 10.2322 7.9274 8.57048 18.0838 10.8166 8.54823 7.79123 7.13566 9.70072 7.10598 6.96965
threshold=4.5000000000000009 1.0000000180025095e-35 1.0000000180025095e-35 2.5000000000000004 0.27500000596046453 3.5000000000000004 1.0000000180025095e-35 0.17500000447034839 0.27500000596046453 3.3995279073715214 0.21374999731779101 7.6852409839630136 7.2696108818054208 0.64822021126747142 0.23499999940395358 0.31000000238418585 1.0000000180025095e-35 -0.37940952181816096 0.31666667759418493 649.50000000000011 8.5000000000000018 5.0336952209472665 4.2275631427764901 0.80686381459236156 703.50000000000011 3.3842465877532963 0.16550000011920932 0.85531020164489757 2.5000000000000004 0.41428571939468389
decision_type=2 2 2 2 2 2 2 2 2 2 2 2 2 2 2 2 2 2 2 2 2 2 2 2 2 2 2 2 2 2
left_child=1 4 3 6 5 16 14 9 25 -2 -6 12 13 17 -3 -14 29 -12 -16 -20 21 22 23 -10 -23 -5 -4 -28 -9 -1
right_child=7 2 26 8 10 -7 -8 28 20 -11 11 -13 15 -15 18 -17 -18 -19 19 -21 -22 24 -24 -25 -26 -27 27 -29 -30 -31
leaf_value=-0.0050049044580540046 0.035535905054818705 -0.023338879577763084 -0.0038686216967882699 0.0098626933659407296 0.0040343573651988249 0.016046723587050293 -0.006670614853341349 0.036137433545589154 0.042993551221803275 -0.0018030124505064996 -0.0062580468878780963 0.041272134160814967 -0.014974630053294542 0.03089330645147113 -0.017691979247801012 0.016741515614717647 0.017602186391709188 0.02102047280369583 -0.01637344128763682 0.020344628331490876 -0.014792223149200824 0.0057831116991305985 -0.027446292299682786 -0.0054410346212784974 0.036023930601116923 -0.012498812591853108 0.02795317559197795 0.0026588541530856926 0.046948740488718513 0.0088269716827324204
leaf_weight=360.67925724387169 22.741596281528473 733.23500692844391 73.740452639758587 26.064550764858723 98.251610025763512 85.63018275052309 121.38332942128181 262.62684144079685 12.225066326558592 21.565066158771515 37.169785857200623 36.592713892459869 32.993676766753197 91.186958461999893 515.21501331776381 20.13341224193573 33.224919274449348 29.962085366249084 25.21725407242775 19.924992777407169 29.304368712007999 39.770118370652199 25.024666786193848 14.505049698054789 22.935025349259377 261.27204202860594 37.426399655640125 64.308257229626179 240.66901291906834 67.56279020011425
leaf_count=1803 97 5643 371 164 437 396 729 1086 61 94 155 126 117 357 3176 74 136 128 161 119 156 220 130 74 115 1774 164 292 1080 323
internal_value=0 -0.00779238 -0.0141851 -0.0160652 0.00667246 0.00150259 -0.0191484 0.0396517 -0.0059039 0.0180693 0.0147847 0.0189767 0.0147677 0.0206188 -0.0203071 -0.00278394 -0.00125383 0.00617272 -0.016271 8.81837e-06 0.00313391 0.00789863 -0.00409164 0.0181615 0.0176156 -0.0104162 0.00555225 0.0123237 0.0414726 -0.00279179
internal_weight=0 2914.94 2021.55 1846.08 893.387 547.097 1414.98 547.603 431.101 44.3067 346.29 248.039 211.446 158.319 1293.59 53.1271 461.467 67.1319 560.357 45.1422 143.764 114.46 51.7548 26.7301 62.7051 287.337 175.475 101.735 503.296 428.242
internal_count=19758 17401 13349 12522 4052 2658 9828 2357 2694 191 1394 957 831 640 9099 191 2262 283 3456 280 756 600 265 135 335 1938 827 456 2166 2126
is_linear=0
shrinkage=0.04


Tree=27
num_leaves=31
num_cat=0
split_feature=32 7 3 20 7 7 3 25 3 5 25 25 8 25 22 6 1 6 6 6 2 8 31 8 35 35 35 3 2 2
split_gain=598.601 141.117 47.5403 35.0275 18.7378 18.4727 14.9969 11.666 10.019 9.46157 9.56446 9.45387 9.18364 8.78289 8.75441 10.8459 7.9458 7.69752 7.67006 9.23317 6.92623 7.00317 6.42545 6.31538 6.22218 9.90384 9.70077 9.69288 6.19941 6.50027
threshold=2.5000000000000004 0.57499998807907116 2.5000000000000004 0.19597221910953525 0.25000000000000006 1.0000000180025095e-35 2.5000000000000004 0.27500000596046453 1.5000000000000002 0.29724532365798956 0.27500000596046453 0.27500000596046453 7.5000000000000009 0.23499999940395358 0.38416665792465216 5.7381825447082528 3.5000000000000004 3.1567740440368657 3.979637980461121 4.6586997509002694 643.50000000000011 5.5000000000000009 0.35897436738014227 6.5000000000000009 1.7493241429328921 0.93948763608932506 0.64001700282096874 1.5000000000000002 633.50000000000011 939.50000000000011
decision_type=2 2 2 2 2 2 2 2 2 2 2 2 2 2 2 2 2 2 2 2 2 2 2 2 2 2 2 2 2 2
left_child=1 2 5 -2 9 8 13 20 16 10 -5 -7 28 -3 15 -6 -1 -9 -8 -20 -4 -22 23 -19 25 26 27 -15 -10 -30
right_child=3 6 7 4 14 11 18 17 12 -11 -12 -13 -14 24 -16 -17 -18 22 19 -21 21 -23 -24 -25 -26 -27 -28 -29 29 -31
leaf_value=-0.022612349510355022 -0.0030418343577524294 -0.00051220809677705067 -0.011012137051874222 0.00563116723485308 0.039999452776983815 -0.013186834859121017 0.033913970420334019 -0.020327182517258225 -0.0137524946924165 0.039554741568493437 0.029444821892714575 -0.0023850441191380703 -0.018024413793854412 -0.010413191294292402 0.046096239235788497 -0.001815698150564157 0.0054693726490896979 0.015884661513480357 -0.0057796261639801814 0.018737119955577454 0.020176062695862976 -0.0032348921423430849 0.026969042450090283 -0.00083103190924271441 0.029504450258173717 -0.0032510226333911868 0.028791741383777568 0.024093132236406804 0.0051593448438793247 -0.026601395721732226
leaf_weight=584.2462628223002 33.472889520227909 205.32809598743916 197.45950714126229 46.163374818861485 24.218078546226025 368.7806431055069 40.760247483849525 14.272694304585455 93.136960260570049 68.04281122982502 67.045400954782963 200.92542079091072 332.6092471331358 30.085487008094788 346.13816206157207 15.700791366398333 15.856842659413813 55.069113157689571 28.955009885132313 135.28304895013571 21.810331732034683 142.62752155959606 23.905843213200569 98.21506305783987 24.475401386618614 68.554147988557816 48.382170125842094 19.990271851420403 76.686627127230167 9.8675966560840589
leaf_count=4065 167 1003 1304 187 104 2383 165 65 670 290 258 1001 2359 143 1579 70 100 251 129 612 104 902 117 508 82 263 200 87 529 69
internal_value=0 -0.00733945 -0.0119663 0.0365494 0.0388879 -0.0153086 0.00982988 -0.00178769 -0.0183129 0.0276929 0.0200006 -0.0093989 -0.0140953 0.0052452 0.043974 0.0242509 -0.0218546 0.00615684 0.018568 0.0143973 -0.0060015 7.53693e-05 0.0084932 0.00530152 0.0113602 0.00838354 0.0163879 0.00375803 -0.0067042 0.00101945
internal_weight=0 2837.28 2235.47 600.782 567.309 1682.11 601.814 553.36 1112.4 181.252 113.209 569.706 512.3 396.816 386.057 39.9189 600.103 191.463 204.998 164.238 361.897 164.438 177.19 153.284 191.487 167.012 98.4579 50.0758 179.691 86.5542
internal_count=19766 17111 14427 2655 2488 11176 2684 3251 7792 735 445 3384 3627 1778 1753 174 4165 941 906 741 2310 1006 876 759 775 693 430 230 1268 598
is_linear=0
shrinkage=0.04


Tree=28
num_leaves=31
num_cat=0
split_feature=34 7 23 3 25 3 31 7 6 25 1 23 3 3 7 15 0 4 8 25 35 6 2 22 15 25 2 34 0 26
split_gain=575.003 129.538 61.0687 43.3876 25.9343 18.1992 17.3394 16.5965 13.6844 11.5062 10.993 10.9102 9.78197 8.44569 8.28154 10.0899 8.06734 7.76099 7.49511 8.00577 8.71412 7.8465 7.1855 6.99845 6.96122 10.1781 7.02704 6.88373 6.8627 9.57677
threshold=7.5000000000000009 0.57499998807907116 1.0000000180025095e-35 2.5000000000000004 0.23499999940395358 2.5000000000000004 0.80982521176338207 1.0000000180025095e-35 3.979637980461121 0.27500000596046453 3.5000000000000004 1.0000000180025095e-35 2.5000000000000004 1.5000000000000002 1.0000000180025095e-35 0.19597221910953525 7.4360234737396249 0.914309322834015 7.5000000000000009 0.17500000447034839 0.49032931029796606 5.2958111763000497 581.50000000000011 0.21374999731779101 0.21374999731779101 0.17500000447034839 751.50000000000011 3.5000000000000004 7.5422098636627206 1.0000000180025095e-35
decision_type=2 2 2 2 2 2 2 2 2 2 2 2 2 2 2 2 2 2 2 2 2 2 2 2 2 2 2 2 2 2
left_child=1 2 3 7 6 11 -2 10 -7 -9 13 24 28 -1 15 -5 27 -11 19 -15 -21 22 -22 -10 -3 26 -26 -16 29 -4
right_child=4 5 12 14 -6 8 -8 9 23 17 -12 -13 -14 18 16 -17 -18 -19 -20 20 21 -23 -24 -25 25 -27 -28 -29 -30 -31
leaf_value=-0.024794924566994885 0.0081247246350041723 -0.006101478804469253 0.00017566194613751772 -0.016692687031614251 0.041176397110320777 0.037803643417303058 0.03490297919377524 -0.01600224321863479 -0.00083184279564073511 0.00015298112739262822 0.0044725194737029288 0.024390212427074513 0.023845131539923119 -0.022530055913698353 -0.00010764506670215689 -0.002366183812450442 -0.019330120730782444 -0.022903506704915904 -0.020865043056549661 0.023564360979427507 -0.014267238079552366 -0.021352443975687953 0.01437021559594198 0.017746004126597673 -0.015295367174574581 0.010537693020515625 0.016298729733698246 0.017694846071948551 -0.010531987390515642 0.024869348484593445
leaf_weight=527.65517885237932 79.047167494893074 123.14242465049028 72.521871604025364 122.82395178079605 421.62115410715342 43.846506461501122 76.880325391888618 338.17108787223697 44.327018484473228 151.84722286462784 26.592539452016354 34.890966922044754 50.281073495745659 51.292038306593895 93.039138838648796 214.84576780721545 20.208021908998489 25.59979522973299 298.48694879561663 14.374574914574621 22.862297125160694 38.512194968760014 30.189764954149723 117.27970277518034 47.772535413503647 171.49555575102568 12.783474303781984 53.449533551931381 38.43659371137619 36.475318536162376
leaf_count=3840 359 602 368 868 1869 177 351 2246 220 782 181 137 227 433 498 1262 85 127 2195 116 146 269 190 507 263 683 61 314 144 173
internal_value=0 -0.00775432 -0.0121826 -0.0142492 0.0359846 0.00879525 0.0216026 -0.0176086 0.0183722 -0.0116922 -0.0206001 0.00368321 0.00896637 -0.0212858 -0.0040585 -0.00764491 0.00321083 -0.00339151 -0.0171321 -0.00987241 -0.0034401 -0.00809259 0.00195919 0.0127024 0.00152397 0.00558811 -0.00831794 0.00653882 0.00364087 0.00873848
internal_weight=0 2823.2 2227.66 2029.95 577.549 595.538 155.927 1525.58 205.453 515.618 1009.97 390.085 197.715 983.373 504.366 337.67 166.697 177.447 455.718 157.231 105.939 91.5643 53.0521 161.607 355.194 232.052 60.556 146.489 147.434 108.997
internal_count=19693 17114 14464 13552 2579 2650 710 10525 904 3155 7370 1746 912 7189 3027 2130 897 909 3349 1154 721 605 336 727 1609 1007 324 812 685 541
is_linear=0
shrinkage=0.04


Tree=29
num_leaves=31
num_cat=0
split_feature=32 7 23 3 31 7 6 3 2 7 22 8 6 3 2 23 26 27 3 23 0 6 31 2 22 0 26 27 28 26
split_gain=510.499 120.407 53.2344 45.4449 37.614 21.7746 14.6771 14.1375 13.951 10.8562 9.18428 8.23412 8.13122 7.833 8.41125 7.68113 7.89418 7.07873 7.0643 6.81688 9.39785 6.64655 6.46217 6.26827 6.66986 6.13563 8.86785 5.98472 6.67774 5.83222
threshold=2.5000000000000004 0.57499998807907116 1.0000000180025095e-35 2.5000000000000004 0.55902779102325451 1.0000000180025095e-35 5.7509827613830575 2.5000000000000004 655.50000000000011 0.42499999701976782 0.18722222000360492 6.5000000000000009 3.979637980461121 1.5000000000000002 954.50000000000011 1.0000000180025095e-35 1.0000000180025095e-35 4.2952420711517343 2.5000000000000004 1.0000000180025095e-35 8.2095794677734393 4.6586997509002694 0.35897436738014227 553.50000000000011 0.22083333134651187 7.1356794834136972 1.0000000180025095e-35 3.4610360860824589 -0.37940952181816096 1.0000000180025095e-35
decision_type=2 2 2 2 2 2 2 2 2 2 2 2 2 2 2 2 2 2 2 2 2 2 2 2 2 2 2 2 2 2
left_child=1 2 3 5 6 23 -2 15 10 19 -5 -10 -9 14 -7 16 22 -18 25 20 -6 -14 -3 -1 29 26 -4 -15 -29 -25
right_child=4 7 18 8 9 13 -8 12 11 -11 -12 -13 21 27 -16 -17 17 -19 -20 -21 -22 -23 -24 24 -26 -27 -28 28 -30 -31
leaf_value=-0.024238753846701325 0.029288711369311628 -0.0035248067415269541 0.0024954828325464179 -0.018268568022905402 0.029692923525668852 -0.014502488804177257 -0.0089188800075020013 0.032624194186056735 0.015542934210088811 0.043392029865048719 -0.0030329134712664759 -0.00045941742564444189 -0.0027355708819948878 0.021523872015536103 0.013843002560677232 0.023146136151678341 0.0024201182213233435 0.022650306468198569 0.021940132049439103 0.044642793828194714 0.00070042189166563381 0.017195761602865674 0.013682140031665343 -0.020555714131405972 -0.001106822449700571 -0.0028779875826947634 0.03189957818827658 -0.01128043627109231 0.0047026258055775979 -0.011513409343203431
leaf_weight=325.3603168874979 24.169998161494732 213.03339771181345 46.233269862830639 93.020438395440578 130.67695335298777 311.31298948079348 40.064100466668606 44.80848203599453 77.75743492692709 315.35387453436852 192.77979186922312 144.63757865130901 32.570064894855022 13.100252777338026 16.165315374732018 31.805555999279022 59.161643229424953 50.904700182378292 48.493437319993973 44.698908969759941 20.78968358039856 136.34512845426798 39.697317697107792 460.4154354147613 38.956590313464403 81.535149842500687 23.76982107758522 100.1346550732851 69.333885990083218 164.14122829958797
leaf_count=2470 109 982 247 655 550 1907 203 181 406 1494 1135 868 143 74 101 125 266 223 218 194 66 615 175 3380 289 340 119 626 447 1182
internal_value=0 -0.00630848 -0.0106497 -0.0126108 0.0349669 -0.0161116 0.00590815 0.00942581 -0.00226255 0.0385787 -0.00808421 0.00522425 0.0176683 -0.0093429 -0.0130277 0.00489495 0.00317679 0.0120137 0.00895816 0.0304811 0.0257745 0.0133656 -0.000735846 -0.0195769 -0.017225 0.00457214 0.0130885 -0.00266378 -0.00476278 -0.0182236
internal_weight=0 2815.47 2207.15 2007.12 575.754 1498.92 64.2341 608.326 508.195 511.519 285.8 222.395 213.724 510.047 327.478 394.603 362.797 110.066 200.032 196.166 151.467 168.915 252.731 988.874 663.513 151.538 70.0031 182.569 169.469 624.557
internal_count=19790 17174 14464 13540 2616 10476 312 2710 3064 2304 1790 1274 939 3155 2008 1771 1646 489 924 810 616 758 1157 7321 4851 706 366 1147 1073 4562
is_linear=0
shrinkage=0.04


Tree=30
num_leaves=31
num_cat=0
split_feature=34 7 23 3 31 25 23 31 25 25 6 3 22 1 7 25 6 0 23 2 4 4 28 5 23 1 0 2 6 5
split_gain=457.615 117.914 56.0672 35.9119 25.6298 17.6413 17.0365 11.6031 11.3108 9.98224 9.22895 9.18978 8.69516 7.41242 7.39468 7.06167 6.96855 6.76144 6.5357 6.51469 7.10367 6.46549 6.72811 12.8018 6.44205 7.15965 7.70387 6.37044 5.97522 5.73093
threshold=7.5000000000000009 0.42499999701976782 1.0000000180025095e-35 2.5000000000000004 0.84680575132370006 0.23499999940395358 1.0000000180025095e-35 0.41428571939468389 0.23499999940395358 0.27500000596046453 2.7403194904327397 3.5000000000000004 0.22083333134651187 1.5000000000000002 1.0000000180025095e-35 0.2100000008940697 5.8985257148742685 7.5735280513763437 1.0000000180025095e-35 1043.5000000000002 0.94309824705123912 0.79329302906990062 -0.6035533845424651 0.28773769736289984 1.0000000180025095e-35 1.5000000000000002 7.593874692916871 777.50000000000011 5.3821961879730233 0.22601848840713504
decision_type=2 2 2 2 2 2 2 2 2 2 2 2 2 2 2 2 2 2 2 2 2 2 2 2 2 2 2 2 2 2
left_child=1 2 3 8 5 18 7 10 13 -5 -3 15 19 -1 27 -12 -9 -14 -2 20 -10 22 23 -11 25 26 -7 -4 -29 -8
right_child=4 6 14 9 -6 24 29 16 12 21 11 -13 17 -15 -16 -17 -18 -19 -20 -21 -22 -23 -24 -25 -26 -27 -28 28 -30 -31
leaf_value=-0.024397270788103241 0.0033700965770785923 0.022177514946037681 -0.00071383145301363209 -0.0086859878857554855 0.040949843517020579 -0.0034790178911696581 0.016248863530790834 0.020323055150678965 -0.016138177792835998 0.029258016707807429 -0.0079015489776516745 0.012838313831199082 -0.0062361361302009279 -0.016243617051138772 0.022306851979699387 0.0019523161846793952 -0.00051523472952505391 0.027709128166492542 0.030210893399727261 0.014072368144233655 0.0075665992139401931 -0.0034126877137782854 0.025365198041838104 -0.018624687805700327 0.045867827781447559 0.031375198327445813 0.030193507686395709 0.03555816323741777 0.00044626298780214195 0.042119091673851521
leaf_weight=421.06005464494228 74.01740725338459 31.344040751457214 103.95471404492855 288.3579830005765 286.47823117673397 24.281711101531982 53.953737288713455 94.544341027736664 511.10258037596941 12.743026345968245 175.94647201895714 81.648397579789162 28.186214849352837 347.29728158190846 46.958939447999001 334.5965091958642 34.847319565713406 11.699814707040785 16.260086983442307 10.946465358138083 19.949093922972679 83.509485617280006 33.005184412002563 20.672790855169296 37.114440605044365 112.69420199096203 17.165655121207237 15.330072022974493 14.128077320754526 19.199484840035439
leaf_count=3386 345 129 496 1960 1366 113 215 423 3254 67 958 357 190 2731 211 1435 158 58 70 68 121 442 170 106 166 474 67 70 66 79
internal_value=0 -0.00686582 -0.0121839 -0.0143271 0.032457 0.0235871 0.00580821 0.00398393 -0.0175533 -0.00435367 0.00170171 0.000546952 -0.0132576 -0.0207636 0.00899212 -0.00146117 0.0147885 0.0045687 0.00875446 -0.0145814 -0.0152227 0.00398323 0.0131099 0.000256328 0.0304254 0.0261673 0.0112146 0.00404533 0.0198175 0.0239788
internal_weight=0 2794.98 1968.9 1788.53 568.012 281.534 826.08 752.927 1350.24 438.288 623.535 592.191 581.884 768.357 180.372 510.543 129.392 39.886 90.2775 541.998 531.052 149.93 66.421 33.4158 191.256 154.142 41.4474 133.413 29.4581 73.1532
internal_count=19751 17150 13396 12553 2601 1235 3754 3460 9808 2745 2879 2750 3691 6117 843 2393 581 248 415 3443 3375 785 343 173 820 654 180 632 136 294
is_linear=0
shrinkage=0.04


Tree=31
num_leaves=31
num_cat=0
split_feature=33 9 23 3 23 7 5 27 3 25 35 7 30 0 35 25 20 23 27 25 7 35 5 3 26 3 25 3 26 27
split_gain=441.591 120.23 46.803 32.2353 22.0795 16.5536 14.1782 13.7783 13.3028 12.4141 11.8484 11.6297 9.34064 8.17697 9.31771 7.93429 7.90614 7.61833 7.60582 7.49075 7.24149 7.19034 7.16359 6.61206 8.55694 6.31404 6.16509 11.8222 6.09306 8.93571
threshold=1.0000000180025095e-35 1.0000000180025095e-35 1.0000000180025095e-35 2.5000000000000004 1.0000000180025095e-35 1.0000000180025095e-35 0.29724532365798956 3.2445416450500493 3.5000000000000004 0.34999999403953558 1.6165884137153628 1.0000000180025095e-35 2.1383330821990971 6.7043955326080331 0.79324957728385936 0.23499999940395358 0.13516666740179065 1.0000000180025095e-35 4.3234698772430429 0.31000000238418585 1.0000000180025095e-35 1.6903004646301272 0.22601848840713504 1.5000000000000002 1.0000000180025095e-35 1.5000000000000002 0.2100000008940697 1.5000000000000002 1.0000000180025095e-35 4.2675969600677499
decision_type=2 2 2 2 2 2 2 2 2 2 2 2 2 2 2 2 2 2 2 2 2 2 2 2 2 2 2 2 2 2
left_child=1 4 3 11 7 6 17 -1 9 10 28 15 -13 14 -5 25 -4 19 -7 -2 26 -10 -15 -12 -25 -3 -18 -28 -9 -30
right_child=5 2 16 13 -6 18 -8 8 21 -11 23 12 -14 22 -16 -17 20 -19 -20 -21 -22 -23 -24 24 -26 -27 27 -29 29 -31
leaf_value=0.029741733233415998 -0.0083198725291156912 -0.026177872768194464 -0.011337880207571467 -0.00035378823705183742 0.025691400918233048 0.040512890909316007 0.036995880593324662 -0.0059185654006834601 0.018972768520452602 0.021012789455421815 0.00076108651472269969 -0.011535551800423134 0.023888706446171654 -0.017278829291189308 0.030339060140903581 -0.014689755178951559 -0.0064421558900904898 0.032220603427414979 0.010101331742753367 0.019365300606640313 0.026251070452340399 -0.0079376917463596739 -0.0031212755652822695 0.0093218868720850914 0.043904047713058419 -0.017140235500867049 -0.0062977033545293095 0.025739943745718023 -0.0055773332884918444 0.013330106070788177
leaf_weight=30.261545680463314 34.985129237174988 296.19423494115472 27.15056024491787 161.98677567020059 81.872848778963089 347.61652296036482 58.079945608973503 363.80760420113802 104.77212976664305 43.217206075787544 44.861807808279991 350.58601162582636 10.508858256042002 92.062881410121918 15.533671289682387 430.18996002525091 38.985324993729591 17.890053823590279 15.293733932077883 25.184475183486938 37.69194258749485 17.51904122531414 148.74729561060667 34.494961231946945 16.338475257158279 246.86258781701326 29.827079012989998 43.603263512253761 82.046982325613499 74.54292006790638
leaf_count=129 131 2462 135 1174 330 1684 258 1789 473 177 160 2373 65 538 96 2826 209 77 75 98 166 63 836 127 61 2076 127 190 388 350
internal_value=0 -0.00597634 -0.0115894 -0.0135699 0.00614334 0.0347689 0.022313 0.00411371 0.00304808 0.000782767 -0.000699714 -0.0166042 -0.0103787 -0.00385859 0.00264003 -0.018888 0.00792602 0.0107369 0.0392937 0.00351818 0.0115136 0.015052 -0.00863152 0.0120886 0.0216782 -0.0221475 0.0061998 0.0129045 -0.00308862 0.00347795
internal_weight=0 2823.67 1929.93 1752.67 893.736 499.05 136.14 811.863 781.601 659.31 616.093 1334.34 361.095 418.331 177.52 973.247 177.258 78.0597 362.91 60.1696 150.108 122.291 240.81 95.6952 50.8334 543.057 112.416 73.4303 520.398 156.59
internal_count=19643 17320 13273 12446 4047 2323 564 3717 3588 3052 2875 9802 2438 2644 1270 7364 827 306 1759 229 692 536 1374 348 188 4538 526 317 2527 738
is_linear=0
shrinkage=0.04


Tree=32
num_leaves=31
num_cat=0
split_feature=18 7 23 3 25 15 2 7 3 27 3 27 25 30 7 6 27 3 7 0 0 31 30 5 25 8 28 25 8 28
split_gain=414.042 114.242 43.0939 27.561 20.4641 21.0998 15.7599 13.7023 13.6513 11.7396 11.5699 10.281 10.1434 9.64769 9.15223 8.85771 9.80241 8.74188 8.66585 9.47758 8.87792 8.52604 8.31754 8.87345 8.1413 7.66121 7.37985 7.22145 6.75359 7.44039
threshold=1.5000000000000002 0.25000000000000006 1.0000000180025095e-35 1.5000000000000002 0.17500000447034839 0.21374999731779101 797.50000000000011 0.57499998807907116 3.5000000000000004 3.4483977556228642 2.5000000000000004 3.9229624271392827 0.27500000596046453 2.0126758217811589 0.90000000596046459 4.8322978019714364 4.1084115505218515 1.5000000000000002 1.0000000180025095e-35 6.4393184185028085 6.3902053833007821 0.11805555596947671 1.8688347935676577 0.11320680752396585 0.23499999940395358 4.5000000000000009 -0.7865660786628722 0.27500000596046453 8.5000000000000018 0.60355338454246532
decision_type=2 2 2 2 2 2 2 2 2 2 2 2 2 2 2 2 2 2 2 2 2 2 2 2 2 2 2 2 2 2
left_child=1 2 3 12 10 22 13 24 18 -10 14 -11 -1 17 -3 16 -13 25 19 20 28 -20 -6 -24 -2 -7 -17 -21 29 -5
right_child=7 4 -4 8 5 6 -8 -9 9 11 -12 15 -14 -15 -16 26 -18 -19 21 27 -22 -23 23 -25 -26 -27 -28 -29 -30 -31
leaf_value=-0.023124595235053964 0.014913214745806527 -0.011877204108348312 0.0077642715896425645 -0.0057140377714522805 -0.0068029923666131876 0.011811523886790257 0.026800457421733696 0.043433927900636764 0.034535730721662161 -0.02047958282913763 0.0076794630195798769 0.023253981236877549 -0.012318997655362127 0.024433422081642859 0.016957029310660007 -0.0050590965117803567 -0.013209690613566683 0.012218828828813495 -0.0063944942833588682 -0.018607289964111526 0.027975018419442572 0.020683919453944283 0.032385023955586262 0.0017339860922751518 0.033017511116068654 -0.0069242055690199034 0.02304005723354596 -0.0086267326149463263 -0.025139624129229366 0.030445922769467004
leaf_weight=440.53517435863614 57.495076142251492 180.84212989360094 170.60786028206348 50.259242732077837 151.67802143096924 51.779772311449051 106.2628358155489 216.48569535464048 13.124334141612051 36.457608282566071 95.016319155693054 12.613798946142195 214.94463124126196 58.431267008185387 17.735285677015781 21.720025822520256 60.878189906477928 214.27649164944887 132.35165041312575 362.59248231351376 12.051959358155726 19.621017150580883 17.584557577967644 67.291035398840904 178.57594107091427 97.583723060786724 41.980024598538876 178.46204140037298 20.440141569823027 9.0262229703366739
leaf_count=3619 247 1061 803 458 753 209 443 1099 75 234 469 80 1328 260 86 148 378 877 912 2750 99 124 81 318 794 446 274 1042 194 75
internal_value=0 -0.00515437 -0.0112884 -0.0132932 0.00526489 0.00870439 0.0131358 0.0359452 -0.0089869 0.000727124 -0.00369415 -0.00219225 -0.0196295 0.00958535 -0.00915857 0.00289189 -0.00650099 0.0070789 -0.0112947 -0.0133497 -0.00142828 -0.00267517 -0.00122016 0.00868364 0.0287705 -0.000358852 0.0135966 -0.0153592 -0.00644895 0.000605237
internal_weight=0 2856.15 1797.67 1627.06 1058.48 764.888 528.334 452.557 971.579 186.774 293.594 173.65 655.48 422.071 198.577 137.192 73.492 363.64 784.805 632.832 91.7776 151.973 236.554 84.8756 236.071 149.363 63.7001 541.055 79.7256 59.2855
internal_count=19736 17596 12593 11790 5003 3387 2235 2140 6843 1189 1616 1114 4947 1792 1147 880 458 1532 5654 4618 826 1036 1152 399 1041 655 422 3792 727 533
is_linear=0
shrinkage=0.04


Tree=33
num_leaves=31
num_cat=0
split_feature=33 7 23 3 22 7 21 2 7 26 25 23 12 25 27 25 27 1 8 5 18 25 16 35 27 7 22 27 13 27
split_gain=387.972 97.254 49.4669 31.3058 17.5373 16.5767 14.1134 12.7873 12.0933 11.5401 15.0605 11.3491 10.4373 9.99938 8.88303 8.68422 9.75375 9.51399 8.22798 11.8929 8.09506 7.99824 7.9177 7.56148 7.39115 7.36709 7.8866 7.60074 6.66924 6.37131
threshold=1.0000000180025095e-35 0.57499998807907116 1.0000000180025095e-35 1.5000000000000002 0.31377777457237249 0.25000000000000006 1.5000000000000002 653.50000000000011 0.25000000000000006 1.0000000180025095e-35 0.27500000596046453 1.0000000180025095e-35 1.0000000180025095e-35 0.2100000008940697 3.3268313407897954 0.27500000596046453 3.9617646932601933 1.5000000000000002 6.5000000000000009 0.30756701529026037 10.500000000000002 0.34999999403953558 49.183237075805671 0.88215878605842601 3.5070565938949589 0.90000000596046459 0.23948051780462268 4.2172992229461679 1.0000000180025095e-35 3.5567746162414555
decision_type=2 2 2 2 2 2 2 2 2 2 2 2 2 2 2 2 2 2 2 2 2 2 2 2 2 2 2 2 2 2
left_child=1 2 3 6 7 13 12 8 29 11 -11 14 15 -2 -3 -1 17 -17 19 23 -15 25 -10 -9 -6 26 -16 -27 -20 -5
right_child=5 9 -4 4 24 -7 -8 18 22 10 -12 -13 -14 20 21 16 -18 -19 28 -21 -22 -23 -24 -25 -26 27 -28 -29 -30 -31
leaf_value=-0.022841531079471539 -0.00038930472209258444 0.027685789186688559 0.0091182926230568371 0.00018244454569912036 0.038815163099180115 0.038952755901500873 0.024772492863590942 0.0088214510726225479 0.0099062278066002103 0.006490905893453777 0.029133687207171306 0.026652628475919215 -0.0060852616751338262 0.031317719170149173 -0.0054108004218049142 -0.015536571991495557 -0.018258086640110759 0.013549208372953925 -0.0043286233128159721 0.030674889146413017 0.0054613050056412839 0.02311782876833144 -0.018211139050845579 -0.010834931230758769 0.0050015820751523063 0.032793904910401163 0.0095467309695227327 0.00051656925352427615 -0.019248377372643156 -0.016091431467375447
leaf_weight=473.95638013631105 25.411828324198723 19.804844461381435 205.52628616243601 41.911927133798599 9.9490648284554464 313.68359754234552 10.913694284856318 63.245139218866825 56.481423743069172 109.80253144353628 82.225489765405655 32.729346118867397 106.33696141839027 112.98885621875525 256.71999044716358 32.649162210524082 176.03548154234886 35.435246981680393 257.73237631842494 21.107848018407822 24.446660220623016 23.510563567280769 20.095314741134644 58.21503522247076 84.027348302304745 18.83401470631361 70.192596450448036 26.694890007376671 57.47580298781395 463.61219958588481
leaf_count=3806 104 84 936 292 52 1598 51 425 267 511 324 135 660 490 1185 194 1065 204 1735 105 98 95 108 316 528 84 321 120 435 3425
internal_value=0 -0.00545391 -0.00948718 -0.0114363 -0.00708759 0.0335019 -0.0173082 -0.00858502 -0.0125105 0.00822695 0.0163868 0.00467591 -0.0179239 0.022657 0.00282654 -0.0196552 -0.0133337 -0.000443911 -0.00356072 0.00437138 0.0268628 0.00145023 0.00225193 -0.000622622 0.0093156 -3.37231e-05 -0.00216069 0.0146869 -0.00715333 -0.0147468
internal_weight=0 2815.22 2174.71 1969.18 1133.85 476.531 835.327 1039.88 582.101 640.514 192.028 448.486 824.413 162.847 415.757 718.076 244.12 68.0844 457.776 142.568 137.436 395.952 76.5767 121.46 93.9764 372.441 326.913 45.5289 315.208 505.524
internal_count=19753 17463 14604 13668 7688 2290 5980 7108 4092 2859 835 2024 5929 692 1889 5269 1463 398 3016 846 588 1805 375 741 580 1710 1506 204 2170 3717
is_linear=0
shrinkage=0.04


Tree=34
num_leaves=31
num_cat=0
split_feature=18 7 3 23 3 7 25 27 2 26 2 23 25 25 29 2 2 3 25 3 15 15 18 26 2 15 27 27 35 27
split_gain=377.668 98.9482 38.3134 23.718 21.6193 13.3337 13.1813 11.3339 11.1799 10.763 10.6834 9.73897 9.62479 9.61742 9.0035 8.92445 8.62499 8.55928 7.92831 7.53608 7.32081 7.30819 6.83895 6.51423 8.5412 12.6507 7.41254 6.93737 6.54215 7.60145
threshold=1.5000000000000002 0.25000000000000006 2.5000000000000004 1.0000000180025095e-35 1.5000000000000002 0.25000000000000006 0.17500000447034839 3.0978349447250371 966.50000000000011 1.0000000180025095e-35 551.50000000000011 1.0000000180025095e-35 0.27500000596046453 0.2100000008940697 -0.91597560048103321 507.50000000000006 827.50000000000011 3.5000000000000004 0.34999999403953558 1.5000000000000002 0.39333333075046545 0.21374999731779101 10.500000000000002 1.0000000180025095e-35 745.50000000000011 0.19597221910953525 4.6844432353973398 3.6750333309173588 0.90007463097572338 4.8414273262023935
decision_type=2 2 2 2 2 2 2 2 2 2 2 2 2 2 2 2 2 2 2 2 2 2 2 2 2 2 2 2 2 2
left_child=1 2 3 10 6 13 -3 -6 14 16 -1 18 19 -2 21 -16 -5 -9 23 -12 -14 -8 -15 26 27 -26 -4 -25 29 -28
right_child=5 4 11 9 7 -7 8 17 -10 -11 12 -13 20 22 15 -17 -18 -19 -20 -21 -22 -23 -24 24 25 -27 28 -29 -30 -31
leaf_value=-0.021643943828488089 0.0023485242109226863 -0.012544272464451185 -0.010344735685940144 -0.011407560482362545 0.040900761179697993 0.04011827581799806 -0.033074207205431694 0.0059163893025822338 0.02959375724432578 0.018269054096895873 -0.020886044927654366 0.0177289681172558 -0.0087522887054887095 0.033382071568705811 -0.0093494571338875298 0.0076762045619423536 0.021273235792798877 0.017251405990347187 0.018944289025447689 -0.011152843514522465 0.019632703992723023 -0.0023700239188598031 0.0083854345494506072 0.02493381924774251 -0.012268828459727828 0.040835613853298085 0.040426390794117896 -0.0068367562469858877 -0.0085949037997029507 0.00093256791779195922
leaf_weight=372.34276066347957 25.881449192762375 129.50400422513485 230.99889208376408 73.971833318471909 16.185541495680809 283.06810346245766 18.876732595264912 445.8028415068984 20.576968155801296 41.681866183876991 289.3983464948833 39.211895145475864 263.99468056112528 107.4511012211442 63.71756761521101 196.01428252458572 13.663058280944822 139.9026205688715 23.668416693806648 242.70056577026844 13.522976927459238 31.395710840821266 22.774201959371567 10.849428869783877 9.98978289216757 18.10677819699049 11.71033161878586 74.779913578182459 26.210363745689392 18.306075341999531
leaf_count=2961 105 778 1493 359 69 1475 95 2044 93 188 2416 178 1653 471 304 893 63 618 126 2007 82 140 92 61 69 99 82 487 150 134
internal_value=0 -0.00495717 -0.0107306 -0.0142211 0.00469527 0.0348238 -0.00182984 0.0096726 0.0024177 0.0020148 -0.0159979 -0.000844157 -0.0133543 0.0248372 0.000435714 0.00345993 -0.00595136 0.00867338 -0.00263438 -0.0165049 -0.00723856 -0.0147234 0.0292035 -0.00399589 0.00405641 0.0223937 -0.00719017 -0.00233415 0.00568004 0.0179032
internal_weight=0 2837.08 1775.11 1311.28 1061.98 439.175 460.085 601.891 330.581 129.317 1181.96 463.832 809.617 156.107 310.004 259.732 87.6349 585.705 424.62 532.099 277.518 50.2724 130.225 400.952 113.726 28.0966 287.226 85.6293 56.2268 30.0164
internal_count=19785 17642 12608 9729 5034 2143 2303 2731 1525 610 9119 2879 6158 668 1432 1197 422 2662 2701 4423 1735 235 563 2575 716 168 1859 548 366 216
is_linear=0
shrinkage=0.04


Tree=35
num_leaves=31
num_cat=0
split_feature=18 7 3 23 31 23 7 27 3 6 23 22 6 2 1 23 18 5 29 0 22 29 28 27 2 2 5 27 2 0
split_gain=344.438 88.1669 38.0858 25.3113 21.8282 16.4385 14.2134 12.1484 11.707 10.8305 10.1784 9.5736 9.50882 15.8808 8.92703 8.30978 9.80017 7.86493 7.74769 7.20896 6.98104 6.72555 6.55691 6.99836 5.72205 5.47923 8.35167 7.82731 5.79529 5.39708
threshold=1.5000000000000002 0.25000000000000006 2.5000000000000004 1.0000000180025095e-35 0.41428571939468389 1.0000000180025095e-35 0.57499998807907116 3.4483977556228642 1.5000000000000002 4.49422311782837 1.0000000180025095e-35 0.31377777457237249 5.4909996986389169 577.50000000000011 2.5000000000000004 1.0000000180025095e-35 7.5000000000000009 0.22097236663103106 -0.91597560048103321 7.536893606185914 0.31377777457237249 0.91597560048103344 0.78656607866287243 4.8524208068847665 802.50000000000011 794.50000000000011 0.09622471779584886 3.4323716163635258 810.50000000000011 6.0543706417083749
decision_type=2 2 2 2 2 2 2 2 2 2 2 2 2 2 2 2 2 2 2 2 2 2 2 2 2 2 2 2 2 2
left_child=1 2 3 12 5 8 15 -6 18 -9 11 -4 13 20 21 16 -2 -7 -3 -18 -1 24 23 -11 29 26 -15 -28 -27 -10
right_child=6 4 10 -5 7 17 -8 9 14 22 -12 -13 -14 25 -16 -17 19 -19 -20 -21 -22 -23 -24 -25 -26 28 27 -29 -30 -31
leaf_value=-0.022063438924550486 0.028097952237854971 -0.019106865350232118 -0.004647955743041928 0.0029910260939223143 0.040444255408637872 0.010931235362018113 0.04107138065514622 0.04036269721478046 -0.017505820797099739 0.014380226747292722 0.017602367103813285 0.014885907135066418 -0.019625150613109533 0.014928837357281692 0.019596063510953134 0.040900499114594674 0.022303663880474171 0.04095906968019928 -0.0030147775093869512 -0.0047266651240880867 0.012698227070146256 0.023380798876753404 -0.015767926071370317 -0.012304128995522889 -0.015095145457057861 0.023827503408509299 0.018063866755830969 -0.013764254450409628 -0.0030121974029233296 0.0036473739164484178
leaf_weight=213.802639875561 120.24306458234787 54.928641214966774 386.45383721217513 124.79190196096897 26.701487399637699 52.925841145217419 204.53513815253973 17.11827664077282 18.645531617105007 117.70757772773504 41.784397102892399 42.815778911113739 570.80680816620588 18.073964945971966 50.993975438177586 47.815734580159187 27.698234550654888 18.220986425876617 308.41149111837149 32.490108102560043 8.4229299724102003 20.189179733395576 14.691397331655024 16.545664109289646 31.393058739602566 12.943843498826025 11.38256688416004 229.20962173491716 90.907416701316833 299.46842611581087
leaf_count=1660 552 289 2486 588 122 211 1107 73 105 543 188 250 4608 141 229 231 132 78 1584 127 64 88 70 79 141 92 77 1732 661 1354
internal_value=0 -0.0050207 -0.0105074 -0.0140805 0.00415162 0.00139579 0.0332449 0.0162377 -0.000295405 0.0119105 -0.000777255 -0.00263963 -0.0159261 -0.0122605 0.00423798 0.0259357 0.021565 0.0195311 -0.00553881 0.00802974 -0.0206444 0.00202552 0.00814898 0.0109593 0.000665927 -0.00703612 -0.0101318 -0.0121219 0.000720058 0.0023059
internal_weight=0 2799.34 1751.4 1280.34 1047.94 855.177 432.782 192.764 784.03 166.063 471.054 429.27 1155.55 584.743 420.69 228.247 180.431 71.1468 363.34 60.1883 222.226 369.696 148.945 134.253 349.507 362.517 258.666 240.592 103.851 318.114
internal_count=19662 17513 12547 9623 4966 4079 2149 887 3790 765 2924 2736 9035 4427 1917 1042 811 289 1873 259 1724 1688 692 622 1600 2703 1950 1809 753 1459
is_linear=0
shrinkage=0.04


Tree=36
num_leaves=31
num_cat=0
split_feature=18 9 21 25 25 5 9 12 5 29 15 2 35 3 22 26 16 0 0 0 35 2 35 0 18 20 29 35 1 4
split_gain=364.749 94.3627 22.2243 19.678 18.8045 11.5785 10.2734 9.84777 9.1476 10.2965 9.1008 12.2957 10.7407 8.19993 8.12972 8.72687 8.88918 9.90139 9.25354 7.83974 7.54123 6.88044 6.82922 7.71984 6.77551 8.59955 6.31244 6.14879 5.98958 8.13463
threshold=1.5000000000000002 1.0000000180025095e-35 1.5000000000000002 0.27500000596046453 0.27500000596046453 0.27911795675754553 1.0000000180025095e-35 1.0000000180025095e-35 0.23951964080333712 -0.6035533845424651 0.19597221910953525 699.50000000000011 1.6378464698791506 1.5000000000000002 0.13516666740179065 1.0000000180025095e-35 75.093978881835952 7.1196274757385263 7.7647182941436776 7.7124412059783944 0.49032931029796606 707.50000000000011 0.62518233060836803 7.3369317054748544 6.5000000000000009 0.77238947153091442 0.78656607866287243 1.4746742248535158 1.5000000000000002 0.79002121090888988
decision_type=2 2 2 2 2 2 2 2 2 2 2 2 2 2 2 2 2 2 2 2 2 2 2 2 2 2 2 2 2 2
left_child=1 4 3 5 7 14 -2 13 9 -6 -5 -12 26 -1 -3 20 18 -18 -17 -11 -16 27 -10 -24 -8 -26 -13 -15 29 -7
right_child=6 2 -4 10 8 28 24 -9 22 19 11 12 -14 21 15 16 17 -19 -20 -21 -22 -23 23 -25 25 -27 -28 -29 -30 -31
leaf_value=-0.0078745298209048284 0.039259364807744265 -0.023501429948448338 0.035062580038166868 -0.011239466451040734 -0.002401078461502437 -0.015401921491028647 0.033481719537721888 0.01726854085681355 0.0040914830994500506 0.0098347790168013833 -0.0067992826494955695 -0.00065063538651240541 0.033259451080587463 -0.0045181940712242354 -0.0047167166830955056 -0.014601077838235044 0.023730718180942911 -0.010191836822878171 0.010572354396706991 0.032254448425284521 -0.017830540375370199 0.010784912370610472 0.037569444149034396 0.0078868039269183437 0.0067594371314173372 0.035799917079644507 0.02512585296265079 0.01284831785555866 0.0062519151009839393 0.01972559053006278
leaf_weight=185.37915074825287 265.22024128586054 169.82826295122504 15.000348336994646 249.8404321372509 93.226331666111946 67.895230673253536 83.161517545580864 48.771578021347523 24.245890334248543 139.25860230624676 248.35179967433214 103.99260303378105 20.559471160173416 182.62166132777929 81.724891118705273 168.74919061735272 26.086968492716551 25.344007521867752 25.595955148339272 29.468362599611282 581.43305526673794 107.80058504641056 48.522863432765007 21.159275099635124 52.598546981811523 22.516510158777237 15.784824378788469 37.641136512160301 60.503279406577349 10.65432935208082
leaf_count=929 1448 1461 65 1674 373 479 378 222 109 578 1374 551 91 936 836 1333 239 175 145 104 4411 497 200 80 217 102 83 145 400 67
internal_value=0 -0.00547024 -0.0106196 -0.0110261 0.00502593 -0.0140068 0.034287 0.000461852 0.0121933 0.00824235 -0.00531522 -0.0014692 0.00792635 -0.00119541 -0.0154054 -0.0138444 -0.00731923 0.00725868 -0.0112117 0.0140824 -0.0162335 0.00260361 0.0228104 0.0290277 0.0255689 0.0161673 0.00310317 -0.00146149 -0.00309204 -0.0102658
internal_weight=0 2789.44 1871.34 1856.34 918.095 1217.82 423.497 562.214 355.881 261.953 638.529 388.689 140.337 513.443 1078.76 908.934 245.776 51.431 194.345 168.727 663.158 328.063 93.928 69.6821 158.277 75.1151 119.777 220.263 139.053 78.5496
internal_count=19702 17557 13384 13319 4173 9546 2145 2729 1444 1055 3773 2099 725 2507 8600 7139 1892 414 1478 682 5247 1578 389 280 697 319 634 1081 946 546
is_linear=0
shrinkage=0.04


Tree=37
num_leaves=31
num_cat=0
split_feature=33 9 23 3 23 9 25 3 23 5 25 2 15 27 29 0 6 2 12 12 27 2 27 27 25 6 29 5 0 20
split_gain=309.29 71.4836 28.4423 24.5091 15.5146 14.0741 13.2196 10.1621 10.048 9.70008 11.1166 9.63404 9.88333 10.028 8.77272 8.64468 8.94852 8.1336 7.62164 7.47935 8.19948 7.42454 7.38788 6.92631 7.15527 6.41985 6.35588 6.31944 6.14317 6.03883
threshold=1.0000000180025095e-35 1.0000000180025095e-35 1.0000000180025095e-35 2.5000000000000004 1.0000000180025095e-35 1.0000000180025095e-35 0.31000000238418585 3.5000000000000004 1.0000000180025095e-35 0.29724532365798956 0.31000000238418585 565.50000000000011 0.19597221910953525 3.5336854457855229 0.78656607866287243 6.7405018806457528 5.3729581832885751 581.50000000000011 1.0000000180025095e-35 1.0000000180025095e-35 3.2445416450500493 661.50000000000011 4.4302210807800302 3.4919505119323735 0.27500000596046453 5.3254430294036874 0.91597560048103344 0.22601848840713504 6.7043955326080331 0.61184212565422069
decision_type=2 2 2 2 2 2 2 2 2 2 2 2 2 2 2 2 2 2 2 2 2 2 2 2 2 2 2 2 2 2
left_child=1 4 3 11 6 -2 7 19 9 10 29 26 15 -14 -8 16 -13 -17 -15 20 -1 -5 -22 -4 -25 -9 -3 -6 -26 -7
right_child=5 2 23 21 27 8 14 25 -10 -11 -12 12 13 18 -16 17 -18 -19 -20 -21 22 -23 -24 24 28 -27 -28 -29 -30 -31
leaf_value=0.021515300131634524 0.035924943286831719 -0.019948769417954627 0.031460531431845185 -0.0074611530183623168 0.013308720524757548 0.010657074306509116 0.0098323516618127171 0.016435942622013432 0.039380773918189664 0.029760970387325687 0.023889689056005844 0.018077313455465614 0.011943548093562548 -0.010991097107678587 0.040617907193663635 0.0084673053270417405 -0.012716997462938116 -0.021355141211575789 0.0068790978249454113 0.011879110012408772 -0.0080391547716501498 0.0032704801594885379 0.0019487043408731456 -0.0035649098102297451 0.032341726836929097 -0.0069529988592483575 0.0014119360750041708 0.039095600672403766 0.0052576050189565701 -0.016228693531305849
leaf_weight=18.446094989776611 286.64218720793724 415.68341247737408 13.187011227011679 234.83297693356872 58.68953400850296 21.466728553175926 114.73312349617481 84.46501025557518 35.24228672683239 45.637118645012379 34.404427781701088 19.432045932859182 36.978241831064224 397.346993021667 15.503121227025984 14.477991588413714 49.424221128225327 259.58060390502214 40.884380988776684 55.224725291132927 317.75944632291794 181.15605837479234 187.2084273993969 99.347223937511444 17.399221703410149 22.757092535495758 23.274463839828968 20.616937324404716 46.689466431736946 29.406446382403374
leaf_count=79 1588 3353 58 1583 234 89 460 369 170 214 145 202 242 2894 63 115 552 2031 245 246 1525 1099 895 496 80 107 187 89 185 117
internal_value=0 -0.00512873 -0.00961635 -0.0112272 0.00414242 0.0304836 0.00247586 0.000242485 0.0207809 0.0152565 0.00699024 -0.0140089 -0.0113907 -0.00760403 0.0140559 -0.0165638 -0.00376153 -0.0197297 -0.00930024 -0.00186381 -0.00335351 -0.00279442 -0.00434324 0.00559778 0.00315591 0.0114354 -0.0188149 0.0208092 0.0133668 -0.00490984
internal_weight=0 2745.1 1849.69 1673.07 895.404 452.799 816.097 685.861 166.157 130.915 85.2776 1257.08 818.124 475.21 130.236 342.915 68.8563 274.059 438.231 578.639 523.414 415.989 504.968 176.623 163.436 107.222 438.958 79.3065 64.0887 50.8732
internal_count=19712 17389 13322 12503 4067 2323 3744 3221 735 565 351 9821 6281 3381 523 2900 754 2146 3139 2745 2499 2682 2420 819 761 476 3540 323 265 206
is_linear=0
shrinkage=0.04


Tree=38
num_leaves=31
num_cat=0
split_feature=18 7 3 23 3 27 7 27 0 5 23 25 35 4 31 29 1 23 8 0 18 22 28 5 16 25 22 20 35 35
split_gain=300.899 62.1685 29.6039 28.0575 19.0953 14.0949 13.8301 13.0044 10.4161 10.4038 9.28395 8.96304 8.91628 8.8782 8.90259 8.25123 8.69426 7.97644 7.79153 7.71347 7.42853 7.18404 7.34644 10.5895 7.13095 7.00537 6.89128 6.46148 8.89656 6.20824
threshold=1.5000000000000002 1.0000000180025095e-35 1.5000000000000002 1.0000000180025095e-35 1.5000000000000002 3.3446254730224614 0.42499999701976782 2.9831503629684453 6.5453238487243661 0.20043472200632098 1.0000000180025095e-35 0.2100000008940697 1.4605025053024294 0.93904343247413646 0.66384181380271923 0.91597560048103344 2.5000000000000004 1.0000000180025095e-35 2.5000000000000004 7.219635248184205 11.500000000000002 0.18722222000360492 -1.0000000180025095e-35 0.24228786677122119 51.615255355834968 0.23499999940395358 0.23948051780462268 0.53433334827423107 2.3680539131164555 1.100880026817322
decision_type=2 2 2 2 2 2 2 2 2 2 2 2 2 2 2 2 2 2 2 2 2 2 2 2 2 2 2 2 2 2
left_child=1 2 -1 4 12 25 17 -6 -7 -5 21 -12 13 14 29 16 18 27 -9 -13 -8 22 -10 -24 -17 -4 -20 -2 -29 -3
right_child=6 3 5 9 7 8 20 15 10 -11 11 19 -14 -15 -16 24 -18 -19 26 -21 -22 -23 23 -25 -26 -27 -28 28 -30 -31
leaf_value=-0.018038037390462603 0.032897730791195075 -0.0091862107883967665 -0.00038271260222466608 0.010475724903059981 0.043297192237906484 0.0013489764538245784 0.040892581880566714 0.013720237764859722 -0.022291492072979577 0.034652485847070244 -0.016188225812729932 0.00017499041858951313 0.0032360003441611459 0.016156924600707629 0.010982074750011799 0.031273167537901755 0.013427355908108271 0.039223712887475226 -0.0035887939648979123 0.034859001115606109 0.019005513704253834 -0.0076486664457356499 -0.014725401625898152 0.021800346614649854 -0.0040759960499926343 0.03535064116416179 0.0079770720604964498 0.017000385166309671 -0.015454028850335175 -0.021897042645156645
leaf_weight=538.09960575029254 31.945993989706039 294.25513917207718 16.26911835372448 87.016897976398468 10.985064044594763 181.46047976240516 210.11973827332258 58.33172968775034 137.67794864624739 42.507167972624302 18.663025513291359 22.316460356116295 121.2567335292697 19.573059767484665 27.630323424935341 26.747026883065701 87.921961516141891 35.539226144552231 439.65576357021928 17.020314440131187 34.02906222641468 359.47385612130165 48.391198381781578 15.062037035822867 12.764012798666952 16.95741306245327 99.385010048747063 86.86898285150528 14.324801504611967 78.408312015235424
leaf_count=4227 143 1873 113 363 51 1506 1209 256 1087 185 98 99 538 109 148 130 442 176 2369 69 187 2392 392 101 70 85 486 398 48 406
internal_value=0 -0.00468445 -0.0107379 0.00122506 -0.000585948 -0.00599199 0.0318363 0.00360532 -0.00706704 0.0188163 -0.00953217 0.00554646 -0.0062773 -0.00902704 -0.0103327 0.00288627 0.00183171 0.0225435 8.59393e-05 0.0161426 0.0380212 -0.0111064 -0.01715 -0.005654 0.0202075 0.0188257 -0.00143475 0.0175764 0.0121957 -0.0119632
internal_weight=0 2777.83 1371.39 1406.44 1276.91 833.292 412.828 735.791 800.065 129.524 618.605 57.9998 541.124 419.867 400.294 724.806 685.294 168.679 597.373 39.3368 244.149 560.605 201.131 63.4532 39.511 33.2265 539.041 133.14 101.194 372.663
internal_count=19756 17595 10169 7426 6878 5942 2161 3804 5744 548 4238 266 3074 2536 2427 3753 3553 765 3111 168 1396 3972 1580 493 200 198 2855 589 446 2279
is_linear=0
shrinkage=0.04


Tree=39
num_leaves=31
num_cat=0
split_feature=34 9 23 31 3 25 15 2 25 32 0 22 4 27 23 25 16 26 0 27 4 1 28 12 5 2 2 5 0 0
split_gain=273.627 73.2585 29.9659 20.9853 16.0529 12.0501 11.4616 14.4062 12.4342 12.3378 11.2697 10.0442 9.27056 8.45345 7.78742 7.55534 7.32991 10.1957 10.0312 7.90107 7.8108 7.6805 6.88257 6.48423 6.45961 6.09344 6.01688 5.95666 5.92604 8.66252
threshold=7.5000000000000009 1.0000000180025095e-35 1.0000000180025095e-35 0.84680575132370006 1.5000000000000002 0.17500000447034839 0.21374999731779101 867.50000000000011 0.17500000447034839 1.0000000180025095e-35 6.7405018806457528 0.33224999904632574 0.94005209207534801 3.4919505119323735 1.0000000180025095e-35 0.27500000596046453 16.264651298522953 1.0000000180025095e-35 6.9334111213684091 3.5567746162414555 0.94005209207534801 2.5000000000000004 -0.6035533845424651 1.0000000180025095e-35 0.12262648716568948 760.50000000000011 721.50000000000011 0.18758561462163928 7.6760070323944101 7.219635248184205
decision_type=2 2 2 2 2 2 2 2 2 2 2 2 2 2 2 2 2 2 2 2 2 2 2 2 2 2 2 2 2 2
left_child=1 6 4 5 12 13 -1 8 10 -10 27 16 23 -2 -7 -4 17 20 21 -20 24 -18 -19 -3 -6 -24 -14 -8 29 -11
right_child=3 2 15 -5 11 14 7 -9 9 28 -12 -13 26 -15 -16 -17 18 22 19 -21 -22 -23 25 -25 -26 -27 -28 -29 -30 -31
leaf_value=-0.0021574513632477035 0.019814261093946555 -0.018364529391251258 -0.00049959006167216071 0.035538043248921625 0.015444065871165416 0.018606082322815579 -0.0042208172313988193 0.026403616118837788 0.0037285696590308669 0.020519776532477618 -0.012323366379443635 0.010658373881483312 -0.0061539402592365091 -0.016026056319743284 0.038629067282048929 0.016252421909597581 -0.0089274285449582567 -0.0055648377508787416 0.0057062628031929463 -0.020662796311482295 -0.033707138955464185 0.013968218996798605 0.0057892680208344247 -0.0069627952119294227 -0.0086902335024288853 0.033370901942026153 0.029809774110427831 0.025937779134402945 0.038610687587901468 -0.003485436954418285
leaf_weight=259.26560689508915 15.883619934320448 567.32268845662475 109.18274845182896 247.69560220837593 16.9722765609622 175.91754013299942 17.981884151697159 58.718431435525417 243.14588098227978 99.196663342416286 92.855085834860802 43.790653452277184 21.938666433095936 23.621962323784828 39.424995124340057 69.022818773984909 160.60592366755009 64.458238855004311 19.130840107798576 201.15286459773779 17.324465081095695 25.557252507656813 58.490209352225065 96.675738506019115 324.9190366640687 14.871007934212683 8.8916909098625165 21.580143094062805 18.813482716679573 30.862475290894508
leaf_count=1289 73 4676 550 1403 132 821 119 242 958 443 455 288 161 124 204 284 1490 422 125 1469 133 213 383 620 2203 91 65 113 67 122
internal_value=0 -0.00491629 -0.00942656 0.0272087 -0.0111166 0.0188995 0.00482878 0.00793157 0.00577089 0.0093388 -0.00477363 -0.00770253 -0.0157356 -0.00135568 0.0225936 0.00609719 -0.00861404 -0.00532227 -0.0125937 -0.018342 -0.00885722 -0.00566916 0.00388619 -0.0167304 -0.0074093 0.0121176 0.00540237 0.0126865 0.0183308 0.0148569
internal_weight=0 2662.73 1820.31 502.544 1642.1 254.848 842.42 583.154 524.436 392.019 132.417 947.273 694.829 39.5056 215.343 178.206 903.482 497.035 406.447 220.284 359.216 186.163 137.819 663.998 341.891 73.3612 30.8304 39.562 148.873 130.059
internal_count=19738 17113 13305 2625 12471 1222 3808 2519 2277 1590 687 6949 5522 197 1025 834 6661 3364 3297 1594 2468 1703 896 5296 2335 474 226 232 632 565
is_linear=0
shrinkage=0.04


Tree=40
num_leaves=31
num_cat=0
split_feature=18 7 25 7 27 29 23 3 23 20 31 7 23 26 32 25 4 3 26 27 13 6 18 35 8 18 7 6 4 3
split_gain=273.966 71.2064 32.7652 16.6347 15.4393 13.1768 13.0629 11.1928 11.1844 11.1385 10.529 9.6584 9.54736 9.33513 8.51356 8.07484 7.85904 7.82329 7.06012 6.31883 6.28677 6.23698 6.49429 9.28087 6.16876 5.96426 5.92662 6.58824 5.91287 5.52983
threshold=1.5000000000000002 0.57499998807907116 0.27500000596046453 0.42499999701976782 3.857566356658936 0.91597560048103344 1.0000000180025095e-35 2.5000000000000004 1.0000000180025095e-35 0.13516666740179065 0.41428571939468389 1.0000000180025095e-35 1.0000000180025095e-35 1.0000000180025095e-35 1.5000000000000002 0.34999999403953558 0.79468134045600902 1.5000000000000002 1.0000000180025095e-35 4.2333812713623056 1.0000000180025095e-35 5.1789667606353769 6.5000000000000009 1.2419911026954653 8.5000000000000018 9.5000000000000018 1.0000000180025095e-35 6.2869281768798837 0.83633825182914745 2.5000000000000004
decision_type=2 2 2 2 2 2 2 2 2 2 2 2 2 2 2 2 2 2 2 2 2 2 2 2 2 2 2 2 2 2
left_child=1 2 9 12 10 8 7 18 17 -1 28 13 15 -11 16 21 29 -3 26 -10 -15 -2 23 -23 -20 -5 -6 -28 -4 -13
right_child=3 5 4 25 6 -7 -8 -9 19 11 -12 14 -14 20 -16 -17 -18 -19 24 -21 -22 22 -24 -25 -26 -27 27 -29 -30 -31
leaf_value=-0.020003195300336955 0.027332344161262651 -0.0019759791604543287 0.016633786745213201 0.041590512910721009 -0.017785948447837052 0.029637986450623429 0.013125066850329301 0.0035746978212504617 0.03403361598543108 -0.015230939577941967 0.030655780842158954 -0.0072013888179410504 0.039492741646225675 -0.0017835832071008326 0.020578691293621096 0.034103302245518316 -0.0090951027393676095 0.0077245057571781782 -0.0063536473846997864 0.0066903849980453015 -0.020007597325054048 -0.0055914864490699103 -0.0070213043060797812 0.031932236345466658 0.015633506691074231 0.023325611906242733 -0.0092283178776526604 0.020686844501342855 -0.0007158945421540865 0.013085741173529446
leaf_weight=201.52832789346576 23.79060310125351 207.09419156610966 44.482999324798584 189.30844158679247 167.15919392555952 38.127463258802891 61.439124375581741 137.2415633648634 31.504236869513988 537.72298715263605 29.322052225470543 35.364157550036907 35.036148801445961 167.83933279663324 18.299428328871727 28.413424760103226 297.08045034110546 366.499346986413 84.876476056873798 24.675432503223419 35.090486619621515 18.033413983881474 38.63825897872448 21.768899098038673 24.698407843708992 44.40608087182045 80.49488528072834 11.816698104143141 96.571585595607758 49.193372908979654
leaf_count=1729 113 957 225 1139 1168 167 253 708 135 4449 140 234 179 1308 98 132 1995 1627 495 106 293 89 156 95 163 254 450 65 556 278
internal_value=0 -0.00397163 -0.0076187 0.0314042 -0.000845155 0.00737624 -0.00401653 -0.00614017 0.00593892 -0.011337 0.00964645 -0.0097735 0.0212691 -0.0124762 -0.00473109 0.0158601 -0.00604564 0.00422748 -0.00975275 0.0226667 -0.00509938 0.0102327 0.00449579 0.0154771 -0.0012063 0.0383475 -0.0133251 -0.00504143 0.00491156 0.00463079
internal_weight=0 2748.12 2080.22 399.395 738.103 667.901 567.726 506.287 629.773 1342.12 170.377 1140.59 165.681 740.653 399.937 130.645 381.638 573.594 369.046 56.1797 202.93 102.231 78.4406 39.8023 109.575 233.715 259.471 92.3116 141.055 84.5575
internal_count=19756 17599 14607 2157 4223 2992 3302 3049 2825 10384 921 8655 764 6050 2605 585 2507 2584 2341 241 1601 453 340 184 658 1393 1683 515 781 512
is_linear=0
shrinkage=0.04


Tree=41
num_leaves=31
num_cat=0
split_feature=18 7 3 3 7 25 26 7 25 2 22 0 25 35 28 6 29 4 2 5 35 6 3 5 6 31 29 6 1 26
split_gain=233.577 61.8269 23.1145 16.8388 16.013 11.9785 11.8192 10.6328 10.2665 9.59679 8.44937 8.42878 8.42328 7.3554 7.26249 7.13549 6.68406 6.35437 6.30421 6.54995 6.39959 6.08414 6.25145 5.96262 5.53192 5.50837 5.49306 7.08593 5.67172 6.78283
threshold=1.5000000000000002 1.0000000180025095e-35 2.5000000000000004 2.5000000000000004 0.42499999701976782 0.27500000596046453 1.0000000180025095e-35 0.90000000596046459 0.31000000238418585 914.50000000000011 0.33224999904632574 8.2573847770690936 0.34999999403953558 0.62518233060836803 -0.7865660786628722 3.3842465877532963 -0.12940952181816107 0.94005209207534801 983.50000000000011 0.12439319118857385 1.4027330875396731 6.1706554889678964 3.5000000000000004 0.19839283823966983 6.4175486564636239 0.31666667759418493 0.78656607866287243 2.2499048709869389 1.5000000000000002 1.0000000180025095e-35
decision_type=2 2 2 2 2 2 2 2 2 2 2 2 2 2 2 2 2 2 2 2 2 2 2 2 2 2 2 2 2 2
left_child=1 3 5 6 11 7 24 25 9 -4 12 -2 14 -10 15 -5 -9 -8 19 -7 -21 22 -16 -17 -1 26 27 -3 -29 -30
right_child=4 2 8 10 -6 18 17 16 13 -11 -12 -13 -14 -15 21 23 -18 -19 -20 20 -22 -23 -24 -25 -26 -27 -28 28 29 -31
leaf_value=-0.01473955353666786 0.022020688791198065 0.022765630334261374 0.00473046718430979 0.013931353780113656 0.035794769811161413 -0.0040383499964618715 -0.0072305571840957693 0.029230981908398419 0.00045239843611260823 0.028537753828685057 0.018267257238014065 -0.0070567798963904905 0.020247736916952558 0.030577130799544189 -0.010708469499070006 0.0017768312714601694 -0.0041056354958661579 0.018932475389405529 0.026207406985581331 0.0035386004000085738 0.020499406295344556 0.018888603640321633 0.0037545619767945953 -0.022418174191334961 -0.030738216168737866 0.002661245949329729 0.0036703310119371199 -0.01481423525505752 -0.0098823542664481043 0.0067134830901272348
leaf_weight=672.3800904750824 149.87657763063908 8.7266421243548375 327.75479033961892 11.380583405494688 226.16617421805859 132.15906849503517 255.97324252873659 20.764832809567451 17.085714340209961 27.705028809607029 26.091150045394897 16.885427877306938 18.661133944988251 52.616884544491768 99.215378701686859 19.962316028773785 15.91033301502466 13.868763752281664 17.679631531238556 163.63962027430534 43.931948408484459 18.813989616930485 89.153108436614275 80.454860053956509 36.575692918151617 89.448029585182667 55.099221542477608 219.92736116424203 142.13563008606434 52.622190296649933
leaf_count=5490 717 45 1624 65 1384 617 1990 95 78 134 144 58 100 226 630 136 73 97 81 781 171 122 576 548 306 485 348 1421 878 315
internal_value=0 -0.00409962 0.00182235 -0.0102123 0.0288111 -0.00161264 -0.0129391 -0.00503819 0.00956608 0.00673533 -0.00284372 0.0190277 -0.00457302 0.0234115 -0.00614221 -0.0142626 0.0153045 -0.00575649 0.00417818 0.00288511 0.00728968 -0.00166589 -0.00389572 -0.0176676 -0.0156491 -0.00640088 -0.00809889 -0.00964049 -0.0104284 -0.00537561
internal_weight=0 2729.74 1387.21 1342.53 392.928 962.045 978.798 604.634 425.162 355.46 363.733 166.762 337.641 69.7026 318.98 111.798 36.6752 269.842 357.41 339.731 207.572 207.182 188.368 100.417 708.956 567.959 478.511 423.412 414.685 194.758
internal_count=19735 17576 7372 10204 2159 5310 7883 3660 2062 1758 2321 775 2177 304 2077 749 168 2087 1650 1569 952 1328 1206 684 5796 3492 3007 2659 2614 1193
is_linear=0
shrinkage=0.04


Tree=42
num_leaves=31
num_cat=0
split_feature=33 7 15 0 30 16 7 26 2 4 8 5 5 35 26 12 4 21 34 16 0 16 5 27 15 14 27 2 22 35
split_gain=233.957 58.9062 18.1667 15.8839 15.0692 30.7582 14.5561 11.8596 15.7609 11.9347 10.9095 9.30321 9.40196 8.64077 8.61708 7.64329 7.52184 7.49015 7.4849 7.44353 7.41771 7.74453 7.38897 7.1552 6.88678 6.85431 6.72837 6.65112 5.51325 5.50686
threshold=1.0000000180025095e-35 0.57499998807907116 0.19597221910953525 6.8834495544433603 1.0000000180025095e-35 0.49037019908428198 0.57499998807907116 1.0000000180025095e-35 747.50000000000011 0.89435571432113659 5.5000000000000009 0.29724532365798956 0.26023301482200628 0.77129027247428905 1.0000000180025095e-35 1.0000000180025095e-35 0.83502167463302623 14.500000000000002 6.5000000000000009 11.517089843750002 6.7522532939910898 25.205366134643558 0.2542980313301087 3.8867046833038335 0.22857142984867099 0.89587974548339855 3.3268313407897954 703.50000000000011 0.37299999594688421 0.76327344775199901
decision_type=2 2 2 2 2 2 2 2 2 2 2 2 2 2 2 2 2 2 2 2 2 2 2 2 2 2 2 2 2 2
left_child=1 2 3 13 7 10 11 22 -9 29 -6 12 17 -1 26 18 24 -2 -5 -16 21 -18 -4 -24 -7 -15 -3 -23 -8 -10
right_child=6 14 4 15 5 16 28 8 9 -11 -12 -13 -14 25 19 -17 20 -19 -20 -21 -22 27 23 -25 -26 -27 -28 -29 -30 -31
leaf_value=-0.007189104586135012 0.026735139837529988 0.023150964211454791 -0.012003147275570156 -0.018651524800398993 0.011212588902772762 0.031020169870599103 0.0096682670196490787 -0.0054548208964397505 0.0069859202632113794 -0.0040163100058668855 0.059662971060943988 0.031764895152065237 -0.0083054986424274287 0.031153379371989413 0.020429613407570667 0.00096561528639269533 -0.01980267999589351 0.0069156370599233697 0.012920940449544092 0.0042622132291070735 -0.012540647583360929 0.036337092045245115 -0.017515077827509624 0.0050133246359183262 0.0021604069330558254 -0.0059558092831238441 0.0018586978164200081 -0.0095657202815783941 0.037282099666893172 0.040728514776652833
leaf_weight=249.36123765259981 72.35402275621891 23.179781414568424 558.52497778087854 480.85004349797964 14.15772481262684 13.104992508888243 14.117358654737471 217.52796485647559 12.11590740084648 25.638269156217575 16.809027045965195 73.393203750252724 23.934054434299469 16.125588655471805 101.94474238157272 36.731478840112686 8.2533746212720889 54.833151295781136 10.994595885276793 83.452294133603573 109.18000217527151 14.048958364874126 28.401193477213383 85.460656814277172 109.73329596221447 13.229069136083124 427.9121595993638 6.3460394106805316 183.17959843575954 25.421827979385853
leaf_count=2389 357 101 3822 3560 61 87 70 1344 79 164 85 388 119 106 417 234 76 253 67 388 753 125 160 495 670 96 1934 57 1159 137
internal_value=0 -0.00455664 -0.00785263 -0.0125217 -0.00480921 0.00313093 0.027418 -0.00724026 -0.00032906 0.0169458 0.039536 0.0201328 0.0141424 -0.0047489 0.00606084 -0.0165869 -0.00146204 0.0184299 -0.0178963 0.0132754 -0.00782371 0.00979799 -0.010116 -0.000811403 0.00568695 0.0151165 0.00305018 0.0224754 0.0354231 0.0307418
internal_weight=0 2688.51 2052.02 807.292 1244.72 291.633 421.811 953.091 280.704 63.176 30.9668 224.514 151.121 278.716 636.489 528.576 260.667 127.187 491.845 185.397 137.828 28.6484 672.387 113.862 122.838 29.3547 451.092 20.395 197.297 37.5377
internal_count=19753 17407 14567 6452 8115 1914 2346 6201 1724 380 146 1117 729 2591 2840 3861 1768 610 3627 805 1011 258 4477 655 757 202 2035 182 1229 216
is_linear=0
shrinkage=0.04


Tree=43
num_leaves=31
num_cat=0
split_feature=18 9 23 3 25 9 25 27 18 23 15 0 3 3 18 25 0 0 5 28 3 5 16 25 2 15 0 27 12 3
split_gain=190.977 63.9066 26.7447 15.1136 14.655 13.556 11.6582 9.3946 8.54017 8.14004 7.89355 8.34189 9.90162 7.55063 8.42028 8.31994 7.13561 7.76199 9.22259 7.0578 8.64886 8.19091 9.65159 6.96306 6.55048 7.36448 7.14174 7.1331 6.94634 6.40966
threshold=1.5000000000000002 1.0000000180025095e-35 1.0000000180025095e-35 2.5000000000000004 0.27500000596046453 1.0000000180025095e-35 0.17500000447034839 3.4919505119323735 9.5000000000000018 1.0000000180025095e-35 0.21374999731779101 6.2460598945617685 2.5000000000000004 2.5000000000000004 3.5000000000000004 0.31000000238418585 7.7981107234954843 7.12768578529358 0.13841129839420321 -0.7865660786628722 3.5000000000000004 0.1991856470704079 49.659969329833991 0.17500000447034839 565.50000000000011 0.19597221910953525 6.8627440929412851 3.5931932926177983 1.0000000180025095e-35 3.5000000000000004
decision_type=2 2 2 2 2 2 2 2 2 2 2 2 2 2 2 2 2 2 2 2 2 2 2 2 2 2 2 2 2 2
left_child=1 4 3 6 29 8 -3 -4 -2 13 -6 -12 16 14 -7 -16 17 -13 -19 21 -21 22 -5 -22 -8 26 -26 -27 -29 -1
right_child=5 2 7 19 10 9 24 -9 -10 -11 11 12 -14 -15 15 -17 -18 18 -20 20 23 -23 -24 -25 25 27 -28 28 -30 -31
leaf_value=-0.00081234912360748457 0.036613550681589217 -0.017694877717520176 0.036761863184605149 0.029898163807375019 0.0019409310644795052 0.026577291604285031 -0.013990024357722621 0.0039671321342754943 0.015384345826042077 0.034698542803395002 -0.0077572152545047944 0.016292938828736225 0.028537384362668394 0.025758280851985751 -0.014128334931212712 0.014921229815191924 0.030019664465456057 -0.016170585896251737 0.013622087807959919 -0.0053666601968052697 -0.0056497619962157086 -0.014299383610651549 -0.015170079744774646 0.015300363482114304 5.0666095841707481e-05 0.01380925099525906 -0.016434934677026034 -0.006793382312641069 0.013167867686966761 0.010883049222687031
leaf_weight=471.58994201570749 186.98808841407299 364.54588248580694 13.353435605764387 14.546147212386133 103.21055898070335 19.146101519465446 285.91024100407958 165.08262550085783 41.10179477930069 31.888454765081406 22.336514696478844 68.983467891812325 80.553012296557426 40.492911271750927 37.503507718443871 24.30449353158474 24.895762294530869 35.11035044491291 28.176320552825928 146.27224444970489 34.987037423998117 118.64159927517176 12.358252562582491 82.79236963391304 56.648228447884321 35.256131038069725 160.96248158067465 268.76585147902369 29.237302906811237 87.101348623633385
leaf_count=2327 1197 3546 58 95 454 85 2230 777 248 169 95 280 333 204 154 105 85 132 103 949 265 787 89 495 577 213 1250 1865 166 398
internal_value=0 -0.00342751 -0.00783264 -0.00946004 0.00512052 0.0267312 -0.0117198 0.00680163 0.032955 0.017168 0.0113511 0.0150425 0.0172316 0.0120775 0.00477834 -0.00259565 0.0111513 0.00720561 -0.00289541 -0.00280749 0.00110001 -0.00981536 0.00957929 0.00908659 -0.00908079 -0.00649143 -0.012182 -0.00272508 -0.00476024 0.00104331
internal_weight=0 2711.32 1789.36 1610.92 921.957 381.425 1201.33 178.436 228.09 153.335 363.266 260.055 237.719 121.447 80.9541 61.808 157.166 132.27 63.2867 409.598 264.052 145.546 26.9044 117.779 836.78 550.87 217.611 333.259 298.003 558.691
internal_count=19731 17569 13362 12527 4207 2162 9847 835 1445 717 1482 1028 933 548 344 259 600 515 235 2680 1709 971 184 760 6301 4071 1827 2244 2031 2725
is_linear=0
shrinkage=0.04


Tree=44
num_leaves=31
num_cat=0
split_feature=18 7 23 31 3 27 25 7 25 16 7 35 23 6 29 25 29 25 16 2 26 31 22 29 5 23 26 27 35 8
split_gain=203.313 51.7928 27.2703 22.0476 19.7873 14.9827 14.1876 14.1659 10.2929 8.82945 8.10943 8.10576 7.91833 9.01491 7.64855 7.6351 7.4763 7.08582 6.97631 6.97624 6.36565 6.35385 6.35206 6.1701 5.57772 6.65064 5.46796 5.37375 10.1164 5.45984
threshold=1.5000000000000002 1.0000000180025095e-35 1.0000000180025095e-35 0.28991597890853887 1.5000000000000002 3.3446254730224614 0.27500000596046453 0.25000000000000006 0.2100000008940697 2.865721702575684 0.57499998807907116 0.47557584941387182 1.0000000180025095e-35 6.0787878036499032 0.12940952181816107 0.23499999940395358 0.91597560048103344 0.27500000596046453 36.671604156494148 791.50000000000011 1.0000000180025095e-35 0.16025641560554507 0.13516666740179065 0.78656607866287243 0.09622471779584886 1.0000000180025095e-35 1.0000000180025095e-35 4.0208768844604501 0.63267904520034801 7.5000000000000009
decision_type=2 2 2 2 2 2 2 2 2 2 2 2 2 2 2 2 2 2 2 2 2 2 2 2 2 2 2 2 2 2
left_child=1 4 3 6 20 15 10 12 11 -5 23 -7 13 -2 18 -6 19 -18 -11 -10 -1 -12 -22 27 -24 -26 -16 28 -3 -30
right_child=7 2 -4 9 5 8 -8 -9 16 14 21 -13 -14 -15 26 -17 17 -19 -20 -21 22 -23 24 -25 25 -27 -28 -29 29 -31
leaf_value=-0.018592639831849268 0.020064942519491792 0.0018050884993468792 0.019088459323249846 0.026160755502722923 -9.7449413240430395e-05 0.0051307844308564081 0.0033561576416617552 0.03368990218782017 -0.0068617667464538927 -0.0086459947111231627 0.00027371575501263835 -0.015192466277467143 0.03516997045221016 -0.0034503063146148405 -0.011132946384860969 0.036686140835134794 -0.0072988679869885834 0.032668563372250617 0.016773254448290913 0.0055557347144986266 -0.027683558835684845 -0.023301891244099777 0.01913522296355772 0.0040897209482809302 -0.011754734359694111 0.014768451424767681 0.012633971163438123 -0.0083629072950704084 -0.032886710582353679 -0.0095310457763097146
leaf_weight=361.96087039634585 73.497177176177502 26.978474039584398 126.26581960171461 45.537922963500023 16.90878676250577 34.773984730243683 376.37169277667999 231.42148264497519 366.08134503662586 19.376381143927574 268.36992973089218 255.62494942545891 29.425339236855507 39.059044361114502 48.065953016281128 17.34758199006319 10.933834813535215 15.435577377676962 103.14755395054817 88.503897696733475 21.130883626639843 17.625182434916496 12.11437516286969 41.118717353790998 93.027163621038198 16.219840735197067 20.533472463488579 213.23100283369422 57.28172130137682 24.841546557843685
leaf_count=3062 352 228 540 203 124 384 1740 1489 2483 99 1302 2135 157 152 249 86 78 90 523 552 196 87 102 291 764 74 104 1527 359 181
internal_value=0 -0.00386631 0.00151576 -0.000269168 -0.00956525 -0.0056525 -0.00281192 0.02755 -0.0068183 0.0106837 -0.00638581 -0.0127404 0.0172134 0.011987 0.00676331 0.0195261 -0.00320461 0.0167502 0.0126791 -0.00443044 -0.0157669 -0.00133092 -0.00843093 -0.0103344 -0.00468427 -0.00762214 -0.00386256 -0.0121883 -0.0193795 -0.0262164
internal_weight=0 2698.81 1388.75 1262.48 1310.06 805.61 1025.82 373.403 771.354 236.661 649.447 290.399 141.982 112.556 191.123 34.2564 480.955 26.3694 122.524 454.585 504.453 285.995 142.492 363.451 121.361 109.247 68.5994 322.333 109.102 82.1233
internal_count=19713 17563 7433 6893 10130 5932 5715 2150 5722 1178 3975 2519 661 504 975 210 3203 168 622 3035 4198 1389 1136 2586 940 838 353 2295 768 540
is_linear=0
shrinkage=0.04


Tree=45
num_leaves=31
num_cat=0
split_feature=18 7 23 3 7 25 25 4 25 27 0 5 7 23 18 6 35 25 4 0 23 0 3 8 2 7 3 35 7 4
split_gain=181.429 47.6527 19.0506 17.208 15.2459 14.9584 11.0686 10.8836 9.20701 8.89653 8.53871 8.52546 8.28109 7.87434 10.2154 7.69565 7.66984 7.27447 7.16936 6.58075 6.50971 6.46796 6.43424 6.96316 6.12437 6.30599 6.65642 5.95813 6.38798 5.50613
threshold=1.5000000000000002 1.0000000180025095e-35 1.0000000180025095e-35 1.5000000000000002 0.57499998807907116 0.23499999940395358 0.27500000596046453 0.92020362615585338 0.34999999403953558 3.3446254730224614 5.9557535648345956 0.22601848840713504 0.57499998807907116 1.0000000180025095e-35 9.5000000000000018 3.979637980461121 1.4605025053024294 0.23499999940395358 0.85950115323066723 6.0775766372680673 1.0000000180025095e-35 7.638195514678956 1.5000000000000002 7.5000000000000009 983.50000000000011 0.90000000596046459 3.5000000000000004 1.5413821935653689 0.25000000000000006 0.85652789473533641
decision_type=2 2 2 2 2 2 2 2 2 2 2 2 2 2 2 2 2 2 2 2 2 2 2 2 2 2 2 2 2 2
left_child=1 5 3 12 8 10 24 15 13 18 -1 21 16 14 -2 -8 -3 -14 -7 -17 -11 -4 -22 -24 25 26 27 -5 -29 -28
right_child=4 2 11 6 -6 9 7 -9 -10 20 -12 -13 17 -15 -16 19 -18 -19 -20 -21 22 -23 23 -25 -26 -27 29 28 -30 -31
leaf_value=0.011098366237785824 0.014754248035290912 -0.013107865583640388 0.015556932670148337 -0.0077619816013203644 0.034924493378314728 0.03851540774468671 0.028870790262914225 -0.020983011018295757 0.033178982043906451 -0.0071838356336860953 -0.013922039380474595 0.034544282016476753 -0.0066721665906860975 0.031293882440944637 -0.011682421969992505 -0.014865704419785648 0.0017901477137812706 0.0076828068209253879 -0.0012691091576084229 0.011037761164341495 -0.010068725108572808 -0.0090108200436178117 0.03592644899882886 0.0025701123633310179 0.021394779010516368 0.016768534609519416 0.0098464976081096486 -0.014005359325702968 0.015506160944051122 -0.018074479009043101
leaf_weight=21.113433782011271 97.23832692950964 241.85396533459425 72.055554136633873 253.37059676647186 167.00322875380516 11.437482580542566 35.89380544424057 15.170484706759451 49.183978885412216 499.94091328978539 698.49424104765058 29.142963379621506 113.59779742360115 29.265292309224606 28.954396590590477 15.231569215655325 70.929499343037605 108.45527978241444 15.46508529037237 210.82445213198662 23.209437876939774 20.860463693737984 14.457236737012861 26.441741615533829 18.452094994485378 27.804674454033375 90.181234128773212 14.935103908181189 37.354343444108963 11.018594697117804
leaf_count=232 496 1724 316 1564 1130 57 150 68 262 3491 6069 131 571 167 129 77 361 448 88 946 100 73 62 115 98 124 473 89 147 58
internal_value=0 -0.00382826 0.00133941 -0.000127279 0.0259111 -0.00929157 0.00386113 0.0101271 0.0182887 -0.00455341 -0.0131592 0.0162979 -0.00556693 0.0132161 0.00860084 0.0120742 -0.00973955 0.000345092 0.0171398 0.00917733 -0.00564498 0.00996761 0.00620982 0.0154863 1.26879e-06 -0.00100075 -0.00229118 -0.00523022 0.00687155 0.00651511
internal_weight=0 2697.69 1387.13 1265.07 371.645 1310.56 730.237 277.12 204.642 590.952 719.608 122.059 534.837 155.458 126.193 261.95 312.783 222.053 26.9026 226.056 564.049 92.916 64.1084 40.899 453.117 434.665 406.86 305.66 52.2894 101.2
internal_count=19816 17632 7418 6898 2184 10214 3794 1241 1054 3913 6301 520 3104 792 625 1173 2085 1019 145 1023 3768 389 277 177 2553 2455 2331 1800 236 531
is_linear=0
shrinkage=0.04


Tree=46
num_leaves=31
num_cat=0
split_feature=21 7 31 3 2 25 26 4 1 25 29 35 25 0 16 28 2 2 35 3 1 0 7 28 28 0 2 27 26 4
split_gain=159.24 40.0218 24.5984 21.8765 15.8091 11.1589 9.64777 9.1538 9.76914 8.71152 7.34339 7.32479 7.00734 6.99036 11.0903 7.55223 6.98911 6.91276 6.87395 6.62914 6.61487 6.55213 5.89051 5.87961 7.18895 5.8677 5.82636 5.81949 9.26061 7.40084
threshold=1.5000000000000002 0.57499998807907116 0.81857365369796764 2.5000000000000004 635.50000000000011 0.27500000596046453 1.0000000180025095e-35 0.80297762155532848 1.5000000000000002 0.27500000596046453 0.78656607866287243 1.7290275692939761 0.23499999940395358 6.9994120597839364 15.774839401245119 -0.37940952181816096 583.50000000000011 406.50000000000006 1.2791697382926943 2.5000000000000004 1.5000000000000002 7.6038949489593515 0.25000000000000006 0.12940952181816109 0.37940952181816107 6.6012070178985605 786.50000000000011 3.8928396701812749 1.0000000180025095e-35 0.84456345438957225
decision_type=2 2 2 2 2 2 2 2 2 2 2 2 2 2 2 2 2 2 2 2 2 2 2 2 2 2 2 2 2 2
left_child=1 3 4 5 13 20 10 8 17 -8 11 18 -6 25 -15 -16 -10 -5 19 -3 21 23 -14 -1 -25 -2 -18 29 -29 -7
right_child=2 6 -4 7 12 27 9 -9 16 -11 -12 -13 22 14 15 -17 26 -19 -20 -21 -22 -23 -24 24 -26 -27 -28 28 -30 -31
leaf_value=-0.015136911557798836 0.001371819094331336 -0.0043431508110253619 0.029511674776370393 0.019914110186047617 0.0080865401868194502 0.021721792351022836 0.0052467626789685648 -0.0052810425611512406 -0.010957153928025827 0.023940827869460463 0.017036168255226608 0.01627010474683949 0.014093641604721482 0.025290800053633246 -0.020993412213233972 0.011717614428482417 0.024309810641372893 -0.0050470281677224083 -0.01589927916802077 0.008875026505368467 -0.0081253354161514909 -0.022767135408700973 0.03476531115517844 0.015005608621566318 -0.0096117365484563854 -0.032386375878403914 0.0062162299229518089 -0.011002982857091883 0.0023867563462250745 -0.0018931329339172652
leaf_weight=277.9231396317482 15.73419710993767 162.8223727196455 247.46025215834379 18.42934887856245 57.179242633283138 24.455045156180859 90.926027469336987 255.41172346100211 15.813485600054262 71.173569574952126 44.075419098138809 37.324460372328758 43.507876589894295 27.182450093328953 23.312717020511627 18.64361560344696 63.715874098241329 134.05269395560026 46.40313558280468 94.109923787415028 433.60359546914697 128.47487463802099 54.301620848476887 23.080590199679136 76.806180831044912 14.939790509641169 53.441425569355488 269.39338154345751 117.93775732815266 106.29480294883251
leaf_count=2656 91 797 1562 117 273 132 421 1579 104 279 192 134 202 130 104 84 362 842 185 433 3623 833 292 210 733 83 296 1751 689 624
internal_value=0 -0.00405038 0.0205518 -0.00667258 0.0116881 -0.00921834 0.00552391 0.000198503 0.00510401 0.0136466 0.00204873 2.15019e-05 0.0196019 -0.000744005 0.00630516 -0.00658623 0.0129435 -0.0018114 -0.00207131 0.000529597 -0.0118148 -0.0149303 0.0260368 -0.0121595 -0.00374057 -0.0160461 0.0162993 -0.00448053 -0.00693465 0.00278444
internal_weight=0 2545.67 502.262 1998.83 254.802 1457.97 546.835 540.865 285.453 162.1 384.735 340.66 154.989 99.8128 69.1388 41.9563 132.971 152.482 303.335 256.932 939.888 506.285 97.8095 377.81 99.8868 30.674 117.157 518.081 387.331 130.75
internal_count=19813 16992 2821 14551 1259 11251 2441 3300 1721 700 1741 1549 767 492 318 188 762 959 1415 1230 8055 4432 494 3599 943 174 658 3196 2440 756
is_linear=0
shrinkage=0.04


Tree=47
num_leaves=31
num_cat=0
split_feature=18 7 23 23 3 7 3 1 6 30 0 22 25 18 0 29 14 2 27 2 25 25 6 2 4 27 0 27 20 2
split_gain=156.013 44.7279 21.2547 18.5019 15.9302 14.3211 13.8022 9.71814 8.8747 8.37737 7.36569 9.90821 6.86627 6.68854 6.5798 6.47257 6.37412 7.06956 6.90178 6.28719 6.15728 6.12549 6.17249 6.42822 6.11932 6.59126 6.45262 8.56596 6.38319 5.72304
threshold=1.5000000000000002 1.0000000180025095e-35 1.0000000180025095e-35 1.0000000180025095e-35 1.5000000000000002 0.25000000000000006 1.5000000000000002 2.5000000000000004 2.4414010047912602 2.2499048709869389 6.6280195713043222 0.18722222000360492 0.23499999940395358 1.0000000180025095e-35 7.638195514678956 0.91597560048103344 1.0000000180025095e-35 777.50000000000011 4.4664824008941659 401.50000000000006 0.34999999403953558 0.23499999940395358 4.6200466156005868 565.50000000000011 0.90959092974662792 3.3268313407897954 7.4060986042022714 3.8743206262588505 0.28611111640930181 639.50000000000011
decision_type=2 2 2 2 2 2 2 2 2 2 2 2 2 2 2 2 2 2 2 2 2 2 2 2 2 2 2 2 2 2
left_child=1 3 6 4 19 12 8 15 -3 13 -6 -12 -2 -9 -4 -8 17 29 -18 -1 -10 -21 23 -23 25 -13 27 -27 -29 -5
right_child=5 2 14 16 10 -7 7 9 20 -11 11 24 -14 -15 -16 -17 18 -19 -20 21 -22 22 -24 -25 -26 26 -28 28 -30 -31
leaf_value=-0.03376478387006978 -7.626204622439433e-05 0.029978358057570528 0.021782901066349648 0.016321568691006684 0.00037895897128219371 0.031483016380891495 0.0013340452086795409 0.02067411592696048 -0.0061641358671358825 0.042319425394563764 -0.016091241470013576 0.023176856270245152 0.020081960080996671 -0.0017074490759796848 -0.0013656075036580576 0.019469667209511352 0.0059812826843477409 0.038172437356447111 -0.020397262428785812 -0.01888619836180342 0.012142273912255471 -0.018877567872306596 -0.012123519841952674 0.018493070039421404 -0.018144921063253806 -0.024004678014369882 0.0049940869774936269 -0.0066945713015644252 0.016514392347954467 -0.011109541379373892
leaf_weight=28.349493872374296 37.076400645077229 9.8391424566507322 104.50130112469196 33.573298558592796 200.52756037190557 222.53844857960939 598.8893320672214 44.177204973995686 492.22414660081267 14.167078942060469 182.85631529986858 13.323216818273066 97.681624732911587 39.229316808283329 23.811873063445091 31.263678424060345 47.349668048322201 13.823880538344381 21.433412097394466 223.45990372076631 29.430250428617001 8.8312010541558283 153.14031724259257 21.705035388469696 43.815394811332226 39.543239511549473 89.92976588755846 132.03934783488512 20.143392592668533 16.796349495649338
leaf_count=264 166 49 466 152 1755 1518 3128 202 2917 71 1515 69 480 218 84 156 243 61 111 2266 142 64 1172 149 332 279 540 960 146 77
internal_value=0 -0.00283118 0.00215356 -0.00818518 -0.0098076 0.0252381 0.000561196 0.00413539 -0.00432978 0.0157517 -0.00613629 -0.0086327 0.0146158 0.0103537 0.0175321 0.00229256 0.00587529 0.0147421 -0.00258258 -0.01584 -0.00508891 -0.0144329 -0.00886991 0.00718928 -0.00453632 -0.00240635 -0.0037714 -0.00789199 -0.00344819 0.0070994
internal_weight=0 2678.17 1387.53 1290.64 1157.66 357.296 1259.22 727.727 531.494 97.5736 722.178 521.651 134.758 83.4065 128.313 630.153 132.977 64.1935 68.7831 435.486 521.654 407.136 183.677 30.5362 338.794 294.979 281.656 191.726 152.183 50.3696
internal_count=19752 17588 7433 10155 9511 2164 6883 3775 3108 491 5596 3841 646 420 550 3284 644 290 354 3915 3059 3651 1385 213 2326 1994 1925 1385 1106 229
is_linear=0
shrinkage=0.04


Tree=48
num_leaves=31
num_cat=0
split_feature=18 7 25 25 23 27 2 3 28 4 7 4 16 21 27 27 7 31 27 16 29 3 2 0 25 22 3 29 16 27
split_gain=159.09 37.6254 20.2349 12.8445 11.2204 9.59664 9.09661 8.97368 8.92708 9.72631 8.80789 8.49111 8.20133 11.6782 7.44354 8.11604 8.19846 7.30807 10.8731 8.47736 7.34407 7.18284 7.63133 8.32099 6.92094 6.70083 6.53503 6.36382 6.29961 6.23544
threshold=1.5000000000000002 1.0000000180025095e-35 0.27500000596046453 0.23499999940395358 1.0000000180025095e-35 3.6951092481613164 983.50000000000011 2.5000000000000004 -0.7865660786628722 0.79002121090888988 0.57499998807907116 0.914309322834015 13.130346298217775 1.0000000180025095e-35 3.857566356658936 4.1581013202667245 0.57499998807907116 0.28991597890853887 4.0208768844604501 41.313606262207038 -0.6035533845424651 1.5000000000000002 541.50000000000011 5.9557535648345956 0.23499999940395358 0.37299999594688421 1.5000000000000002 -0.91597560048103321 193.91896820068362 3.7577049732208256
decision_type=2 2 2 2 2 2 2 2 2 2 2 2 2 2 2 2 2 2 2 2 2 2 2 2 2 2 2 2 2 2
left_child=1 3 5 21 6 12 11 -5 -9 -10 24 14 13 -3 26 -16 27 18 20 -20 -7 -1 -23 -24 -2 -25 -4 -17 -21 -22
right_child=10 2 4 7 -6 17 -8 8 9 -11 -12 -13 -14 -15 15 16 -18 -19 19 28 29 22 23 25 -26 -27 -28 -29 -30 -31
leaf_value=-0.016780040172052549 0.0063445342051337821 0.0071933042543682593 0.0021557059057573658 -0.0066167870723307888 0.024903624526927872 -0.027129944816554574 0.030652219662268412 -0.0092110866687020575 0.023331234074028758 -0.00053891820718024051 0.032950930942416121 -0.010831421492789385 -0.0027286579512064519 0.045286132048333927 -0.0072394292132271975 -0.019678815409906621 0.015833085980291182 0.0044162715731475878 0.00098701071686862324 -0.012658810977439833 -0.033112102558386293 -0.016600234042598545 0.024646675768671279 -0.007839273637925314 0.023918084185970159 0.017323024828544954 0.024096429662941132 0.0044871361626737643 0.014911798330784097 -0.0030971480403043238
leaf_weight=268.92346906661987 49.447774887084961 49.659381777048111 34.515998899936676 419.02294953912497 53.175634413957596 52.988438446074724 20.363272629678249 49.759710364043713 50.768793776631355 56.43285559117794 151.36985275894403 49.689937271177769 60.230944134294987 15.886967957019804 82.576035633683205 19.400735087692738 96.82849457859993 134.72293612360954 306.75631172582507 148.07294227555394 11.262177623808382 126.4995587952435 12.580426309257744 279.75582033768296 148.2892079949379 16.159986190497875 58.597520858049393 92.095732070505619 12.877339348196982 70.460494708269835
leaf_count=2620 240 272 162 2991 218 316 97 289 267 311 1095 219 370 80 377 102 385 697 1764 975 71 1139 125 2286 803 109 265 485 81 428
internal_value=0 -0.00309107 0.00151529 -0.00801695 0.00783936 -0.00221167 0.00574052 -0.00356915 0.00454769 0.0109858 0.0255612 0.00443554 0.00791867 0.0174937 0.0064569 0.00325556 0.00744486 -0.00395694 -0.00583792 -0.00292342 -0.015766 -0.011636 -0.00839353 -0.00494311 0.019631 -0.00635809 0.0161796 9.50908e-06 -0.010297 -0.00792568
internal_weight=0 2650.06 1370.16 1279.9 507.243 862.918 454.068 575.984 156.961 107.202 349.107 433.704 125.777 65.5463 384.015 290.901 208.325 737.141 602.418 467.707 134.711 703.919 434.996 308.496 197.737 295.916 93.1135 111.496 160.95 81.7227
internal_count=19639 17501 7364 10137 2310 5054 2092 3858 867 578 2138 1995 722 352 1776 1349 972 4332 3635 2820 815 6279 3659 2520 1043 2395 427 587 1056 499
is_linear=0
shrinkage=0.04


Tree=49
num_leaves=31
num_cat=0
split_feature=32 7 25 23 7 3 23 3 23 5 26 27 6 2 31 16 31 16 21 5 13 1 0 6 25 30 0 0 23 15
split_gain=140.622 41.2031 19.8311 16.1079 15.5051 13.9307 9.74922 9.63555 9.15445 8.30311 7.96218 8.00404 7.80172 9.61849 7.70225 8.97853 7.36267 7.5153 7.59772 9.61955 8.37371 7.0202 7.92389 6.95739 6.54616 6.34876 6.34633 6.88095 6.09674 6.09175
threshold=5.5000000000000009 1.0000000180025095e-35 0.27500000596046453 1.0000000180025095e-35 1.0000000180025095e-35 2.5000000000000004 1.0000000180025095e-35 2.5000000000000004 1.0000000180025095e-35 0.29724532365798956 1.0000000180025095e-35 4.2275631427764901 5.3057861328125009 768.50000000000011 1.0000000180025095e-35 19.564964294433597 0.41428571939468389 41.313606262207038 1.0000000180025095e-35 0.18464760482311252 1.0000000180025095e-35 2.5000000000000004 6.7405018806457528 2.2499048709869389 0.34999999403953558 1.7005987167358401 7.2970852851867685 6.5012614727020273 1.0000000180025095e-35 0.35625000298023229
decision_type=2 2 2 2 2 2 2 2 2 2 2 2 2 2 2 2 2 2 2 2 2 2 2 2 2 2 2 2 2 2
left_child=1 5 7 4 9 6 12 16 14 29 -8 -12 13 -1 21 -16 17 18 23 20 -20 -4 -23 -3 -7 -22 27 -17 -9 -2
right_child=3 2 8 -5 -6 24 10 28 -10 -11 11 -13 -14 -15 15 26 -18 -19 19 -21 25 22 -24 -25 -26 -27 -28 -29 -30 -31
leaf_value=-0.011231922136908703 -0.016401883781671161 0.021154157062372028 0.0013667489978624312 0.039776925507077149 0.025257609253892001 -0.002809719673430688 -0.0072557717118705073 0.0025319810731681915 0.023480412415571462 0.018884467366551035 -0.0039574487019977088 0.033206773518852026 -0.015713916791728396 0.0046011208489436881 0.036546264255678154 -0.0072336792455796476 0.0066344872219039333 -0.012727741290475282 0.032038000903229585 -0.023775048849930928 0.019642162255131383 -0.0064623781890155952 0.029256448365610112 -0.0075536508320087061 0.020129447842318054 -0.013176244701278652 -0.0086452800427645974 0.025728499470622637 0.02409845037938552 0.0091490744099426355
leaf_weight=273.50025586038828 29.502231389284134 12.415511257946489 318.19655571877956 75.289531260728836 196.11367724835873 332.77950385212898 64.66951034963131 239.87124438583851 53.17924627661705 40.767444029450417 16.714463889598846 17.807636171579361 459.23795385658741 77.776542913168669 23.802272774279118 13.098944038152693 76.974101141095161 191.66019990295172 24.58300206810236 10.302578892558811 15.407337725162504 13.584725104272364 29.588951379060745 236.17769049480557 19.171785734593868 18.615522611886263 22.107654251158237 33.806820094585419 21.065242499113083 26.58617527037859
leaf_count=2375 122 64 1481 501 1325 2193 331 1245 215 215 75 84 4298 630 102 69 412 1309 130 63 111 71 127 1423 101 131 90 153 96 113
internal_value=0 -0.00302653 0.00181797 0.0233099 0.0188371 -0.00822193 -0.0108316 -0.00192841 0.00805575 0.00558876 0.000987705 0.0159817 -0.0122769 -0.00772011 0.0061547 0.0163116 -0.00477035 -0.00651372 -0.00270643 0.008877 0.0152122 0.00347055 0.0182289 -0.0059625 -0.00145348 0.00195105 0.00850005 0.0166041 0.00444309 -0.0043926
internal_weight=0 2616.1 1354.44 368.259 292.97 1261.66 909.706 847.072 507.365 96.8559 99.1916 34.5221 810.515 351.277 454.186 92.8157 586.136 509.162 317.502 68.9084 58.6059 361.37 43.1737 248.593 351.951 34.0229 69.0134 46.9058 260.936 56.0884
internal_count=19655 17379 7292 2276 1775 10087 7793 4984 2308 450 490 159 7303 3005 2093 414 3643 3231 1922 435 372 1679 198 1487 2294 242 312 222 1341 235
is_linear=0
shrinkage=0.04


Tree=50
num_leaves=31
num_cat=0
split_feature=32 7 31 16 23 3 35 23 7 26 18 15 35 2 29 6 2 29 0 29 5 6 5 2 35 26 16 6 0 27
split_gain=141.064 26.8643 25.0826 19.247 17.3223 14.7992 11.4869 9.80679 8.72248 8.39638 8.12903 7.43574 9.63721 9.09262 7.36202 7.95491 7.17999 7.14121 7.11921 6.9021 6.85791 6.68387 6.12374 10.2778 7.1283 8.00085 6.06438 5.90442 6.50249 5.90423
threshold=1.5000000000000002 0.42499999701976782 0.82623791694641124 15.774839401245119 1.0000000180025095e-35 1.5000000000000002 0.69440114498138439 1.0000000180025095e-35 1.0000000180025095e-35 1.0000000180025095e-35 9.5000000000000018 0.19597221910953525 0.78986406326293956 751.50000000000011 0.12940952181816107 4.5163240432739267 589.50000000000011 0.91597560048103344 7.2626225948333749 0.37940952181816107 0.30756701529026037 5.5778396129608163 0.1185927838087082 789.50000000000011 0.83344134688377391 1.0000000180025095e-35 117.94472885131837 4.7833075523376474 6.8834495544433603 4.2842757701873788
decision_type=2 2 2 2 2 2 2 2 2 2 2 2 2 2 2 2 2 2 2 2 2 2 2 2 2 2 2 2 2 2
left_child=1 4 3 6 5 -1 -2 8 19 -7 -4 27 20 14 15 -14 -17 22 -19 -5 21 -13 23 24 25 -3 -6 -11 -29 -16
right_child=2 17 10 7 26 9 -8 -9 -10 11 -12 12 13 -15 29 16 -18 18 -20 -21 -22 -23 -24 -25 -26 -27 -28 28 -30 -31
leaf_value=-0.012831658957031446 -0.0051759733786563601 -0.0099818527709629717 0.031538868983298503 -0.023631539172521969 0.0084951743027334974 -0.0071578446021832113 0.029344094564366961 0.025649777518303614 0.0054776961383594313 -0.028722100852010421 0.0086721998684659417 -0.019982278192683979 0.03640786773064239 0.034910514816929417 -0.023203869857009698 -0.014722060083569665 0.024613982765133786 0.02958777042817436 -0.0037540899279167694 0.008837753828349058 0.020044426461660967 0.013750456761018912 0.0032545510166252403 0.015839791056344022 -0.019255931625287208 0.024096919031328948 -0.012207672538852866 0.0098955263893233808 -0.012800381285911258 0.010780206157047304
leaf_weight=615.79248398169875 17.638204075396061 32.731510370969772 199.79932104796171 33.859542042016983 145.18732592463493 653.9076921902597 96.539367236196995 25.382428042590618 123.35828870534897 15.104225527495144 30.482792802155018 37.985584445297718 17.558217503130436 23.778744228184223 16.134724028408531 15.136692225933077 11.123482339084147 27.064112693071365 15.192399322986601 13.559716042131184 11.316272616386412 10.727074883878229 568.85040847584605 26.104567393660545 67.896023973822594 14.150070048868654 24.938095785677433 34.707186009734869 43.042329132556915 13.264147482812403
leaf_count=5351 93 185 1360 211 680 5121 486 139 635 130 202 299 111 133 102 94 70 124 58 79 70 81 2581 119 301 74 127 328 337 82
internal_value=0 -0.00390426 0.0186415 0.0111067 -0.00670083 -0.00805568 0.0240141 0.00342715 -0.000134442 -0.00478043 0.0286127 0.00144846 0.00672491 0.0144098 0.00700054 0.017085 0.00250295 0.00238067 0.0179725 -0.0143649 -0.00575672 -0.0123046 0.00140446 -0.00600677 -0.0111617 0.000869082 0.00535383 -0.00742819 -0.0026749 -0.00816097
internal_weight=0 2441.69 540.62 310.338 1689.7 1519.58 114.178 196.16 170.778 903.786 230.282 249.879 157.025 96.996 73.2173 43.8184 26.2602 751.989 42.2565 47.4193 60.0289 48.7127 709.733 140.882 114.778 46.8816 170.125 92.8537 77.7495 29.3989
internal_count=19763 16558 3205 1643 13116 12309 579 1064 925 6958 1562 1837 1042 592 459 275 164 3442 182 290 450 380 3260 679 560 259 807 795 665 184
is_linear=0
shrinkage=0.04


Tree=51
num_leaves=31
num_cat=0
split_feature=18 23 3 9 26 22 9 22 2 30 16 0 0 12 27 0 0 31 29 0 16 30 20 23 6 29 18 0 2 29
split_gain=135.322 32.1427 22.4115 18.7597 11.2055 11.0657 10.5967 10.1029 7.89912 8.82668 8.71902 13.3915 7.88443 7.28601 9.24727 8.90623 9.33153 7.25767 9.15912 7.07318 6.99125 6.90542 6.84015 6.79758 6.67112 7.11436 6.46788 9.70994 6.20563 6.01362
threshold=1.5000000000000002 1.0000000180025095e-35 3.5000000000000004 1.0000000180025095e-35 1.0000000180025095e-35 0.13516666740179065 1.0000000180025095e-35 0.22083333134651187 745.50000000000011 1.0000000180025095e-35 117.18713378906251 7.4593348503112802 7.563197374343873 1.0000000180025095e-35 3.2445416450500493 7.7213461399078378 6.9716575145721444 0.59545454382896434 -0.91597560048103321 7.7301723957061776 129.04687500000003 2.2499048709869389 0.21374999731779101 1.0000000180025095e-35 6.1537954807281503 0.91597560048103344 6.5000000000000009 7.5888266563415536 810.50000000000011 0.91597560048103344
decision_type=2 2 2 2 2 2 2 2 2 2 2 2 2 2 2 2 2 2 2 2 2 2 2 2 2 2 2 2 2 2
left_child=1 2 3 13 7 -6 -2 24 10 19 -7 22 -9 14 -1 16 20 18 -4 -10 -16 -3 -12 26 25 -5 -8 -28 -11 -20
right_child=6 21 17 4 5 8 23 12 9 28 11 -13 -14 -15 15 -17 -18 -19 29 -21 -22 -23 -24 -25 -26 -27 27 -29 -30 -31
leaf_value=0.020152830162122659 0.029788166487520251 0.0083727696965752579 0.018779018305250649 -0.011606625536044388 -0.019626257972169877 -0.0067848140260207681 0.019056794957446291 -0.0050417870965277682 0.012422444175991403 0.017834349982580194 0.053740686952376326 -0.017100318698802078 0.022574685190363934 0.012016023928551268 -0.002183225296922742 0.0082370205268190392 -0.010136284111389329 0.020668089797742224 -0.0022514312776927893 0.049755585623638798 0.016829115281058633 0.033808764372062462 0.0064116828602413427 0.032484004410732036 -0.020294856103317462 0.0055711375869361111 0.016323795306967263 -0.016609353870579619 -0.014784838273737362 0.022858840569478924
leaf_weight=26.775405585765839 196.27692548930645 242.74599628150463 46.362159468233585 722.55700089782476 52.005388952791691 206.73143112286925 62.143086068332195 58.021371878683567 37.132091667503119 12.131175734102724 10.386932909488683 11.458202406764029 20.867050744593143 63.102580107748508 214.66544667631388 93.003069847822189 274.58019690215588 41.416497558355331 207.60474601387978 9.2954290807247144 34.104554459452629 16.731627941131592 9.0776213109493238 27.270111285150051 139.26194055005908 39.610590130090714 27.239255860447884 26.081181704998016 25.720053486526012 14.458830423653124
leaf_count=119 1457 1106 259 6118 484 1644 316 477 255 102 96 75 121 272 1105 347 1246 213 1227 50 191 82 75 163 1254 329 138 99 205 77
internal_value=0 -0.00305578 -0.00452076 -0.00602892 -0.00878181 -0.00287081 0.0237247 -0.0110261 -5.96552e-05 0.010319 -0.00379561 0.0153866 0.00264069 -0.000740147 -0.00202513 -0.00305064 -0.00508026 0.00548306 0.00300457 0.0216432 0.00053666 0.010259 0.0343221 0.0150902 -0.0122253 -0.0107016 0.010499 0.000196769 -0.00396013 -0.000427026
internal_weight=0 2629.81 2370.33 2060.49 1354.26 373.938 339.011 980.318 321.933 84.2787 237.654 30.9228 78.8884 706.231 643.129 616.353 523.35 309.842 268.426 46.4275 248.77 259.478 19.4646 142.734 901.43 762.168 115.464 53.3204 37.8512 222.064
internal_count=19702 17529 16341 14565 11285 2986 2173 8299 2502 612 1890 246 598 3280 3008 2889 2542 1776 1563 305 1296 1188 171 716 7701 6447 553 237 307 1304
is_linear=0
shrinkage=0.04


Tree=52
num_leaves=31
num_cat=0
split_feature=18 7 2 7 25 3 23 23 25 30 3 25 26 27 27 28 26 29 25 25 5 6 28 5 7 27 16 35 35 15
split_gain=123.407 29.7001 18.8522 16.5903 15.897 14.7149 13.6133 10.5601 9.95984 9.93411 7.61572 7.50739 7.15586 7.0907 6.61739 6.41325 8.84207 6.48959 7.7109 6.17091 6.159 6.14496 5.99274 8.82869 6.13766 8.23522 5.92364 5.87134 5.76791 5.76593
threshold=1.5000000000000002 1.0000000180025095e-35 978.50000000000011 0.57499998807907116 0.27500000596046453 1.5000000000000002 1.0000000180025095e-35 1.0000000180025095e-35 0.23499999940395358 3.8176519870758061 3.5000000000000004 0.2100000008940697 1.0000000180025095e-35 3.3446254730224614 3.1289486885070805 0.60355338454246532 1.0000000180025095e-35 0.91597560048103344 0.27500000596046453 0.34999999403953558 0.22097236663103106 6.4175486564636239 0.78656607866287243 0.13362853229045871 0.57499998807907116 4.2897741794586191 205.9296798706055 0.84313854575157177 1.2419911026954653 0.21374999731779101
decision_type=2 2 2 2 2 2 2 2 2 2 2 2 2 2 2 2 2 2 2 2 2 2 2 2 2 2 2 2 2 2
left_child=1 5 4 8 10 21 13 12 9 -2 14 -8 19 20 -3 17 -17 -15 -19 -6 -7 -1 23 -14 25 -25 29 -12 -4 -16
right_child=3 2 28 -5 7 6 11 -9 -10 -11 27 -13 22 15 26 16 -18 18 -20 -21 -22 -23 -24 24 -26 -27 -28 -29 -30 -31
leaf_value=-0.011141436951516518 0.025081524535513877 0.022381402966021396 0.013442213930875359 0.033705316760931504 -0.0022073877402572178 -0.003760737950781569 -0.0055632744703341562 0.022711526790440525 0.020496419509569631 -0.012858287196136235 0.015403601098918274 0.019942290082020593 -0.00090008271818449676 -0.0089716354423935059 -0.010438537445078928 -0.0045239991179962706 0.022122588803118175 -0.0063292363388409642 0.029983027320385033 0.012769090624891599 0.031951314224657329 -0.026943562372374021 -0.012047228773255045 0.026526284803056736 0.032532951362915494 -0.0076013149951888025 0.021297346849724997 -0.0024895407270418028 0.040099047903770203 -0.0028038057918750949
leaf_weight=426.57556616514921 14.244360610842703 12.32235876470804 43.75692393630743 139.90438332408667 245.3237127289176 15.377547170966865 26.424135617911816 52.361680328845978 141.21562196314335 32.488396786153316 56.462604876607656 54.154373750090599 41.041801281273365 549.9978910908103 251.00616716220975 65.700216822326183 26.298288282006979 22.191006597131491 13.522583201527594 51.554079629480839 12.808466844260691 42.920730501413345 14.032063052058218 21.404521487653255 40.382413387298584 20.550781428813934 11.38620078936219 57.945713348686695 18.944654911756516 428.55984396860003
leaf_count=3776 75 63 236 1096 1160 107 148 218 804 160 316 236 187 4441 1700 528 195 193 82 242 76 405 62 99 160 98 68 272 84 2430
internal_value=0 -0.00266798 0.00141162 0.0232901 0.000365617 -0.00710352 -0.00374236 0.0060757 0.015264 -0.000739305 -0.00303932 0.0116461 0.00397502 -0.0055269 -0.00459761 -0.00635604 0.00340171 -0.00789507 0.00828093 0.000461384 0.0135095 -0.0126942 0.0114507 0.0142727 0.0216777 0.0102245 -0.00514196 0.00645398 0.0224869 -0.00564615
internal_weight=0 2623.01 1367.04 327.853 1304.33 1255.97 786.475 486.651 187.948 46.7328 817.683 80.5785 434.289 705.896 703.275 677.71 91.9985 585.711 35.7136 296.878 28.186 469.496 137.412 123.38 82.3377 41.9553 690.952 114.408 62.7016 679.566
internal_count=19717 17582 7395 2135 7075 10187 6006 2226 1039 235 4849 384 2008 5622 4261 5439 723 4716 275 1402 183 4181 606 544 357 197 4198 588 320 4130
is_linear=0
shrinkage=0.04


Tree=53
num_leaves=31
num_cat=0
split_feature=18 7 7 25 27 25 3 4 6 1 23 0 5 5 23 35 0 6 6 2 1 0 27 23 6 3 3 27 0 27
split_gain=110.642 35.1918 17.4308 14.0789 10.1017 9.71872 9.49532 9.19459 11.4553 8.86686 8.33275 9.50093 7.97495 7.66504 7.57352 7.61378 7.5434 11.7721 11.4102 7.89477 7.05681 8.41808 8.83402 8.16091 7.21693 6.5886 6.55699 6.40096 8.8694 6.6002
threshold=1.5000000000000002 0.57499998807907116 0.57499998807907116 0.27500000596046453 3.857566356658936 0.31000000238418585 3.5000000000000004 0.91368484497070324 6.2869281768798837 1.5000000000000002 1.0000000180025095e-35 8.1958847045898455 0.12589607387781146 0.16382539272308352 1.0000000180025095e-35 2.2204338312149052 7.0527117252349862 4.6959142684936532 5.6886675357818612 707.50000000000011 1.5000000000000002 7.5422098636627206 3.5070565938949589 1.0000000180025095e-35 2.6020033359527592 2.5000000000000004 2.5000000000000004 3.9464238882064824 7.4241607189178476 4.0595800876617441
decision_type=2 2 2 2 2 2 2 2 2 2 2 2 2 2 2 2 2 2 2 2 2 2 2 2 2 2 2 2 2 2
left_child=1 3 10 6 7 9 20 8 16 12 11 -2 -3 -14 15 25 18 -18 19 -5 21 22 -1 24 -24 -6 -15 28 -26 -29
right_child=2 5 -4 4 14 -7 -8 -9 -10 -11 -12 -13 13 26 -16 -17 17 -19 -20 -21 -22 -23 23 -25 27 -27 -28 29 -30 -31
leaf_value=0.010717007203700011 0.013843558356742808 -0.011959713106746801 0.033118140941714565 -0.020898217008824504 -0.009123775355034008 0.01664944949693109 0.0016844488882743745 -0.015425524808760345 -0.020715884761917734 0.0089331775617920769 0.031104320148614081 -0.014198054932575166 0.015515629027547653 -0.013419993096671936 0.0095846099037761468 0.014867476324865994 0.052035310750962439 0.0140480843678125 0.028386487801336579 0.012783703090590908 -0.0053441870608670738 -0.019927323411077138 0.020125020975540205 0.0074063463144711239 -0.02826496304757382 0.0014930612209977448 0.003900245894762247 0.0075083950195988982 0.017943669371572539 -0.012440149031819132
leaf_weight=32.330202553421259 129.93833819776773 78.572215713560581 138.40150733292103 24.454710222780704 323.75193753093481 107.30820048600435 156.91213377192616 21.326267555356026 13.941264778375624 256.94701166450977 35.755219593644142 20.983498960733414 54.050907924771309 49.666257873177528 64.520903661847115 27.678153768181801 16.538106195628643 52.766272127628326 20.059311248362064 17.468582756817341 510.42517329752445 151.00326449424028 8.9758478291332704 35.651089012622833 64.713173810392618 130.47721402347088 106.41513185948133 28.214082803577185 6.0316206738352767 259.20984480902553
leaf_count=290 723 382 1113 147 2232 443 1054 125 83 1149 232 85 253 235 266 133 77 277 120 94 4202 1029 80 193 656 685 488 280 52 2578
internal_value=0 -0.00228004 0.0223933 -0.00495089 -0.000460604 0.00575405 -0.00750021 0.0081051 0.0117231 0.00355837 0.0141751 0.00981008 -0.00125375 0.00282442 -0.00309152 -0.00482128 0.0154269 0.0243182 0.00503591 -0.0069206 -0.00881516 -0.0118094 -0.0089139 -0.0105347 -0.0123076 -0.00608092 -0.00171124 -0.0132276 -0.0239403 -0.0104436
internal_weight=0 2619.41 325.079 1966.45 712.983 652.96 1253.47 166.555 145.228 545.652 186.677 150.922 288.705 210.132 546.428 481.907 131.287 69.3044 61.9826 41.9233 1096.55 586.129 435.126 402.796 367.145 454.229 156.081 358.169 70.7448 287.424
internal_count=19756 17603 2153 14653 4239 2950 10414 923 798 2507 1040 808 1358 976 3316 3050 715 354 361 241 9360 5158 4129 3839 3646 2917 723 3566 708 2858
is_linear=0
shrinkage=0.04


Tree=54
num_leaves=31
num_cat=0
split_feature=18 7 23 7 3 3 22 23 18 25 25 32 2 35 6 27 28 5 4 2 35 8 2 35 2 1 5 2 5 3
split_gain=105.994 29.4334 18.9437 15.278 12.2337 12.1223 8.86089 8.58397 8.01928 7.95819 7.68833 7.49469 7.41724 8.2016 7.65785 7.40872 7.0453 6.72213 7.65334 6.5619 7.47053 7.51908 7.37029 7.08085 6.31011 7.86575 6.36839 7.97324 6.24169 6.07463
threshold=1.5000000000000002 1.0000000180025095e-35 1.0000000180025095e-35 0.57499998807907116 1.5000000000000002 1.5000000000000002 0.31377777457237249 1.0000000180025095e-35 11.500000000000002 0.2100000008940697 0.23499999940395358 26.500000000000004 697.50000000000011 0.3842639178037644 4.7492611408233651 3.3268313407897954 -0.6035533845424651 0.31125290691852575 0.82364079356193554 653.50000000000011 1.8928313255310061 7.5000000000000009 825.50000000000011 1.2330655455589297 939.50000000000011 2.5000000000000004 0.1991856470704079 691.50000000000011 0.22097236663103106 2.5000000000000004
decision_type=2 2 2 2 2 2 2 2 2 2 2 2 2 2 2 2 2 2 2 2 2 2 2 2 2 2 2 2 2 2
left_child=1 5 4 8 -3 17 12 15 10 -9 11 -2 -6 -14 -15 28 -10 18 -1 -17 21 24 -22 -23 25 26 27 -21 -7 -4
right_child=3 2 29 -5 6 7 -8 9 16 -11 -12 -13 13 14 -16 19 -18 -19 -20 20 22 23 -24 -25 -26 -27 -28 -29 -30 -31
leaf_value=-0.026339137984609184 0.015401178070081172 -0.0045776857116544209 0.010176877867867799 0.031957196530312475 -0.0017522759889217702 -0.0040414579969610962 0.012868092583564385 -0.0097487632756266783 -0.026085899285613078 0.016649697201428663 0.022459489511106587 -0.018341526147992768 -0.020922255031735962 -0.00054311631245495011 0.016185410571968178 -0.0097096045829652214 0.012424364817687123 0.021016360257391408 -0.010634946795410714 0.043547021310753956 0.028117307513126522 -0.0043792476033638538 -0.0098181507949642484 -0.023416223536410097 -0.020433694597646872 0.031967378506123668 -0.010600361395536238 0.0020540657947848346 0.032147779042154469 0.029550190617795125
leaf_weight=56.367528669536114 24.651497863233089 522.98411333560944 88.808109186589718 135.93377207964659 402.36657276749611 14.40678531304002 128.65264572948217 25.207730107009411 12.250003203749658 55.490923278033733 120.11557638645172 15.434780284762381 13.059219412505625 69.954157330095768 114.47117681801319 366.83506113290787 14.486546836793421 7.9338590279221526 399.02373562380672 8.3330056481063348 22.149201668798923 135.87434194982052 11.14914448559284 39.146339811384678 11.548006631433962 16.673963397741318 30.375865012407303 26.958071477711201 13.308208324015139 36.996466279029846
leaf_count=510 128 3094 376 1116 2173 101 627 141 61 243 710 77 86 333 600 3113 72 71 3607 75 129 1106 59 264 94 124 209 230 75 175
internal_value=0 -0.00244685 0.00157831 0.021776 8.01426e-05 -0.00691022 0.00342732 -0.00384171 0.0141128 0.0083673 0.017468 0.00215472 0.00136648 0.00767469 0.00990238 -0.00527567 -0.00580756 -0.0120205 -0.0126855 -0.00612812 -0.00174548 -0.00398989 0.0155789 -0.00885364 0.00507232 0.00904917 0.002457 0.0136615 0.0143301 0.0162474
internal_weight=0 2618.07 1377.29 322.872 1251.49 1240.78 728.504 777.457 186.938 80.6987 160.202 40.0863 599.851 197.485 184.425 696.758 26.7366 463.325 455.391 669.043 302.208 268.91 33.2983 175.021 93.8889 82.3409 65.6669 35.2911 27.715 125.805
internal_count=19779 17615 7464 2164 6913 10151 3819 5963 1048 384 915 205 3192 1019 933 5579 133 4188 4117 5403 2290 2102 188 1370 732 638 514 305 176 551
is_linear=0
shrinkage=0.04


Tree=55
num_leaves=31
num_cat=0
split_feature=32 23 31 7 3 3 23 15 25 5 5 20 2 19 0 25 0 29 28 31 25 0 27 8 35 25 31 29 4 16
split_gain=96.5785 20.3591 20.1272 18.9608 12.0049 9.57751 9.575 8.44084 7.64723 8.30387 8.59868 7.8797 7.34435 7.29139 12.868 7.19112 9.00275 7.43512 7.73351 7.15508 11.1947 7.70252 6.87 6.56625 7.22797 6.46097 6.15276 9.52106 8.09436 6.78551
threshold=1.5000000000000002 1.0000000180025095e-35 0.84680575132370006 1.0000000180025095e-35 1.5000000000000002 2.5000000000000004 1.0000000180025095e-35 0.13516666740179065 0.27500000596046453 0.16574188321828845 0.1500661373138428 0.39333333075046545 547.50000000000011 1.0000000180025095e-35 7.9251558780670175 0.2100000008940697 5.817000389099122 0.91597560048103344 0.60355338454246532 0.16025641560554507 0.27500000596046453 7.0950558185577401 4.4408848285675058 10.500000000000002 0.85819900035858165 0.31000000238418585 0.31666667759418493 -0.12940952181816107 0.88589781522750866 41.313606262207038
decision_type=2 2 2 2 2 2 2 2 2 2 2 2 2 2 2 2 2 2 2 2 2 2 2 2 2 2 2 2 2 2
left_child=3 2 7 4 23 8 22 -2 9 10 26 -11 -12 -4 -15 16 -6 18 -17 21 -21 -9 25 -1 -25 -7 29 28 -28 -5
right_child=1 -3 13 5 15 6 -8 19 -10 11 12 -13 -14 14 -16 17 -18 -19 -20 20 -22 -23 -24 24 -26 -27 27 -29 -30 -31
leaf_value=-0.01279860410204082 -0.010969234849160944 0.034156588124963506 0.0302733938541534 -0.0013953278340193723 0.030686837306587313 -0.0036472437132506908 0.026637339791430646 0.0056932736532759503 0.0028930347604965534 -0.014858906585223292 -0.0088587193169991189 0.018529160735253038 0.02453000540488626 0.021132924196265411 -0.023533757324562816 -0.0041043606357507017 -0.0098771230527250307 0.019309145795373427 0.010054682366273616 -0.0046096343118076644 0.014275604116085378 0.041118588699798016 0.011337327323363547 -0.017917512511388036 0.029781697179241652 0.015367057548170261 -0.0016757721265730683 -0.012547852100200102 0.043311079967516958 -0.014436148905777593
leaf_weight=433.23763815313578 39.302236221730709 81.07959259301424 99.357209756970406 181.05432893335819 7.1379150338470927 176.3250333853066 30.416153199970722 20.09646824747324 326.92470075190067 148.70187797397375 14.099502712488173 10.548635043203829 31.686210453510284 46.082849964499474 11.359587915241717 378.98216196522117 273.08937075361609 26.322673387825489 71.699112132191658 93.014897231012583 105.27482843399048 18.716155782341957 120.16960161179304 6.7864578366279629 10.645807728171347 32.055705763399601 10.467378854751589 16.182218171656132 13.902508959174154 97.026573859155178
leaf_count=3974 242 557 718 1149 81 881 139 116 1530 943 88 56 194 355 68 2636 2495 165 476 498 561 86 592 74 81 135 55 97 77 711
internal_value=0 0.0159328 0.0123807 -0.00312422 -0.00666477 0.00041663 0.00587727 0.00581167 -0.00189624 -0.0048858 -0.00153258 -0.0124449 0.0143077 0.0237416 0.0118052 -0.00357264 -0.00863374 -0.000575737 -0.00181732 0.00866177 0.00545924 0.0239539 0.00380583 -0.0118215 0.0112793 -0.000603947 -0.00388378 0.0103336 0.0253267 -0.00601606
internal_weight=0 514.284 433.204 2417.46 1207.9 1209.56 358.966 276.405 850.594 523.669 364.419 159.251 45.7857 156.8 57.4424 757.231 280.227 477.004 450.681 237.102 198.29 38.8126 328.55 450.67 17.4323 208.381 318.633 40.5521 24.3699 278.081
internal_count=19830 3201 2644 16629 9982 6647 1747 1503 4900 3370 2371 999 282 1141 423 5853 2576 3277 3112 1261 1059 202 1608 4129 155 1016 2089 229 132 1860
is_linear=0
shrinkage=0.04


Tree=56
num_leaves=31
num_cat=0
split_feature=22 15 26 27 7 15 7 2 0 7 2 2 2 32 16 25 35 15 5 30 25 6 0 2 35 35 5 27 0 29
split_gain=101.362 25.6679 17.9631 14.826 9.57016 11.1157 8.92189 9.73025 8.22949 9.89405 8.19581 7.91674 7.63427 7.41696 7.04588 7.02517 6.80208 7.63928 6.26376 6.16062 6.08584 6.73899 6.02046 5.80797 5.70971 8.87162 6.60805 6.83727 6.28707 5.89434
threshold=0.41562499105930334 0.19597221910953525 1.0000000180025095e-35 3.3268313407897954 0.42499999701976782 0.21374999731779101 1.0000000180025095e-35 879.50000000000011 6.9902460575103769 1.0000000180025095e-35 655.50000000000011 732.50000000000011 772.50000000000011 10.500000000000002 180.34503173828128 0.23499999940395358 0.63267904520034801 0.15795455127954486 0.16811604797840121 3.65057384967804 0.27500000596046453 4.2268071174621591 7.7731714248657235 533.50000000000011 1.4878941178321841 0.88215878605842601 0.11757855117321016 3.8743206262588505 7.7731714248657235 0.91597560048103344
decision_type=2 2 2 2 2 2 2 2 2 2 2 2 2 2 2 2 2 2 2 2 2 2 2 2 2 2 2 2 2 2
left_child=1 8 3 11 13 -6 18 14 10 -10 15 -3 20 -2 24 -1 -17 -18 22 -15 -4 -22 -5 -20 25 29 -26 -28 -29 -8
right_child=4 2 12 6 5 -7 7 -9 9 -11 -12 -13 -14 19 -16 16 17 -19 23 -21 21 -23 -24 -25 26 -27 27 28 -30 -31
leaf_value=-0.014919392032530078 0.032285346573950886 0.0048613943157735607 -0.00020765448248389186 -0.014478536158986002 -0.01274294379611594 0.028576426256223628 -0.0014926084661002577 0.01573668880225295 -0.016289769916490782 -0.005570061039645721 0.0028809476386322465 0.034071325048739491 0.016388429414625635 -0.017136095853368723 0.024751053265406175 -0.0089904152357425 -0.0081238314769926743 0.026931457556376114 0.007021729396703133 0.011260092379200346 0.0245227725438446 0.0053340662430948864 0.0021223524233598854 -0.0065690754176366229 0.028909224144426784 -0.011766952560910118 0.022676215827195173 0.0085506158854421459 -0.016833277501779893 0.022685272705388143
leaf_weight=122.42500567808747 23.434271235018969 39.194980792701244 220.39681899920106 212.89986372366548 9.946692727506159 182.82565689831972 234.91154766455293 54.027429640293121 283.13873452693224 272.60729868710041 176.94159623607993 22.723417110741138 102.07407023385167 11.911189153790472 13.52475620806217 57.636205729097128 15.910757817327974 21.611402124166489 67.556499525904655 111.47821870446205 37.00288363546133 124.60709687322378 41.178771421313286 180.96176479011774 15.024545311927794 164.14243821054697 16.329817943274975 27.35438034683466 31.717509731650352 15.312129735946653
leaf_count=1288 139 219 1485 1919 56 1430 1330 264 2405 1529 1490 116 564 61 71 473 114 143 504 593 174 606 272 1220 69 816 72 115 132 85
internal_value=0 -0.00272778 0.000333881 -0.00241412 0.0204627 0.0263355 -0.00352106 -0.000102197 -0.00793998 -0.0110703 -0.00349686 0.0163118 0.00677093 0.0125017 -0.00180733 -0.00866238 -0.000471074 0.0124079 -0.00739853 0.00828931 0.00412911 0.00997365 -0.0117925 -0.00284803 -0.00261377 -0.00460142 0.00639687 0.00127998 -0.0051837 0.000155077
internal_weight=0 2571.21 1620.94 1136.86 339.596 192.772 1074.94 572.345 950.271 555.746 394.525 61.9184 484.081 146.824 518.317 217.583 95.1584 37.5222 502.597 123.389 382.007 161.61 254.079 248.518 504.792 414.366 90.4263 75.4017 59.0719 250.224
internal_count=19754 17475 10033 7204 2279 1486 6869 2954 7442 3934 3508 335 2829 793 2690 2018 730 257 3915 654 2265 780 2191 1724 2619 2231 388 319 247 1415
is_linear=0
shrinkage=0.04


Tree=57
num_leaves=31
num_cat=0
split_feature=18 7 23 3 7 0 5 2 4 2 27 31 6 6 25 35 25 18 5 27 35 28 29 3 6 28 2 0 35 2
split_gain=93.424 28.7538 15.8517 13.4206 12.7058 7.97496 7.57974 11.6356 8.11223 7.5138 7.00686 8.0853 6.99558 7.32517 9.42001 6.90068 6.8733 6.52346 6.11586 6.43246 6.11151 7.09357 5.9272 5.9216 5.87004 5.67519 8.25162 9.73514 10.4494 7.17855
threshold=1.5000000000000002 0.57499998807907116 1.0000000180025095e-35 1.5000000000000002 0.57499998807907116 7.5422098636627206 0.12643428891897204 629.50000000000011 0.87598955631256115 978.50000000000011 3.3268313407897954 0.41428571939468389 3.979637980461121 4.8713660240173349 0.17500000447034839 0.69015076756477367 0.27500000596046453 11.500000000000002 0.29724532365798956 4.1391582489013681 1.3604210019111636 0.12940952181816109 1.0000000180025095e-35 3.5000000000000004 5.3057861328125009 -0.37940952181816096 657.50000000000011 6.6795794963836679 2.2683899402618413 635.50000000000011
decision_type=2 2 2 2 2 2 2 2 2 2 2 2 2 2 2 2 2 2 2 2 2 2 2 2 2 2 2 2 2 2
left_child=1 2 3 9 -2 -4 7 24 12 16 11 22 -8 -14 -15 -11 -1 -6 23 -20 21 -10 -5 -16 -3 26 29 -28 -29 -12
right_child=4 6 5 10 17 -7 8 -9 20 15 25 -13 13 14 18 -17 -18 -19 19 -21 -22 -23 -24 -25 -26 -27 27 28 -30 -31
leaf_value=-0.014195973657092834 0.013664153867697411 -0.027228448188955687 0.0098374583018710059 0.014341680230729568 0.033929883201929141 -0.0090912075294361811 0.021384826968366268 0.0076454531939705375 0.017862583922834071 -0.018437099190573833 -0.0085730649240789991 0.04017194214204977 -0.0083503993285252032 -0.0062900135535525351 0.010745179796989326 0.021073410530191593 -0.0056934603111402481 0.0065691273448616819 -0.017876458700333039 0.012321166786010966 0.032851208645628995 -0.0095166309593134168 -0.017965914039884318 0.03366703354627637 -0.0052140017937107449 -0.00030721710805684384 0.010098563076846678 -0.0096280736785220675 0.023173641884853203 -0.028192729284224508
leaf_weight=441.18122569844127 178.21931402385235 27.098319947719574 157.65411733090878 21.551393568515778 110.76781567558646 44.130397893488407 33.993965312838554 93.116470769047737 55.87505804002285 8.516706448048355 295.66006870940328 10.054488837718962 72.07242040336132 72.517990194261074 131.56057593226433 20.544518150389194 237.80994881689548 17.159360036253929 20.849480509757996 20.379622973501682 27.590675473213196 19.068239867687225 12.81111231446266 19.859676346182823 61.934113726019859 406.10749103873968 82.543958701193333 155.96515693515539 15.328466221690176 31.886714182794094
leaf_count=4251 1031 125 773 138 981 169 147 422 248 80 2325 49 317 382 568 145 1616 138 91 89 102 87 81 95 301 3010 631 1088 80 252
internal_value=0 -0.00247678 -0.00492172 -0.00615271 0.0208167 0.00564915 0.00475406 -0.00216372 0.00741164 -0.0103873 -0.00323262 0.0119767 0.00461059 0.00280364 0.00587512 0.00905284 -0.0112435 0.0304175 0.0104719 -0.00307026 0.0172708 0.01083 0.00197102 0.0141512 -0.0123654 -0.00393956 -0.00646706 -0.00103802 -0.00645919 -0.0106425
internal_weight=0 2597.66 1941.75 1739.96 306.146 201.785 655.917 182.149 473.768 708.052 1031.91 44.417 371.234 337.24 265.167 29.0612 678.991 127.927 192.649 41.2291 102.534 74.9433 34.3625 151.42 89.0324 987.492 581.384 253.838 171.294 327.547
internal_count=19812 17662 14688 13746 2150 942 2974 848 2126 6092 7654 268 1689 1542 1225 225 5867 1119 843 180 437 335 219 663 426 7386 4376 1799 1168 2577
is_linear=0
shrinkage=0.04


Tree=58
num_leaves=31
num_cat=0
split_feature=31 7 25 3 27 15 0 6 7 31 3 31 25 6 16 16 3 27 16 30 30 1 29 20 23 25 28 23 1 29
split_gain=80.2519 19.02 18.168 14.3025 10.0331 9.88118 12.4167 9.54386 8.36363 7.86345 7.63926 7.33893 7.0441 7.11572 6.74041 8.1218 8.62344 9.44796 9.26888 7.27787 6.69523 6.64088 10.9701 7.17529 6.53005 6.91188 6.68485 5.80535 5.6394 5.4727
threshold=0.41428571939468389 1.0000000180025095e-35 0.23499999940395358 1.5000000000000002 3.6415249109268193 0.19597221910953525 6.9334111213684091 5.9229171276092538 0.57499998807907116 0.9740215837955476 2.5000000000000004 0.9123903512954713 0.31000000238418585 6.0246567726135263 41.313606262207038 70.82190322875978 1.5000000000000002 4.6361839771270761 83.128410339355483 1.8688347935676577 1.8688347935676577 1.5000000000000002 0.12940952181816107 0.76624998450279247 1.0000000180025095e-35 0.23499999940395358 0.12940952181816109 1.0000000180025095e-35 2.5000000000000004 -0.7865660786628722
decision_type=2 2 2 2 2 2 2 2 2 2 2 2 2 2 2 2 2 2 2 2 2 2 2 2 2 2 2 2 2 2
left_child=1 3 21 24 11 6 7 -5 9 10 29 -4 14 -14 19 28 18 -18 -17 -3 -20 22 -2 -23 25 -1 -26 -7 -16 -6
right_child=2 12 4 5 8 27 -8 -9 -10 -11 -12 -13 13 -15 15 16 17 -19 20 -21 -22 23 -24 -25 26 -27 -28 -29 -30 -31
leaf_value=-0.019725460996726597 0.0069015456603047521 0.00014274145005426192 0.018804088068211461 0.0045852212343615922 0.022469375236691697 -0.0011520812396718582 -0.01687829772933603 -0.021333634146121737 0.021365314446639617 -0.010400330886212899 0.02925054904422766 0.035942105915433974 0.0036158633503493771 0.024046107162181658 -0.022568951932675465 0.021059425354569811 -0.0016977925229723213 0.022143935379886692 -0.022845804049450993 0.017753107668182274 -0.0031443651369798199 0.0062296880637065614 -0.019529847058651097 0.03338778663894771 0.010063047431924359 -0.0085822087072829865 -0.021020698572863296 0.014392548111853245 0.0069898722105246718 -0.0073974852339886189
leaf_weight=202.46855761483312 61.983116246759892 595.54388209432364 138.58777864277363 114.28811981156468 11.984001837670801 359.65771420672536 154.37060775607824 26.254399124532938 72.924751091748476 38.050153821706772 23.56669083237648 62.033925652503967 151.45739153772593 31.553754858672619 58.58837652951479 11.927651368081568 103.03392999991775 33.731643460690975 58.359531339257956 38.077195316553116 52.203233797103167 122.99801508337259 39.464527226984501 16.115520365536213 34.946782186627388 167.09141217172146 13.808032900094984 41.014675080776215 11.473544992506502 30.99427168443799
leaf_count=2313 414 3240 913 1130 71 2662 1258 249 445 226 139 448 675 150 393 80 617 198 405 185 319 740 262 123 171 1386 69 179 67 185
internal_value=0 -0.00340837 0.0128285 -0.00712547 0.0182757 -0.00359296 -0.00912331 -0.000488011 0.0111533 0.00376605 0.0119334 0.0244058 0.000210893 0.0073602 -0.00116031 -0.00578421 -0.00246186 0.0044169 -0.0100898 0.00125356 -0.0137647 0.00418584 -0.00355942 0.00980442 -0.0129544 -0.0147605 0.000778277 0.000502721 -0.0176687 0.00155936
internal_weight=0 2259.85 618.703 1113.9 378.142 695.586 294.913 140.543 177.52 104.595 66.545 200.622 1145.95 183.011 962.939 329.318 259.256 136.766 122.49 633.621 110.563 240.561 101.448 139.114 418.315 369.56 48.7548 400.672 70.0619 42.9783
internal_count=19712 15746 3966 9417 2427 5478 2637 1379 1066 621 395 1361 6329 825 5504 2079 1619 815 804 3425 724 1539 676 863 3939 3699 240 2841 460 256
is_linear=0
shrinkage=0.04


Tree=59
num_leaves=31
num_cat=0
split_feature=32 7 7 25 15 30 0 29 23 22 0 23 0 26 25 0 0 28 28 31 31 27 29 8 27 4 6 4 3 29
split_gain=78.0394 25.0561 11.3593 10.0108 9.22267 9.11394 10.346 9.08725 8.85107 6.64424 9.36763 6.51734 8.29603 6.43354 6.08312 6.49708 6.06741 6.71341 7.67581 5.83531 6.00718 5.48373 5.47578 7.44904 6.34019 6.63058 5.42358 5.32913 6.84335 5.26692
threshold=5.5000000000000009 1.0000000180025095e-35 0.57499998807907116 0.23499999940395358 0.19597221910953525 1.7005987167358401 7.8501017093658456 0.91597560048103344 1.0000000180025095e-35 0.18722222000360492 5.8748321533203134 1.0000000180025095e-35 7.3238251209259042 1.0000000180025095e-35 0.34999999403953558 8.2095794677734393 6.9334111213684091 -1.0000000180025095e-35 0.37940952181816107 0.81558704376220714 0.79356452822685253 3.3446254730224614 -0.37940952181816096 3.5000000000000004 4.7180521488189706 0.90743860602378856 6.3162615299224862 0.90790036320686351 1.5000000000000002 0.12940952181816107
decision_type=2 2 2 2 2 2 2 2 2 2 2 2 2 2 2 2 2 2 2 2 2 2 2 2 2 2 2 2 2 2
left_child=1 3 8 9 -3 7 -7 11 14 16 -11 13 -13 -6 15 19 -1 -18 -19 20 -2 -5 24 -24 25 -15 -12 28 -25 -30
right_child=2 4 -4 21 5 6 -8 -9 -10 10 26 12 -14 22 -16 -17 17 18 -20 -21 -22 -23 23 27 -26 -27 -28 -29 29 -31
leaf_value=-0.0069759709246905626 0.0070541034152465419 -0.0031571989877449305 0.02748600521822215 0.015293602537632147 -0.004009384893498124 0.0078615447088967189 0.03712382414338921 0.019936188937434436 0.029667604246155839 0.02855092903140332 -0.0066339400586354277 0.022727359791704007 -0.0079312016926812567 0.025036040023620136 0.0220804613217255 -0.018228262097011113 -0.02609421584692323 0.010686771380117144 -0.019932534225230544 0.016774189710857472 -0.020280695340488229 -0.0034604710458313527 -0.022003722362890686 -0.018809618942598798 -0.0099269051768983048 -0.0046154075163123186 -0.028088414673150267 0.026596571879925743 -0.010310865239073859 0.01962201602024281
leaf_weight=94.557996686547995 37.671629041433334 466.47159134224057 131.12976203113794 24.226904660463333 385.77250571548939 201.44731156155467 19.690612487494946 37.758270159363747 35.073141776025295 9.7833820097148401 381.01886549964547 39.774371281266212 20.079224690794945 49.270225092768669 34.477456532418728 17.028485432267189 99.131121568381786 20.160375066101551 30.811006098985672 49.96968836337328 17.055879317224026 525.18092918395996 19.662086501717567 19.504985652863979 14.575213596224783 15.050552349537609 18.115474015474319 12.323164291679857 13.025052435696123 24.484911322593689
leaf_count=1144 187 2889 1169 134 2043 1021 79 190 243 93 3355 175 71 247 211 69 964 192 291 326 87 3734 79 113 73 80 184 67 62 117
internal_value=0 -0.00238993 0.0184423 -0.00657469 0.00137426 0.00379885 0.0107765 0.0014039 0.0120221 -0.00991372 -0.00673982 0.000202285 0.0125184 -0.00116939 0.00773508 0.00338066 -0.0151208 -0.0200925 -0.00787564 0.00717105 -0.00187949 -0.00258101 0.00532639 -0.00148828 0.0128606 0.0181679 -0.00774288 0.00478303 -0.000673296 0.00923226
internal_weight=0 2541.88 322.406 1202.99 1338.89 872.418 221.138 651.281 191.276 653.578 408.918 613.522 59.8536 553.669 156.203 121.726 244.66 150.103 50.9714 104.697 54.7275 549.408 167.896 89.0002 78.896 64.3208 399.134 69.3381 57.0149 37.51
internal_count=19689 17397 2292 10091 7306 4417 1100 3317 1123 6223 3632 3127 246 2881 880 669 2591 1447 483 600 274 3868 838 438 400 327 3539 359 292 179
is_linear=0
shrinkage=0.04


Tree=60
num_leaves=31
num_cat=0
split_feature=33 25 7 27 35 7 6 7 20 2 6 23 0 34 27 15 22 27 6 0 23 14 27 6 0 28 27 5 0 23
split_gain=68.7635 21.3151 11.3327 10.4987 11.1898 9.86029 9.41133 8.66736 8.51495 7.7935 7.91948 7.50391 8.16619 7.54553 7.32608 6.80423 7.17738 6.54396 6.89489 6.39685 6.39679 6.39269 6.33453 7.00934 6.5673 6.21211 6.1999 6.09064 6.01619 5.95882
threshold=1.0000000180025095e-35 0.27500000596046453 0.57499998807907116 3.5931932926177983 1.1548813581466677 0.42499999701976782 4.7492611408233651 0.57499998807907116 0.13516666740179065 996.50000000000011 2.8617925643920903 1.0000000180025095e-35 6.6795794963836679 3.5000000000000004 3.9693475961685185 0.15795455127954486 0.13516666740179065 3.5931932926177983 3.1567740440368657 6.0775766372680673 1.0000000180025095e-35 1.7005987167358401 4.0664591789245614 5.3156630992889413 7.255584955215455 0.91597560048103344 3.8362206220626835 0.22422358393669131 6.9334111213684091 1.0000000180025095e-35
decision_type=2 2 2 2 2 2 2 2 2 2 2 2 2 2 2 2 2 2 2 2 2 2 2 2 2 2 2 2 2 2
left_child=1 2 8 4 -3 29 -6 9 21 10 -5 12 13 -10 17 16 28 -14 -19 -15 22 -1 23 -9 -24 -4 -13 -28 -12 -2
right_child=5 3 25 7 6 -7 -8 20 11 -11 15 26 14 19 -16 -17 -18 18 -20 -21 -22 -23 24 -25 -26 -27 27 -29 -30 -31
leaf_value=-0.016439439659734063 0.0058635816643056796 0.0044218601707191937 0.0024595205367791803 -0.022592154325131512 0.05160983461405113 0.024298724057269992 0.01290368770656247 0.0086668147310466053 -0.0042248582068176435 0.021559512301220381 0.0097808281704650536 0.023648249171608092 -0.0046503529472938778 0.033990661255869713 -0.0056616737879889257 0.0011434778154214885 -0.029978469112113035 0.012414183173658323 -0.022105282998966184 0.0046358463700913134 0.028972520970433253 0.016944068629743982 0.017892546693169066 -0.01825142085721309 -0.0004767959615556242 -0.020974165091245424 -0.0061889615168666291 0.01911476098544472 -0.013144987391081083 0.026164778022387543
leaf_weight=163.88084968924522 117.99657925963402 72.217456303536892 374.9323452860117 26.059376396238804 17.026080161333084 173.84751122444868 25.280829027295113 29.296276450157166 162.78256255760789 21.668159879744053 28.274879492819309 20.779331602156162 71.415743287652731 13.800574179738758 500.27230996638536 474.22726219147444 21.117419615387917 8.7266414836049062 126.87013823539019 51.261379659175873 19.927129730582237 8.1449750624597055 79.327914789319038 28.869085043668747 50.296880722045898 17.020151861011982 60.668792933225632 18.102047368884087 44.789066597819328 27.395265690982342
leaf_count=1638 608 386 1795 136 72 1486 120 113 1593 124 226 97 559 139 4210 2821 153 66 1080 518 89 81 332 120 180 88 310 86 308 188
internal_value=0 -0.00175669 -0.00456358 0.00302478 0.0142643 0.0178857 0.0301072 0.00143161 -0.00648038 -0.000956174 -0.0018464 -0.00509104 -0.00620284 0.000382 -0.00831917 -0.000819409 -0.0105213 -0.0146257 -0.0197356 0.0116904 0.00845589 -0.0146823 0.00599643 -0.00485604 0.010866 0.00134062 0.00526914 -4.46809e-05 -0.00424875 0.00999194
internal_weight=0 2537.04 1598.66 938.378 114.524 319.239 42.3069 823.853 1206.71 616.136 594.468 1034.68 935.129 227.845 707.285 568.409 94.1814 207.013 135.597 65.062 207.717 172.026 187.79 58.1654 129.625 391.952 99.5502 78.7708 73.0639 145.392
internal_count=19722 17440 12260 5180 578 2282 192 4602 10377 3768 3644 8658 8165 2250 5915 3508 687 1705 1146 657 834 1719 745 233 512 1883 493 396 534 796
is_linear=0
shrinkage=0.04


Tree=61
num_leaves=31
num_cat=0
split_feature=18 23 3 25 3 23 2 26 9 32 2 25 2 10 29 5 29 25 25 22 27 5 1 15 22 16 27 4 6 29
split_gain=70.5045 22.3114 14.3082 10.0606 9.84342 9.1993 7.93852 9.37613 7.65434 7.60302 7.22207 8.24002 7.51644 7.2076 8.8687 7.93769 6.81263 6.74852 6.39737 6.32101 6.91198 8.01172 5.97233 5.61585 5.20526 5.11378 5.0579 5.87563 8.78294 6.9377
threshold=1.5000000000000002 1.0000000180025095e-35 2.5000000000000004 0.17500000447034839 2.5000000000000004 1.0000000180025095e-35 577.50000000000011 1.0000000180025095e-35 1.0000000180025095e-35 1.5000000000000002 607.50000000000011 0.2100000008940697 627.50000000000011 1.0000000180025095e-35 0.78656607866287243 0.2542980313301087 0.91597560048103344 0.34999999403953558 0.23499999940395358 0.27133333683013922 4.4903202056884775 0.24228786677122119 1.5000000000000002 0.15795455127954486 0.11884615570306779 2.865721702575684 3.8512102365493779 0.91487911343574535 4.7140145301818857 -0.6035533845424651
decision_type=2 2 2 2 2 2 2 2 2 2 2 2 2 2 2 2 2 2 2 2 2 2 2 2 2 2 2 2 2 2
left_child=1 2 3 24 5 13 8 26 -5 17 -9 -12 -13 14 15 -2 19 -3 -14 20 -4 -22 -23 -20 -1 -18 27 28 -8 -30
right_child=4 9 16 6 -6 -7 7 10 -10 -11 11 12 18 -15 -16 -17 25 -19 23 -21 21 22 -24 -25 -26 -27 -28 -29 29 -31
leaf_value=-0.027378758227417466 0.0035763363744104977 0.0051651193194508132 -0.0042591802748397217 -0.00033583191122478798 0.027073904207629257 0.030659448778497182 0.034851722657341329 0.026395875515632748 -0.011649337735981686 0.03169242722531658 0.027164702448163984 -0.024082619385205135 -0.010593173850743076 0.023132035002846562 0.025568047637481609 -0.023582567539585264 0.0308798108652657 0.032797962532386517 -0.013844262895373764 0.0089620379642906776 -0.003834833978279736 0.0033301763799503331 0.023604738037840543 0.011693474385798564 -0.0091856571773355194 0.00086428708735451407 -0.0057750266777164272 -0.014624347340476357 -0.011609249072619478 0.011587491950206606
leaf_weight=25.405954264104366 60.99970568716526 223.2313981205225 377.28865129873157 147.50067356973886 126.41509275138378 31.961270347237587 14.096370689570902 23.435736563056707 271.00202563032508 20.045576341450214 19.013825386762619 15.734165862202643 36.933331940323114 31.798210769891739 18.15961679816246 21.77259236574173 19.439171805977821 13.232105970382689 14.283508159220217 116.24618616700172 80.562921788543463 48.59168791398406 43.965934842824936 96.895738076418638 438.27793575450778 15.961309455335138 400.66083417460322 21.115880966186523 32.157956026494503 50.2269486784935
leaf_count=283 324 1031 2244 654 1069 249 83 152 2365 100 155 99 253 276 103 130 101 57 108 612 501 288 246 545 4145 99 2834 132 210 338
internal_value=0 -0.00201178 -0.00325709 -0.00533658 0.0186959 0.0120173 -0.0033104 -0.000770889 -0.00768247 0.00913549 0.006403 0.00358283 0.000551647 0.00713985 0.00175001 -0.00395543 0.00150373 0.00697352 0.00345457 0.000570019 -0.0012284 0.0053499 0.0132564 0.0082259 -0.0102958 0.0181164 -0.00364014 0.00360847 0.00781486 0.00247237
internal_weight=0 2565.31 2308.8 1606.74 291.106 164.691 1143.06 724.554 418.503 256.509 206.296 182.861 163.847 132.73 100.932 82.7723 702.056 236.464 148.113 666.655 550.409 173.121 92.5576 111.179 463.684 35.4005 518.258 117.597 96.4813 82.3849
internal_count=19786 17635 16447 12356 2151 1082 7928 4909 3019 1188 1312 1160 1005 833 557 454 4091 1088 906 3891 3279 1035 534 653 4428 200 3597 763 631 548
is_linear=0
shrinkage=0.04


Tree=62
num_leaves=31
num_cat=0
split_feature=32 9 15 23 25 1 12 27 3 3 25 2 8 28 26 18 2 6 6 27 27 2 22 27 27 27 32 20 15 28
split_gain=57.9315 14.9915 13.0441 11.3215 10.5541 9.28485 7.86639 8.9115 6.92832 6.76903 6.74967 6.58252 6.50058 6.47325 6.15573 6.04807 6.69755 5.81013 7.57764 7.3354 5.69138 5.17032 6.41118 5.09128 5.45106 7.75804 5.06591 5.54408 5.06 7.40284
threshold=2.5000000000000004 1.0000000180025095e-35 0.21374999731779101 1.0000000180025095e-35 0.23499999940395358 3.5000000000000004 1.0000000180025095e-35 4.4959130287170419 3.5000000000000004 3.5000000000000004 0.27500000596046453 933.50000000000011 8.5000000000000018 -0.7865660786628722 1.0000000180025095e-35 10.500000000000002 807.50000000000011 4.8322978019714364 3.979637980461121 4.4903202056884775 4.2506356239318857 1027.5000000000002 0.21374999731779101 3.4919505119323735 4.0046017169952401 4.4664824008941659 31.500000000000004 0.73793908953666698 0.19597221910953525 0.98296290636062633
decision_type=2 2 2 2 2 2 2 2 2 2 2 2 2 2 2 2 2 2 2 2 2 2 2 2 2 2 2 2 2 2
left_child=1 6 14 5 12 9 7 8 -1 10 28 -7 26 -11 -2 -6 -17 18 -15 -19 -20 -13 -23 -5 -25 -26 27 -4 29 -3
right_child=2 3 4 23 15 11 -8 -9 -10 13 -12 21 -14 17 -16 16 -18 19 20 -21 -22 22 -24 24 25 -27 -28 -29 -30 -31
leaf_value=-0.00428963791007601 0.0037618786788842966 -0.014397742948174039 0.0080847551783842196 0.026225314319626127 0.024000443617608429 0.039350538074214007 0.014778135550500367 0.0069173212751010909 0.0077773892347718582 -0.0099336361619842186 -0.0035817133819100555 -0.018630866886208061 -0.01594668409602289 0.012170696770122433 -0.02777735096033004 -0.0072043704651760824 0.026475428387624879 0.0049225292741883848 0.0025361893751965521 0.036160034729415029 -0.029200764808339667 -0.012040494367525861 0.028093650735551871 -0.0097058120519533404 0.017132189521740251 -0.0029598188609632997 -0.0093793089623916623 0.036087173908034988 -0.0070646395532095183 0.026351030153005425
leaf_weight=454.61882199347019 29.786346785724163 327.13035380654037 46.621362522244453 14.018673114478586 202.44797624275088 8.7414522767066938 65.584544472396374 241.50528969615698 89.463102698326111 57.978643286973238 436.00153171271086 10.053188379853962 16.862209782004356 30.339491486549377 12.54890802502632 22.992065966129303 13.339479394257067 35.993606179952621 16.357731238007545 16.673095621168613 17.428803939372301 8.8583795242011565 14.629108462482689 41.276442460715771 57.763197980821133 62.306728415191174 15.259646885097025 13.756165400147436 470.74662956222892 5.5217497944831839
leaf_count=2124 170 3637 291 61 1529 66 279 1115 392 411 3006 74 78 185 71 152 88 250 107 111 119 76 98 195 276 298 117 116 4281 59
internal_value=0 -0.00261808 0.0142363 -0.00486082 0.0168985 -0.00601685 0.00168289 0.000554883 -0.00228425 -0.00657396 -0.00761165 0.0120715 0.00528061 0.000787771 -0.00641823 0.0213179 0.00589768 0.00618776 -0.00192334 0.0157728 -0.0145523 0.00314768 0.0131999 0.00469991 0.00253146 0.00682837 0.0103018 0.0154172 -0.00978436 -0.0135679
internal_weight=0 2482.99 373.614 1631.82 331.279 1456.45 851.172 785.587 544.082 1414.17 1239.4 42.2821 92.4994 174.771 42.3353 238.78 36.3315 116.793 64.126 52.6667 33.7865 33.5407 23.4875 175.365 161.346 120.07 75.6372 60.3775 803.399 332.652
internal_count=19832 17220 2612 13310 2371 12480 3910 3631 2516 12166 10983 314 602 1183 241 1769 240 772 411 361 226 248 174 830 769 574 524 407 7977 3696
is_linear=0
shrinkage=0.04


Tree=63
num_leaves=31
num_cat=0
split_feature=18 7 7 25 29 23 23 23 18 3 0 26 15 5 27 29 25 27 4 1 4 1 27 27 2 8 7 29 28 35
split_gain=56.9584 21.7675 16.2055 11.6663 10.5222 10.2489 9.3873 8.78703 8.32814 8.19973 7.97367 7.89599 12.1326 9.28656 6.44633 5.98743 7.37529 5.56628 5.50748 5.26638 5.49541 5.13371 6.65878 4.93219 5.23914 5.94151 4.67576 7.90751 6.0027 4.81622
threshold=1.5000000000000002 1.0000000180025095e-35 0.57499998807907116 0.34999999403953558 0.60355338454246532 1.0000000180025095e-35 1.0000000180025095e-35 1.0000000180025095e-35 7.5000000000000009 1.5000000000000002 7.536893606185914 1.0000000180025095e-35 0.19597221910953525 0.18651568889617923 3.1289486885070805 0.91597560048103344 0.27500000596046453 4.0526537895202646 0.81345242261886608 3.5000000000000004 0.69866642355918895 1.5000000000000002 4.5586025714874276 4.3287575244903573 591.50000000000011 5.5000000000000009 0.90000000596046459 -0.12940952181816107 -0.98296290636062611 1.7122704982757571
decision_type=2 2 2 2 2 2 2 2 2 2 2 2 2 2 2 2 2 2 2 2 2 2 2 2 2 2 2 2 2 2
left_child=1 6 7 5 -5 11 9 8 -2 19 -10 14 -13 17 -3 -11 -17 -14 -7 20 -1 -19 -23 24 -20 -26 28 -28 -16 -30
right_child=2 3 -4 4 -6 18 -8 -9 10 15 -12 12 13 -15 26 16 -18 21 23 -21 -22 22 -24 -25 25 -27 27 -29 29 -31
leaf_value=0.018117100190962448 0.012337533558176281 0.022127943459662291 0.029211570618201978 0.0082778101691405315 0.041691143206433114 0.027314079233986429 0.0046098141306449734 0.028472889827980796 0.0093790411329178654 -0.0047880764563328383 -0.021512407888266822 -0.0058600868844606267 -0.0067539374125839104 0.01993180228715612 0.0095107920081000316 -0.0036276627989173544 0.032035076695057042 0.0014029027623811104 -0.0010311009862181526 0.014243845781331635 -0.012798246762434289 0.0048628276389168293 0.039678584997978279 -0.0054073377801870546 0.039454425423372949 0.0062519142895534202 0.024234399050559598 -0.0081683950473669751 -0.0057358158270001715 0.0040414961654717486
leaf_weight=7.7559335157275191 90.172501035034657 15.13459901511669 112.01398504525423 64.258716061711311 18.328893303871155 27.850144781172276 134.33877691626549 30.0948096960783 22.838290117681026 642.71280301734805 27.51689612865448 107.97583664208651 50.861264698207378 92.703774109482765 51.315437607467175 20.864787831902504 14.208898223936556 50.53721022605896 22.625203907489777 10.978482473641632 363.55425322428346 19.764453746378422 14.822211287915705 31.207459382712841 16.385492071509361 17.937573298811913 24.275759555399418 20.833994090557098 600.58486923202872 91.605525374412537
leaf_count=73 554 77 1094 299 88 129 652 225 136 5314 126 687 267 440 299 184 82 266 99 87 3752 98 76 137 70 77 107 90 3639 408
internal_value=0 -0.00137686 0.0174943 0.00212381 0.0165037 0.00115386 -0.00529831 0.0095526 0.00515802 -0.00656024 -0.00767871 -7.32976e-06 0.0051176 0.0103066 -0.00216137 -0.0038992 0.0117687 0.00355112 0.0123758 -0.0112333 -0.0120589 0.00972205 0.0211366 0.0071552 0.0139893 0.0234021 -0.00268231 0.00955768 -0.00344858 -0.00443396
internal_weight=0 2533.42 282.636 1339.01 82.5876 1256.42 1194.41 170.622 140.528 1060.08 50.3552 1140.41 336.665 228.689 803.75 677.786 35.0737 135.985 116.006 382.289 371.31 85.1239 34.5867 88.1557 56.9483 34.3231 788.616 45.1098 743.506 692.19
internal_count=19632 17497 2135 7353 387 6966 10144 1041 816 9492 262 6454 1834 1147 4620 5580 266 707 512 3912 3825 440 174 383 246 147 4543 197 4346 4047
is_linear=0
shrinkage=0.04


Tree=64
num_leaves=31
num_cat=0
split_feature=18 25 7 7 0 23 27 3 26 28 23 6 35 6 0 35 6 2 27 0 15 35 12 2 6 35 25 2 27 6
split_gain=57.6908 18.7769 15.1431 11.1812 8.54144 8.42916 7.87629 7.75258 7.81172 8.83734 7.67432 7.28974 7.01153 7.00716 6.84611 6.36367 9.51168 6.25126 6.03281 5.85554 5.76173 5.40224 5.6845 5.30899 8.62362 5.23539 6.4875 5.19802 5.08891 5.43019
threshold=1.5000000000000002 0.34999999403953558 1.0000000180025095e-35 0.42499999701976782 6.5875263214111337 1.0000000180025095e-35 3.4323716163635258 1.5000000000000002 1.0000000180025095e-35 0.60355338454246532 1.0000000180025095e-35 2.6020033359527592 2.1240894794464116 5.4183177947998056 7.7815537452697763 0.98620155453681957 5.2548844814300546 665.50000000000011 4.4012160301208505 7.5786535739898691 0.19597221910953525 2.3028146028518681 1.0000000180025095e-35 514.50000000000011 5.9545402526855478 0.4077513068914414 0.23499999940395358 518.50000000000011 3.4483977556228642 4.6586997509002694
decision_type=2 2 2 2 2 2 2 2 2 2 2 2 2 2 2 2 2 2 2 2 2 2 2 2 2 2 2 2 2 2
left_child=1 2 4 10 25 7 13 11 21 15 12 -4 14 -6 19 16 -10 27 -11 -2 -17 22 28 24 -5 -1 -27 -18 -9 -30
right_child=3 -3 5 23 6 -7 -8 8 9 18 -12 -13 -14 -15 -16 20 17 -19 -20 -21 -22 -23 -24 -25 -26 26 -28 -29 29 -31
leaf_value=-0.0066359538594265299 0.0090941535399975543 0.011511781366588899 0.024445468528246205 0.023769599848970847 0.019680191719109619 0.010324625937246869 -0.0090262215129205785 0.014299302669140819 0.016920469250013816 -0.027035228781065214 0.027762736336338266 -0.0056912720438686846 -0.015640705430469089 -0.0090313747577104066 0.031189617679432721 0.0034311789309356294 0.0026987326197290403 0.0094839158647346874 0.0084827462825908806 -0.017372843179148875 0.028332314565682963 -0.018971991593490386 0.015973538507419838 0.027304741467963169 -0.030075434555559163 -0.0019329466744191167 0.015606118234106301 -0.031470007379430752 -0.0095205861341966912 0.00064371029645762898
leaf_weight=93.638527929782867 59.01516992598772 150.35385017096996 11.258814111351965 9.8914753273129445 28.226932898163795 113.67212177067995 845.30558506026864 29.280938766896725 50.211331050843 15.510672546923162 24.850480511784554 467.28495591133833 21.707145094871521 23.096108503639698 15.67002812027931 21.9139593988657 10.796770956367256 19.070661827921867 12.260400630533693 15.180926129221914 48.594495669007301 23.348334282636642 31.081464476883411 128.51493003219366 5.9447865337133399 78.324268393218517 56.777365751564503 17.381171859800816 119.07302157208323 274.62031034007668
leaf_count=992 343 839 55 103 183 506 7210 156 260 80 182 2866 89 185 72 112 68 104 62 77 212 95 150 1220 55 792 399 101 636 1559
internal_value=0 -0.0021076 -0.00297304 0.0169377 -0.00634431 3.05439e-05 -0.00810095 -0.00100162 0.00176429 0.00845029 0.00854021 -0.00488345 0.00384531 0.00690545 0.0087902 0.0119045 0.0051064 -0.00762576 -0.0118383 0.003365 0.0209012 -0.00100084 2.41389e-06 0.0246489 0.00245078 0.000552011 0.0055581 -0.0190666 -0.00124084 -0.00246308
internal_weight=0 2541.08 2390.73 280.775 1125.37 1265.36 896.629 1151.69 673.144 195.739 136.424 478.544 111.573 51.323 89.8661 167.968 97.4599 47.2486 27.7711 74.1961 70.5085 477.404 454.056 144.351 15.8363 228.74 135.102 28.1779 422.974 393.693
internal_count=19763 17622 16783 2141 9761 7022 7578 6516 3595 999 763 2921 581 368 492 857 533 273 142 420 324 2596 2501 1378 158 2183 1191 169 2351 2195
is_linear=0
shrinkage=0.04


Tree=65
num_leaves=31
num_cat=0
split_feature=22 23 15 26 3 3 2 15 16 5 2 2 22 35 4 35 0 0 35 8 12 35 27 20 5 16 4 5 28 16
split_gain=53.4924 15.5173 12.2007 11.5196 10.8626 7.91714 6.83348 13.0647 8.93342 8.23571 7.31772 6.67041 7.37816 8.61702 6.87521 6.79364 6.72266 8.05951 7.73174 6.819 6.68458 7.73244 6.66669 6.52146 6.28469 6.94719 6.15231 11.5745 6.06646 5.5351
threshold=0.41562499105930334 1.0000000180025095e-35 0.13516666740179065 1.0000000180025095e-35 2.5000000000000004 3.5000000000000004 741.50000000000011 0.21374999731779101 71.729110717773452 0.28217846155166632 617.50000000000011 641.50000000000011 0.27133333683013922 1.0885968804359438 0.85050284862518322 0.34559267759323126 6.455167531967164 6.3902053833007821 0.96961283683776867 5.5000000000000009 1.0000000180025095e-35 1.7493241429328921 4.3234698772430429 0.21374999731779101 0.22422358393669131 2.442129492759705 0.86001303791999828 0.20737173408269885 0.78656607866287243 25.205366134643558
decision_type=2 2 2 2 2 2 2 2 2 2 2 2 2 2 2 2 2 2 2 2 2 2 2 2 2 2 2 2 2 2
left_child=1 2 -1 5 -2 11 8 -8 29 10 -10 20 13 15 -15 -13 17 -17 19 -18 21 -4 -6 -22 -3 -26 27 -7 -21 -5
right_child=4 24 3 6 22 26 7 -9 9 -11 -12 12 -14 14 -16 16 18 -19 -20 28 23 -23 -24 -25 25 -27 -28 -29 -30 -31
leaf_value=-0.0098102603762248858 0.0089711833829814441 0.0040551381715367759 -0.010843697016873132 -0.0001503716570824139 0.026920174627910742 0.04000450407361808 -0.0093810517978922137 0.017200135441956772 0.0071364979537904237 -0.016907345542910103 0.034500520743956015 -0.021060052899282623 0.010005826663962228 -0.022163674231448955 -0.0051704186686136831 0.0054936746491905976 0.0085768090163618887 0.045111718688000534 0.016588291396251457 -0.010268189643327947 0.026377121977008033 0.0036316330035236462 -0.0045860872192874111 -0.0033090813782257482 0.031987458540424105 0.0038690218812870488 -0.017767559874460659 0.0030505546619988594 0.015593241700211287 -0.014133809828167676
leaf_weight=345.42475966364145 171.74932407587767 193.71920331567526 486.01135299727321 284.00473377481103 123.10039020702243 12.89363921433687 38.497545879334211 112.04777371883392 42.040527354925871 11.315328836441038 24.297478176653385 19.408329457044601 72.559735808521509 53.236819677054882 128.67075548321009 28.765098109841347 55.35157922655344 9.901362728327511 35.150055184960365 136.12020706757903 14.786551292985676 66.193127311766148 11.169787004590033 38.958142414689064 29.177889823913574 26.739127419888973 16.946127004921436 157.06191976368427 14.430841762572525 51.89489559084177
leaf_count=2999 1135 903 3917 1806 1063 71 285 636 312 70 167 185 438 302 824 215 283 77 244 1212 98 389 68 227 133 130 96 908 122 396
internal_value=0 -0.00186551 -0.00291418 -0.00165842 0.0157979 -0.00366735 0.00313272 0.0103689 0.000461308 0.0125098 0.0178754 -0.00489833 -0.00171471 -0.00351675 -0.0103306 0.000668019 0.00231443 0.0173584 -0.000221701 -0.00322334 -0.00779168 -0.00910169 0.0242704 0.00551168 0.00755917 0.0191393 0.00394074 0.00628674 -0.00761735 -0.00238162
internal_weight=0 2505.6 2255.97 1910.54 306.02 1346.45 564.098 150.545 413.553 77.6533 66.338 1159.54 553.595 481.035 181.908 299.127 279.719 38.6665 241.053 205.903 605.949 552.204 134.27 53.7447 249.636 55.917 186.902 169.956 150.551 335.9
internal_count=19711 17445 16279 13280 2266 9608 3672 921 2751 549 479 8533 3902 3464 1126 2338 2153 292 1861 1617 4631 4306 1131 325 1166 263 1075 979 1334 2202
is_linear=0
shrinkage=0.04


Tree=66
num_leaves=31
num_cat=0
split_feature=18 25 26 9 23 29 6 15 35 35 20 15 33 16 0 27 5 4 5 4 5 5 28 20 4 26 18 16 0 1
split_gain=45.0311 12.8147 13.5129 11.1882 10.5422 8.93306 8.62036 7.992 7.82343 7.50431 7.16608 8.36213 7.11717 7.04945 6.73142 9.8011 8.19683 8.17282 6.28861 7.03491 6.6829 6.23552 8.47195 6.85124 6.56581 6.1138 5.80678 5.42915 5.37473 7.80014
threshold=1.5000000000000002 0.34999999403953558 1.0000000180025095e-35 1.0000000180025095e-35 1.0000000180025095e-35 0.78656607866287243 6.4175486564636239 0.16550000011920932 2.9135024547576909 1.4027330875396731 0.60772728919982921 0.35625000298023229 1.0000000180025095e-35 16.264651298522953 6.873150348663331 3.8033230304718022 0.17103545367717746 0.78667956590652477 0.14865864068269732 0.74491518735885631 0.13362853229045871 0.16811604797840121 0.12940952181816109 0.13516666740179065 0.88930392265319835 1.0000000180025095e-35 11.500000000000002 103.09275817871095 6.8090240955352792 3.5000000000000004
decision_type=2 2 2 2 2 2 2 2 2 2 2 2 2 2 2 2 2 2 2 2 2 2 2 2 2 2 2 2 2 2
left_child=1 2 4 25 6 9 12 14 -9 -3 -5 -12 28 -13 15 -4 -17 -16 20 -20 -6 22 23 -19 -25 26 -2 -24 -1 -30
right_child=3 5 7 10 18 -7 -8 8 -10 -11 11 13 -14 -15 17 16 -18 21 19 -21 -22 -23 27 24 -26 -27 -28 -29 29 -31
leaf_value=-0.0011037851934920001 0.021732996035793786 0.00054934570807859643 -0.021649642371953815 0.020573847308506199 0.0038441083086560861 0.033822667482163789 -0.019445884328759197 0.0048454528429995661 0.034207404330655396 0.022477426164780434 -0.017844450964279043 0.034236172301860275 0.020088386403695244 0.001327205038393555 0.010599458762505412 0.026616900752986519 -0.00062590246495046063 -0.030092163744747751 -0.00996005519436843 0.018382423868471793 -0.024144241545424074 -0.02764905677461996 -0.0053850475837534531 0.012672254893843533 -0.017281338642709296 0.037367565185463032 -0.0029887701076555633 0.029920097531836172 -0.0069218624844945191 0.013801740268587723
leaf_weight=475.69501703605056 96.114816140383482 101.67452455312014 14.979298342019318 38.815352484583855 55.875642545521259 19.639084085822105 60.7635562941432 441.65132692828774 13.09472484141588 31.145277187228203 26.192071713507175 11.306338153779505 16.996036127209663 48.739335045218468 28.578026920557022 31.504445437341928 37.203446295112371 25.089847356081009 16.011359363794327 70.452446714043617 15.897256582975386 30.793930262327194 13.147333994507791 19.020752348005772 24.628005024045706 36.220881499350071 17.458258830010891 11.69506588950753 945.35742501541972 28.175378955900669
leaf_count=3872 951 588 131 220 266 105 516 2639 55 152 133 70 93 273 191 313 295 204 76 323 79 207 101 144 183 357 147 91 6759 168
internal_value=0 -0.00123592 -0.00195999 0.0157558 -0.00389062 0.00993057 -0.0049099 0.00274348 0.00583704 0.00594849 0.00676533 0.000224706 -0.00428183 0.00842766 -0.00320043 0.00583111 0.0122652 -0.00815345 0.00588393 0.0130274 -0.00284163 -0.0125619 -0.00712266 -0.0142635 -0.00424518 0.0230733 0.0179469 0.0122265 -0.00459492 -0.00629503
internal_weight=0 2529.07 2376.61 274.847 1685.22 152.459 1526.99 691.386 454.746 132.82 125.053 86.2377 1466.22 60.0457 236.64 83.6872 68.7079 152.953 158.237 86.4638 71.7729 124.375 93.581 68.7386 43.6488 149.794 113.573 24.8424 1449.23 973.533
internal_count=19702 17551 16706 2151 12152 845 11408 4554 2694 740 696 476 10892 343 1860 739 608 1121 744 399 345 930 723 531 327 1455 1098 192 10799 6927
is_linear=0
shrinkage=0.04


Tree=67
num_leaves=31
num_cat=0
split_feature=18 25 7 25 29 31 26 6 7 22 3 14 30 35 34 5 1 5 5 6 26 13 6 2 35 22 27 6 27 27
split_gain=45.7991 14.9403 14.0994 12.1614 7.76337 7.70023 7.73096 8.4881 7.41081 9.95219 6.44032 6.10785 5.99825 5.69936 7.35416 5.45963 5.21502 6.46657 9.44959 8.25056 5.15657 5.90917 5.27509 5.1403 11.1219 7.87378 5.13553 5.03282 6.67692 4.99597
threshold=1.5000000000000002 0.27500000596046453 0.57499998807907116 0.23499999940395358 0.91597560048103344 0.28991597890853887 1.0000000180025095e-35 4.1666352748870858 0.25000000000000006 0.13516666740179065 1.5000000000000002 0.89587974548339855 3.8176519870758061 0.50824812054634105 4.5000000000000009 0.31125290691852575 2.5000000000000004 0.15287414193153384 0.19001347571611407 4.9236173629760751 1.0000000180025095e-35 1.0000000180025095e-35 4.7664294242858896 611.50000000000011 0.78986406326293956 0.18722222000360492 3.1289486885070805 3.2384861707687382 5.2070240974426278 4.2217109203338632
decision_type=2 2 2 2 2 2 2 2 2 2 2 2 2 2 2 2 2 2 2 2 2 2 2 2 2 2 2 2 2 2
left_child=1 8 3 12 5 6 27 -8 9 15 -6 16 -2 14 29 -1 17 -9 -19 -20 -15 22 -22 -24 -25 -26 -10 -3 -29 -11
right_child=2 4 -4 -5 10 -7 7 11 26 13 -12 -13 -14 20 -16 -17 -18 18 19 -21 21 -23 23 24 25 -27 -28 28 -30 -31
leaf_value=-0.018932565223249414 0.011642265566642367 -0.017141782461156954 0.026414336848775078 0.014154223618781631 -0.0017975390703404068 0.010038191969887391 0.021008489502446537 -0.0057033329657208654 0.023218613390431291 -0.0084719119271152114 0.026545750662735807 -0.01270632192978937 -0.019293088438942337 -0.0084502088293332816 0.034824148382846094 0.009137964941043129 0.024224660514627395 0.032153217378830659 -0.024411029695781336 0.011133751242136754 -0.0077630560810364405 -0.016008610757240561 -0.0024584971337062119 -0.010962444922370236 -0.005880178238483017 0.033623551897354075 -0.0015110467377735389 -0.0013089082202943831 -0.030417050924853549 0.0078471701841604166
leaf_weight=124.38772017508745 12.874166764318941 36.622057259082794 106.79229558259249 122.37730315327644 19.546184822916985 128.99564091861248 43.474819488823414 73.794385381042957 11.739178374409674 55.63116268441081 34.023187540471554 35.771475933492184 30.774835526943207 501.23947871103883 8.6049536094069463 10.980944991111754 18.137448109686375 21.029115289449692 12.754773199558256 33.81074146181345 54.235513374209404 32.002123974263668 48.822281341999769 18.03754884749651 9.6654780060052854 34.639605045318604 613.20300015807152 462.73883569613099 10.971255548298357 60.640164110809565
leaf_count=1399 74 189 1126 800 107 668 206 391 56 614 171 227 164 4537 97 88 93 105 60 164 410 280 424 169 87 244 3228 2749 70 683
internal_value=0 -0.00200567 0.0151918 0.00774465 0.00201093 0.0010908 -0.000472566 0.00544061 -0.00436795 -0.00657333 0.0165115 0.00179725 -0.0100585 -0.00489632 0.0029368 -0.0165556 0.00516653 0.00241796 0.0111932 0.000793334 -0.00630081 -0.000813102 0.0022831 0.00723503 0.0146668 0.0251238 -0.000973927 -0.00324965 -0.00210811 2.7918e-05
internal_weight=0 2515.5 272.819 166.026 931.67 878.101 749.105 238.773 1583.83 958.887 53.5694 195.298 43.649 823.518 124.876 135.369 159.526 141.389 67.5946 46.5655 698.642 197.403 165.4 111.165 62.3426 44.3051 624.942 510.332 473.71 116.271
internal_count=19680 17516 2164 1038 5200 4922 4254 1246 12316 9032 278 1040 238 7545 1394 1487 813 720 329 224 6151 1614 1334 924 500 331 3284 3008 2819 1297
is_linear=0
shrinkage=0.04


Tree=68
num_leaves=31
num_cat=0
split_feature=32 23 3 31 7 5 26 15 2 35 5 0 6 25 28 4 8 27 5 27 4 35 8 6 2 2 0 2 4 4
split_gain=46.2535 16.3941 15.4965 11.5226 8.39434 8.94334 8.37851 8.28665 10.8476 9.72099 8.6006 8.36574 7.92422 7.54815 9.18586 7.50429 6.83685 6.96371 7.32831 6.42204 6.16728 6.01539 5.48662 5.72524 5.26029 5.58623 6.20481 5.21498 5.15125 9.18099
threshold=1.5000000000000002 1.0000000180025095e-35 1.5000000000000002 0.9049125909805299 0.25000000000000006 0.10367035120725633 1.0000000180025095e-35 0.19597221910953525 581.50000000000011 0.75940236449241649 0.30359959602355963 6.9137251377105722 5.3729581832885751 0.34999999403953558 1.0000000180025095e-35 0.94005209207534801 7.5000000000000009 4.7045629024505624 0.2740225493907929 3.3446254730224614 0.88113084435462963 1.5025840401649477 10.500000000000002 5.8274729251861581 804.50000000000011 631.50000000000011 7.9395136833190927 514.50000000000011 0.89015847444534313 0.94731971621513378
decision_type=2 2 2 2 2 2 2 2 2 2 2 2 2 2 2 2 2 2 2 2 2 2 2 2 2 2 2 2 2 2
left_child=2 3 4 13 5 15 16 11 10 -10 -9 -8 -13 -2 -15 24 28 19 -19 -18 -11 -22 -7 -24 25 26 -1 -3 -4 -30
right_child=1 27 6 -5 -6 22 7 8 9 20 -12 12 -14 14 -16 -17 17 18 -20 -21 21 -23 23 -25 -26 -27 -28 -29 29 -31
leaf_value=-0.011244739921636233 0.0020111495591303374 -0.00043927323758616077 -0.00080685681058572907 0.022026054541095914 -0.0019171343745940834 -0.013746714330662099 0.0068780971864988352 -0.0063320562768470817 0.0027724519730277222 0.02802879152058169 0.023897263928610784 -0.028544427997367561 -0.0011615219325877913 0.029635848398464781 -0.0069018572878825415 0.034979991651292876 0.014717961616905192 -0.0013935650074501885 0.02929650209643727 -0.009889394540496501 -0.007989975253658195 0.026602489634288899 -0.011566976404012169 0.031110793603467957 -0.020563526222780373 0.011475536800749295 0.021351538582029025 0.033322466298367256 0.013888768825571282 -0.021442810293582224
leaf_weight=61.411665603518486 267.10305424593389 8.2538569122552854 525.21078151836991 75.049836449325085 372.00795850157738 383.4828749075532 64.372498955577612 89.076364994049072 67.108156807720661 77.682933531701565 16.04765322804451 27.881106317043304 39.360146969556808 34.42684955149889 14.844434499740599 6.7074899561703196 16.248867757618427 57.893053323030472 13.802715405821798 299.89464310184121 18.292134396731857 11.490507103502749 9.1102838255465048 7.4558432810008517 21.4469272531569 42.117502991110086 9.0673929154872877 59.321465656161308 84.049245838075876 11.809773422777651
leaf_count=641 1616 66 3128 675 1982 3620 528 534 389 386 87 192 280 244 95 56 100 503 93 2454 97 57 79 75 201 411 66 489 545 75
internal_value=0 0.0113676 -0.00249696 0.00813776 -0.00655713 -0.00973008 0.000118148 0.00491612 0.00879081 0.014848 -0.00135741 -0.00332648 -0.0130122 0.00472554 0.018788 -0.001037 -0.00184374 -0.00599598 0.00514954 -0.00854007 0.0222003 0.00619041 -0.0127682 0.00892305 -0.00332703 0.000257688 -0.00657765 0.0293046 0.00076013 0.00918666
internal_weight=0 458.999 2333.03 391.424 912.808 540.8 1420.22 411.312 279.698 174.574 105.124 131.614 67.2413 316.374 49.2713 140.751 1008.91 387.839 71.6958 316.144 107.466 29.7826 400.049 16.5661 134.043 112.597 70.4791 67.5753 621.07 95.859
internal_count=19764 3185 16579 2630 7131 5149 9448 2550 1550 929 621 1000 472 1955 339 1375 6898 3150 596 2554 540 154 3774 154 1319 1118 707 555 3748 620
is_linear=0
shrinkage=0.04


Tree=69
num_leaves=31
num_cat=0
split_feature=32 23 15 7 6 0 25 28 23 0 0 6 29 0 25 7 27 30 27 21 15 27 1 25 35 35 0 6 35 27
split_gain=35.3855 19.1829 12.3225 12.2728 9.7632 8.1919 7.62407 7.61583 6.75327 7.09158 7.94043 8.46383 6.66956 8.55612 6.65014 6.564 6.31569 6.26115 5.58013 5.51699 5.47034 6.05616 5.38699 7.66332 6.43613 8.38291 8.3344 5.38406 5.37311 5.31646
threshold=1.5000000000000002 1.0000000180025095e-35 0.13516666740179065 1.0000000180025095e-35 5.2443854808807382 8.5459747314453143 0.34999999403953558 1.0000000180025095e-35 1.0000000180025095e-35 6.5736558437347421 6.284090757369996 5.1328485012054452 0.91597560048103344 7.3105444908142099 0.17500000447034839 1.0000000180025095e-35 3.8805319070816044 4.424828529357911 3.9070099592208867 1.0000000180025095e-35 0.19597221910953525 3.5931932926177983 1.5000000000000002 0.27500000596046453 2.5006700754165654 1.5025840401649477 7.1436097621917733 4.135134458541871 0.97446787357330333 4.6006598472595224
decision_type=2 2 2 2 2 2 2 2 2 2 2 2 2 2 2 2 2 2 2 2 2 2 2 2 2 2 2 2 2 2
left_child=3 2 -2 8 16 6 15 -8 9 10 18 19 22 -14 -3 -6 -4 -17 -1 27 -11 28 23 24 25 26 -5 -12 -22 -20
right_child=1 14 4 12 5 -7 7 -9 -10 20 11 -13 13 -15 -16 17 -18 -19 29 -21 21 -23 -24 -25 -26 -27 -28 -29 -30 -31
leaf_value=-0.025055701724253764 -0.013629448403100741 -0.0028539263887385541 0.027254691327860389 -0.0023568199764650065 -0.0077423056480024448 -0.025991693921264943 0.031218463911456908 -0.0027280602241359191 0.0040658848816743347 -0.011612971810674211 0.0046650067020896522 0.018441913384939369 0.023872349195983255 -0.0061062964333844791 0.034205389154968416 0.010509755642064075 0.001864141848086214 -0.015653084543184096 0.0056450340515397856 0.017842950567705029 -0.0062887799214583354 -0.0063532654778387411 0.0032505767063298265 0.0035980780719893574 -0.030136627814944143 0.010054686742933241 -0.016196123789280269 -0.025831778014147485 0.019172831785597401 -0.016634485303555779
leaf_weight=20.15921675413847 40.385593941435218 8.5258407741785032 62.490063033998013 204.42060256004333 57.53446726873517 10.720316849648951 33.016816586256027 14.71551403403282 121.51333492994308 316.63666677847505 15.981016471982 57.583252418786287 41.216041874140501 22.466710299253464 59.582487478852272 140.05258591473103 21.115034282207489 14.539444074034689 48.07844028994441 11.451134745031593 22.366594057530165 437.42818403616548 528.92349713668227 221.23021200299263 14.63102140277624 51.57108299434185 104.25974091142416 18.437776375561953 28.042728520929813 24.089538898319006
leaf_count=215 253 55 455 1397 309 46 258 106 592 3278 133 602 238 104 517 968 124 127 494 119 182 3604 2848 1036 62 269 663 155 177 252
internal_value=0 0.0103072 0.00684145 -0.00178928 0.00923905 0.00546652 0.00695291 0.0210642 -0.00478648 -0.00586786 0.000951906 0.00848504 0.00104241 0.0134323 0.0296172 0.00361053 0.0210355 0.00788064 -0.00748995 -0.00426269 -0.00752579 -0.00483637 0.000318493 -0.00228528 -0.00575791 -0.00460689 -0.00710535 -0.0121932 0.00806666 -0.00203985
internal_weight=0 462.678 394.57 2310.49 354.184 270.579 259.859 47.7323 1121.77 1000.25 195.78 103.453 1188.72 63.6828 68.1083 212.126 83.6051 154.592 92.3272 45.8699 804.474 487.838 1125.04 596.113 374.882 360.251 308.68 34.4188 50.4093 72.168
internal_count=19638 3218 2646 16420 2393 1814 1768 364 9803 9211 1970 1009 6617 342 572 1404 579 1095 961 407 7241 3963 6275 3427 2391 2329 2060 288 359 746
is_linear=0
shrinkage=0.04


Tree=70
num_leaves=31
num_cat=0
split_feature=31 25 27 16 7 23 20 18 29 3 4 32 27 21 16 2 5 2 2 5 27 5 7 6 27 25 29 10 0 5
split_gain=40.4301 15.9327 10.1871 9.71862 9.43307 7.9093 7.90421 7.7228 10.4338 7.34874 6.89636 6.49616 6.28571 5.99616 5.94289 6.52738 5.88572 8.29598 7.98141 7.45427 7.17259 7.27401 5.83828 9.16575 5.95364 8.61675 5.62106 6.57386 5.50619 5.34761
threshold=0.74833333492279064 0.17500000447034839 4.0421733856201181 38.438320159912116 0.57499998807907116 1.0000000180025095e-35 0.13516666740179065 11.500000000000002 -0.37940952181816096 2.5000000000000004 0.85273316502571117 4.5000000000000009 3.9972823858261113 1.5000000000000002 109.13837814331056 758.50000000000011 0.16902953386306765 834.50000000000011 890.50000000000011 0.13639418780803683 4.8158361911773691 0.14143797010183337 0.57499998807907116 4.7492611408233651 3.8928396701812749 0.2100000008940697 0.12940952181816107 1.0000000180025095e-35 6.6669363975524911 0.13464640825986865
decision_type=2 2 2 2 2 2 2 2 2 2 2 2 2 2 2 2 2 2 2 2 2 2 2 2 2 2 2 2 2 2
left_child=1 9 5 11 6 7 -3 22 -9 12 14 -4 28 -8 26 -16 18 -18 19 -14 21 -21 23 -2 25 -25 27 -11 -1 -5
right_child=2 4 3 29 -6 -7 13 8 -10 10 -12 -13 16 -15 15 -17 17 -19 -20 20 -22 -23 -24 24 -26 -27 -28 -29 -30 -31
leaf_value=0.0011827091809191097 0.03892124945075931 -0.00950068233669169 -0.020293678197146524 -0.0087153089097290644 0.0053173008567795046 0.03116261544203067 -0.00093893822163206258 0.02043554366078397 -0.032823758558585409 -0.018425276447815282 0.018829946204029609 0.0093695209151208065 -0.006115367600398827 0.013920772042195396 -0.00056857339188562178 0.033525480744408739 -0.02100152841583398 0.013593577615979695 -0.026587607577186954 0.025236584130862903 0.035430445190733462 -0.0054515125242588138 0.022933990058335296 -0.022258997901990592 0.030721254932827066 0.0073371931746625263 0.0034330104062915297 0.0083158488419178903 -0.019960259509643016 0.017725864865615826
leaf_weight=23.100656967610121 12.750670120120047 172.20455613732338 34.869737483561039 14.494365260004995 419.65481755882502 45.154113918542862 1061.0192304700613 8.6846391037106532 11.431520156562327 72.448121719062328 23.317535810172558 15.958625856786965 155.31148026883602 43.300860367715359 29.72783425450325 10.836166843771933 70.006578180938959 11.686419751495121 19.863822555169463 15.129628818482159 11.76630801334977 42.631988942623138 87.71379766240716 17.366362132132053 10.948401540517805 82.262380164116621 48.853988457471132 17.08319003880024 124.14527346938848 51.903383444994688
leaf_count=271 78 1487 192 96 1826 416 7399 62 80 525 153 127 1548 230 222 68 647 98 172 136 109 415 814 107 73 528 334 84 1093 321
internal_value=0 -0.00194218 0.0118706 0.00194397 0.000129266 0.0160377 -0.00158194 0.0128413 -0.0100617 -0.00712548 -0.000731519 -0.0109782 -0.00984144 -0.00033217 -0.00346038 0.00968657 -0.00667729 -0.015846 -0.00351271 -0.00125767 0.00946103 0.00316225 0.0150983 0.00924838 0.00519612 0.00184174 -0.00739716 -0.0132527 -0.0166718 0.0118678
internal_weight=0 2372.09 393.538 117.226 1696.18 276.312 1276.52 231.158 20.1162 675.909 202.267 50.8284 473.642 1104.32 178.949 40.564 326.396 81.693 244.703 224.839 69.5279 57.7616 211.042 123.328 110.577 99.6287 138.385 89.5313 147.246 66.3977
internal_count=19711 16817 2894 736 10942 2158 9116 1742 142 5875 1386 319 4489 7629 1233 290 3125 745 2380 2208 660 551 1600 786 708 635 943 609 1364 417
is_linear=0
shrinkage=0.04


Tree=71
num_leaves=31
num_cat=0
split_feature=32 23 25 35 15 6 27 2 25 15 5 35 6 2 7 2 0 35 27 5 35 6 2 1 2 5 29 26 6 5
split_gain=31.5628 15.8477 12.3786 10.9034 9.9856 9.6691 10.8597 8.57343 7.47427 8.54616 7.20101 7.19937 7.55236 6.98107 6.66889 10.1707 6.44523 7.34288 6.36073 6.33234 6.20771 6.13956 6.11401 9.4039 8.40762 7.98151 5.94658 5.91922 5.86175 5.77298
threshold=1.5000000000000002 1.0000000180025095e-35 0.17500000447034839 0.48041431605815893 0.19597221910953525 5.7381825447082528 3.91501796245575 794.50000000000011 0.17500000447034839 0.59397727251052868 0.47649659216403967 1.4605025053024294 5.6294164657592782 553.50000000000011 0.25000000000000006 679.50000000000011 6.6280195713043222 0.39006556570529943 3.9899091720581059 0.18651568889617923 0.33814454078674322 2.2499048709869389 545.50000000000011 1.5000000000000002 483.50000000000006 0.28773769736289984 -0.12940952181816107 1.0000000180025095e-35 3.3842465877532963 0.13728915899991992
decision_type=2 2 2 2 2 2 2 2 2 2 2 2 2 2 2 2 2 2 2 2 2 2 2 2 2 2 2 2 2 2
left_child=2 5 3 -1 16 6 10 19 -7 14 -2 12 27 -3 -10 -16 17 -4 -19 20 -6 -5 24 25 -21 26 -24 -9 -25 -20
right_child=1 13 4 21 7 8 -8 11 9 -11 -12 -13 -14 -15 15 -17 -18 18 29 22 -22 -23 23 28 -26 -27 -28 -29 -30 -31
leaf_value=0.0062093834130117964 0.023853765615654807 -0.00071497326489002489 -0.011377182210280777 0.015942140593519016 -0.024269540364136231 -0.014892008214099575 -0.0014758457454654766 0.0051650948565692915 -0.0099588688752270827 0.028640023668784622 -0.0016150213513752025 0.024521649867276087 -0.0078443492067727522 0.03321451742117517 -0.0053471394049464382 0.020531904873328455 -0.0066097349850988262 -0.0075356439272318753 0.036712911999087203 0.0025844578100498996 -0.0014846842633643184 -0.0092107237779563873 0.0094482081742692341 -0.0092179603841898248 0.023190117206031119 -0.024149225995995682 -0.012470908124029303 0.024973965969431515 0.012633983518126399 0.0089107021714628469
leaf_weight=91.339792259037495 103.33162754401565 11.623194724321364 34.644272025674582 14.203530251979826 17.894163377583027 39.017630208283663 56.398173157125711 84.661267139017582 55.432424604892731 18.079511590301991 21.07170483097434 39.08929381519556 45.944058857858181 54.280769862234592 48.728805638849735 45.210251949727535 447.81322867050767 23.097852405160666 14.868521660566328 74.58948316052556 512.09683431684971 569.69373466074467 40.808694899082184 23.074656456708908 53.826824966818094 31.635124109685421 34.857897892594337 32.630038447678089 94.986664652824402 48.178533803671598
leaf_count=997 762 93 359 99 138 252 336 475 293 143 193 184 265 474 305 343 3378 182 138 426 3163 4841 221 117 294 156 188 163 495 365
internal_value=0 0.00953273 -0.00198265 -0.00653805 -0.000118062 0.00636949 0.0130694 0.00212957 0.000433366 0.00413794 0.0195825 0.00951403 0.00566691 0.0273857 0.000833053 0.0072761 -0.00440371 0.00374937 0.00995282 0.000421353 -0.00234232 -0.00854654 0.00455146 0.000557446 0.0114447 -0.00793627 -0.00071055 0.0110022 0.00828069 0.0163946
internal_weight=0 453.174 2329.93 675.237 1654.7 387.27 180.802 1086.1 206.469 167.451 124.403 202.325 163.235 65.904 149.371 93.9391 568.602 120.789 86.1449 883.77 529.991 583.897 353.779 225.363 128.416 107.302 75.6666 117.291 118.061 63.0471
internal_count=19838 3194 16644 5937 10707 2627 1291 6285 1336 1084 955 1087 903 567 941 648 4422 1044 685 5198 3301 4940 1897 1177 720 565 409 638 612 503
is_linear=0
shrinkage=0.04


Tree=72
num_leaves=31
num_cat=0
split_feature=18 25 27 35 18 26 2 21 35 7 15 0 28 35 31 23 35 27 0 2 15 0 35 4 0 35 2 25 6 0
split_gain=32.2081 14.3239 14.5687 13.2286 10.8915 10.3224 7.93458 12.5681 7.92795 7.67142 7.17702 6.86679 6.71304 6.43247 5.98379 5.73583 6.38943 6.07146 5.64753 5.42053 6.91563 5.17135 5.6988 5.52727 5.39916 5.1159 4.85136 4.80183 4.49099 9.29228
threshold=1.5000000000000002 0.17500000447034839 3.5931932926177983 1.4746742248535158 10.500000000000002 1.0000000180025095e-35 783.50000000000011 1.0000000180025095e-35 0.82342091202735912 0.42499999701976782 0.21374999731779101 6.8090240955352792 -0.91597560048103321 1.8652482032775881 0.92438536882400524 1.0000000180025095e-35 0.87759780883789074 4.4779047966003427 6.0306131839752206 651.50000000000011 0.21374999731779101 6.9037346839904794 0.88649332523345958 0.88113084435462963 7.3369317054748544 0.4654440730810166 653.50000000000011 0.2100000008940697 4.7664294242858896 7.0867292881011972
decision_type=2 2 2 2 2 2 2 2 2 2 2 2 2 2 2 2 2 2 2 2 2 2 2 2 2 2 2 2 2 2
left_child=1 11 3 14 9 15 13 28 -6 27 -5 19 -10 18 21 26 25 -18 -7 20 -1 -3 -23 24 -24 -17 -4 -2 -8 -30
right_child=4 2 5 10 8 6 7 -9 12 -11 -12 -13 -14 -15 -16 16 17 -19 -20 -21 -22 22 23 -25 -26 -27 -28 -29 29 -31
leaf_value=-0.017564536178527986 -0.0090932315448536156 -0.006608583337310312 -0.0061828155093193917 0.0019136443186336671 0.023428931688415831 -0.018196510830034613 0.012899761344268472 -0.0013765367123581777 -0.037568172030312763 0.025042109793576177 0.037155162514827464 -0.0086867573091605841 -0.0014946059961844739 -0.011693407534517686 0.024217065864364243 0.01681154034542201 0.024152801446833044 -0.0053011326029457455 0.0048235571128885301 0.0061396644795984846 0.0014967644777158446 0.024667998701549732 -0.00098581942791981739 -0.0128413718344142 0.033427053816076267 -0.010990326540228119 -0.00057060114937060378 0.013283980288808412 0.01020563505826512 0.05776317067486194
leaf_weight=47.95818754285574 17.020068250596523 62.584457781165838 545.97189948707819 12.51023732870817 11.74545882642269 16.023798253387213 22.300181992352009 42.439946204423904 9.5392192751169187 105.7973420470953 36.063571974635124 480.97527004033327 29.618336223065853 47.855178661644459 20.07123926281929 12.410335481166838 36.920021206140518 14.840177372097967 332.42372380569577 108.72795232385397 77.283463705331087 22.511070929467678 18.279976412653927 22.901096612215042 10.018035702407358 38.470127776265144 448.66804337874055 87.97801111638546 12.375151239335539 15.042322896420954
leaf_count=575 85 392 3879 64 90 110 109 267 57 1177 171 3940 200 212 109 61 159 62 2073 976 717 149 103 140 61 181 2961 561 69 79
internal_value=0 -0.00118419 0.000727951 0.01071 0.0135119 -0.000573986 0.0042523 0.0146926 -0.00300026 0.01749 0.0285133 -0.00596208 -0.0116811 0.00176289 0.0048893 -0.00272626 0.00619487 0.015825 0.00366714 -0.000334752 -0.00596364 0.00173397 0.00880476 0.00116489 0.0125993 -0.00382977 -0.00365745 0.00955449 0.0279323 0.0384508
internal_weight=0 2505.63 1790.68 204.94 261.698 1585.74 488.46 92.1576 50.903 210.795 48.5738 714.945 39.1576 396.303 156.366 1097.28 102.641 51.7602 348.448 233.97 125.242 136.295 73.7102 51.1991 28.298 50.8805 994.64 104.998 49.7177 27.4175
internal_count=19789 17619 11411 1189 2170 10222 2919 524 347 1823 235 6208 257 2395 954 7303 463 221 2183 2268 1292 845 453 304 164 242 6840 646 257 148
is_linear=0
shrinkage=0.04


Tree=73
num_leaves=31
num_cat=0
split_feature=31 3 25 5 5 23 30 35 16 0 2 8 25 35 2 2 4 35 7 16 5 29 35 2 5 5 6 27 29 4
split_gain=27.7599 10.7847 10.6981 8.77323 12.0678 7.33347 7.22965 6.28808 6.09468 6.33657 8.12537 6.00299 6.55011 8.34878 7.84583 10.1132 6.67924 6.59467 5.88389 8.71793 5.82788 5.85552 5.79935 5.78602 6.61093 7.23449 8.61157 5.48119 5.25751 5.22115
threshold=0.41428571939468389 2.5000000000000004 0.23499999940395358 0.20399386435747149 0.19839283823966983 1.0000000180025095e-35 1.8688347935676577 1.1928310394287112 28.323377609252933 7.2970852851867685 886.50000000000011 10.500000000000002 0.17500000447034839 0.32031573355197912 797.50000000000011 807.50000000000011 0.94005209207534801 0.51364025473594677 0.25000000000000006 25.205366134643558 0.23048414289951327 0.91597560048103344 0.55369591712951671 810.50000000000011 0.16902953386306765 0.15773445367813113 5.2230513095855722 3.0610489845275883 0.37940952181816107 0.87961369752883922
decision_type=2 2 2 2 2 2 2 2 2 2 2 2 2 2 2 2 2 2 2 2 2 2 2 2 2 2 2 2 2 2
left_child=1 3 7 4 11 8 -7 -2 22 -10 -11 12 17 -14 -15 -16 -17 29 -5 -20 -3 -22 -4 24 25 26 -19 -9 -21 -1
right_child=2 20 5 18 -6 6 -8 27 9 10 -12 -13 13 14 15 16 -18 23 19 28 21 -23 -24 -25 -26 -27 -28 -29 -30 -31
leaf_value=0.021830694897265194 0.006772498688482384 -0.001592204400947404 -0.0093365342377505836 -0.016497115650950373 0.036231000214314177 -0.0037815863219834941 0.03460678110923842 0.017326414982398931 0.012031417111757663 -0.011901556488990619 0.021413088711228073 0.018911517180311168 -0.022526768114495773 -0.0020168124965851443 0.038863248117073465 0.0019990427018167158 0.032971691122033124 -0.016691336164369942 0.0094212169512793015 -0.024336411352646782 0.0049174090889143162 0.025777134087835142 0.018723684581816186 -0.022002151495529244 -0.022905632153928823 0.017226563705544529 -0.00035391971261174827 -0.010932670403291083 0.0063547354854691694 -0.0031276165775401899
leaf_weight=18.030773114413023 149.71331396698952 255.70578608289361 11.736205279827116 119.43356493487954 11.098404947668312 9.2631699591875059 38.77963899075985 11.063382215797899 79.437882039695978 51.103750981390476 13.091450877487658 18.938226480036974 25.80451375246048 763.32040864229202 12.994817633181809 146.73904870077968 10.088243953883646 82.637125596404076 44.145998492836952 28.970384582877159 349.42483012378216 21.138565063476562 131.21707377582788 47.74420340359211 34.461404945701361 20.333075519651175 132.56654935702682 71.687638893723488 11.558473810553549 39.353357885032892
leaf_count=211 1058 1561 91 1082 78 42 389 78 521 322 92 182 244 5281 83 946 58 754 221 167 2016 114 970 421 317 182 1289 426 68 495
internal_value=0 -0.00138396 0.00852917 -0.00315502 -0.00198957 0.0130876 0.0273498 0.00191166 0.0105238 0.00460713 -0.00466594 -0.0023561 -0.00268587 -0.000927419 -0.000283224 0.00744172 0.00438152 -0.00715228 -0.0108491 -0.00268585 0.00304682 0.00623933 0.016323 -0.00939901 -0.00702498 -0.00452818 -0.00672333 -0.00683486 -0.0156963 0.0051857
internal_weight=0 2194.49 567.094 1568.22 1364.11 334.629 48.0428 232.464 286.586 143.633 64.1952 1353.01 1334.07 958.947 933.143 169.822 156.827 375.126 204.108 84.6749 626.269 370.563 142.953 317.742 269.998 235.537 215.204 82.751 40.5289 57.3841
internal_count=19759 15770 3989 12079 10541 2427 431 1562 1996 935 414 10463 10281 6612 6368 1087 1004 3669 1538 456 3691 2130 1061 2963 2542 2225 2043 504 235 706
is_linear=0
shrinkage=0.04


Tree=74
num_leaves=31
num_cat=0
split_feature=22 29 23 1 7 18 25 25 27 16 26 35 27 25 6 7 28 35 4 0 7 27 27 28 22 27 0 27 27 27
split_gain=27.3847 16.4404 12.9424 7.98066 11.4128 7.76673 8.01067 6.51342 5.81166 6.08577 5.99749 8.27818 5.70823 5.65907 9.64869 7.24878 6.22336 6.55491 6.18882 5.62322 5.32212 5.25651 8.21287 5.21668 5.1415 6.38728 5.10095 5.08903 5.26712 5.08778
threshold=0.41083332896232611 0.91597560048103344 1.0000000180025095e-35 1.5000000000000002 0.72499999403953563 10.500000000000002 0.23499999940395358 0.31000000238418585 5.2385673522949228 201.5122985839844 1.0000000180025095e-35 1.5545354485511782 3.6622779369354252 0.23499999940395358 3.979637980461121 0.90000000596046459 0.12940952181816109 1.655431389808655 0.90594676136970531 7.5153408050537118 1.0000000180025095e-35 4.8319072723388681 4.461876869201661 0.12940952181816109 0.13516666740179065 4.0351247787475595 6.6012070178985605 4.1198494434356698 4.3287575244903573 4.9791445732116708
decision_type=2 2 2 2 2 2 2 2 2 2 2 2 2 2 2 2 2 2 2 2 2 2 2 2 2 2 2 2 2 2
left_child=1 2 3 13 8 6 -2 -3 9 10 -5 24 -8 14 21 18 29 19 -16 -18 -14 22 27 -20 -12 -26 -22 -1 -29 -15
right_child=5 7 -4 4 -6 -7 12 -9 -10 -11 11 -13 20 16 15 -17 17 -19 23 -21 26 -23 -24 -25 25 -27 -28 28 -30 -31
leaf_value=0.011078556719562019 0.0039789212840882328 0.0081366485636918309 0.0068726142767259954 -0.0040411645235103018 0.012997962815852858 -0.0054963086681947462 0.02134973204441324 0.032055259795813716 -0.022417050889825842 0.024846671056502855 -0.016553857368440603 0.019453984520070682 -0.0052180901278293156 -0.0037290579310136408 -0.0094283024944224157 0.015640050855344707 0.0052406350203280921 0.027851643039795527 -0.029454119076095346 -0.019413505172696955 -0.0095063655786353941 -0.021006580392140328 0.032550341683123409 -0.0034727808519599093 -0.0083593819119315137 0.0080771577085126372 0.018899474002852825 -0.029702155378769631 0.0065999662113504307 -0.021442096066052928
leaf_weight=30.672923795878887 145.07602043449879 105.6483307890594 222.640535145998 589.74992143176496 87.635768309235573 47.575419850647449 134.69741351902485 20.70997778326273 19.76135841012001 11.838015250861643 24.090603150427341 40.722994744777679 30.386973664164543 327.02431558072567 408.11918929964304 14.816869765520094 94.762376442551613 15.541314139962195 46.970945734530687 15.485509082674978 10.805329550057648 9.1987888850271684 15.255307771265505 17.323516428470612 55.279996480792761 109.80259725823998 60.1322937682271 11.635420460253956 10.915620267391203 26.365904062986374
leaf_count=237 964 741 1035 4478 395 335 1145 109 147 94 224 218 187 2113 3689 71 628 81 486 95 74 70 125 176 390 771 422 93 71 167
internal_value=0 -0.0014236 -0.00223161 -0.00325969 -0.000581178 0.00955414 0.0114519 0.0124953 -0.00200634 -0.00146863 -0.00190825 0.00355096 0.0159733 -0.00566259 -0.00836922 -0.0104515 -0.00245019 0.00513499 -0.0113324 0.00149349 0.00855108 0.00462647 0.00856814 -0.0227697 -4.0164e-05 0.00253899 0.0144306 0.000764344 -0.0130242 -0.00516383
internal_weight=0 2331.97 2205.61 1982.97 938.881 428.673 381.098 126.358 851.245 831.484 819.646 229.896 236.022 1044.09 564.909 487.231 479.179 125.789 472.414 110.248 101.325 77.6781 68.4793 64.2945 189.173 165.083 70.9376 53.224 22.551 353.39
internal_count=19831 16704 15854 14819 6717 3127 2792 850 6322 6175 6081 1603 1828 8102 5018 4422 3084 804 4351 723 683 596 526 662 1385 1161 496 401 164 2280
is_linear=0
shrinkage=0.04


Tree=75
num_leaves=31
num_cat=0
split_feature=22 3 26 15 2 7 35 0 16 2 27 27 0 7 35 27 16 22 22 27 31 2 2 6 35 0 0 28 0 6
split_gain=24.3933 10.9917 9.34242 6.88409 8.46949 7.36256 9.16307 6.63171 7.93104 9.81183 11.9114 6.82797 10.3048 6.66698 6.43017 6.87002 6.20676 5.94931 5.70503 5.54748 7.44684 7.22791 8.26172 6.23153 5.58809 5.41966 5.39856 8.73757 6.2706 5.34004
threshold=0.41083332896232611 2.5000000000000004 1.0000000180025095e-35 0.16550000011920932 741.50000000000011 1.0000000180025095e-35 0.91083535552024852 6.5875263214111337 104.911678314209 996.50000000000011 4.2897741794586191 3.3268313407897954 7.5837528705596933 1.0000000180025095e-35 2.4308230876922612 5.0965073108673105 86.765682220458999 0.13516666740179065 0.47723214328289038 4.2506356239318857 1.0000000180025095e-35 645.50000000000011 677.50000000000011 6.0173752307891855 0.61291152238845836 7.3626401424407968 7.3172068595886239 0.78656607866287243 7.6666874885559091 5.3057861328125009
decision_type=2 2 2 2 2 2 2 2 2 2 2 2 2 2 2 2 2 2 2 2 2 2 2 2 2 2 2 2 2 2
left_child=2 -2 7 14 5 6 -5 16 9 11 25 12 -9 -13 15 -4 19 -15 -3 21 23 -1 -23 24 -21 -11 27 -7 -28 -10
right_child=1 18 3 4 -6 26 -8 8 29 10 -12 13 -14 17 -16 -17 -18 -19 -20 20 -22 22 -24 -25 -26 -27 28 -29 -30 -31
leaf_value=-0.017413431136667407 0.003130589899674924 0.0066906263561096182 2.8602707295364355e-05 -0.015183521378393379 0.01452508529017903 0.016260534152377631 0.0048238146000856089 0.023131781997903028 0.010482747032831094 0.011893997951556257 -0.0098162561299411713 -0.0080114045355474256 -0.015369431285039908 0.013382945643118043 -0.029902917014726315 -0.030944286127047343 0.011147384350716168 -0.0026160103705052933 0.021635493083268349 0.00057997042325845657 -0.029202488348943813 0.033839476508520379 -0.0044685546338531484 0.03683219130313882 0.025944735507435382 0.051362675877892235 -0.015755344412320293 -0.016987887060993606 0.0087086877469890901 -0.012170977195324211
leaf_weight=58.615190982818604 244.52505677938461 67.47570089250803 223.06270990893245 68.632751036435366 113.42098524421453 102.47276325151324 74.57064588367939 31.999416287988424 16.324042148888111 12.427113465964796 16.166045796126127 460.18134247511625 14.86613744497299 38.509445209056139 11.574206583201883 10.078393775969742 81.313009982928634 453.57365187257528 112.08988403528929 103.22142592072487 8.0090843103826028 8.8658821396529657 50.876273036003113 8.1279815621674043 14.07697658985853 11.117087975144385 27.74481238424778 12.740744389593599 36.482136867940426 252.69902561604977
leaf_count=476 1646 367 1818 582 623 542 490 204 108 82 100 4086 76 233 53 80 717 2497 1088 833 56 60 374 71 81 60 132 68 145 2021
internal_value=0 0.00869532 -0.00171595 0.00221893 0.00522358 0.00188442 -0.00484211 -0.0033491 -0.004631 -0.00303421 0.0159913 -0.00382081 0.0107897 -0.00456097 -0.00313409 -0.00156213 0.00168157 -0.00131486 0.0161552 -0.00143905 0.00412657 -0.007678 0.00212845 0.00667973 0.00400792 0.0330926 0.00724677 0.0123567 -0.00201596 -0.0107292
internal_weight=0 424.091 2321.75 680.78 436.065 322.644 143.203 1640.97 1307.86 1038.84 39.7102 999.13 46.8656 952.264 244.715 233.141 333.106 492.083 179.566 251.793 133.435 118.357 59.7422 125.426 117.298 23.5442 179.44 115.214 64.2269 269.023
internal_count=19769 3101 16668 4533 2582 1959 1072 12135 9467 7338 242 7096 280 6816 1951 1898 2668 2730 1455 1951 1041 910 434 985 914 142 887 610 277 2129
is_linear=0
shrinkage=0.04


Tree=76
num_leaves=31
num_cat=0
split_feature=32 23 29 23 1 6 25 6 1 25 29 10 22 28 1 22 25 6 5 12 0 0 4 27 27 25 27 14 0 35
split_gain=29.6901 16.0249 9.94134 8.05894 8.42081 9.89601 7.62901 7.07102 7.35971 7.08191 8.32097 7.38761 7.50966 7.1329 6.99038 6.57305 6.45411 6.73232 6.30105 6.36625 6.22504 11.9517 5.68104 5.22474 5.1054 4.96627 4.90842 4.76297 4.74938 5.40567
threshold=1.5000000000000002 1.0000000180025095e-35 0.91597560048103344 1.0000000180025095e-35 1.5000000000000002 6.0579535961151132 0.31000000238418585 4.2835628986358651 3.5000000000000004 0.34999999403953558 -0.7865660786628722 1.0000000180025095e-35 0.70548570156097423 0.37940952181816107 2.5000000000000004 0.31377777457237249 0.23499999940395358 5.6472105979919442 0.10677863284945489 1.0000000180025095e-35 7.694390296936036 7.8770160675048837 0.94309824705123912 5.0366277694702157 4.8319072723388681 0.17500000447034839 3.8210029602050786 1.2424533367156985 7.1823449134826669 1.2699917554855349
decision_type=2 2 2 2 2 2 2 2 2 2 2 2 2 2 2 2 2 2 2 2 2 2 2 2 2 2 2 2 2 2
left_child=2 7 3 4 5 16 28 -2 9 10 -9 12 -12 -11 -14 -13 18 20 -1 -20 22 -22 -18 -5 -19 -3 -7 -6 -4 -30
right_child=1 25 6 23 27 26 -8 8 -10 13 11 15 14 -15 -16 -17 17 24 19 -21 21 -23 -24 -25 -26 -27 -28 -29 29 -31
leaf_value=-0.021075601552279288 0.032068391009529892 0.00029059003944997618 0.0119762209454013 0.0057981504704825619 2.8790602003872097e-05 -0.029347427675442378 0.030366909126858969 0.012006141657008843 0.020115969654321945 0.023271922511390604 -0.0035517682824897164 -0.011031297288217317 -0.03565601738436644 -0.013102718479317732 0.0023885840573209314 0.015931404221946732 -0.007022774987982339 0.012299907209706081 -0.0073690405185370357 0.010460402314758206 0.034779731967493122 -0.0068538028463899225 0.020550733962610767 -0.018802045739047632 -0.014691168312304648 0.032267276954564397 -0.011456136902550949 -0.010151918909484079 -0.020811509701166086 0.0060493090552155579
leaf_weight=47.54531429708004 13.957207277417181 9.1026409417390806 54.163380306214094 215.23969504982233 839.39204717427492 29.479734499007463 19.843078784644604 67.526992131024599 42.062020156532526 40.557914741337299 105.501450387761 19.745956234633923 24.316836580634117 9.4239279851317388 10.600598212331532 42.509670939296484 252.7313099168241 80.846741124987602 383.96402586251497 33.2035938128829 16.742509476840496 25.542335592210293 10.639605760574339 12.819590255618094 11.244592398405073 52.6244559250772 143.73895151540637 78.583827719092369 18.497137129306793 27.298372313380241
leaf_count=499 90 63 424 996 5926 252 100 451 323 327 601 96 180 68 82 413 1606 547 3337 219 94 126 66 62 81 501 1276 658 140 157
internal_value=0 0.00913439 -0.002206 -0.00282461 -0.0036556 -0.00612448 0.00892096 0.00595629 0.00477964 0.00265256 5.10289e-05 -0.00401057 -0.00905832 0.0161733 -0.0246024 0.00730232 -0.0043516 -0.000604505 -0.00754241 -0.0059068 -0.00346516 0.0104571 -0.00576238 0.0042639 0.008762 0.0277089 -0.0148012 -0.00086291 0.00415151 -0.00521684
internal_weight=0 437.93 2301.52 2181.71 1953.65 1035.68 119.802 376.203 362.245 320.183 270.202 202.675 140.419 49.9818 34.9174 62.2556 862.46 397.747 464.713 417.168 305.656 42.2848 263.371 228.059 92.0913 61.7271 173.219 917.976 99.9589 45.7955
internal_count=19761 3195 16566 15745 14687 8103 821 2631 2541 2218 1823 1372 863 395 262 509 6575 2520 4055 3556 1892 220 1672 1058 628 564 1528 6584 721 297
is_linear=0
shrinkage=0.04


Tree=77
num_leaves=31
num_cat=0
split_feature=7 18 2 25 35 29 18 3 2 2 16 35 23 35 28 27 6 4 4 22 28 25 2 0 1 27 31 27 0 35
split_gain=19.8055 19.8259 9.63796 8.56974 7.98047 7.66204 6.82515 6.64855 9.11466 7.27792 6.62135 5.9814 5.95574 6.34001 5.86245 8.45832 5.49952 5.35399 5.46163 5.7844 5.22527 9.26065 6.91107 5.21935 5.15639 5.13975 5.76133 5.18508 10.2287 5.38881
threshold=1.0000000180025095e-35 1.5000000000000002 978.50000000000011 0.34999999403953558 1.41622930765152 0.91597560048103344 11.500000000000002 1.5000000000000002 406.50000000000006 445.50000000000006 103.92748260498048 1.2984984517097475 1.0000000180025095e-35 0.32031573355197912 1.0000000180025095e-35 4.461876869201661 5.9776182174682626 0.69866642355918895 0.82257646322250377 0.13516666740179065 0.60355338454246532 0.2100000008940697 601.50000000000011 7.3369317054748544 1.5000000000000002 3.3995279073715214 0.86974194645881664 4.4959130287170419 6.9334111213684091 0.7378922998905183
decision_type=2 2 2 2 2 2 2 2 2 2 2 2 2 2 2 2 2 2 2 2 2 2 2 2 2 2 2 2 2 2
left_child=3 2 5 7 14 12 -3 8 -1 16 -4 -8 13 -2 15 -5 -10 -11 -19 -20 25 22 -22 -14 -7 26 -9 29 -29 -27
right_child=1 6 10 4 -6 24 11 20 9 17 -12 -13 23 -15 -16 -17 -18 18 19 -21 21 -23 -24 -25 -26 27 -28 28 -30 -31
leaf_value=-0.02989938655336255 -0.017592379055185087 0.02048044642846112 0.022806522758135404 0.020745323104281246 0.025881219285205339 0.022848866161674693 0.01509171754017413 0.00091817905432553461 -0.0040527318987300673 0.023638921694988251 -0.0079884518043167822 -0.020968080110610049 0.015206817505047397 -0.00017662828823662789 -0.01553043662365758 -0.017098210110370372 0.035921367616502393 -0.020766791904977541 -0.020508813884486891 -0.0045846530854778576 -0.028770173337275332 0.014281114976346765 0.0044537421712079932 -0.0032296958876319032 0.00099578655192877549 -0.013667287316749687 0.032228988638802678 0.010102958356783286 -0.008317467103238432 -0.0037553341494382221
leaf_weight=27.706004176288843 32.53826592490077 128.50041295215487 51.534292124211788 28.332469023764133 26.392937369644642 39.229451715946198 13.686946772038938 38.481530252844095 10.38063456490636 6.4773552976548663 13.023899257183073 11.885052584111689 71.24145919829607 1057.6144642345607 21.968333378434181 11.966935396194456 8.9179168120026571 50.507886689156294 40.451294463127851 277.4139556735754 15.351109094917772 70.693711034953594 22.638786748051643 36.055788837373257 30.062068302184343 135.39377372711897 10.496679626405237 93.22750511392951 95.750244822353125 249.37281520292163
leaf_count=297 249 1371 261 199 147 219 124 263 112 64 74 91 343 5968 159 85 100 475 495 2614 155 472 202 138 157 1275 66 831 754 1930
internal_value=0 0.0032872 0.00170328 -0.00355241 0.00830627 0.000922226 0.0167762 -0.00447689 -0.0084648 -0.00681475 0.0165406 -0.00197301 0.000163486 -0.000727708 0.000283324 0.00923056 0.016058 -0.00807128 -0.0087535 -0.00672671 -0.00215997 0.00586074 -0.00973895 0.00906574 0.0136618 -0.0035741 0.00862966 -0.00464224 0.000780432 -0.00729585
internal_weight=0 1485.37 1331.3 1241.92 88.6607 1266.74 154.072 1153.26 421.855 394.149 64.5582 25.572 1197.45 1090.15 62.2677 40.2994 19.2986 374.85 368.373 317.865 731.406 108.684 37.9899 107.297 69.2915 622.723 48.9782 573.744 188.978 384.767
internal_count=19690 8995 7409 10695 590 7074 1586 10105 4157 3860 335 215 6698 6217 443 284 212 3648 3584 3109 5948 829 357 481 376 5119 329 4790 1585 3205
is_linear=0
shrinkage=0.04


Tree=78
num_leaves=31
num_cat=0
split_feature=7 18 2 25 23 4 27 19 28 8 32 35 29 25 2 23 2 31 35 6 22 35 16 27 2 35 31 35 6 4
split_gain=24.8387 19.3773 9.17074 9.14921 6.88158 7.00347 6.87498 6.78999 6.60609 6.06014 8.66202 6.00048 6.56058 5.98407 5.76403 5.69438 5.40009 6.88867 7.03982 5.4525 6.85487 5.66412 5.60391 5.27524 8.15062 5.20744 4.95462 6.5368 5.5039 4.88072
threshold=1.0000000180025095e-35 1.5000000000000002 978.50000000000011 0.23499999940395358 1.0000000180025095e-35 0.61676830053329479 3.8659784793853764 1.0000000180025095e-35 -0.37940952181816096 8.5000000000000018 8.5000000000000018 1.4027330875396731 0.60355338454246532 0.2100000008940697 749.50000000000011 1.0000000180025095e-35 655.50000000000011 0.31666667759418493 0.49479040503501898 5.0720391273498544 0.13516666740179065 1.4746742248535158 118.71059799194337 3.0610489845275883 777.50000000000011 1.100880026817322 0.28991597890853887 0.30112875998020178 4.3107767105102548 0.80686381459236156
decision_type=2 2 2 2 2 2 2 2 2 2 2 2 2 2 2 2 2 2 2 2 2 2 2 2 2 2 2 2 2 2
left_child=3 2 15 6 5 8 -1 13 -5 10 16 12 -11 -3 -13 26 -7 18 -18 -20 22 -22 -21 24 -9 -6 27 29 -28 -2
right_child=1 7 -4 4 25 9 -8 23 -10 11 -12 14 -14 -15 -16 -17 17 -19 19 20 21 -23 -24 -25 -26 -27 28 -29 -30 -31
leaf_value=-0.015889888731011336 0.0021099667506548452 -0.0024256129098002557 0.015863172273290458 -0.0024159521602096631 0.00097416747149594771 -0.01068004942183267 -0.006090043574184377 -0.036846911873023303 0.030962618985496473 0.001692999649714407 -0.035691381590554849 0.002958051988795824 -0.022522752650779149 0.026461945623450691 0.031847161091559835 0.0087007567885176613 0.017680680896462863 0.021275799600742037 0.002881948311025027 -0.017359067747116135 -0.028865248757030219 0.003436637249136227 0.024970718973013346 0.011875083454879332 0.016918714393271632 0.021905527323050764 0.029259674881463315 -0.001295186841453134 0.0031536547826145757 -0.03486605982459446
leaf_weight=150.37092236056924 8.4408532306551951 12.942549601197241 61.230260133743286 19.496222786605358 47.604931697249413 175.96259700134397 484.36379162222147 8.3864031396806222 15.999712176620958 90.76903123408556 14.618120566010473 30.124185264110565 20.22801398858428 81.037444747984409 15.891637310385702 114.12542222440243 19.010818649083376 18.417128250002861 46.525328151881695 7.0655842795968082 38.587733805179596 10.546492055058478 9.4112886488437635 44.603273812681437 6.3828374482691279 29.888199515640736 11.859569065272806 919.82237668707967 204.88839986175299 14.360808022320269
leaf_count=1417 62 122 319 124 229 1413 4975 83 93 748 80 181 162 875 86 517 156 107 292 65 303 63 82 470 69 151 57 5311 1047 124
internal_value=0 0.002552 0.000994259 -0.00509959 -0.00159349 -0.00322134 -0.00845428 0.0159227 0.0134784 -0.00446288 -0.00744985 0.00202024 -0.00304059 0.022516 0.0138459 0.000255603 -0.00597143 -0.000363908 -0.00367673 -0.00754388 -0.0148035 -0.0220685 0.00690474 0.00509247 -0.0143644 0.00939517 -0.000589267 -0.00184448 0.00483653 -0.0221117
internal_weight=0 1488.08 1334.73 1244.88 610.147 532.654 634.735 153.353 35.4959 497.158 340.145 157.013 110.997 93.98 46.0158 1273.5 325.527 149.564 131.147 112.136 65.6111 49.1342 16.4769 59.3725 14.7692 77.4931 1159.37 942.624 216.748 22.8017
internal_count=19783 9056 7437 10727 4335 3955 6392 1619 217 3738 2561 1177 910 997 267 7118 2481 1068 961 805 513 366 147 622 152 380 6601 5497 1104 186
is_linear=0
shrinkage=0.04


Tree=79
num_leaves=31
num_cat=0
split_feature=23 7 3 30 27 16 30 27 26 35 2 28 27 25 0 0 6 34 29 25 35 28 35 6 29 0 0 4 4 35
split_gain=19.4525 13.9819 10.2854 10.1501 9.17521 11.0691 11.53 7.68426 7.65449 8.5165 7.64129 7.3425 7.3107 6.8107 6.79224 6.13671 5.93896 5.90715 5.79111 5.73228 8.09312 7.65904 6.09414 5.83486 6.24475 5.42162 8.25751 5.47919 10.8785 5.40512
threshold=1.0000000180025095e-35 1.0000000180025095e-35 3.5000000000000004 2.2499048709869389 3.812202095985413 16.719023704528812 1.0000000180025095e-35 5.0366277694702157 1.0000000180025095e-35 1.2699917554855349 503.50000000000006 -0.91597560048103321 4.0208768844604501 0.31000000238418585 7.0783326625823983 7.2048857212066659 5.881927728652955 36.500000000000007 0.12940952181816107 0.17500000447034839 0.56998494267463695 -1.0000000180025095e-35 0.54093557596206676 5.3057861328125009 0.91597560048103344 7.3369317054748544 7.5207726955413827 0.83775714039802562 0.84555524587631237 0.53211969137191784
decision_type=2 2 2 2 2 2 2 2 2 2 2 2 2 2 2 2 2 2 2 2 2 2 2 2 2 2 2 2 2 2
left_child=1 2 19 7 5 6 11 -2 9 16 -5 -3 13 29 -13 -15 -7 -18 -11 20 22 -22 -1 25 -25 27 -27 -21 -29 -6
right_child=3 4 -4 10 12 8 -8 -9 -10 18 -12 14 -14 15 -16 -17 17 -19 -20 23 21 -23 -24 24 -26 26 -28 28 -30 -31
leaf_value=-0.0024936186413674123 0.008236420146168601 -0.015450288280016183 0.0052140631082347611 -0.01183632279347123 0.0057921350605366151 0.012464738695891655 0.024484525729655968 -0.021564325058772944 0.013281974628370257 -0.030596835436278322 0.030709505081195819 -0.0017222368553330293 0.0016404901190733201 -0.006138188401068132 0.02190084223012528 0.028089197905038946 -0.021162509279085365 0.014514714014768207 -0.00050089095222481618 -0.018415266318848881 -0.019300936849629861 -0.0029753041548759912 0.033705327552388177 -0.0080904998004650164 0.01272646954992619 0.025228726445852494 0.00064250604848934583 0.041494414478745426 -0.0030492724515857267 -0.01437091356184457
leaf_weight=46.538516087457538 221.41402397304773 21.054755292832851 160.34831998124719 6.7193977758288375 24.597641345113516 40.913906279951334 88.416240967810154 12.863775350153444 46.117259088903666 25.871349982917309 48.619789827615023 37.82192225009203 813.58190397918224 17.478896915912632 37.561265185475349 13.152560539543627 21.403813585639003 9.2094608061015588 16.268306359648705 30.396405465900898 144.09380526468158 68.301560897380114 6.8092173710465422 369.67741629481316 22.824814982712269 29.09983354061842 73.90804323554039 7.379035420715808 133.6282469779253 120.43720435723662
leaf_count=697 1027 106 1106 61 171 304 722 62 334 171 491 211 4687 95 184 70 159 92 119 218 1635 755 90 3281 173 233 488 63 1220 713
internal_value=0 -0.000745934 -0.00409611 0.0101877 0.00200127 0.00760139 0.0142113 0.00643143 -0.000126737 -0.00570255 0.0253108 0.00448648 3.88751e-05 -0.00731382 0.0103103 0.00937924 0.00275176 -0.0101977 -0.0195272 -0.00570451 -0.0106559 -0.0141277 0.00317775 -0.00370559 -0.00682157 0.000768427 0.00793636 -0.00358111 -0.00017055 -0.010919
internal_weight=0 2426.89 1093.01 289.617 1333.89 344.638 184.854 234.278 159.784 113.667 55.3392 96.4379 989.248 175.666 75.3832 30.6315 71.5272 30.6133 42.1397 932.657 265.743 212.395 53.3477 666.914 392.502 274.412 103.008 171.404 141.007 145.035
internal_count=19738 18097 9959 1641 8138 2402 1223 1089 1179 845 552 501 5736 1049 395 165 555 251 290 8853 3177 2390 787 5676 3454 2222 721 1501 1283 884
is_linear=0
shrinkage=0.04


Tree=80
num_leaves=31
num_cat=0
split_feature=31 29 23 1 2 1 7 8 27 16 7 27 0 6 5 16 6 16 15 15 5 4 5 5 6 6 27 2 2 2
split_gain=24.0705 14.2101 12.2656 8.74288 8.34767 7.98772 7.14808 7.00875 9.73168 6.69075 5.95114 5.99445 7.5722 6.5428 6.16755 6.11368 5.84467 5.74211 9.52004 5.73019 5.62856 4.62759 4.58747 8.68135 8.19332 16.1974 10.0651 8.55836 7.74831 6.22464
threshold=0.74322345852851879 0.91597560048103344 1.0000000180025095e-35 1.5000000000000002 719.50000000000011 1.5000000000000002 0.72499999403953563 8.5000000000000018 3.7577049732208256 203.88082122802737 0.25000000000000006 4.4073286056518564 8.0758924484252947 6.2794587612152108 0.12877520918846133 171.800163269043 6.2116029262542733 21.11135292053223 0.52742856740951549 0.12099999934434892 0.14206589013338092 0.91012954711914074 0.12760805338621142 0.13413521647453311 5.4909996986389169 4.49422311782837 4.4779047966003427 804.50000000000011 780.50000000000011 1035.5000000000002
decision_type=2 2 2 2 2 2 2 2 2 2 2 2 2 2 2 2 2 2 2 2 2 2 2 2 2 2 2 2 2 2
left_child=1 2 5 4 17 10 9 8 -3 19 11 14 13 16 15 -1 -13 20 -19 -7 -2 -8 24 -24 25 -21 -27 28 -26 -29
right_child=3 7 -4 -5 -6 6 21 -9 -10 -11 -12 12 -14 -15 -16 -17 -18 18 -20 22 -22 -23 23 -25 27 26 -28 29 -30 -31
leaf_value=-0.021297531194166355 -0.011410612816421181 0.039790002067040364 0.006744465669987384 0.014403740551990785 -0.032843216512811198 -0.016167849600595849 0.0059515296561839159 -0.0089745519918087418 0.0095155580600232957 0.026125510119023306 -0.0016878167056102508 -0.0038635709811168074 0.025458868172531433 -0.026688283666459329 -0.0075719179016967356 0.012890046634875535 0.030424312252476389 -0.010267822532054277 0.021701893823224416 -0.013379003683929511 0.021096405223094496 0.029901476079409836 -0.021915672233319656 -0.0017727299214184147 -3.2697148056010447e-05 0.033223372817884157 0.00041672369823688257 -0.024738813948021188 0.03672635375022669 0.012733315830077032
leaf_weight=106.00004220381379 9.3241669498383981 19.749503344297409 230.04052782803774 234.21444793045521 8.4293756410479528 40.999845456331968 80.464164860546589 20.792132921516895 87.98876291885972 11.819125812500713 411.98057495057583 202.98707947134972 12.20671299099922 17.734200939536095 262.1663241237402 7.7735166996717444 6.2872673049569121 58.858434956520796 17.757205605506897 26.194429334253073 39.980019733309746 13.78653874248266 34.5619833804667 547.16407188773155 79.599163044244051 45.17752056568861 21.987686563283205 33.255204018205404 8.3696143142878991 7.5449579656124106
leaf_count=1166 54 125 1093 1882 61 396 369 172 571 91 2126 1971 87 201 2347 89 68 395 146 208 329 61 283 3697 711 372 184 282 74 60
internal_value=0 -0.00120337 -0.00195982 0.00976926 0.0015971 -0.00297789 -0.00033417 0.011623 0.0156892 -0.00149215 -0.00542004 -0.00790601 -0.00292201 -0.00465712 -0.0110451 -0.0187794 -0.0025552 0.00438006 -0.0024946 -0.00193929 0.0147437 0.0100033 -0.00117525 -0.00304047 0.00369304 0.0125858 0.0228062 -0.00284825 0.00420335 -0.0175381
internal_weight=0 2336.63 2208.1 368.564 134.349 1978.06 950.924 128.53 107.738 856.674 1027.14 615.155 239.215 227.009 375.94 113.774 209.274 125.92 76.6156 844.854 49.3042 94.2507 803.855 581.726 222.129 93.3596 67.1652 128.769 87.9688 40.8002
internal_count=19671 16804 15936 2867 985 14843 6788 868 696 6358 8055 5929 2327 2240 3602 1255 2039 924 541 6267 383 430 5871 3980 1891 764 556 1127 785 342
is_linear=0
shrinkage=0.04


Tree=81
num_leaves=31
num_cat=0
split_feature=18 23 15 28 14 6 7 0 35 30 0 0 0 35 4 5 3 13 29 34 16 28 8 32 6 28 20 3 28 35
split_gain=24.8834 9.8739 8.9974 9.538 7.61463 8.7743 7.58374 7.54886 7.44763 12.3766 8.25854 6.59835 7.02714 7.65248 7.56516 7.52014 6.24303 6.46534 6.22956 6.03982 7.55096 6.13703 5.93761 5.76885 5.68199 5.67468 5.62493 5.46871 7.08354 5.75853
threshold=1.5000000000000002 1.0000000180025095e-35 0.19597221910953525 1.0000000180025095e-35 1.2424533367156985 4.7140145301818857 0.57499998807907116 8.3654389381408709 1.8928313255310061 1.8688347935676577 7.8920767307281503 8.2573847770690936 6.6280195713043222 0.30112875998020178 0.88206881284713756 0.39937995374202734 1.5000000000000002 1.0000000180025095e-35 1.0000000180025095e-35 6.5000000000000009 26.143244743347172 0.60355338454246532 7.5000000000000009 11.500000000000002 6.105907917022706 0.12940952181816109 0.21374999731779101 2.5000000000000004 0.37940952181816107 0.90007463097572338
decision_type=2 2 2 2 2 2 2 2 2 2 2 2 2 2 2 2 2 2 2 2 2 2 2 2 2 2 2 2 2 2
left_child=2 6 3 7 5 -5 23 11 26 10 -10 12 13 -1 -15 -14 19 -18 -12 20 21 -7 -20 -2 -22 -26 -4 -28 -29 -30
right_child=1 -3 8 4 -6 16 -8 -9 9 -11 18 -13 15 14 -16 -17 17 -19 22 -21 24 -23 -24 -25 25 -27 27 28 29 -31
leaf_value=-0.024339883261545184 0.022983528856582083 0.030203219493551592 0.023004085356805374 -0.016963102245027645 -0.012577849557838005 -0.0050918400402060653 0.019099691405643261 -0.034698027765946805 0.018192192343395461 0.035440893919772766 -0.01032188581640653 0.026780921024683994 -0.010111338335044903 -0.00083709699965076978 0.022528945730517388 0.016270291622276441 0.018707774642275091 -0.0026634762912660032 0.023252316281353866 0.031066353979362915 -0.017970841587397018 0.042095599370752509 -0.0070962056065857742 -0.00071777572980560964 -0.025501259117192396 0.012005365355005022 -0.0020275231833438057 0.0058220621208467946 0.0018876785850706452 -0.017771251638401452
leaf_weight=14.335894361138342 17.301636874675751 40.468875356018543 14.804284334182737 24.631198920309544 46.517898635938764 7.4254824966192228 70.285221520811319 13.369028925895689 44.761187575757504 22.169958978891373 58.49038027971983 7.6351671814918509 433.34319319948554 90.822154875844717 27.273044757544994 16.25928521156311 89.552614703774452 29.487175442278385 21.209237530827522 7.0278572477400294 41.771131247282028 7.6277064234018326 17.242252677679062 109.74967342242599 6.348329320549964 26.826151195913553 938.09796066582203 364.6151431761682 56.416979782283306 38.86160534620285
leaf_count=181 109 470 96 196 410 67 868 64 221 113 294 42 3646 784 292 93 671 229 94 36 374 63 98 699 62 259 6660 2020 318 203
internal_value=0 0.0126216 -0.000874701 -0.0040848 0.00190587 0.00478562 0.00874919 -0.0069349 0.000940732 0.0089589 0.00438011 -0.00619029 -0.00671304 0.00137004 0.0048444 -0.00908945 0.00739777 0.0134574 -0.00223619 -0.000158289 -0.00321893 0.0209516 0.00996555 0.002816 -0.00849208 0.00378614 -6.61912e-07 -0.00027679 0.0032877 -0.00633119
internal_weight=0 237.805 2466.92 890.253 287.216 240.698 197.337 603.038 1576.67 163.873 141.703 589.669 582.034 132.431 118.095 449.602 216.066 119.04 96.9419 97.0267 89.9988 15.0532 38.4515 127.051 74.9456 33.1745 1412.8 1397.99 459.894 95.2786
internal_count=19732 2146 17586 7469 2367 1957 1676 5102 10117 820 707 5038 4996 1257 1076 3739 1761 900 486 861 825 130 192 808 695 321 9297 9201 2541 521
is_linear=0
shrinkage=0.04


Tree=82
num_leaves=31
num_cat=0
split_feature=25 7 20 29 28 23 3 4 28 4 30 6 4 4 20 4 35 35 29 8 15 2 2 27 16 30 26 27 6 16
split_gain=18.9095 10.3061 11.6997 8.04021 7.27707 6.62257 6.23985 5.8597 5.93767 8.6963 5.72096 5.62507 5.59434 6.85034 6.71026 8.24761 6.4211 5.51246 5.42213 5.30683 4.95286 4.96459 5.73846 4.8762 8.79685 6.65272 5.50405 6.44097 6.39905 5.6546
threshold=0.34999999403953558 0.57499998807907116 0.57166665792465221 0.91597560048103344 0.91597560048103344 1.0000000180025095e-35 1.5000000000000002 0.94005209207534801 -1.0000000180025095e-35 0.81345242261886608 2.0126758217811589 2.9700856208801274 0.91080132126808178 0.89944159984588634 0.16550000011920932 0.84392094612121593 1.2073920369148257 1.1482257246971133 0.37940952181816107 4.5000000000000009 0.15795455127954486 723.50000000000011 597.50000000000011 3.4483977556228642 88.50223541259767 2.9174053668975835 1.0000000180025095e-35 4.1581013202667245 6.138805866241456 70.06183242797853
decision_type=2 2 2 2 2 2 2 2 2 2 2 2 2 2 2 2 2 2 2 2 2 2 2 2 2 2 2 2 2 2
left_child=1 5 4 19 11 6 7 8 -1 17 -7 -3 13 14 16 -16 -11 -10 -9 -2 -15 22 -22 24 -13 26 29 -28 -29 -25
right_child=3 2 -4 -5 -6 10 -8 18 9 12 -12 23 -14 20 15 -17 -18 -19 -20 -21 21 -23 -24 25 -26 -27 27 28 -30 -31
leaf_value=-0.009798954071877735 0.021656440530196885 0.019774885069160954 0.021070882053773977 0.038731257756857491 -0.017690457494835249 0.0016262751420843395 -0.001097453029839322 -0.00094587560333460384 -0.0065952915595197045 -0.00058878856060589886 0.019991581902249849 0.024184369449389505 -0.012829787994302377 -0.0081901736879667984 0.025305447366413977 -0.013299781477382949 0.03271586688276882 -0.039412177412614699 0.033868050936781274 0.0057187913954454038 0.015064527499601689 0.001261800314811418 0.057825984511118554 -0.0044703423215793616 -0.016860379310065642 -0.020604273190650252 -0.0019861321632923703 0.0095994322897450489 0.037520570919613409 0.0063471234082491277
leaf_weight=407.05462908372283 42.150690335780382 28.058171682059765 53.98888573795557 14.64073012024164 26.794388551265001 171.70625822246075 987.63833320885897 21.396241277456287 23.340687397867441 21.560746472328901 30.335179716348648 32.941319730132818 29.53591974824667 7.3106702603399745 8.5731924027204496 55.371848694980145 14.147218450903891 11.542538620531557 8.6782916262745839 148.21232591941953 12.920125324279075 9.3060471601784212 8.9874710328876954 232.4950747191906 9.4090390354394895 20.07355522364378 57.993781737983227 72.307475417852402 14.802417919039724 113.3794225230813
leaf_count=3796 290 118 687 98 136 802 7746 172 226 258 236 214 301 92 65 461 112 73 73 995 130 77 84 1068 50 143 261 314 65 551
internal_value=0 -0.000699014 0.00356986 0.0118824 0.00195249 -0.00224655 -0.00309524 -0.00616649 -0.00702478 -0.00140965 0.00455263 0.0029152 0.00243034 0.00582876 0.000186165 -0.00751343 0.0136416 -0.0190024 0.0105854 0.00943622 0.0196952 0.0263263 0.0359771 0.00199226 0.0147163 0.000884579 0.00184317 0.00832468 0.0150796 -0.000908218
internal_weight=0 2491.65 662.244 205.004 608.255 1829.41 1627.36 639.726 609.651 202.596 202.041 581.46 167.713 138.177 99.653 63.945 35.708 34.8832 30.0745 190.363 38.5243 31.2136 21.9076 553.402 42.3504 511.052 490.978 145.104 87.1099 345.874
internal_count=19694 18311 3607 1383 2920 14704 13666 5920 5675 1879 1038 2784 1580 1279 896 526 370 299 245 1285 383 291 214 2666 264 2402 2259 640 379 1619
is_linear=0
shrinkage=0.04


Tree=83
num_leaves=31
num_cat=0
split_feature=31 25 23 27 13 3 1 19 35 35 28 4 2 7 2 14 26 25 29 35 27 5 35 28 4 27 2 4 4 5
split_gain=16.7933 8.76243 8.43171 9.5625 7.40021 6.72995 6.15947 6.15034 5.13769 8.45068 4.70889 4.94027 6.64537 6.52239 6.48174 7.17484 5.85811 5.74171 4.90369 5.30971 10.3661 4.646 4.639 4.76842 5.26767 4.9819 4.55011 9.36176 4.52471 4.5061
threshold=0.74833333492279064 0.17500000447034839 1.0000000180025095e-35 4.1919245719909677 1.5000000000000002 3.5000000000000004 1.5000000000000002 1.0000000180025095e-35 3.0526034832000737 2.3680539131164555 0.91597560048103344 0.88693749904632579 583.50000000000011 1.0000000180025095e-35 816.50000000000011 0.89587974548339855 1.0000000180025095e-35 0.34999999403953558 0.12940952181816107 1.3925839662551882 3.4160846471786503 0.13927373290061953 0.5450282394886018 -0.98296290636062611 0.85950115323066723 4.461876869201661 653.50000000000011 0.96481624245643627 0.78083589673042308 0.24142602831125262
decision_type=2 2 2 2 2 2 2 2 2 2 2 2 2 2 2 2 2 2 2 2 2 2 2 2 2 2 2 2 2 2
left_child=1 4 5 -4 8 10 -7 26 9 22 11 13 -13 14 15 -2 17 18 19 -15 -21 -9 28 24 -24 -26 -3 -28 -1 -20
right_child=2 7 3 -5 -6 6 -8 21 -10 -11 -12 12 -14 16 -16 -17 -18 -19 29 20 -22 -23 23 -25 25 -27 27 -29 -30 -31
leaf_value=-0.010764203670357686 -0.013195309310989719 -0.0021775208848072544 0.030426361626120717 -0.0126824026577925 -0.028854628592044206 -0.00039412530233130794 0.023608845988853197 -0.0051579512491180023 0.018133237067425759 -0.0296560066051683 -0.019089756290064163 -0.0065344608202544379 0.029581958383037316 0.012683669974133165 -0.031648483549313128 0.020795475225259649 0.018843727679420722 0.018743148191398839 4.7932947346789815e-05 0.016888238840458394 -0.040001168649916943 0.026068254594748434 -0.0083402100843846718 -0.0070746668541221249 0.003792779499629413 0.045105626071164549 0.001465205869371691 0.036591933388099872 0.0070699710198949628 -0.028858794465282799
leaf_weight=28.149609748274088 27.510668743401766 895.33205384388566 41.664361752569675 8.9627834968268854 18.850636426359415 25.636900171637535 49.013419471681118 10.170188594609497 13.644320018589495 19.757794044911861 13.961168617010115 11.568813804537056 21.3555041924119 33.37970820069313 14.531926341354845 12.991904594004152 36.322512090206146 19.958971969783306 15.766669064760206 8.1884765923023242 8.7386803999543172 22.803151793777943 15.355335783213375 446.96205420047045 11.17347112298012 6.5642735436558715 732.83401164039969 10.350488901138304 91.686355629935861 17.039610579609871
leaf_count=267 195 6054 447 59 169 199 414 73 72 114 88 78 132 248 82 78 279 186 114 73 61 142 129 3920 109 61 4576 61 1046 156
internal_value=0 -0.00144119 0.00774852 0.0226027 -0.00536598 0.00524124 0.0155704 9.46846e-05 -0.00457818 -0.005135 0.00194421 0.00339105 0.017244 0.000893512 -0.0105348 -0.00182668 0.00549074 0.000516044 -0.00419863 0.00365631 -0.0136045 0.0166928 -0.00423153 -0.00598426 0.00830688 0.0221029 -0.000259277 0.00205132 0.00277277 -0.0157618
internal_weight=0 2323.63 366.592 50.6271 652.144 315.965 74.6503 1671.49 633.293 619.649 241.315 227.353 32.9243 194.429 55.0345 40.5026 139.395 103.072 83.1131 50.3069 16.9272 32.9733 599.891 480.055 33.0931 17.7377 1638.52 743.185 119.836 32.8063
internal_count=19682 16793 2889 506 5887 2383 613 10906 5718 5646 1770 1682 210 1472 355 273 1117 838 652 382 134 215 5532 4219 299 170 10691 4637 1313 270
is_linear=0
shrinkage=0.04


Tree=84
num_leaves=31
num_cat=0
split_feature=31 1 2 3 8 1 15 5 27 26 28 4 4 4 0 21 27 4 5 0 2 0 27 16 28 4 2 4 27 16
split_gain=17.635 9.85227 9.34711 9.19349 9.89468 8.55969 8.23732 8.21287 7.93253 7.84505 7.19015 9.20523 8.2528 6.83838 6.73627 6.52685 6.46791 6.3706 7.69182 6.19351 6.07524 6.0741 5.8103 8.44784 6.98565 5.52682 9.25433 9.30778 5.32701 8.15024
threshold=0.80982521176338207 3.5000000000000004 933.50000000000011 1.5000000000000002 7.5000000000000009 1.5000000000000002 0.52742856740951549 0.17504071444272998 4.7108805179595956 1.0000000180025095e-35 -0.6035533845424651 0.86187520623207103 0.7603844702243806 0.863704413175583 8.3298983573913592 1.5000000000000002 4.6235010623931894 0.86475017666816723 0.082539610564708724 7.3105444908142099 467.50000000000006 5.9295008182525644 4.2619752883911142 157.2371520996094 0.37940952181816107 0.88756370544433605 577.50000000000011 0.90743860602378856 4.0421733856201181 179.07219696044925
decision_type=2 2 2 2 2 2 2 2 2 2 2 2 2 2 2 2 2 2 2 2 2 2 2 2 2 2 2 2 2 2
left_child=1 3 -3 7 25 6 -2 17 10 -7 11 12 19 -11 22 -4 21 -1 -19 -6 -14 -12 23 24 -9 -5 -27 -28 -20 -30
right_child=5 2 15 4 8 9 -8 14 -10 13 16 -13 20 -15 -16 -17 -18 18 28 -21 -22 -23 -24 -25 -26 26 27 -29 29 -31
leaf_value=0.0088192041048484847 -0.0046550449255430993 0.038401841670200033 -0.0019045228383766481 0.0015002723930000507 -0.030926402081765569 0.0091350401037129433 0.023166403622398891 0.008128279461405338 0.0065613418707605479 0.035004817054878366 0.031463818376485188 -0.022382981912276605 -0.021632875768914164 -0.0011552595459864514 -0.041553305679943427 0.025810345986867808 -0.026517597512694949 0.030738712715855945 -0.0093407662505785773 0.0052673973958097314 0.0065984766809218534 -0.0010686407363005111 -0.018469318425154372 -0.032878728116659255 -0.01938482534132021 -0.0036093375198457296 0.029672744269787509 0.0050168340222615003 -0.0031731935204517558 0.021827827492291188
leaf_weight=65.235882095992565 94.078187014907598 15.377185709774492 51.614176329225302 722.8113318271935 24.294065661728382 141.22033875063062 18.695265877991915 60.572474207729101 91.526818986982107 38.919175781309605 7.6085496284067622 77.935075152665377 12.596326548606156 10.361657395958899 10.197509497404097 16.342689462006092 13.335298817604778 8.0167742222547513 240.60418421402574 9.8890482038259488 72.538288775831461 205.29925736784935 73.578861810266972 11.21476276963949 17.338254485279322 52.36144982650876 46.316485490649939 51.699014939367771 396.66241622529924 20.027439963072538
leaf_count=494 676 98 332 4322 200 1190 175 473 746 338 69 716 104 71 41 111 112 65 1890 64 562 1615 595 95 129 365 280 308 3218 176
internal_value=0 -0.00117623 0.0121714 -0.00167179 0.00037291 0.00903645 0.000280436 -0.0048075 -0.00401503 0.0141631 -0.00632092 -0.0118626 -0.00473532 0.0276534 -0.0125984 0.00530787 -0.0014277 -0.00293423 -0.00410967 -0.0207433 0.00202077 0.000375944 -0.0103011 -0.00330036 0.00167359 0.00296426 0.00988911 0.0170282 -0.00462666 -0.00187304
internal_weight=0 2374.99 83.3341 2291.66 1388.21 303.275 112.773 903.449 515.023 190.501 423.496 197.253 119.318 49.2808 172.902 67.9569 226.243 730.547 665.311 34.1831 85.1346 212.908 162.704 89.1255 77.9107 873.188 150.377 98.0155 657.294 416.69
internal_count=19630 17180 541 16639 9463 2450 851 7176 4188 1599 3442 1646 930 409 1333 443 1796 5843 5349 264 666 1684 1292 697 602 5275 953 588 5284 3394
is_linear=0
shrinkage=0.04


Tree=85
num_leaves=31
num_cat=0
split_feature=32 23 2 20 7 7 27 6 20 18 2 5 5 3 6 35 5 4 0 6 27 2 22 4 4 26 16 5 6 4
split_gain=15.4965 12.7537 9.24434 8.40451 8.14149 7.16092 6.96278 11.8341 5.85147 5.21919 5.9844 5.2061 10.2131 7.38235 6.26733 6.07598 5.60747 5.42251 6.36215 5.68021 4.89989 4.62232 4.50444 4.4882 10.2678 4.30113 7.89447 5.31523 7.57646 7.10705
threshold=1.5000000000000002 1.0000000180025095e-35 503.50000000000006 0.13516666740179065 1.0000000180025095e-35 0.57499998807907116 3.3621084690093999 5.570249319076539 0.13516666740179065 9.5000000000000018 882.50000000000011 0.12643428891897204 0.16491568833589557 2.5000000000000004 4.5163240432739267 1.5025840401649477 0.23951964080333712 0.81563323736190807 7.1356794834136972 5.8066387176513681 4.6629672050476083 978.50000000000011 0.11884615570306779 0.86632803082466137 0.87423777580261242 1.0000000180025095e-35 171.800163269043 0.09622471779584886 5.2958111763000497 0.91757985949516307
decision_type=2 2 2 2 2 2 2 2 2 2 2 2 2 2 2 2 2 2 2 2 2 2 2 2 2 2 2 2 2 2
left_child=5 3 -3 22 6 8 7 -5 21 20 -11 14 23 15 -7 16 -14 18 19 -15 -6 -1 -2 -13 -25 -10 27 28 -27 -29
right_child=1 2 -4 4 9 11 -8 -9 25 10 -12 12 13 17 -16 -17 -18 -19 -20 -21 -22 -23 -24 24 -26 26 -28 29 -30 -31
leaf_value=-0.0096931038923932285 0.0062046655436606372 -0.016954709443999978 0.030413395966613185 0.033005126836926094 0.0142316492499677 -0.024103485092016867 -0.012923280928380007 -0.008595771691155666 -0.0028901010977181803 -0.020543304518807041 0.019999179621018052 0.029292673281668777 -0.017799870614449858 0.011302404705350716 -0.00022437418241131078 0.01525724148528548 0.0041564833346190997 0.014811264205526338 -0.016174052060910861 -0.013038703670372123 -0.0059442500793288177 0.016056372886564332 -0.024068686127993285 -0.018006378213987255 0.016622289890815801 0.044642735321652575 0.029180196358096985 0.0013097163307248434 -0.00095767415145298703 -0.017272523832335195
leaf_weight=213.71340715512633 10.670912571251391 6.2592580690979949 49.477382089942694 16.409676857292652 191.49068809300661 18.560203775763512 52.93246690556407 25.454651735723019 1057.6444207504392 15.549028098583223 6.8626400008797637 26.248863771557808 61.554584443569183 65.427734188735485 121.83572667092085 14.325303167104719 25.391756951808929 66.700947016477585 25.789767235517502 18.046468146145344 20.294431440532207 9.9979840628802759 21.986754480749369 15.023783549666403 73.113738633692265 8.4473670497536677 14.218266546726225 378.2899271696806 13.004562336951492 34.054346229881048
leaf_count=2136 68 55 524 106 1564 80 314 128 8591 137 57 113 285 304 584 53 119 292 101 92 102 91 138 72 316 68 111 2668 118 233
internal_value=0 0.00721639 0.0246909 0.00440229 0.00634336 -0.00115471 -0.00349483 0.00847203 -0.00240282 0.0103215 -0.00750745 0.00289617 0.00525876 0.001076 -0.00367537 -0.0074399 -0.0114385 0.00600562 0.000460548 0.00585809 0.0122608 -0.00841025 -0.0143896 0.0152038 0.010451 -0.00150026 0.00177906 0.000751158 0.0192747 -0.000300903
internal_weight=0 417.388 55.7366 361.651 328.994 2261.39 94.7968 41.8643 1729.37 234.197 22.4117 532.019 391.623 277.237 140.396 101.272 86.9463 175.965 109.264 83.4742 211.785 223.711 32.6577 114.386 88.1375 1505.66 448.014 433.796 21.4519 412.344
internal_count=19620 3193 579 2614 2408 16427 548 234 14016 1860 194 2411 1747 1246 664 457 404 789 497 396 1666 2227 206 501 388 11789 3198 3087 186 2901
is_linear=0
shrinkage=0.04


Tree=86
num_leaves=31
num_cat=0
split_feature=25 29 26 4 2 0 20 16 1 23 15 25 29 15 0 6 0 5 3 5 2 23 30 4 5 27 2 4 2 6
split_gain=14.5355 10.7191 9.29861 14.3204 8.91371 8.75178 8.26906 13.4015 7.4455 6.8741 6.2502 6.09936 6.86685 5.92806 11.5517 7.35206 6.24503 9.24664 6.23654 5.84705 6.65457 5.63293 7.10709 6.14085 11.7125 5.15089 6.58963 4.86501 4.85807 4.42615
threshold=0.31000000238418585 0.91597560048103344 1.0000000180025095e-35 0.79468134045600902 886.50000000000011 8.3884496688842791 0.13516666740179065 143.90621185302737 1.5000000000000002 1.0000000180025095e-35 0.25690476596355444 0.17500000447034839 -0.12940952181816107 0.21374999731779101 6.873150348663331 5.4992132186889657 6.5736558437347421 0.18758561462163928 1.5000000000000002 0.25819352269172674 559.50000000000011 1.0000000180025095e-35 2.0126758217811589 0.74491518735885631 0.22422358393669131 3.8659784793853764 983.50000000000011 0.863704413175583 553.50000000000011 5.6818761825561532
decision_type=2 2 2 2 2 2 2 2 2 2 2 2 2 2 2 2 2 2 2 2 2 2 2 2 2 2 2 2 2 2
left_child=2 4 5 8 9 21 29 11 19 10 -2 -8 13 14 -13 16 -15 -18 -17 -4 -21 -1 23 -23 -25 -6 -27 -9 -24 -5
right_child=1 -3 3 6 25 -7 7 27 -10 -11 -12 12 -14 15 -16 18 17 -19 -20 20 -22 22 28 24 -26 26 -28 -29 -30 -31
leaf_value=-0.0032160246406467965 -0.002428699516014452 0.027648491141839097 0.019100541792107777 0.00023763883904744931 0.030311680575826307 -0.023505305189112681 -0.0082351092650723573 0.004018617037873257 0.021949058709613615 0.015369886652049308 0.011110323773148151 0.010329124008402317 0.0094576003966474406 -0.025383869199915563 -0.033187234740142506 0.0039121765499464467 -0.0076061883056335244 0.026733452561573473 0.038546672790644713 0.0099075801419046244 -0.017311448915530971 -0.024118156637100752 -0.0050258031331881928 -0.0023551266562841849 0.031947174792154587 -0.0085274463800293718 0.028409959506287198 0.040868198617299581 0.030475022107896085 -0.023775761461034599
leaf_weight=1407.8121107518673 267.71878251060843 33.394438061863184 26.772506218403578 18.840553965419531 29.436409369111061 30.218076214194298 115.7686506845057 9.1782373674213904 77.228382401168346 54.761136267334223 66.389987040311098 14.822935689240692 126.00541106984019 16.915304899215698 22.844859957695007 24.466272458434105 49.755601771175861 14.562312938272951 11.030841283500193 28.261289790272713 25.462920647114515 12.413220398128031 7.5860805250704315 89.948339395225048 17.295867465436459 17.893888548016552 10.783171240240334 15.71027574315667 22.254975646734238 33.065073356032372
leaf_count=11289 1613 213 180 170 240 159 976 66 541 328 476 123 773 108 166 153 283 72 66 199 160 62 58 446 77 102 62 117 212 312
internal_value=0 0.00643106 -0.00122974 0.00287301 0.00472979 -0.00286123 -0.00062156 0.00126111 0.0132287 0.00250002 0.000311712 -0.000590654 0.00260144 -0.00304331 -0.0164054 0.00147222 -0.00517869 0.000740448 0.0161569 0.00453307 -0.00315136 -0.00243102 0.00490613 0.000429716 0.00366059 0.0190709 0.00630847 0.0285887 0.0217013 -0.015374
internal_weight=0 480.378 2218.22 630.691 446.983 1587.53 472.966 421.061 157.725 388.87 334.109 396.172 280.404 154.398 37.6678 116.73 81.2332 64.3179 35.4971 80.4967 53.7242 1557.31 149.498 119.657 107.244 58.1135 28.6771 24.8885 29.8411 51.9056
internal_count=19802 3034 16768 4465 2821 12303 3385 2903 1080 2417 2089 2720 1744 971 289 682 463 355 219 539 359 12144 855 585 523 404 164 183 270 482
is_linear=0
shrinkage=0.04


Tree=87
num_leaves=31
num_cat=0
split_feature=31 25 7 29 13 18 35 28 5 32 23 19 35 29 35 4 15 28 6 4 26 35 5 35 25 35 14 5 5 29
split_gain=14.5005 8.05 7.55773 7.39153 6.82601 6.41572 6.33255 6.10661 6.40323 6.02246 5.9368 5.2218 9.08612 5.18476 5.11037 9.87086 6.0977 8.12996 5.06703 4.56694 4.27031 4.21456 5.83023 5.08597 5.24285 5.54474 5.0856 4.09611 4.85534 4.09061
threshold=0.80982521176338207 0.34999999403953558 0.25000000000000006 0.91597560048103344 1.0000000180025095e-35 1.0000000180025095e-35 1.3077853322029116 -0.98296290636062611 0.12163170799613 1.5000000000000002 1.0000000180025095e-35 1.0000000180025095e-35 2.2204338312149052 0.60355338454246532 2.0888360738754277 0.91080132126808178 0.21374999731779101 -0.6035533845424651 4.1026091575622567 0.77278605103492748 1.0000000180025095e-35 1.5025840401649477 0.31125290691852575 0.85819900035858165 0.17500000447034839 0.76688519120216381 1.0000000180025095e-35 0.17312382906675342 0.19839283823966983 -0.7865660786628722
decision_type=2 2 2 2 2 2 2 2 2 2 2 2 2 2 2 2 2 2 2 2 2 2 2 2 2 2 2 2 2 2
left_child=1 2 4 10 14 -6 18 8 -4 -2 29 -11 20 -8 -1 16 17 -16 -7 -10 -13 22 23 24 -9 27 -27 -26 -29 -3
right_child=9 3 7 -5 5 6 13 21 19 11 -12 12 -14 -15 15 -17 -18 -19 -20 -21 -22 -23 -24 -25 25 26 -28 28 -30 -31
leaf_value=-0.0026539478487224311 0.0025083762447106407 -0.0084346712289224621 0.034533177544311226 0.037199425867428436 -0.030306688719359591 0.018120625428045326 -0.02131957413399924 -0.0069241932704207356 0.025111101445901278 0.019526983326403041 0.027731250360174584 0.0048297685279027917 -0.026807272068069283 0.0034479459315807132 -0.027868411814649711 -0.020474006359401872 0.021382968303176639 0.01857987608970792 -0.0049209156178849451 -0.0013744710135483124 0.031601314906211701 0.0062348342287702179 0.010179482473502564 -0.006565830384032809 0.0068024170650945407 0.031343841812140061 0.0019200312619734533 -0.017573172104629456 0.0015501245298285204 0.0070341607878968634
leaf_weight=987.32926191389561 145.28824367001653 37.695556446909904 14.763068258762358 10.843327354639767 18.881613027304411 14.858912158757446 63.688699625432491 93.921773236244917 12.181277204304932 96.446308113634586 14.698923312127588 40.367885064333677 10.215222176164387 16.390365190804005 9.7159190028905886 14.594704188406466 48.434311583638191 10.487594611942766 163.46754117682576 38.535043381154537 10.898890305310486 161.71303032338619 65.526714615523815 246.75221458077431 106.6353357732296 18.980691514909267 17.528040282428265 28.998902328312397 66.601787965744734 86.406031407415867
leaf_count=8758 838 220 81 60 185 145 453 668 64 1017 85 417 84 117 63 95 262 69 1695 188 119 691 315 1239 558 84 97 151 340 524
internal_value=0 -0.000820777 -0.00142866 0.00809719 -0.00330414 -0.00887494 -0.00708819 0.00147074 0.0130303 0.00844189 0.00532758 0.0138009 0.00448619 -0.0162897 -0.00184739 0.00755802 0.0139295 -0.00425546 -0.00282132 0.0056983 0.011494 0.000502499 -0.000949653 -0.00223894 0.000990551 0.00413585 0.0180507 0.0014717 -0.00449185 0.00227629
internal_weight=0 2369.63 2219.99 149.644 1347.85 277.287 258.406 872.138 65.4794 303.217 138.801 157.928 61.482 80.0791 1070.56 83.2325 68.6378 20.2035 178.326 50.7163 51.2668 806.658 644.945 579.419 332.667 238.745 36.5087 202.236 95.6007 124.102
internal_count=19682 17207 16318 889 11842 2595 2410 4476 333 2475 829 1637 620 570 9247 489 394 132 1840 252 536 4143 3452 3137 1898 1230 181 1049 491 744
is_linear=0
shrinkage=0.04


Tree=88
num_leaves=31
num_cat=0
split_feature=18 23 3 18 0 25 34 19 15 26 2 2 2 13 0 8 27 28 27 5 6 6 6 6 5 27 2 29 30 5
split_gain=15.6901 6.2028 6.83456 5.60756 5.37426 5.26119 5.06191 5.20078 5.15066 5.66244 6.2248 6.84869 8.29929 8.18103 7.10388 5.61177 8.47008 9.52838 5.64861 10.4558 5.49531 5.05015 6.44117 4.96924 5.88166 4.95458 4.87319 4.82936 4.80079 4.7723
threshold=1.5000000000000002 1.0000000180025095e-35 3.5000000000000004 8.5000000000000018 7.0613250732421884 0.17500000447034839 13.500000000000002 1.0000000180025095e-35 0.12099999934434892 1.0000000180025095e-35 741.50000000000011 810.50000000000011 783.50000000000011 1.0000000180025095e-35 6.9716575145721444 7.5000000000000009 4.4903202056884775 0.12940952181816109 4.0664591789245614 0.1357354819774628 5.6002705097198495 2.8617925643920903 3.979637980461121 4.6586997509002694 0.20737173408269885 2.9831503629684453 695.50000000000011 -0.12940952181816107 2.1383330821990971 0.1377644091844559
decision_type=2 2 2 2 2 2 2 2 2 2 2 2 2 2 2 2 2 2 2 2 2 2 2 2 2 2 2 2 2 2
left_child=1 2 6 -2 21 -5 7 8 -1 25 15 12 14 -13 -12 28 18 27 19 -17 -21 -4 -23 -24 -25 -10 -6 -18 -11 -29
right_child=3 -3 4 5 26 -7 -8 -9 9 10 11 13 -14 -15 -16 16 17 -19 -20 20 -22 22 23 24 -26 -27 -28 29 -30 -31
leaf_value=-0.01070904233224222 0.014346240939390192 0.0053515060438403218 -0.012885654116438643 -0.023812671784302134 -0.011167772597671237 0.0054365348406081359 -0.0247264020391736 0.020535863004530398 0.021913521832343852 0.0013609992526079423 -0.012134064304818608 0.0070908552952389722 0.041916549793151563 -0.026427668616499495 0.022456229531665605 -0.022678977963060867 -0.018655547935209897 0.035910658703527033 -0.022190492567988659 -0.0022284765157436111 0.031304119610048933 0.023818801574991864 -0.0052789422916815999 0.031883993771822217 0.0063301420264462362 -0.0033482297114112475 0.0087228047090964298 -0.011051916761842471 0.021759584665442651 0.024503986598536125
leaf_weight=104.22791163995862 161.17548086494207 251.5812214910984 16.320115469396114 9.8186553642153722 54.908305890858173 56.784224461764097 13.770917393267153 14.322693314403294 10.578674662858246 214.57986844703555 14.595414187759159 74.176470465958118 16.682240165770054 11.76433504745364 20.827338479459286 23.2132926620543 16.060857992619276 11.380239643156527 51.510325785726309 18.140018172562126 11.42690873891115 37.259787887334824 46.426342900842428 14.934078589081762 109.64841087162495 1237.3227478936315 28.367376960813999 9.2978769168257731 18.23589139059186 11.541916918009518
leaf_count=1031 1633 1191 97 60 290 448 80 111 63 1324 99 455 102 92 130 227 146 100 462 147 91 213 284 91 696 9730 141 87 91 93
internal_value=0 -0.00057491 -0.00125332 0.0103539 0.00425812 0.00055608 -0.00214818 -0.0019577 -0.00215116 -0.00163609 0.00185096 0.00907373 0.0202263 0.00200586 0.00831703 -0.000769723 -0.00668474 0.00697135 -0.013019 -0.00358479 0.0118933 0.00745885 0.00916046 0.00572824 0.00984873 -0.00309936 -0.00434649 -0.00334101 0.0031305 0.00906172
internal_weight=0 2463.1 2211.52 227.778 307.864 66.6029 1903.66 1889.89 1875.56 1771.33 523.433 138.046 52.105 85.9408 35.4228 385.387 152.571 48.2809 104.291 52.7802 29.5669 224.589 208.269 171.009 124.582 1247.9 83.2757 36.9007 232.816 20.8398
internal_count=19805 17664 16473 2141 1812 508 14661 14581 14470 13439 3646 878 331 547 229 2768 1353 426 927 465 238 1381 1284 1071 787 9793 431 326 1415 180
is_linear=0
shrinkage=0.04


Tree=89
num_leaves=31
num_cat=0
split_feature=25 31 6 23 29 4 27 8 7 6 25 4 1 4 0 20 3 14 29 0 14 27 2 29 34 2 29 16 31 2
split_gain=12.7843 8.65404 10.0467 7.33163 7.72918 6.08116 6.57515 6.05518 6.91665 6.78898 5.98809 10.0291 5.42075 8.93789 5.75357 6.67123 5.33701 7.3205 6.14636 10.8819 7.23139 6.29978 6.29379 5.81281 5.45506 5.12341 5.03235 6.74485 5.71518 4.78948
threshold=0.34999999403953558 0.28991597890853887 4.4716224670410165 1.0000000180025095e-35 0.91597560048103344 0.82059112191200267 3.7762025594711308 3.5000000000000004 1.0000000180025095e-35 3.1567740440368657 0.23499999940395358 0.89776721596717846 1.5000000000000002 0.73992881178855907 6.6669363975524911 0.70994871854782116 2.5000000000000004 1.4978661537170412 -0.12940952181816107 6.786701202392579 1.2424533367156985 3.4483977556228642 619.50000000000011 -0.7865660786628722 6.5000000000000009 978.50000000000011 0.78656607866287243 31.765058517456058 0.7992805838584901 939.50000000000011
decision_type=2 2 2 2 2 2 2 2 2 2 2 2 2 2 2 2 2 2 2 2 2 2 2 2 2 2 2 2 2 2
left_child=1 7 -3 4 5 -2 -7 9 -9 -1 11 12 13 -4 -14 26 17 18 21 -20 22 -12 -21 -23 -18 29 27 -16 -29 -10
right_child=3 2 10 -5 -6 6 -8 8 25 -11 16 -13 14 -15 15 -17 24 -19 19 20 -22 23 -24 -25 -26 -27 -28 28 -30 -31
leaf_value=0.015378997233053811 0.013298806255447436 0.024979808690419606 -0.034857825009387396 0.029894620220033918 0.035004598309413847 0.013653311690325584 -0.0089213954626204336 -0.0034041052956084034 0.0013779382122275233 -0.01014727167643267 0.015418956385044294 0.022188728265749278 0.016753886401306185 -0.0052430415714694555 -0.027226409375309207 0.018297234251550738 0.0030026236780654283 -0.021486177555381597 -0.023295373784098627 0.0073943158483545449 -0.0056681455805382497 0.0023972547556863882 0.039482812533132558 -0.024250941076227637 0.022833378551264431 0.016041011488757587 0.014782653294995861 -0.013122422278798696 0.015207558842534542 -0.022000485276470402
leaf_weight=16.380172371864319 67.020211469382048 31.861436046659946 18.963641840964556 23.611400946974754 12.330360315740107 27.390424851328135 67.585866205394268 947.54902267456055 739.5600853562355 203.52036449313164 19.506902128458023 22.799323581159115 26.469833541661501 77.929481968283653 27.049052271991968 16.417895399034023 39.346575535833836 16.442275449633598 8.9423795305192453 16.482167437672615 12.293725121766327 26.850188583135605 26.753385052084923 22.978790495544672 51.037821512669325 35.765027277171612 11.226754680275915 27.572630278766155 16.567393705248833 12.294523704797028
leaf_count=69 515 203 134 193 79 161 420 8862 4539 954 146 181 192 542 164 157 194 116 68 109 75 166 202 149 562 191 70 167 102 71
internal_value=0 -0.00068412 0.00390602 0.00983119 0.00680548 0.00425838 -0.00226371 -0.00190184 -0.00110481 -0.00812437 0.00242662 -0.00197029 -0.00462504 -0.0116269 0.000886874 -0.00361068 0.00688256 0.00219878 0.00538275 0.0140812 0.0207009 -0.0028735 0.0281179 -0.0103532 0.0144524 0.00166299 -0.00830501 -0.0122505 -0.00229085 0.000938294
internal_weight=0 2472.56 517.492 197.938 174.327 161.997 94.9763 1955.07 1735.17 219.901 485.63 244.996 222.197 96.8931 125.304 98.8337 240.634 150.25 133.808 64.4717 55.5293 69.3359 43.2356 49.829 90.3844 787.62 82.4158 71.1891 44.14 751.855
internal_count=19753 18385 3699 1368 1175 1096 581 14686 13663 1023 3496 1709 1528 676 852 660 1787 1031 915 454 386 461 311 315 756 4801 503 433 269 4610
is_linear=0
shrinkage=0.04


Tree=90
num_leaves=31
num_cat=0
split_feature=3 25 34 19 7 30 8 6 6 6 7 4 5 5 5 21 28 0 5 30 5 7 0 35 0 2 4 5 1 21
split_gain=13.6643 9.45254 9.2551 8.17375 6.73934 6.5381 6.1332 4.8692 13.0806 7.65217 8.20077 7.1246 8.26398 8.57921 5.83936 7.83966 7.34695 5.7039 5.21334 4.81315 6.13383 8.38409 7.06161 5.93866 5.43924 5.20731 9.13396 8.01602 4.7661 4.76025
threshold=2.5000000000000004 0.17500000447034839 20.500000000000004 1.0000000180025095e-35 0.25000000000000006 4.182021141052247 10.500000000000002 3.979637980461121 4.7492611408233651 3.8393944501876835 0.57499998807907116 0.84003606438636791 0.22422358393669131 0.2114873602986336 0.24699397385120395 1.0000000180025095e-35 -0.6035533845424651 6.9236166477203378 0.28217846155166632 2.0126758217811589 0.16382539272308352 0.42499999701976782 6.5453238487243661 1.5025840401649477 6.3207278251647958 797.50000000000011 0.90354722738266002 0.15287414193153384 1.5000000000000002 25.500000000000004
decision_type=2 2 2 2 2 2 2 2 2 2 2 2 2 2 2 2 2 2 2 2 2 2 2 2 2 2 2 2 2 2
left_child=1 5 3 7 29 6 -1 9 -9 10 18 12 13 17 -14 16 -16 -10 -2 20 22 -22 24 -23 -6 27 -27 -24 -4 -3
right_child=2 4 28 -5 19 -7 -8 8 11 -11 -12 -13 14 -15 15 -17 -18 -19 -20 -21 21 23 25 -25 -26 26 -28 -29 -30 -31
leaf_value=-0.0061672861096204448 -0.013399222097327539 -0.0024429726156929544 0.0016945595247428399 0.03205361811206664 0.0028905582724783837 -0.040296106010079491 0.024955276644947427 -0.0097475346247676616 0.0072973722353249547 0.034444491072199823 0.021202381478665232 0.025679447082394773 0.02047246089384918 -0.020239112750800509 0.0012913253169945533 -0.0008879638965124311 0.024467377667210216 -0.0076782572369420198 0.0076468659388530822 0.010142638686214307 0.011482066471893967 -0.015097820068247531 -0.003114659245171444 0.010541038739097569 0.034776198463343913 0.00081767775588743256 0.036789066203449086 0.021660997557533045 0.024166700768947679 0.02257609813135289
leaf_weight=468.00735607370734 32.397648386657238 771.16032354161143 21.157242681831121 13.658191829919813 15.221846707165239 6.8717941567301741 8.4196174666285497 131.29532396420836 94.954105708748102 15.738302513957022 34.994977228343487 21.937036663293839 46.042903732508421 35.263473644852638 39.362201109528542 139.23502134159207 47.959440529346466 68.153771538287401 39.694096527993679 137.17131013795733 33.661704741418362 86.78024185448885 182.57033399492502 15.786242231726645 18.783458776772022 30.364844180643559 16.072458028793335 21.562019594013691 53.67052111402154 10.376107931137083
leaf_count=4634 192 6440 244 111 86 38 86 760 622 90 157 125 286 219 222 875 251 392 234 1023 213 392 826 56 97 132 65 92 653 55
internal_value=0 -0.00139085 0.00478058 0.00343417 0.00034149 -0.00617381 -0.00551525 0.00282672 0.00137973 0.0100404 0.00588806 0.00437111 0.00327421 -0.00292122 0.00777107 0.00503322 0.0142831 0.00102267 -0.00191752 0.00369217 0.00155144 -0.0053783 0.00488314 -0.0110255 0.0214566 0.00248183 0.0142727 -0.00031289 0.0180223 -0.00205403
internal_weight=0 1822.81 835.514 760.686 1339.51 483.299 476.427 747.028 624.203 122.825 107.087 492.908 470.971 198.371 272.6 226.557 87.3216 163.108 72.0917 557.974 420.803 136.228 284.575 102.566 34.0053 250.57 46.4373 204.132 74.8278 781.536
internal_count=19668 14235 5433 4536 9477 4758 4720 4425 3752 673 583 2992 2867 1233 1634 1348 473 1014 426 2982 1959 661 1298 448 183 1115 197 918 897 6495
is_linear=0
shrinkage=0.04


Tree=91
num_leaves=31
num_cat=0
split_feature=1 25 29 6 15 6 23 28 5 6 31 6 27 12 2 6 31 16 2 27 2 5 2 29 8 5 0 31 16 0
split_gain=13.2076 9.79072 10.8323 8.63861 7.25528 8.65571 7.03924 8.86752 8.39143 8.30514 7.05563 6.48749 6.29968 6.09858 5.83407 7.36487 6.41043 5.39568 5.35789 8.31969 8.13222 7.51479 5.09639 6.51357 11.5294 7.21457 7.04539 9.37704 9.16393 6.78957
threshold=3.5000000000000004 0.34999999403953558 0.91597560048103344 5.4617087841033944 0.35625000298023229 6.4175486564636239 1.0000000180025095e-35 1.0000000180025095e-35 0.20965641736984256 5.3729581832885751 0.41428571939468389 5.8735244274139413 3.3446254730224614 1.0000000180025095e-35 933.50000000000011 5.9545402526855478 0.69091710448265087 186.8036804199219 577.50000000000011 3.4610360860824589 729.50000000000011 0.27144037187099462 653.50000000000011 0.37940952181816107 7.5000000000000009 0.25658404827117925 7.8143978118896493 0.41428571939468389 53.655107498168952 8.3298983573913592
decision_type=2 2 2 2 2 2 2 2 2 2 2 2 2 2 2 2 2 2 2 2 2 2 2 2 2 2 2 2 2 2
left_child=1 4 6 -2 5 13 7 9 -9 10 -3 -10 -11 22 -5 -16 -17 18 19 -6 -20 -22 -1 29 25 26 27 28 -25 -24
right_child=3 2 -4 14 17 -7 -8 8 11 12 -12 -13 -14 -15 15 16 -18 -19 20 -21 21 -23 23 24 -26 -27 -28 -29 -30 -31
leaf_value=-0.0036717336420862617 0.024730227800214399 -0.010615495843087019 0.041066485024764003 0.027284471407929368 0.019123227473679585 -0.013918533453515203 0.026076371390234949 -0.024322536246098203 0.026143809245179325 -0.0065871339096762139 0.022685142683436198 -0.015915988107058774 0.027150672923572823 0.0063873415525679831 -0.019276899624108619 -0.0056702370689384971 0.031552571826651332 0.031705013528181981 0.01715302281005792 -0.011805467361228665 -0.010463547256414104 0.014917504301298708 -0.0010306596550153104 0.015823717722298951 -0.0049938174778232708 -0.0044382365401808279 0.042872027306106217 0.044848519236597072 -0.013213952836378867 -0.029610221250414785
leaf_weight=1058.6324703581631 54.33138195425272 38.813128374516964 13.09183160215616 10.481579523533581 16.262171898037195 87.481807854026556 21.25598955526948 29.146476723253727 11.414850722998382 10.344277273863552 11.580737639218567 8.6522629298269731 40.186093918979168 154.40806898102164 22.481060281395912 16.114359319210056 10.952590126544235 10.069778203964232 79.189197853207588 57.249155055731535 48.118380166590214 27.748227015137672 592.76285265013576 65.288516346365213 89.029991997405887 28.576730452477932 13.896012995392082 11.312734149396418 21.750022079795599 11.611364237964152
leaf_count=8334 376 212 89 85 142 730 166 183 81 93 93 60 282 918 182 104 105 61 561 401 329 255 4283 397 768 171 75 78 166 58
internal_value=0 -0.000306458 0.00851921 0.0134727 -0.000999081 -0.00173986 0.0055881 0.00238277 -0.0112546 0.00912221 -0.00238903 0.00821014 0.0202562 -0.00120637 0.00281493 -0.00321921 0.0105266 0.00558698 0.00417128 -0.00463814 0.00835368 -0.0010357 -0.00183191 0.000506017 0.00620727 0.0132594 0.0177639 0.0134326 0.00843368 -0.00167559
internal_weight=0 2557.87 184.486 114.361 2373.39 2134.75 171.394 150.138 49.2136 100.924 50.3939 20.0671 50.5304 2047.27 60.0296 49.548 27.0669 238.637 228.567 73.5113 155.056 75.8666 1892.86 834.228 229.854 140.824 112.247 98.3513 87.0385 604.374
internal_count=19838 18986 1259 852 17727 15978 1170 1004 324 680 305 141 375 15248 476 391 209 1749 1688 543 1145 584 14330 5996 1655 887 716 641 563 4341
is_linear=0
shrinkage=0.04


Tree=92
num_leaves=31
num_cat=0
split_feature=22 30 25 3 3 0 22 12 4 29 35 2 35 4 29 25 2 8 35 22 35 2 15 0 0 2 5 15 16 2
split_gain=11.2734 8.72277 7.65964 7.19296 5.70778 6.54128 6.37353 5.45676 6.34289 5.50836 8.29027 6.05303 10.4586 6.69421 5.06737 6.23548 6.36881 5.00664 5.00619 5.12162 4.92597 4.92062 4.84126 5.6485 6.72759 5.53763 8.35812 5.97439 5.20604 4.75562
threshold=0.74370512366294872 4.4716224670410165 0.27500000596046453 2.5000000000000004 1.5000000000000002 8.5896992683410662 0.66042509675025951 1.0000000180025095e-35 0.89776721596717846 0.37940952181816107 1.8928313255310061 581.50000000000011 0.74615454673767101 0.89112007617950451 0.91597560048103344 0.34999999403953558 567.50000000000011 1.5000000000000002 0.32031573355197912 0.22083333134651187 1.4746742248535158 330.50000000000006 0.19597221910953525 6.4861316680908212 6.7405018806457528 629.50000000000011 0.29488065838813787 0.39333333075046545 117.18713378906251 563.50000000000011
decision_type=2 2 2 2 2 2 2 2 2 2 2 2 2 2 2 2 2 2 2 2 2 2 2 2 2 2 2 2 2 2
left_child=2 3 4 -2 5 7 17 9 -9 21 11 12 13 -11 18 16 -16 -6 -4 -20 -13 -1 -21 -24 -25 28 -27 -28 -26 -19
right_child=1 -3 14 -5 6 -7 -8 8 -10 10 -12 20 -14 -15 15 -17 -18 29 19 22 -22 -23 23 24 25 26 27 -29 -30 -31
leaf_value=0.020537700013066269 0.0064721571172888168 -0.016172442381752659 -0.015395477751587153 0.029951015131541258 0.015118586958464103 -0.035188033608964116 -0.024628480798705565 -0.0021648031939705339 0.022452454454279451 0.029226954746101971 0.025862598509131734 -0.00022947411723250654 -0.030683308859471119 -0.013876577947022455 -0.016671082308495337 0.03471962824222042 0.014093777137197464 -0.0048628938016713101 8.3307871361933827e-05 -0.013884611756051476 0.030803848561491206 -0.0097799818338421916 -0.011762317566067319 0.034900017800104419 0.0058908479131624851 0.021862912826548252 0.012498509384354012 -0.030510045748175951 -0.021927813121272517 0.0011810816484164998
leaf_weight=6.9553101398050776 46.798129446804523 12.804301548749207 26.697605725377798 37.910087816417217 30.442808657884598 9.8674927055835706 15.588302928954361 63.233136173337698 20.637513265013695 9.0353956669569033 15.688692487776278 67.372369069606066 25.428265102207661 10.291838623583315 13.254911951720713 13.632892921566961 35.275063697248697 313.00427210703492 726.99079037457705 13.631681051105259 7.3108436428010455 370.92509310692549 16.235730946063995 16.349960796535015 38.916511327028275 62.300401747226715 9.0101965889334696 8.0130203291773778 12.615856595337389 613.25408160686493
leaf_count=73 472 141 198 527 140 49 133 467 122 103 102 654 230 122 78 83 198 2560 4195 69 50 3482 97 103 241 417 69 69 67 4509
internal_value=0 0.0127799 -0.000941309 0.0174283 -0.00267099 -0.00570859 -0.000767586 -0.00510536 0.00427446 -0.00664949 0.000282501 -0.00344813 -0.0147497 0.00712527 0.00180922 0.0126833 0.00536376 -0.000328233 0.00105734 0.00157611 0.00353259 -0.00911676 0.00763556 0.00957658 0.0120562 0.00871957 0.015222 -0.00882536 -0.00148435 -0.000867395
internal_weight=0 97.5125 2571.96 84.7082 1579.04 606.746 972.289 596.878 83.8706 513.008 135.127 119.439 44.7555 19.3272 992.925 62.1629 48.53 956.701 930.762 904.064 74.6832 377.88 177.073 163.442 147.206 130.856 79.3236 17.0232 51.5324 926.258
internal_count=19820 1140 18680 999 12796 5454 7342 5405 589 4816 1261 1159 455 225 5884 359 276 7209 5525 5327 704 3555 1132 1063 966 863 555 138 308 7069
is_linear=0
shrinkage=0.04


Tree=93
num_leaves=31
num_cat=0
split_feature=25 27 6 1 35 6 34 34 20 27 5 29 6 29 0 35 25 29 27 2 30 30 0 15 0 4 6 35 8 28
split_gain=12.6691 10.6239 10.4446 8.36805 7.9988 8.06429 8.09088 6.701 6.62785 6.50015 6.13118 12.9794 10.5686 7.54285 6.12806 7.9279 8.95448 7.86532 6.48203 5.4817 5.47928 6.09595 6.66305 5.72801 6.39134 5.80577 5.52984 5.8807 6.1603 5.38602
threshold=0.27500000596046453 3.857566356658936 5.6542406082153329 1.5000000000000002 0.41888718307018286 6.1235880851745614 50.500000000000007 11.500000000000002 0.77753785252571117 3.7483261823654179 0.10128523781895639 0.37940952181816107 5.1089665889739999 -0.98296290636062611 6.5595901012420663 0.75068706274032604 0.17500000447034839 -0.6035533845424651 4.4408848285675058 524.50000000000011 4.2413008213043222 1.8688347935676577 7.6088676452636728 0.13516666740179065 7.8693997859954843 0.85135751962661754 5.2958111763000497 1.6165884137153628 3.5000000000000004 -0.98296290636062611
decision_type=2 2 2 2 2 2 2 2 2 2 2 2 2 2 2 2 2 2 2 2 2 2 2 2 2 2 2 2 2 2
left_child=3 4 -3 20 -2 9 -7 -4 10 -6 11 12 -5 -12 -15 -16 29 18 -18 -11 21 22 26 -23 25 -25 27 28 -1 -17
right_child=1 2 7 8 5 6 -8 -9 -10 19 13 -13 -14 14 15 16 17 -19 -20 -21 -22 23 -24 24 -26 -27 -28 -29 -30 -31
leaf_value=-0.017488236379611995 -0.015907544109674911 -0.0029529129749525035 0.0054440873868189122 0.029001268553979002 0.010805874107653721 -0.011271078867596027 0.018383216645177117 0.033256354090242829 0.025132674301308201 0.051560882790117085 0.014616218873808779 0.038890989320002275 -0.011608259296372974 0.0061039482356719825 -0.012886720996467595 0.014948645364595989 0.005784820207917837 -0.0013788168860656672 0.029642647721549988 0.018192434120910705 -0.032391641803266293 -0.0066966963091031582 -0.014546655562580224 0.013515433152944017 0.038394998275343609 -0.0077149775990869411 -0.0084665876395064194 0.026879268141701971 0.00071848198903467792 -0.0098456302260509932
leaf_weight=31.95303800702095 17.246764652431011 446.92614724114537 254.32260963693261 12.467689424753187 212.08136175572872 44.192104876041412 19.623800754547119 12.794285621494053 15.607040431350468 10.127459645271299 45.543546576052904 17.982082258909941 33.204917449504137 123.10223393701017 116.06923890858889 13.523672349750994 57.099570970982313 157.36668784916401 25.714211530983448 35.661085177212954 9.4995877929031831 60.508583996444941 121.87286910042167 49.488786928355694 8.5328134745359403 32.677451085299253 254.11127560958266 10.164597928524016 238.24101638048887 166.74035405367613
leaf_count=167 123 2558 1561 108 1543 295 170 112 175 69 332 154 318 1029 1062 102 382 1035 169 221 75 607 852 333 47 237 2469 58 2128 1273
internal_value=0 0.00356056 0.000784599 -0.00208356 0.00936988 0.010815 -0.00187067 0.00701348 0.000867113 0.0139446 0.000310586 0.0120027 0.000228927 -0.000775826 -0.00187955 -0.00372722 -0.00114958 0.00389654 0.0137171 0.0274218 -0.0049116 -0.00450911 -0.00617386 0.00270328 0.00898353 0.00508942 -0.00421754 -0.000333598 -0.00154731 -0.00784191
internal_weight=0 1052.98 714.043 1601.47 338.933 321.686 63.8159 267.117 784.421 257.87 768.814 63.6547 45.6726 705.16 659.616 536.514 420.444 240.18 82.8138 45.7885 817.05 807.55 656.343 151.208 90.6991 82.1662 534.47 280.359 270.194 180.264
internal_count=19764 6652 4231 13112 2421 2298 465 1673 6139 1833 5964 580 426 5384 5052 4023 2961 1586 551 290 6973 6898 5674 1224 617 570 4822 2353 2295 1375
is_linear=0
shrinkage=0.04


Tree=94
num_leaves=31
num_cat=0
split_feature=25 27 1 5 8 27 21 35 27 0 35 27 29 0 5 28 6 27 2 5 5 6 27 6 6 27 0 0 25 30
split_gain=9.85169 9.12377 9.73457 6.77491 6.35134 6.5881 6.08938 6.08123 5.97072 5.65891 6.32003 6.21158 5.8001 5.50792 5.30628 5.52715 6.58872 5.98018 7.01916 5.40269 6.34862 4.91981 4.91114 4.75591 5.78691 5.59637 5.97394 11.4676 5.55914 6.20825
threshold=0.27500000596046453 4.4903202056884775 3.5000000000000004 0.41369798779487615 7.5000000000000009 3.0228579044342045 25.500000000000004 1.1073911190032961 4.7557430267333993 8.5896992683410662 2.3680539131164555 5.2070240974426278 -0.6035533845424651 6.2652561664581308 0.1234407424926758 -0.37940952181816096 3.1567740440368657 3.8743206262588505 738.50000000000011 0.15373947471380237 0.13464640825986865 6.2490091323852548 3.9229624271392827 5.4909996986389169 5.7153801918029794 4.3560674190521249 6.9037346839904794 7.593874692916871 0.23499999940395358 1.8688347935676577
decision_type=2 2 2 2 2 2 2 2 2 2 2 2 2 2 2 2 2 2 2 2 2 2 2 2 2 2 2 2 2 2
left_child=1 2 4 -3 5 7 9 -1 -5 10 11 13 -12 -2 23 21 -17 18 -18 20 -19 -16 -23 25 -25 26 -6 -28 29 -26
right_child=6 3 -4 8 14 -7 -8 -9 -10 -11 12 -13 -14 -15 15 16 17 19 -20 -21 -22 22 -24 24 28 -27 27 -29 -30 -31
leaf_value=-0.004701987933904115 -0.0072098730590297276 0.0014323163812559204 0.014134583314919463 0.038460174468466717 -0.0094592873944771855 -0.0029820919468440165 0.026408099285744481 0.038754949066174056 0.0015885725517644333 -0.021622920128314016 -1.1908641496578493e-05 -0.01754601757006365 0.027526661793827505 0.0037017177846180773 -0.018414300089874189 0.024939007913960039 -0.030833144467670423 -0.0073349079264003036 0.0059712755598376336 -0.0076678479755275114 0.033654043149061369 0.018972637476705401 -0.016750586363650954 -0.028943187854882573 -0.0036155970689570535 -0.021823039069990023 0.044606815840498693 -0.011433376897151366 -0.025384218933388505 0.027815729676920732
leaf_weight=8.4415969885885733 79.078519079834223 459.31989312171936 43.831653703004122 13.378140330314638 9.1811237521469575 645.3499394133687 15.567353215068577 9.8247988894581777 13.270373888313769 13.189153313636778 20.179023455828428 22.722683951258659 29.084528177976608 865.16958045586944 153.25795361399651 9.0120838619768602 26.105248957872391 10.04477033019066 10.94872986152768 52.948238886892796 11.224614463746546 10.952555473893883 9.7611890807747823 13.420823734253643 38.632130432873964 5.632386438548564 15.558945618569853 7.7265879772603503 10.475464448332785 11.426008777692912
leaf_count=73 512 3757 329 78 119 4626 163 86 76 58 99 133 175 5434 1490 75 235 111 91 471 115 81 101 167 468 65 160 71 107 130
internal_value=0 -0.00194992 -0.00394324 0.00261587 -0.00470882 -0.00228553 0.0030397 0.0201897 0.0214917 0.0026358 0.00299249 0.00226185 0.0166861 0.00277459 -0.00863616 -0.011441 -0.00473688 -0.00753828 -0.0202093 -0.000847839 0.0153298 -0.0159698 0.00214572 -0.00119899 -0.00706296 0.00996816 0.0164297 0.0265781 -0.00144139 0.00435177
internal_weight=0 1599.73 1113.76 485.968 1069.93 663.616 1044.99 18.2664 26.6485 1029.42 1016.23 966.971 49.2636 944.248 406.309 294.255 120.284 111.272 37.054 74.2176 21.2694 173.972 20.7137 112.053 73.9544 38.099 32.4667 23.2855 60.5336 50.0581
internal_count=19656 13082 9171 3911 8842 4785 6574 159 154 6411 6353 6079 274 5946 4057 2770 1098 1023 326 697 226 1672 182 1287 872 415 350 231 705 598
is_linear=0
shrinkage=0.04


Tree=95
num_leaves=31
num_cat=0
split_feature=23 30 27 7 20 18 25 35 35 22 27 27 16 27 4 29 2 29 29 35 20 35 16 16 35 6 29 6 2 16
split_gain=10.9674 12.5736 10.1604 9.04216 6.62565 7.12775 5.41808 7.4343 5.33191 6.35206 5.93169 5.50202 5.02983 6.46984 5.06755 5.22381 10.4395 4.96159 4.9033 4.90157 4.16201 5.78974 4.04307 6.16579 7.54235 6.20035 5.98286 9.05753 4.90497 4.36984
threshold=1.0000000180025095e-35 2.1383330821990971 5.0366277694702157 0.57499998807907116 0.57166665792465221 11.500000000000002 0.17500000447034839 3.2558177709579472 0.61721122264862072 0.13516666740179065 4.0154814720153817 3.4919505119323735 72.425163269042983 4.4664824008941659 0.78083589673042308 0.37940952181816107 711.50000000000011 0.91597560048103344 -0.37940952181816096 0.30112875998020178 0.13516666740179065 1.0288308262825014 144.96619415283206 177.77217102050784 0.82851412892341625 5.881927728652955 -0.37940952181816096 6.1954247951507577 613.50000000000011 139.6603698730469
decision_type=2 2 2 2 2 2 2 2 2 2 2 2 2 2 2 2 2 2 2 2 2 2 2 2 2 2 2 2 2 2
left_child=3 2 -2 6 17 -6 7 8 9 -1 11 18 14 -14 -11 -16 -17 -5 -10 -8 21 -13 29 26 -25 -26 27 -24 -27 -21
right_child=1 -3 -4 4 5 -7 19 -9 10 12 -12 20 13 -15 15 16 -18 -19 -20 22 -22 -23 23 24 25 28 -28 -29 -30 -31
leaf_value=-0.021271274182312918 0.0053279114406619759 0.025206244003791036 -0.028708834870566888 0.00069607754299915846 0.023899718516047292 -0.012458207708775886 -0.01693930290001907 0.030110591692081003 0.013769146754035582 -0.020407717467036332 -0.0055554224169337618 -0.026721854591408821 0.0025826791642067975 0.043781676473383151 -0.0034416033563552345 -0.0037016681204584444 0.053802654151963621 0.015524483630676204 -0.01545471324901595 -0.0004412313452562067 -0.02500904544833802 0.021282046944062279 0.016594206656568761 0.019151751594057537 -0.034437235594931608 -0.017945533262430913 -0.02590284194462528 -0.028179657405559479 0.014951243947930784 0.021322685688670101
leaf_weight=16.233631618320942 217.3907550573349 48.758522670716047 13.011037208139895 566.70107614994049 39.651285346597433 9.5305813923478109 29.350931499153376 6.8473000749945632 14.730568170547484 14.653030790388582 225.33263963088393 5.2174022607505304 15.153921626508238 8.5216871127486211 41.8648372143507 11.23468239977956 6.8390903808176509 36.579050295054913 18.435701075941324 1083.0668339729309 76.597752466797829 7.0742278918623924 16.275028351694349 22.070456653833389 9.2257160544395429 10.572074547410013 37.766329750418663 9.963750593364237 15.148599453270434 12.964512839913366
leaf_count=261 1017 550 63 2722 592 101 299 42 119 154 2296 74 194 102 549 153 73 180 149 8016 761 78 141 209 75 79 315 86 114 110
internal_value=0 0.00717518 0.0031753 -0.00118055 0.00282153 0.0166427 -0.00270451 -0.00636136 -0.00702953 0.000453799 -0.00948455 -0.0165318 0.00439546 0.0196669 -0.000838729 0.00444974 0.0212504 0.0016435 -0.00243023 -0.00132128 -0.0216241 1.78965e-05 -0.000917457 -0.0077933 0.00178236 -0.00963023 -0.016119 -0.00119958 0.00111037 -0.000145426
internal_weight=0 279.16 230.402 2367.6 652.462 49.1819 1715.14 468.736 461.889 114.501 347.388 122.056 98.2672 23.6756 74.5916 59.9386 18.0738 603.28 33.1663 1246.4 88.8894 12.2916 1217.05 121.022 57.0168 34.9464 64.0051 26.2388 25.7207 1096.03
internal_count=19674 1630 1080 18044 3595 693 14449 5005 4963 1486 3477 1181 1225 296 929 775 226 2902 268 9444 913 152 9145 1019 477 268 542 227 193 8126
is_linear=0
shrinkage=0.04


Tree=96
num_leaves=31
num_cat=0
split_feature=7 18 28 4 23 35 29 18 4 29 27 25 20 20 27 20 21 7 29 34 20 3 28 20 35 35 4 4 25 4
split_gain=11.036 8.15798 6.64705 6.61696 6.46838 5.12105 7.6551 4.2234 4.21807 7.0077 8.23182 6.34922 5.99553 5.83533 5.18544 4.4661 8.43148 4.23414 4.13194 4.66258 6.98225 4.54777 4.30536 4.07221 4.04481 4.01942 3.96853 3.85963 7.98007 6.33521
threshold=0.57499998807907116 2.5000000000000004 0.91597560048103344 0.61676830053329479 1.0000000180025095e-35 1.8928313255310061 -0.37940952181816096 11.500000000000002 0.77627015113830578 1.0000000180025095e-35 3.3268313407897954 0.31000000238418585 0.70785713195800792 0.73793908953666698 3.7669966220855717 0.61612781882286083 1.5000000000000002 1.0000000180025095e-35 0.78656607866287243 5.5000000000000009 0.13516666740179065 2.5000000000000004 -0.91597560048103321 0.35625000298023229 1.2791697382926943 0.94488331675529491 0.7261028289794923 0.84650060534477245 0.31000000238418585 0.8326401710510255
decision_type=2 2 2 2 2 2 2 2 2 2 2 2 2 2 2 2 2 2 2 2 2 2 2 2 2 2 2 2 2 2
left_child=3 2 5 -1 8 -2 -7 -3 9 10 -5 12 -11 15 26 16 27 -18 19 20 -6 22 -22 -16 -9 -13 -12 28 29 -10
right_child=1 7 -4 4 18 6 -8 24 13 11 14 25 -14 -15 23 -17 17 -19 -20 -21 21 -23 -24 -25 -26 -27 -28 -29 -30 -31
leaf_value=0.0081608676508769622 0.0027150119062179278 0.022202688752305851 -0.014782721392843428 0.025341126571267438 -0.017480414324849494 0.00042416921837641467 0.028572586633006498 0.017208716066768572 -0.004799990729506258 -0.016150874545816915 -0.00045157152833517618 -0.012098144601128014 -0.050400951850120841 0.025432928711432674 -0.0044705851168124243 -0.019414630021067303 0.0010588344721540895 0.026483953277373993 -0.010677973099399257 0.023111473328618036 -0.011015287459521029 0.019993155032589843 0.0074485736199371233 0.017056038013233601 -0.023202212509795175 0.021046536527719258 -0.032761435983959863 -0.0038346238646759763 0.01448293591791535 0.008212155514951653
leaf_weight=107.55005121231079 550.70497049018741 54.240088921040297 29.931711796671152 13.716753028333185 18.953248135745525 30.228108983486891 29.768961355090141 5.9300619885325414 236.36730403825641 68.511970937252045 9.5804155357182044 10.309503853321077 8.1997539177536947 10.355353698134421 95.127038422971964 21.695434495806694 18.64789130538702 22.444020554423332 23.024297811090946 22.183994397521019 24.362818196415901 32.341625586152077 85.640847980976105 14.451364159584044 5.9741555973887444 9.2642953321337682 14.932816196233032 928.33584025874734 57.018674023449421 77.994345363229513
leaf_count=735 2671 859 149 102 103 120 121 74 1884 552 63 65 47 74 765 109 89 151 133 189 110 144 396 93 60 62 116 8694 326 660
internal_value=0 0.00444439 0.00303432 -0.00139064 -0.00196232 0.00395297 0.0148619 0.0176116 -0.00281453 -0.00763963 -0.00210477 -0.0159205 -0.0209995 -0.00194677 -0.00524347 -0.00219183 -0.00188465 0.0155305 0.00467347 0.00669421 0.00418088 0.00726732 0.00323566 -0.00137679 -0.00349188 0.00408608 -0.0211205 -0.00245826 0.000984328 -0.00154012
internal_weight=0 706.778 640.634 1931.01 1823.46 610.702 59.9971 66.1443 1616.95 244.094 147.808 96.2855 76.7117 1372.86 134.092 1362.5 1340.81 41.0919 206.507 183.483 161.299 142.345 110.004 109.578 11.9042 19.5738 24.5132 1299.72 371.38 314.362
internal_count=19716 4054 3061 15662 14927 2912 241 993 13852 1865 1139 726 599 11987 1037 11913 11804 240 1075 942 753 650 506 858 134 127 179 11564 2870 2544
is_linear=0
shrinkage=0.04


Tree=97
num_leaves=31
num_cat=0
split_feature=18 18 35 9 19 35 2 22 6 25 27 15 2 22 27 32 13 26 35 2 0 35 2 28 5 14 25 5 35 27
split_gain=11.795 9.30303 7.92651 6.1363 6.13543 5.90508 7.97913 5.85411 5.26475 5.16985 6.03035 4.67013 7.56145 6.65589 9.05471 5.73564 5.09987 4.95513 7.10239 6.13478 6.31298 5.92373 5.3821 4.87413 4.82005 4.49252 4.44965 4.34249 4.32686 6.7519
threshold=1.5000000000000002 9.5000000000000018 0.82342091202735912 1.0000000180025095e-35 1.0000000180025095e-35 1.1548813581466677 804.50000000000011 0.78947618603706371 5.5073599815368661 0.23499999940395358 4.9159581661224374 0.15795455127954486 1095.5000000000002 0.13516666740179065 4.7401380538940439 1.5000000000000002 1.0000000180025095e-35 1.0000000180025095e-35 1.8386887907981875 780.50000000000011 7.3038375377655038 2.6709638833999638 768.50000000000011 0.37940952181816107 0.22899316996335986 1.0000000180025095e-35 0.31000000238418585 0.14355952292680743 0.48041431605815893 4.5648686885833749
decision_type=2 2 2 2 2 2 2 2 2 2 2 2 2 2 2 2 2 2 2 2 2 2 2 2 2 2 2 2 2 2
left_child=4 3 -3 -2 9 6 -5 -4 -6 10 28 13 15 14 16 17 -11 18 19 22 24 25 -13 -17 27 -20 -16 -21 29 -1
right_child=1 2 7 5 8 -7 -8 -9 -10 11 -12 12 -14 -15 26 23 -18 -19 21 20 -22 -23 -24 -25 -26 -27 -28 -29 -30 -31
leaf_value=0.0062001230705120737 0.020802248970203815 0.021647547410279532 -0.0030977683253202853 0.0085258036009417358 0.033725639695419377 0.014945370927259592 -0.027890511811802798 -0.034135212768133097 -0.0050204167156482496 0.00093051880608876233 0.0053209049733604153 -0.0019460586863892682 0.02853388447247587 -0.019038932415677393 0.0053902968604653788 0.018041992442708425 -0.017424480102989966 0.0045327489222775933 0.027479040616965329 0.00034247088909438442 -0.028474553572885548 -0.010551447260502072 0.023744941463479319 -0.0058001939934774387 0.0074717710878963086 0.0025437429989617817 0.043189022520249754 -0.021716532064466727 -0.0050819957061049694 -0.014024436446686142
leaf_weight=125.8648102208972 82.273211102932692 11.221421074122189 29.163472909480333 21.849481269717216 12.731488335877659 42.130888432264328 14.319059718400238 12.940401092171667 8.3180857338011247 66.854578007012606 118.63456593826413 411.50578644871712 14.391180247068403 41.845031104981899 11.744748223572971 51.707666676491499 35.811482090502977 288.02130427956581 27.290174223482609 24.305205188691616 25.312792032957077 14.442889399826525 11.476225972175596 17.335029616951942 26.921581346541643 19.83290346711874 7.6060266122221938 32.402494084089994 979.08679867908359 31.318847768008709
leaf_count=1252 1196 98 188 162 86 274 103 118 65 488 952 2637 79 289 102 284 288 1545 126 172 138 63 71 89 137 102 52 189 7958 327
internal_value=0 0.00852483 -0.00578975 0.0132914 -0.00123503 0.00507776 -0.00659734 -0.0137523 0.0193074 -0.00143247 -0.00319713 0.000531518 0.00159432 -0.00567083 -0.000853205 0.00112741 -0.0056826 0.000245688 -0.00184306 -0.00334211 -0.0117153 0.0108062 -0.00114055 0.012061 -0.00609603 0.0175153 0.0229014 -0.0125724 -0.00409426 0.0020448
internal_weight=0 213.898 53.3253 160.573 2404.76 78.2994 36.1685 42.1039 21.0496 2383.71 1254.91 1128.81 964.945 163.862 122.017 950.554 102.666 881.511 593.49 531.924 108.942 61.566 422.982 69.0427 83.6293 47.1231 19.3508 56.7077 1136.27 157.184
internal_count=19630 2139 404 1735 17491 539 265 306 151 17340 10489 6851 5632 1219 930 5553 776 5180 3635 3344 636 291 2708 373 498 228 154 361 9537 1579
is_linear=0
shrinkage=0.04


Tree=98
num_leaves=31
num_cat=0
split_feature=7 20 23 5 28 0 2 3 5 5 28 27 30 5 2 27 25 3 5 5 8 18 27 27 27 28 5 28 28 28
split_gain=10.1297 8.75689 5.39092 5.75704 7.8564 5.40291 5.37443 5.30478 5.95821 5.10607 6.27513 8.62778 5.07843 4.94299 4.85038 5.7491 5.38051 4.64638 4.61428 5.93062 4.89161 5.89281 4.52576 4.48403 7.38862 4.60265 8.67082 6.82489 4.37755 4.27865
threshold=0.57499998807907116 0.57166665792465221 1.0000000180025095e-35 0.30359959602355963 -0.6035533845424651 6.6795794963836679 442.50000000000006 3.5000000000000004 0.24823302030563357 0.47649659216403967 0.37940952181816107 3.9386644363403325 2.5249279737472539 0.09958501905202867 701.50000000000011 3.8210029602050786 0.17500000447034839 2.5000000000000004 0.28505711257457739 0.27911795675754553 10.500000000000002 6.5000000000000009 4.3457512855529794 4.5648686885833749 4.7803831100463876 -0.6035533845424651 0.13041683286428454 -0.37940952181816096 -0.7865660786628722 -0.6035533845424651
decision_type=2 2 2 2 2 2 2 2 2 2 2 2 2 2 2 2 2 2 2 2 2 2 2 2 2 2 2 2 2 2
left_child=2 -2 3 5 -5 6 29 8 23 10 -6 -12 13 -4 16 -16 -15 -18 19 20 -7 -22 -10 25 28 -8 27 -27 -25 -1
right_child=1 -3 12 4 9 18 7 -9 22 -11 11 -13 -14 14 15 -17 17 -19 -20 -21 21 -23 -24 24 -26 26 -28 -29 -30 -31
leaf_value=-0.025800772684532826 0.0029596578206778435 0.018924451383378935 0.020863672060689044 -0.0043918250374815103 0.026533953463180493 -0.0044593485283217563 -0.001005459323195105 0.013895445115856142 -0.032523321059110627 -0.00085421340365177947 0.029550886977993636 -0.014027327549813793 0.021374330434210505 0.0093160628443902434 0.02909307748259141 0.0018106898027477614 -0.015249136198190913 0.0062117342063358772 -0.018921490595557804 0.025655507566171552 0.021342940909287275 -0.01475250384837574 0.0029342929291661761 -0.00056550956019680567 0.0056274413288692395 0.062445840756649926 0.0030887931039572068 0.016688235723034493 -0.032721614685605777 0.0014281884942026104
leaf_weight=17.510633051395416 647.55298621580005 58.229520291090012 18.732805132865906 88.081902977079153 44.453857436776161 1093.381691839546 79.767502333968878 58.052418064326048 12.391833715140821 35.354898992925882 9.5231774449348467 17.724500931799412 23.638522952795029 30.161388784646988 14.822501197457312 47.700108751654625 62.318102031946182 20.304999008774757 31.068807654082775 8.9214379340410215 22.697927400469784 8.5987713336944562 9.0910733342170698 10.659033358097078 35.628357477486134 5.8270959332585361 59.638021856546402 23.385523036122322 16.930517189204693 17.151593554764986
leaf_count=207 3159 890 91 616 288 9327 821 409 112 237 66 117 255 166 64 226 271 88 214 69 184 35 76 101 364 63 551 266 186 180
internal_value=0 0.00432656 -0.00126955 -0.00202706 0.00440761 -0.00286296 0.0015189 0.003206 0.000666665 0.0115952 0.0175904 0.00218267 0.0046311 0.00239414 0.000207462 0.00897995 -0.00472734 -0.00995287 -0.00416522 -0.00372818 -0.0040064 0.0111353 -0.0185465 0.00259044 -0.0063609 0.00598168 0.0121386 0.0292321 -0.0211763 -0.0129844
internal_weight=0 705.783 1923.52 1705.84 195.138 1510.7 346.034 311.371 253.319 107.056 71.7015 27.2477 217.678 194.04 175.307 62.5226 112.784 82.6231 1164.67 1133.6 1124.68 31.2967 21.4829 231.836 63.2179 168.618 88.8506 29.2126 27.5896 34.6622
internal_count=19699 4049 15650 14489 1324 13165 3336 2949 2540 708 471 183 1161 906 815 290 525 359 9829 9615 9546 219 188 2352 651 1701 880 329 287 387
is_linear=0
shrinkage=0.04


Tree=99
num_leaves=31
num_cat=0
split_feature=1 3 26 20 4 16 0 12 10 4 4 23 6 4 6 6 30 4 4 1 6 16 2 16 6 30 4 2 16 30
split_gain=12.0157 12.1782 6.88297 8.17825 6.4794 6.42085 5.94669 6.21024 5.18213 5.81405 6.71417 6.13327 5.71235 5.12288 8.63774 8.24038 7.33873 6.7409 5.45537 6.25698 6.85609 5.10472 4.78185 4.71765 4.7702 4.55066 5.67214 4.45715 5.51678 4.43661
threshold=3.5000000000000004 1.5000000000000002 1.0000000180025095e-35 0.46175000071525579 0.94731971621513378 185.421012878418 8.5896992683410662 1.0000000180025095e-35 1.0000000180025095e-35 0.79819598793983471 0.70476421713829052 1.0000000180025095e-35 6.0075833797454843 0.86714631319046032 3.979637980461121 4.79990577697754 1.8688347935676577 0.79329302906990062 0.76200842857360851 1.5000000000000002 6.138805866241456 104.911678314209 617.50000000000011 25.205366134643558 4.5798392295837411 1.7005987167358401 0.82460430264472973 983.50000000000011 179.07219696044925 2.0126758217811589
decision_type=2 2 2 2 2 2 2 2 2 2 2 2 2 2 2 2 2 2 2 2 2 2 2 2 2 2 2 2 2 2
left_child=1 6 4 5 -3 13 7 8 9 10 -1 27 23 14 -4 -16 21 18 19 20 -17 -15 -19 24 -13 26 -24 28 -11 -10
right_child=-2 2 3 -5 -6 -7 -8 -9 29 11 -12 12 -14 16 15 17 -18 22 -20 -21 -22 -23 25 -25 -26 -27 -28 -29 -30 -31
leaf_value=0.0085396933027248583 0.012713973349731502 9.8842509189955594e-05 0.022098154070610929 0.027281987616562697 -0.022892517232575571 -0.020626797435857373 -0.025814008972000313 0.0043519445640259093 -0.0022267746642665575 -0.0082346938985497636 -0.020653414757487328 -0.012500740576262383 0.018651961315142494 0.0052589589573511612 -0.013408769602793616 -0.01665621237693591 0.037315854065689859 -0.012641326696212471 0.029041886493820449 0.019387901927043896 0.019680988236939902 0.032053547537639664 -0.0077557076069596645 -0.023587739130176307 0.015681508767837742 -0.0090960490767915871 0.026026732257161941 0.016601727574075097 0.010808059445568417 0.013808010629965147
leaf_weight=13.905231434851883 107.66774471476674 1089.5086843334138 27.923846948891878 24.165158838033676 17.971401240676641 14.133778240531681 18.247294209897518 126.06771180406213 112.88770787417889 475.33002196438611 75.427675414830446 14.604658104479311 29.167280323803425 118.85372426733375 59.021350059658289 24.621099881827831 13.530813086777924 45.844646126031876 20.085983898490667 26.967091027647257 10.170373816043137 10.769419744610785 11.301994960755112 11.407383196055887 21.036802154034376 21.159570097923279 19.927207019180059 10.987904161214827 23.972963161766529 34.378224570304155
leaf_count=128 813 7990 153 275 144 100 89 828 551 4554 659 67 165 767 345 160 104 307 122 154 60 86 63 62 103 153 114 91 239 253
internal_value=0 -0.000810703 0.00138026 0.00554902 -0.00031484 0.00418911 -0.00433014 -0.00386371 -0.00512953 -0.00660759 -0.0160218 -0.00512409 0.00535391 0.00514015 0.00183715 -0.00069277 0.011191 0.00357646 0.0119167 0.00561069 -0.00554155 0.00793835 -0.00347143 -0.00331442 0.00408277 0.00472279 0.0140698 -0.00670386 -0.00728092 0.00165129
internal_weight=0 2523.38 1555.96 448.476 1107.48 424.311 967.421 949.174 823.106 675.84 89.3329 586.507 76.2161 410.177 267.023 239.099 143.154 180.078 81.8445 61.7586 34.7915 129.623 98.2334 47.0488 35.6415 52.3888 31.2292 510.291 499.303 147.266
internal_count=19699 18886 11097 2963 8134 2688 7789 7700 6872 6068 787 5281 397 2588 1631 1478 957 1133 496 374 220 853 637 232 170 330 177 4884 4793 804
is_linear=0
shrinkage=0.04


Tree=100
num_leaves=31
num_cat=0
split_feature=25 23 14 29 35 5 34 8 2 4 8 35 27 27 4 6 3 5 2 2 35 27 27 4 27 25 5 27 35 6
split_gain=10.3767 6.89858 6.37065 7.58651 6.83429 9.56334 6.15718 5.9812 5.66326 5.37505 5.03576 6.62893 5.85132 4.76833 6.08464 4.4851 4.48114 6.66316 7.94651 5.5221 6.59606 4.98674 5.98208 8.29293 5.82963 5.77456 4.60013 6.84353 4.40181 4.39509
threshold=0.34999999403953558 1.0000000180025095e-35 1.2424533367156985 -0.7865660786628722 1.2699917554855349 0.26200999319553381 11.500000000000002 4.5000000000000009 966.50000000000011 0.79329302906990062 7.5000000000000009 0.52675783634185802 3.91501796245575 3.8426724672317509 0.90594676136970531 5.4094088077545175 3.5000000000000004 0.20737173408269885 879.50000000000011 396.50000000000006 1.4878941178321841 4.4903202056884775 3.6750333309173588 0.80297762155532848 3.9749974012374882 0.27500000596046453 0.25819352269172674 4.181286334991456 0.55369591712951671 6.1473989486694345
decision_type=2 2 2 2 2 2 2 2 2 2 2 2 2 2 2 2 2 2 2 2 2 2 2 2 2 2 2 2 2 2
left_child=1 2 16 6 13 -6 9 -2 10 -4 12 -12 15 -5 -15 -3 -1 -18 19 -19 21 22 23 -21 -24 -23 27 -26 -14 -13
right_child=7 8 3 4 5 -7 -8 -9 -10 -11 11 29 28 14 -16 -17 17 18 -20 20 -22 25 24 -25 26 -27 -28 -29 -30 -31
leaf_value=-0.0017460935700366565 0.021913638519447543 0.032827702133087784 -0.023149606638802885 0.0051912198827761295 -0.031633035209763009 0.0052251967698061629 0.029258116878595915 0.0048192396004767251 0.027532370391676587 0.0057140060352142731 -0.02603134321559239 -0.0031247646753960801 0.018257626680103847 -0.014678101372111257 0.018885716869273074 0.0074301976926018087 0.021875601933976387 0.020084982039333624 0.021367045558125401 0.027561163390957343 -0.016801887081979498 0.017697721218141806 -0.022857822444818918 -0.017859250815707599 0.033935107512791572 -0.011839305255318296 -0.0095967558740918252 -0.0074661244184688605 -0.0019504749395666981 0.019686442652408598
leaf_weight=1658.3310344964266 40.428694996982813 20.673901695758104 11.944799914956091 38.681825421750546 44.382385652512312 14.198102407157419 10.746621008962391 151.71572153270245 15.023823160678146 37.86006873473525 15.085203375667332 68.07748655974865 20.249050531536341 81.482096780091524 7.9195171222090712 24.874664064496756 26.990780308842659 16.472014926373959 26.899639949202538 17.047435153275732 40.545507475733757 41.22640697285533 28.83561360090971 8.04921607673168 10.023456044495108 12.471169658005236 39.326320104300976 12.39550296962261 75.357728082686663 14.752918079495428
leaf_count=13039 306 144 90 361 301 119 100 1054 116 342 90 342 104 768 84 197 161 100 182 142 228 259 186 52 62 63 235 81 357 80
internal_value=0 -0.00100345 -0.00172979 -0.00775042 -0.0117108 -0.0228222 0.00444252 0.00860473 0.00520952 -0.00183488 0.00358992 -0.00334203 0.00837794 -0.00635618 -0.0113567 0.0198537 -0.000954829 0.00370599 0.00161364 -0.000899991 -0.00272065 0.000806905 -0.00386987 0.0127506 -0.00865076 0.010659 -0.00150693 0.0123076 0.00261591 0.00130649
internal_weight=0 2439.92 2185.83 247.215 186.664 58.5805 60.5515 192.144 254.095 49.8049 239.071 97.9156 141.155 128.083 89.4016 45.5486 1938.61 280.283 253.292 226.393 209.921 169.375 115.678 25.0967 90.5809 53.6976 61.7453 22.419 95.6068 82.8304
internal_count=19745 18385 16955 2165 1633 420 532 1360 1430 432 1314 512 802 1213 852 341 14790 1751 1590 1408 1308 1080 758 194 564 322 378 143 461 422
is_linear=0
shrinkage=0.04


end of trees

feature_importances:
channel_risk=254
checkout_seconds_log=230
weight_grams=215
addr_defect_score=197
pin_tier=179
gmv_log=178
pin_rto_rate=172
gmv_vs_pin_median=172
pin_orders_log=167
pay_switch_from_failed=167
pin_serviceability=128
hour_cos=98
ring_rto_rate=86
phone_first_seen_days=78
hour_sin=74
phone_rto_rate=70
coupon_applied=70
addr_rto_rate=68
device_distinct_phones=59
items_count=56
ring_phones=48
addr_tokens=47
device_rto_rate=47
addr_has_house_no=40
ring_size_log=35
addr_junk=22
entity_max_degree=18
addr_distinct_phones=15
phone_orders_total_log=13
phone_orders_30d=9
device_orders_24h=7
ring_is_ring=7
addr_landmark_only=4

parameters:
[boosting: gbdt]
[objective: binary]
[metric: binary_logloss]
[tree_learner: serial]
[device_type: cpu]
[data_sample_strategy: bagging]
[data: ]
[valid: ]
[num_iterations: 1200]
[learning_rate: 0.04]
[num_leaves: 31]
[num_threads: 4]
[seed: 7]
[deterministic: 1]
[force_col_wise: 0]
[force_row_wise: 1]
[histogram_pool_size: -1]
[max_depth: -1]
[min_data_in_leaf: 60]
[min_sum_hessian_in_leaf: 0.001]
[bagging_fraction: 0.85]
[pos_bagging_fraction: 1]
[neg_bagging_fraction: 1]
[bagging_freq: 1]
[bagging_seed: 17422]
[feature_fraction: 0.85]
[feature_fraction_bynode: 1]
[feature_fraction_seed: 7040]
[extra_trees: 0]
[extra_seed: 6516]
[early_stopping_round: 0]
[early_stopping_min_delta: 0]
[first_metric_only: 0]
[max_delta_step: 0]
[lambda_l1: 0]
[lambda_l2: 2]
[linear_lambda: 0]
[min_gain_to_split: 0]
[drop_rate: 0.1]
[max_drop: 50]
[skip_drop: 0.5]
[xgboost_dart_mode: 0]
[uniform_drop: 0]
[drop_seed: 15215]
[top_rate: 0.2]
[other_rate: 0.1]
[min_data_per_group: 100]
[max_cat_threshold: 32]
[cat_l2: 10]
[cat_smooth: 10]
[max_cat_to_onehot: 4]
[top_k: 20]
[monotone_constraints: ]
[monotone_constraints_method: basic]
[monotone_penalty: 0]
[feature_contri: ]
[forcedsplits_filename: ]
[refit_decay_rate: 0.9]
[cegb_tradeoff: 1]
[cegb_penalty_split: 0]
[cegb_penalty_feature_lazy: ]
[cegb_penalty_feature_coupled: ]
[path_smooth: 0]
[interaction_constraints: ]
[verbosity: -1]
[saved_feature_importance_type: 0]
[use_quantized_grad: 0]
[num_grad_quant_bins: 4]
[quant_train_renew_leaf: 0]
[stochastic_rounding: 1]
[linear_tree: 0]
[max_bin: 255]
[max_bin_by_feature: ]
[min_data_in_bin: 3]
[bin_construct_sample_cnt: 200000]
[data_random_seed: 61]
[is_enable_sparse: 1]
[enable_bundle: 1]
[use_missing: 1]
[zero_as_missing: 0]
[feature_pre_filter: 1]
[pre_partition: 0]
[two_round: 0]
[header: 0]
[label_column: ]
[weight_column: ]
[group_column: ]
[ignore_column: ]
[categorical_feature: ]
[forcedbins_filename: ]
[precise_float_parser: 0]
[parser_config_file: ]
[objective_seed: 15521]
[num_class: 1]
[is_unbalance: 0]
[scale_pos_weight: 1]
[sigmoid: 1]
[boost_from_average: 1]
[reg_sqrt: 0]
[alpha: 0.9]
[fair_c: 1]
[poisson_max_delta_step: 0.7]
[tweedie_variance_power: 1.5]
[lambdarank_truncation_level: 30]
[lambdarank_norm: 1]
[label_gain: ]
[lambdarank_position_bias_regularization: 0]
[eval_at: ]
[multi_error_top_k: 1]
[auc_mu_weights: ]
[num_machines: 1]
[local_listen_port: 12400]
[time_out: 120]
[machine_list_filename: ]
[machines: ]
[gpu_platform_id: -1]
[gpu_device_id: -1]
[gpu_use_dp: 0]
[num_gpu: 1]

end of parameters

pandas_categorical:null
