tree
version=v4
num_class=1
num_tree_per_iteration=1
label_index=0
max_feature_idx=36
objective=binary sigmoid:1
feature_names=gmv_log items_count weight_grams pin_tier pin_serviceability pin_rto_rate pin_orders_log addr_defect_score addr_tokens addr_has_house_no addr_landmark_only addr_state_mismatch addr_junk phone_orders_30d phone_orders_total_log phone_rto_rate phone_first_seen_days phone_distinct_devices device_distinct_phones device_orders_24h device_rto_rate addr_distinct_phones addr_rto_rate pay_switch_from_failed is_cod channel_risk coupon_applied checkout_seconds_log hour_sin hour_cos ring_size_log ring_rto_rate ring_phones ring_is_ring entity_max_degree entity_shared gmv_vs_pin_median
feature_infos=[5.0106353759765625:9.5134773254394531] [1:8] [120:1734] [1:4] [0.36233478784561157:0.98349058628082275] [0.063535913825035095:0.64867842197418213] [0:6.7592554092407227] [0:1] [1:12] [0:1] [0:1] none [0:1] [0:9] [0:2.397895336151123] [0.065999999642372131:0.81999999284744263] [0:245.58811950683594] [0:2] [0:18] [0:6] [0.065999999642372131:0.91653847694396973] [0:43] [0.023571427911520004:0.92109090089797974] [0:1] none [0.14000000059604645:0.37999999523162842] [0:1] [2.1972246170043945:6.359400749206543] [-1:1] [-1:1] [0:4.5951199531555176] [0:1] [0:50] [0:1] [0:119] [0:1] [0.097177378833293915:9.7446804046630859]
tree_sizes=3373 3441 3422 3437 3461 3444 3431 3446 3441 3432 3428 3449 3433 3436 3475 3455 3445 3429 3427 3437 3443 3447 3453 3443 3431 3442 3456 3436 3459 3444 3446 3462 3467 3453 3474 3441 3455 3464 3478 3444 3453 3453 3464 3467 3450 3460 3439 3473 3465 3473 3446 3461 3457 3456 3452 3452 3450 3451 3450 3441 3449 3452 3449 3467 3461 3448 3458 3447 3429 3447 3403 3437 3451 3436 3448 3435 3428 3447 3449 3451 3464 3459 3429 3444 3442 3423 3446 3474 3458 3461 3447 3464 3441 3455 3426 3449 3443 3449 3427 3437 3426 3441 3431 3485 3452 3444 3453 3453 3455 3430 3449 3439 3431 3441 3444 3433 3451 3454 3437 3424 3433 3443 3449 3418 3439 3442 3423 3438 3433 3435 3437 3447 3446 3457

Tree=0
num_leaves=31
num_cat=0
split_feature=18 9 3 3 23 23 31 9 31 23 23 3 34 27 31 31 2 34 2 36 25 2 36 4 2 3 2 28 27 36
split_gain=3726.97 953.076 252.672 152.08 116.83 102.992 79.3141 47.1833 37.2194 34.8994 29.279 26.5882 26.0464 19.925 19.2527 17.3213 15.1793 14.8722 14.0024 12.0785 11.4581 11.3065 11.1708 11.0162 10.9159 10.878 10.7632 12.4345 10.3837 9.98945
threshold=1.5000000000000002 1.0000000180025095e-35 2.5000000000000004 2.5000000000000004 1.0000000180025095e-35 1.0000000180025095e-35 0.37980769574642187 1.0000000180025095e-35 0.47407408058643347 1.0000000180025095e-35 1.0000000180025095e-35 1.5000000000000002 5.5000000000000009 3.8231911659240727 0.36602871119976049 0.4083333313465119 735.50000000000011 7.5000000000000009 529.50000000000011 1.9028616547584536 0.27500000596046453 872.50000000000011 0.83637413382530224 0.81091600656509411 605.50000000000011 1.5000000000000002 683.50000000000011 -0.7865660786628722 3.6545460224151616 1.258160471916199
decision_type=2 2 2 2 2 2 2 2 2 2 2 2 2 2 2 2 2 2 2 2 2 2 2 2 2 2 2 2 2 2
left_child=1 2 4 5 6 8 11 -2 16 14 15 20 -10 -8 19 -5 25 24 -13 -4 21 -1 -7 -12 -15 -3 -22 -28 -16 -6
right_child=7 3 9 10 29 22 13 -9 12 -11 23 18 -14 17 28 -17 -18 -19 -20 -21 26 -23 -24 -25 -26 -27 27 -29 -30 -31
leaf_value=-1.0243500698010162 -0.87301608561507171 -1.0452458696436027 -0.96091254035958118 -1.0165026328972382 -0.93218980435831811 -0.98511009423465223 -0.93815277184337287 -0.91092523858379093 -1.0232855561047345 -0.90679168541053734 -0.9588155959834459 -1.0139667684426743 -0.96743899823012303 -0.99208910133250994 -0.90278998067148053 -0.99028720354931044 -1.0336076857928227 -1.0109240913918462 -0.99193989098354807 -0.99396884998407065 -1.0149293913846327 -0.99351384096552109 -1.0100456572661993 -1.0073962513921977 -0.95130530325690299 -1.037521811570481 -1.0158255890238039 -0.97391993151937761 -0.9506577587267615 -0.97168896317890874
leaf_weight=188.66205304116011 252.70784799009562 801.57361441105604 158.52094630897045 392.30630297027528 37.617271184921265 46.520520605146885 24.429972648620605 101.79669004306197 100.90397388488054 24.850718542933464 20.337511919438843 62.444234400987625 13.424300659447907 21.171188302338123 13.184335082769392 43.083338031545281 498.57895692810416 18.727223441004753 165.20374761335552 22.070819430053234 76.121476672589779 19.655735440552235 69.541555769741535 11.184157047420738 23.607860028743744 565.80662805400789 17.809258237481117 26.161449685692787 44.550771601498127 22.146333545446396
leaf_count=937 1140 3736 968 2401 205 297 119 440 570 134 121 334 68 126 69 300 2467 94 863 81 297 97 280 58 127 2989 68 112 271 78
internal_value=-1.00711 -1.019 -0.985195 -1.03176 -0.997762 -1.03636 -1.00282 -0.883301 -1.0385 -0.951911 -1.0111 -1.00845 -1.01616 -0.967965 -0.957411 -1.01384 -1.03986 -0.981188 -0.997989 -0.964764 -1.01571 -1.02134 -0.999848 -0.975041 -0.969121 -1.0421 -1.00587 -0.990534 -0.9366 -0.945206
internal_weight=0 3530.2 966.935 2563.26 703.758 2096.35 643.994 354.505 1980.29 263.178 466.911 556.058 114.328 87.9362 238.327 435.39 1865.96 63.5063 227.648 180.592 328.41 208.318 116.062 31.5217 44.779 1367.38 120.092 43.9707 57.7351 59.7636
internal_count=19847 18267 4980 13287 3457 10407 3174 1580 9830 1523 2880 2708 638 466 1389 2701 9192 347 1197 1049 1511 1034 577 179 253 6725 477 180 340 283
is_linear=0
shrinkage=1


Tree=1
num_leaves=31
num_cat=0
split_feature=18 7 3 3 23 23 31 31 7 23 23 30 7 25 30 3 31 36 3 31 0 3 31 0 36 0 10 6 32 25
split_gain=3156.21 940.466 187.018 152.159 87.8454 87.2391 65.7505 42.6507 37.0874 32.1618 28.925 23.8477 23.4147 22.1093 20.5153 18.4494 17.6732 16.0882 14.45 14.0941 12.9445 12.8073 11.8051 11.8492 10.9587 10.6277 10.4823 10.1458 9.90763 9.15228
threshold=1.5000000000000002 0.42499999701976782 2.5000000000000004 2.5000000000000004 1.0000000180025095e-35 1.0000000180025095e-35 0.50714287161827099 0.10263158008456232 0.42499999701976782 1.0000000180025095e-35 1.0000000180025095e-35 2.8029010295867924 0.57499998807907116 0.17500000447034839 1.7005987167358401 1.5000000000000002 0.37980769574642187 0.71870341897010814 1.5000000000000002 0.54342433810234081 7.5579915046691903 3.5000000000000004 0.13809524476528171 7.1196274757385263 1.2764318585395815 6.5012614727020273 1.0000000180025095e-35 5.1561734676361093 3.5000000000000004 0.23499999940395358
decision_type=2 2 2 2 2 2 2 2 2 2 2 2 2 2 2 2 2 2 2 2 2 2 2 2 2 2 2 2 2 2
left_child=1 3 4 5 6 7 13 15 -2 16 12 25 17 20 18 -1 21 -4 -15 -14 -3 -5 23 -7 -6 -9 -8 -18 -17 -19
right_child=8 2 10 9 24 22 26 11 -10 -11 -12 -13 19 14 -16 28 27 29 -20 -21 -22 -23 -24 -25 -26 -27 -28 -29 -30 -31
leaf_value=-0.035540742161400816 0.088313493733002443 -0.00187909103666975 0.053340927456860775 -0.014835820772350513 0.074323204316752364 0.015028244006916616 0.028051309737576857 0.013230094853974299 0.12066926045861065 0.033075529295593563 0.095207368487902413 0.030478833366724502 0.048557228934550285 -0.0047616363376292324 0.025108533221011559 -0.027735230027718095 0.038860870090531789 -0.010316421249587687 0.013277182806700219 0.081115822366073162 -0.028010292840638155 -0.00038981352636926223 0.035994926654703926 -0.01100046033788934 0.029788724705408824 -0.019774651150237112 0.067432824995586602 0.0010924139020875624 0.005996871834937541 0.026995338191607599
leaf_weight=1092.4888047203422 115.05662600696087 89.042058421298862 18.235816635191441 238.46212238073349 34.408136047422886 44.497773092240095 25.567559868097305 15.767557233572004 251.88328157365322 33.885686058551073 23.794704057276249 16.828310940414667 141.75119115039706 166.45388639718294 84.573769774287939 731.99365270324051 17.736662039533257 19.302546359598637 121.03078638389707 31.207216583192348 44.251158222556114 166.15145668946207 14.060778290033339 68.288038536906242 17.008319303393364 172.9586303383112 25.959247663617134 27.160933990031481 13.542131867259739 19.186457648873329
leaf_count=5131 472 630 135 1422 177 281 132 151 1076 192 124 88 801 691 412 3932 123 109 568 175 157 1058 78 262 60 900 127 190 73 87
internal_value=0 -0.0119192 0.0243474 -0.0237055 0.012239 -0.0282221 0.00751007 -0.0302184 0.111058 -0.00339356 0.0530817 -0.0127717 0.0479334 0.0030325 0.00803384 -0.0321535 -0.00627706 0.0243775 0.00287195 0.0552919 -0.01084 -0.00893477 0.00390919 -0.000648346 0.0612583 -0.0169074 0.04967 0.0170337 -0.0271081 0.00869791
internal_weight=0 3515.6 861.773 2653.82 608.295 2170.43 556.878 2043.58 366.94 483.397 253.478 205.554 229.683 505.352 372.058 1838.02 449.511 56.7248 287.485 172.958 133.293 404.614 126.847 112.786 51.4165 188.726 51.5268 44.8976 745.536 38.489
internal_count=19814 18266 4385 13881 2954 10896 2717 10275 1548 2985 1431 1139 1307 2458 1671 9136 2793 331 1259 976 787 2480 621 543 237 1051 259 313 4005 196
is_linear=0
shrinkage=0.04


Tree=2
num_leaves=31
num_cat=0
split_feature=22 7 3 3 23 23 34 34 20 23 1 3 27 25 27 22 23 2 27 7 27 2 7 5 15 36 25 2 28 2
split_gain=2717.38 824.299 165.413 151.663 94.5414 94.1412 60.9515 44.7658 42.792 34.3524 29.301 26.8675 24.0921 23.8533 20.5187 21.2099 18.1713 17.2724 14.4068 14.3368 14.0693 13.3485 12.0965 12.0029 11.5705 11.273 11.1592 10.4258 10.2831 18.1632
threshold=0.41571427881717687 0.42499999701976782 2.5000000000000004 2.5000000000000004 1.0000000180025095e-35 1.0000000180025095e-35 5.5000000000000009 8.5000000000000018 0.34925000369548803 1.0000000180025095e-35 2.5000000000000004 1.5000000000000002 3.595940470695496 0.27500000596046453 4.083451747894288 0.52642855048179638 1.0000000180025095e-35 447.50000000000006 3.831896305084229 0.57499998807907116 4.1934351921081552 737.50000000000011 0.57499998807907116 0.12162988260388376 0.22857142984867099 1.1538783907890322 0.31000000238418585 822.50000000000011 0.37940952181816107 551.50000000000011
decision_type=2 2 2 2 2 2 2 2 2 2 2 2 2 2 2 2 2 2 2 2 2 2 2 2 2 2 2 2 2 2
left_child=1 3 4 5 8 7 -2 21 10 -5 11 24 -9 -7 -8 -16 17 -4 -15 -19 -12 -1 -13 -14 28 -22 -24 -21 -3 -30
right_child=6 2 16 9 -6 13 14 12 -10 -11 20 22 23 18 15 -17 -18 19 -20 27 25 -23 26 -25 -26 -27 -28 -29 29 -31
leaf_value=-0.032872176172448551 0.022865547921881633 -0.01525024182240326 0.010663736708656547 -0.0054088483834184254 0.059616207790406377 -0.0085611606585041487 0.10458804263669852 0.042467735832095121 0.0491801878186474 0.034326325894877462 0.047895771434040411 -0.0044771464088261036 -0.030628938067307078 0.05517569316150242 0.020728974055304335 0.085889858027382568 0.08375941883311519 0.029568472722657436 0.010733392244211064 0.048847181866601599 0.026479417106316145 -0.024997814106336957 0.012060710069004955 0.0008752416022691353 0.024115189660211773 -0.017390805634961787 0.044048450408157171 0.079455305866250395 -0.026685078984342803 0.021855171230335559
leaf_weight=1393.9524555113167 18.080489076673985 196.1998113617301 22.116198409348726 437.55335968919098 55.862342838197947 78.060253370553255 345.56170186772943 14.032083354890345 32.048808261752129 35.813712079077959 28.172497898340225 55.892026633024216 29.295523781329393 16.009371884167194 12.906048186123369 28.875525243580341 23.628931604325771 54.549886399880052 36.951078616082668 124.52504488825798 22.660928726196289 510.72392771206796 105.29601971618831 50.410976998507977 13.982064239680765 13.381728649139403 19.705912686884403 28.046692915260792 17.108631733804941 32.945445757359266
leaf_count=7137 99 901 132 2723 245 416 1418 59 167 198 132 281 142 66 60 126 118 305 158 690 133 2595 574 272 82 46 87 144 74 145
internal_value=0 -0.0116154 0.0226453 -0.0227618 0.0110244 -0.0273104 0.0976154 -0.0294623 0.00577091 -0.00227082 0.00283489 -0.000885461 -0.00242149 0.00546041 0.100969 0.0676285 0.049609 0.0453949 0.0256868 0.048966 0.0276469 -0.0307892 0.010886 -0.0111702 -0.00908861 0.0101335 0.0177177 0.055429 -0.011153 0.00487615
internal_weight=0 3448.93 846.123 2602.8 593.256 2129.44 405.424 1998.41 537.394 473.367 505.345 441.13 93.7386 131.021 387.343 41.7816 252.867 229.238 52.9605 207.122 64.2152 1904.68 180.894 79.7065 260.236 36.0427 125.002 152.572 246.254 50.0541
internal_count=19725 18022 4256 13766 2867 10845 1703 10205 2622 2921 2455 2144 473 640 1604 186 1389 1271 224 1139 311 9732 942 414 1202 179 661 834 1120 219
is_linear=0
shrinkage=0.04


Tree=3
num_leaves=31
num_cat=0
split_feature=22 7 3 3 23 23 21 32 31 25 2 23 7 3 31 20 25 23 31 4 27 2 22 7 2 0 2 7 28 25
split_gain=2505.83 762.606 141.062 132.354 78.6087 71.1515 46.8171 43.8967 41.0642 27.395 25.1004 24.3333 23.5235 22.5605 19.4793 18.6176 17.6657 16.6649 15.0591 14.4624 17.1981 14.0335 12.6668 12.2872 12.2726 11.587 11.3834 11.1151 10.7171 10.3115
threshold=0.41571427881717687 0.42499999701976782 2.5000000000000004 2.5000000000000004 1.0000000180025095e-35 1.0000000180025095e-35 1.5000000000000002 3.5000000000000004 0.32666666805744177 0.31000000238418585 529.50000000000011 1.0000000180025095e-35 0.57499998807907116 1.5000000000000002 0.36602871119976049 0.22857142984867099 0.27500000596046453 1.0000000180025095e-35 0.37980769574642187 0.88026925921440136 4.5406315326690683 444.50000000000006 0.51148718595504772 0.57499998807907116 735.50000000000011 6.0306131839752206 637.50000000000011 0.57499998807907116 0.37940952181816107 0.27500000596046453
decision_type=2 2 2 2 2 2 2 2 2 2 2 2 2 2 2 2 2 2 2 2 2 2 2 2 2 2 2 2 2 2
left_child=1 2 4 5 6 8 14 12 10 26 -3 18 -2 28 24 17 -10 21 25 20 -6 -5 -9 -23 -1 -4 -8 -15 29 -12
right_child=7 3 11 15 19 -7 9 22 16 -11 13 -13 -14 27 -16 -17 -18 -19 -20 -21 -22 23 -24 -25 -26 -27 -28 -29 -30 -31
leaf_value=-0.033023378936524538 0.005391253798078071 -0.013265050382488494 0.019275415283893989 0.0017949920755315077 0.032287802769524004 0.054103807356021723 -0.0245216304080197 0.056847609293620316 0.016683472037312425 0.043494481088288808 -0.013895791023554793 0.028288814005938186 0.069806551792087182 0.0020532423099740797 -0.01223203209594826 0.06887724303342152 0.054368097915123322 0.074473900348777669 0.017389922304226424 -0.0085386827570100594 -0.012460354777038813 0.019927179176915284 0.097398914459473199 0.045463180834601352 -0.025195785351539334 -0.0091578334857343856 0.0051912807062333144 0.027084354227129209 0.01681317006549872 0.0069311255244092372
leaf_weight=1286.9996618032455 14.689704146236179 124.66823139041662 22.570458300411701 18.30588623136282 39.759837500751019 54.051573771983385 43.240141097456217 22.89170940220356 53.998921055346727 15.951177954673765 95.972894344478846 36.060052990913391 23.327641256153584 40.186262886971235 97.65842567011714 47.053440399467945 32.344019748270512 19.601081863045692 41.348771223798394 71.869908586144447 19.170288495719433 46.014368405565619 367.25064735114574 123.42860535904765 481.58439598605037 375.40760206058621 36.847760375589132 97.57494980096817 40.297078520059586 60.590613819658756
leaf_count=6645 84 622 224 104 196 235 218 89 300 71 477 196 117 196 577 262 142 94 286 341 95 257 1452 661 2456 2235 192 494 181 231
internal_value=0 -0.0112107 -0.0220955 0.0214977 -0.0265591 0.0111702 -0.0285587 0.0912165 0.00673502 -0.00129454 0.00192253 -0.0024134 0.0464302 0.00762607 -0.0299589 0.0455649 0.0317114 0.0396673 -0.00505022 0.00341711 0.0177998 0.0352868 0.0953216 0.0388419 -0.0309228 -0.00745698 -0.0110576 0.0199164 -0.0010884 -0.00584994
internal_weight=0 3422.56 2568.47 854.088 2093.08 599.685 1962.28 428.16 545.633 96.0391 459.29 475.387 38.0173 334.622 1866.24 254.403 86.3429 207.35 439.327 130.8 58.9301 187.749 390.142 169.443 1768.58 397.978 80.0879 137.761 196.861 156.564
internal_count=19730 17988 13732 4256 10791 2878 10159 1742 2643 481 2201 2941 201 1579 9678 1378 442 1116 2745 632 291 1022 1541 918 9101 2459 410 690 889 708
is_linear=0
shrinkage=0.04


Tree=4
num_leaves=31
num_cat=0
split_feature=18 9 3 3 23 23 31 9 2 23 23 31 16 27 27 22 1 36 20 29 31 0 25 0 25 4 0 6 36 22
split_gain=2302.24 714.906 162.954 130.825 98.0699 67.6462 52.6718 35.9471 23.0084 21.8185 21.597 20.8623 29.0685 15.0855 14.581 14.3518 14.2514 14.055 13.0376 17.3464 12.9897 12.707 12.4841 12.4402 12.3184 17.2143 9.90921 9.3574 9.02111 8.72578
threshold=1.5000000000000002 1.0000000180025095e-35 2.5000000000000004 2.5000000000000004 1.0000000180025095e-35 1.0000000180025095e-35 0.37980769574642187 1.0000000180025095e-35 533.50000000000011 1.0000000180025095e-35 1.0000000180025095e-35 0.47407408058643347 13.838039398193361 3.7762025594711308 4.6016638278961191 0.11033333465456964 2.5000000000000004 1.8443947434425356 0.41083332896232611 0.37940952181816107 0.4083333313465119 7.1356794834136972 0.23499999940395358 6.9334111213684091 0.27500000596046453 0.86734917759895336 7.563197374343873 5.0845003128051767 0.35742662847042089 0.1782820522785187
decision_type=2 2 2 2 2 2 2 2 2 2 2 2 2 2 2 2 2 2 2 2 2 2 2 2 2 2 2 2 2 2
left_child=1 2 4 5 6 11 8 -2 26 16 14 22 -13 -8 20 -10 17 -4 19 -15 28 -7 23 -3 25 -17 -1 -22 -5 -6
right_child=7 3 9 10 29 21 13 -9 15 -11 -12 12 -14 18 -16 24 -18 -19 -20 -21 27 -23 -24 -25 -26 -27 -28 -29 -30 -31
leaf_value=-0.0070943931191611654 0.096583405500116404 -0.024572653093583776 0.038492718678726057 0.028432674495419634 0.030406193328489192 0.016936789661659006 0.057475865910570065 0.067296096936380431 -0.017073690284291773 0.078577880977848333 0.026495075658584184 0.043453512100070125 -0.019026937310018078 -0.0095962604193634733 -0.018839432240350666 0.018596642855353004 0.062243791045980011 0.0078900612780313396 0.042613414260610785 0.04344089174362005 0.046779594392933242 -0.0088171624308352424 -0.025966559048233431 -0.035623257666136221 0.015565408022656822 -0.0062832180361729467 -0.027984669396701804 0.0045813444316886269 -0.0059569977738371275 0.066497372710620312
leaf_weight=104.46657076105475 296.49424543976784 235.13997537270188 189.42675094678998 10.795287672430275 22.070961318910122 49.254550781100988 23.306600175797939 117.40220277756453 47.090689450502396 25.407208308577538 33.704436030238867 11.680548727512358 94.382040612399578 31.452985230833292 103.14458290860057 58.401032969355583 37.807299610227346 28.812024563550949 23.797335352748632 12.049438312649725 11.835563160479067 74.306981220841408 759.77121642231941 760.21106472611427 132.63277577608824 166.96899895370007 55.401088684797287 22.70667609013617 279.23726504668593 39.249381877481937
leaf_count=615 1131 2133 1079 110 97 314 103 440 234 117 182 55 556 152 647 322 192 102 129 68 72 288 3481 3585 539 857 180 155 1713 175
internal_value=0 -0.0109885 0.0175124 -0.0226252 0.00733826 -0.0270816 0.00273813 0.0886396 -0.00183897 0.0431923 -0.00342232 -0.0289824 -0.0114692 0.0307012 -0.00589217 0.00324015 0.0390992 0.0345609 0.0200377 0.00635783 -0.00168756 0.00155523 -0.0300265 -0.0330672 0.00599218 0.000270868 -0.0145901 0.0208091 -0.00449103 0.0548778
internal_weight=0 3444.51 998.341 2446.17 716.888 1984.75 655.568 413.896 564.961 281.453 461.424 1861.18 106.063 90.6064 427.719 405.093 256.046 218.239 67.2998 43.5024 324.575 123.562 1755.12 995.351 358.003 225.37 159.868 34.5422 290.033 61.3203
internal_count=19823 18252 4961 13291 3471 10412 3199 1571 2747 1490 2879 9810 611 452 2697 1952 1373 1181 349 220 2050 602 9199 5718 1718 1179 795 227 1823 272
is_linear=0
shrinkage=0.04


Tree=5
num_leaves=31
num_cat=0
split_feature=18 7 3 3 23 23 31 31 30 7 23 7 31 2 3 2 0 26 25 2 3 7 2 31 10 34 25 0 2 8
split_gain=2070.43 710.745 127.329 111.688 81.255 58.5977 41.7157 30.3175 31.4057 26.8065 24.9923 23.3369 23.1151 22.6302 17.4853 16.8942 15.2521 14.6954 13.5726 13.3481 13.3333 12.9819 12.972 12.7843 12.5338 11.5744 11.1812 10.5923 11.6984 9.11781
threshold=1.5000000000000002 0.42499999701976782 2.5000000000000004 2.5000000000000004 1.0000000180025095e-35 1.0000000180025095e-35 0.50714287161827099 0.28991597890853887 2.2499048709869389 0.57499998807907116 1.0000000180025095e-35 0.25000000000000006 0.54342433810234081 857.50000000000011 1.5000000000000002 757.50000000000011 7.6525430679321298 1.0000000180025095e-35 0.31000000238418585 477.50000000000006 1.5000000000000002 0.57499998807907116 665.50000000000011 0.22474747896194461 1.0000000180025095e-35 32.500000000000007 0.31000000238418585 6.8200013637542733 555.50000000000011 3.5000000000000004
decision_type=2 2 2 2 2 2 2 2 2 2 2 2 2 2 2 2 2 2 2 2 2 2 2 2 2 2 2 2 2 2
left_child=1 2 4 5 7 6 9 14 -9 22 18 -2 17 20 26 24 -7 19 27 -5 -11 -21 -3 -6 -8 -16 -1 28 -4 -22
right_child=11 3 10 12 23 16 15 8 -10 13 -12 -13 -14 -15 25 -17 -18 -19 -20 21 29 -23 -24 -25 -26 -27 -28 -29 -30 -31
leaf_value=-0.033737520491378604 0.066491880430220515 -0.019847800656460485 -0.015249411090335787 0.0015854905322375871 0.00074935111768023696 0.061594140472870755 0.00030941658858354981 -0.016435162439213041 0.038971480903848339 -0.0016924674697758415 0.0289776866852447 0.091140065043981144 0.066547516458221989 0.036794824128939682 -0.024548221275492471 0.072124843747606596 0.015566244217548438 0.05265070585877768 0.01161674428774454 0.01182831004237825 0.00074199380011532581 0.040275487938296495 0.0036187353232643438 0.039954360820400769 0.044010423513590802 0.011264490777549223 -0.020829757822178482 -0.013864122264390478 0.0070218834152838442 0.022721783660112488
leaf_weight=919.83308128267527 116.7454599365592 93.807169187813997 54.423194520175457 24.900827884674072 117.35511327907443 40.329706437885761 20.133827947080135 126.98118139058352 16.82370863109827 177.94310697168112 35.652357466518879 295.37237738072872 48.96556020155549 40.033955868333578 718.03591623157263 15.756041102111338 18.147476062178612 60.286867972463369 65.283090993762016 36.239460902288556 46.625905029475689 108.16891439259052 61.246557477861643 13.022158708423374 20.012606777250767 13.657162006944416 135.61253578215837 208.74482825398445 111.94316926598549 84.429193312302232
leaf_count=4730 431 455 468 144 561 184 103 747 80 816 189 1103 244 193 4091 66 54 311 332 199 243 549 297 71 94 78 573 1059 902 445
internal_value=0 -0.0101625 -0.0209785 0.0204105 -0.0252809 0.0108732 0.00680723 -0.0273429 -0.00950749 0.00310086 -0.00232075 0.0845125 0.0413568 0.00923559 -0.0287658 0.038967 0.0482973 0.0354562 -0.00497408 0.0287904 0.00545134 0.0333957 -0.0106504 0.00520965 0.0231486 -0.0238509 -0.0321216 -0.00790779 -0.000358295 0.0150307
internal_weight=0 3434.39 2537.37 897.027 2061.32 618.466 559.988 1930.94 143.805 504.086 476.047 412.118 278.562 349.032 1787.14 55.9025 58.4772 229.596 440.394 169.309 308.998 144.408 155.054 130.377 40.1464 731.693 1055.45 375.111 166.366 131.055
internal_count=19812 18278 13881 4397 10931 2950 2712 10299 827 2449 2950 1534 1447 1697 9472 263 238 1203 2761 892 1504 748 752 632 197 4169 5303 2429 1370 688
is_linear=0
shrinkage=0.04


Tree=6
num_leaves=31
num_cat=0
split_feature=18 7 23 31 5 23 5 27 31 30 7 2 0 7 0 31 0 0 2 2 7 26 2 34 6 4 1 26 28 0
split_gain=1910.26 644.22 106.987 79.4105 68.3245 61.3098 41.9691 26.934 25.8245 29.3826 24.2126 17.9336 16.7173 16.6872 14.3717 14.33 12.5752 11.7559 11.5308 11.1626 12.1071 13.0212 9.88474 10.4402 9.85682 9.80859 12.4478 9.54236 9.15842 9.12318
threshold=1.5000000000000002 0.42499999701976782 1.0000000180025095e-35 0.36602871119976049 0.16429833322763446 1.0000000180025095e-35 0.14144985377788546 3.6545460224151616 0.36602871119976049 2.3502402305603032 0.25000000000000006 786.50000000000011 7.1823449134826669 0.57499998807907116 7.1115038394927987 0.47407408058643347 6.4707694053649911 6.9902460575103769 579.50000000000011 617.50000000000011 0.57499998807907116 1.0000000180025095e-35 529.50000000000011 9.5000000000000018 5.6076369285583505 0.93424811959266674 1.5000000000000002 1.0000000180025095e-35 -0.7865660786628722 6.7286107540130624
decision_type=2 2 2 2 2 2 2 2 2 2 2 2 2 2 2 2 2 2 2 2 2 2 2 2 2 2 2 2 2 2
left_child=1 2 4 5 15 6 22 -5 12 -10 -2 16 18 -13 -4 29 -8 -7 -6 20 -9 -22 -3 24 25 26 -24 -18 -21 -1
right_child=10 3 14 7 8 17 11 19 9 -11 -12 13 -14 -15 -16 -17 27 -19 -20 28 21 -23 23 -25 -26 -27 -28 -29 -30 -31
leaf_value=-0.020787625742480956 0.061898264928798241 -0.014123607601529005 0.023009693189651018 0.070266472137727728 -0.018844594145157545 0.069523739339639318 0.031791681628270278 -0.0095155973197127638 -0.0025554273136243143 0.063534156252291071 0.085953216124850851 0.0015335560344165704 -0.022759605962806146 0.047069666280166206 -0.00041879678713150606 -0.011238774681739148 0.0044662709046764783 0.031852170429512522 -0.0055563045235318487 0.020855545338123629 0.014447065078001801 0.059666978274684423 -0.0036287318264920988 0.029292451926986325 -0.010756807278685044 -0.012351885961987628 0.02789855255924303 0.021455732220139204 0.054330532088756447 -0.030343413398046939
leaf_weight=206.86650446988642 122.92347117513418 79.32287385687232 73.99684027582407 42.861219599843025 171.49626561067998 27.435571774840355 48.993201926350594 15.847110066562889 64.974371364340186 10.867959026247261 302.71099174022675 17.068442136049271 331.68290813267231 52.207908395677805 93.196624964475632 80.320465959608555 171.46763438731432 36.242585867643356 269.1147077921778 22.983474459499121 33.393884431570768 13.994736842811106 34.300613649189472 18.671122062951326 83.911229379475117 28.08451683819294 44.828863266855478 75.471436634659767 46.19630578532815 1213.0799630135298
leaf_count=1783 444 391 453 184 1259 138 337 90 433 48 1111 93 1392 251 374 464 825 137 1912 113 178 71 154 92 410 121 202 355 221 5786
internal_value=0 -0.0103565 -0.0207149 0.0187953 -0.0229155 0.0128324 0.00910345 0.0428014 -0.0137907 0.00830405 0.0793281 0.0180794 -0.0159763 0.0362082 0.0100997 -0.0280487 0.0136209 0.0497057 -0.0107902 0.032998 0.0198644 0.0296768 -0.00228107 0.00228762 -0.00062653 0.00735374 0.0144797 0.00978938 0.0441077 -0.0289825
internal_weight=0 3408.88 2515.6 893.283 2348.4 718.006 654.328 175.277 848.136 75.8423 425.634 365.209 772.294 69.2764 167.193 1500.27 295.932 63.6782 440.611 132.416 63.2357 47.3886 289.119 209.796 191.125 107.214 79.1295 246.939 69.1798 1419.95
internal_count=19822 18267 13904 4363 13077 3506 3231 857 5044 481 1555 1861 4563 344 827 8033 1517 275 3171 673 339 249 1370 979 887 477 356 1180 334 7569
is_linear=0
shrinkage=0.04


Tree=7
num_leaves=31
num_cat=0
split_feature=18 9 3 3 23 23 20 2 31 16 23 23 0 0 9 3 25 29 16 0 0 25 0 4 8 25 0 28 25 4
split_gain=1753.62 578.841 124.213 115.996 53.9429 49.9828 43.9779 26.6221 23.5952 35.8314 19.7673 19.6044 17.9241 16.5786 14.575 13.7664 13.3741 12.7676 12.4879 11.0052 10.635 10.5715 12.7941 12.5109 10.2811 9.37499 10.7546 9.26614 8.9679 8.38069
threshold=1.5000000000000002 1.0000000180025095e-35 2.5000000000000004 2.5000000000000004 1.0000000180025095e-35 1.0000000180025095e-35 0.41083332896232611 819.50000000000011 0.47407408058643347 10.206943035125734 1.0000000180025095e-35 1.0000000180025095e-35 6.0306131839752206 6.4707694053649911 1.0000000180025095e-35 1.5000000000000002 0.23499999940395358 0.37940952181816107 148.52542114257815 7.0950558185577401 6.9334111213684091 0.34999999403953558 7.01749610900879 0.82816505432128917 6.5000000000000009 0.2100000008940697 7.4181761741638192 0.12940952181816109 0.23499999940395358 0.81091600656509411
decision_type=2 2 2 2 2 2 2 2 2 2 2 2 2 2 2 2 2 2 2 2 2 2 2 2 2 2 2 2 2 2
left_child=1 2 4 5 6 8 7 13 16 -10 12 21 -5 -1 -2 27 20 -17 24 -7 -3 22 -4 25 -9 -24 -27 -15 -6 -12
right_child=14 3 11 10 28 19 -8 18 9 -11 29 -13 -14 15 -16 17 -18 -19 -20 -21 -22 -23 23 -25 -26 26 -28 -29 -30 -31
leaf_value=0.021551500885485766 0.080269463597748739 -0.022863114397037681 0.03868273131621501 0.025506608951625785 0.021313127373980483 0.01480335891873902 0.040067844457550433 0.033658371659404045 0.055114607074112205 -0.016184062438055997 0.038486837321945848 0.068471273616986614 -0.0071438060199742652 -0.015362142004310476 0.060525857597516261 -0.0033883356385908982 -0.023502234158412696 0.019155019114222269 -0.013859622904024774 -0.0094459025471071382 -0.033389988482340274 0.065490694953167838 0.008538983843104064 -0.011040525063464273 -0.0035616461855995951 0.018714544557696128 0.057525161287503047 0.00091346409180806138 0.053046653761012114 -0.00040724202207505743
leaf_weight=37.914872381836176 318.5322949886322 222.42804762534797 147.155935453251 26.883962413296103 28.787507958710194 46.685796063393354 45.800320252776146 60.172623436897993 10.80908355116844 94.062273997813463 23.21470807120204 29.480593204498291 400.04844446480274 204.64198659360409 120.57369332015514 146.99997256696224 741.18142429739237 53.101700097322464 13.204518832266329 75.792012140154839 712.65758155286312 15.353198051452635 33.259504675865173 16.757786929607391 14.232870668172835 29.164775714278221 20.653804287314415 76.462586350739002 37.995678655803204 13.605436906218527
leaf_count=291 1147 2104 880 250 129 293 227 279 47 563 127 131 2445 931 433 707 3539 254 67 300 3528 69 147 64 72 124 76 338 149 66
internal_value=0 -0.00965144 0.0156615 -0.0204671 0.00668946 -0.0248333 0.00312802 0.00021706 -0.0265311 -0.00794142 -0.00251495 0.0375806 -0.00497846 -0.00324676 0.0751471 -0.00528176 -0.0276833 0.00272443 0.0203558 -0.000113293 -0.0309401 0.0336175 0.0311261 0.0194468 0.0266318 0.0257114 0.0364039 -0.0109599 0.0403851 0.0248345
internal_weight=0 3378.51 1011.14 2367.37 719.315 1903.62 652.531 606.731 1781.14 104.871 463.753 291.826 426.932 519.121 439.106 481.206 1676.27 200.102 87.61 122.478 935.086 262.345 246.992 99.8359 74.4055 83.0781 49.8186 281.105 66.7832 36.8201
internal_count=19777 18197 4935 13262 3444 10374 3166 2939 9781 610 2888 1491 2695 2521 1580 2230 9171 961 418 593 5632 1360 1291 411 351 347 200 1269 278 193
is_linear=0
shrinkage=0.04


Tree=8
num_leaves=31
num_cat=0
split_feature=18 7 3 3 23 23 31 34 25 23 31 0 7 27 2 26 2 0 7 2 25 31 0 31 0 27 7 2 2 1
split_gain=1585.22 592.988 100.694 93.3193 65.8967 49.3606 38.741 32.0038 22.7189 18.4617 17.2469 15.1708 14.9558 14.9332 13.5334 13.0798 14.4591 11.6357 11.3962 11.3561 11.0183 10.4318 9.79372 9.43032 11.0173 10.2483 9.13032 8.33087 8.31856 8.2755
threshold=1.5000000000000002 0.42499999701976782 2.5000000000000004 2.5000000000000004 1.0000000180025095e-35 1.0000000180025095e-35 0.70900535583496105 9.5000000000000018 0.17500000447034839 1.0000000180025095e-35 0.32666666805744177 7.0613250732421884 0.57499998807907116 3.6309846639633183 529.50000000000011 1.0000000180025095e-35 477.50000000000006 7.6572802066802987 0.57499998807907116 685.50000000000011 0.27500000596046453 0.37980769574642187 8.2521843910217303 0.13809524476528171 7.7815537452697763 4.4206461906433114 1.0000000180025095e-35 665.50000000000011 718.50000000000011 2.5000000000000004
decision_type=2 2 2 2 2 2 2 2 2 2 2 2 2 2 2 2 2 2 2 2 2 2 2 2 2 2 2 2 2 2
left_child=1 3 5 4 7 6 8 11 17 21 -9 -1 19 -4 -14 16 -15 -3 -18 -10 26 -5 -2 24 25 -6 -13 -23 -28 -22
right_child=22 2 13 9 23 -7 -8 10 12 -11 -12 20 14 15 -16 -17 18 -19 -20 -21 29 27 -24 -25 -26 -27 28 -29 -30 -31
leaf_value=-0.020948692770270078 0.074195453132436834 -0.0039476530958486977 0.059631243500900759 -0.0080624464374935943 0.016302846857807755 0.043274041608642601 0.039868775616109853 -0.0089292373344108077 -0.014367600249232584 0.022530098358194722 0.038913720188455264 -0.03441806661721477 -0.0023331402857796613 -0.0012863000605005041 0.017989514586495278 0.048551666134689517 0.010525630949778776 -0.029376263160304006 0.037771719984832759 0.011564871157588833 -0.02527136585170937 -0.0041885001729423466 0.04987568423680027 0.031941379059907987 -0.02252252337073022 -0.011084100869902382 -0.029049208282201304 0.029023793621161611 -0.010851144541507552 -0.00637261064186718
leaf_weight=570.6046041212976 387.1018011868 98.423295533284545 44.835674785077572 391.89461366087198 58.383462317287922 59.623322371393442 46.056204192340374 69.41193126514554 70.859082978218794 37.748626004904509 12.505328193306921 597.25899916142225 71.108206380158663 24.593037325888872 193.16005670279264 68.199575439095497 33.716698588803411 39.16174054145813 112.74050015583634 41.1144854798913 326.08597640693188 24.361235616728663 47.405086070299149 14.864799719303845 25.073436960577965 32.538328632712364 153.12116972357035 21.154886871576309 58.799017995595932 43.607392773032188
leaf_count=4489 1431 675 207 2462 310 238 202 370 320 196 55 2843 333 134 836 342 186 137 568 183 1272 171 117 78 71 179 720 132 279 171
internal_value=0 -0.00926821 0.0183813 -0.019525 -0.0233733 0.00928242 0.00552142 -0.0253309 0.0023001 -0.0036017 -0.000872262 -0.0264739 0.0073817 0.0380196 0.0125447 0.0335088 0.0270192 -0.0115028 0.0317256 -0.00480986 -0.0291082 -0.00594916 0.0717828 0.00399307 -6.9207e-05 0.00647422 -0.0317947 0.0118197 -0.0241487 -0.0230884
internal_weight=0 3341.01 903.592 2437.41 1962.25 619.506 559.883 1831.39 513.827 475.159 81.9173 1749.48 376.242 284.085 264.268 239.25 171.05 137.585 146.457 111.974 1178.87 437.411 434.507 130.86 115.995 90.9218 809.179 45.5161 211.92 369.693
internal_count=19707 18159 4361 13798 10837 2924 2686 10199 2484 2961 425 9774 1672 1437 1169 1230 888 812 754 503 5285 2765 1548 638 560 489 3842 303 999 1443
is_linear=0
shrinkage=0.04


Tree=9
num_leaves=31
num_cat=0
split_feature=31 7 34 3 3 7 25 2 34 3 31 0 0 2 4 27 7 0 26 2 7 36 3 34 2 25 2 4 3 4
split_gain=1438.73 434.463 200.459 93.0544 60.1246 40.9839 24.4009 22.6333 20.9987 18.3205 24.6003 15.466 13.3271 16.3992 14.4918 12.7545 14.2551 11.9823 11.7051 18.1232 11.1963 11.5233 10.5549 15.5516 10.2781 9.36522 9.25205 8.44124 8.15167 7.73235
threshold=0.50714287161827099 0.42499999701976782 5.5000000000000009 2.5000000000000004 2.5000000000000004 0.57499998807907116 0.17500000447034839 529.50000000000011 50.500000000000007 1.5000000000000002 0.47407408058643347 7.6525430679321298 6.8522284030914316 555.50000000000011 0.79256999492645275 4.2039458751678476 0.42499999701976782 7.5786535739898691 1.0000000180025095e-35 477.50000000000006 1.0000000180025095e-35 1.6554901003837588 1.5000000000000002 6.5000000000000009 825.50000000000011 0.23499999940395358 825.50000000000011 0.85602489113807689 2.5000000000000004 0.87947019934654247
decision_type=2 2 2 2 2 2 2 2 2 2 2 2 2 2 2 2 2 2 2 2 2 2 2 2 2 2 2 2 2 2
left_child=1 3 5 8 6 26 11 -8 9 20 24 29 13 -5 17 16 -4 -14 19 -6 25 -22 23 -9 -11 -1 28 -24 -2 -3
right_child=2 4 15 12 18 -7 7 22 -10 10 -12 -13 14 -15 -16 -17 -18 -19 -20 -21 21 -23 27 -25 -26 -27 -28 -29 -30 -31
leaf_value=-0.033639105081519925 -0.015537275862264123 0.012597621412261187 0.055958799176808384 -0.01142179209138239 -0.0058316403722381413 0.041633479811175621 -0.0028100417154624051 0.0055339715102135714 0.024790149415393304 -0.021707070246153492 0.018648847800428706 -0.0262628546564764 0.011374921007756989 0.012578352647070643 -0.017180491439699418 0.040015321715627099 0.074067379867746405 -0.020959404965337349 0.045877522107278024 0.030818159097109547 -0.016345917916664125 -0.03402806791042777 0.010410841857141747 0.034589477957689255 -0.0077946131795635703 -0.024038614734326107 0.025069718835050048 0.033426187698727405 0.010911187309832125 -0.0089303026232418394
leaf_weight=417.21438768133521 55.294736418873072 52.841880710795522 138.17482993751764 65.062582023441792 24.551580727100372 53.288463708013296 109.79067276418209 141.15550411492586 13.095930341631172 647.65239411592484 26.020946811884642 41.48863185942173 69.953561268746853 140.84915077500045 136.78175857663155 35.861867163330317 328.65308354794979 22.643111526966095 68.781135801225901 147.70089228451252 267.26921379938722 77.947911232709885 38.302340246737003 35.626617170870304 101.16027005203068 318.03870764002204 15.367904279381035 91.806550987064838 25.944274619221687 50.086849201470613
leaf_count=2474 328 355 483 532 136 252 516 579 71 3848 158 146 374 1056 678 148 1195 83 336 737 1578 225 177 155 614 1480 88 405 178 341
internal_value=0 -0.0102496 0.0549992 -0.0190737 0.0150774 0.0141674 0.00784646 0.0127418 -0.0229505 -0.0233138 -0.0185157 -0.00625889 -0.00240469 0.00495803 -0.00899988 0.0670703 0.0689691 0.00319209 0.0317073 0.0255874 -0.0267141 -0.0205114 0.0182876 0.0117109 -0.0198533 -0.0295628 -0.00152008 0.026911 -0.00703155 0.00215123
internal_weight=0 3105.82 652.585 2303.69 802.133 149.895 561.099 416.682 1868.4 1855.3 774.834 144.417 435.29 205.912 229.378 502.69 466.828 92.5967 241.034 172.252 1080.47 345.217 306.891 176.782 748.813 735.253 96.6069 130.109 81.239 102.929
internal_count=19726 17054 2672 13171 3883 846 2674 1832 10448 10377 4620 842 2723 1588 1135 1826 1678 457 1209 873 5757 1803 1316 734 4462 3954 594 582 506 696
is_linear=0
shrinkage=0.04


Tree=10
num_leaves=31
num_cat=0
split_feature=18 7 23 3 3 23 20 21 31 7 2 4 2 25 23 7 27 31 3 22 31 0 2 0 0 2 36 3 28 2
split_gain=1334.84 480.378 99.4972 80.0785 76.128 36.6448 31.1447 27.8837 21.855 21.8426 19.111 15.4858 15.4745 13.5235 13.8472 12.5268 10.8234 9.82547 9.5825 9.94734 9.30993 8.71359 8.61477 8.61146 8.41272 8.31451 8.90042 8.27651 12.5362 10.9466
threshold=1.5000000000000002 0.42499999701976782 1.0000000180025095e-35 2.5000000000000004 2.5000000000000004 1.0000000180025095e-35 0.41083332896232611 1.5000000000000002 0.36602871119976049 0.25000000000000006 551.50000000000011 0.88392022252082836 753.50000000000011 0.34999999403953558 1.0000000180025095e-35 0.57499998807907116 4.0082414150238046 0.54342433810234081 3.5000000000000004 0.41083332896232611 0.29705883562564855 6.6669363975524911 523.50000000000011 7.212287664413453 7.6285147666931161 471.50000000000006 2.2863276004791264 1.5000000000000002 0.12940952181816109 872.50000000000011
decision_type=2 2 2 2 2 2 2 2 2 2 2 2 2 2 2 2 2 2 2 2 2 2 2 2 2 2 2 2 2 2
left_child=1 2 4 5 7 6 10 12 21 -2 23 16 -1 14 17 20 -4 25 19 -6 -12 -9 -13 -3 -7 -5 -27 28 29 -17
right_child=9 3 11 13 18 24 -8 8 -10 -11 15 22 -14 -15 -16 27 -18 -19 -20 -21 -22 -23 -24 -25 -26 26 -28 -29 -30 -31
leaf_value=-0.027647276402233949 0.048841402596174074 0.00040108911572017892 0.039403500037358756 0.0012081989345033839 -0.012501373456298377 0.04577334771326539 0.036728154075109418 0.017455572719888911 0.042532070012490299 0.070757259963378533 -0.0096397587667432054 -0.026716589824186805 -0.018466166891877293 0.066055230785783195 0.057133461749434344 -0.0094487785496322144 0.011354811567142613 0.044902905690413997 0.0015095288931150554 0.020395592912397814 0.021114102055315116 -0.016528445901217909 0.0048365772682031419 -0.018125424039041185 0.011821798915691373 0.028293477653532448 -0.0063317341172130902 0.019763247091964239 0.022071961237922127 0.023303342365872275
leaf_weight=1285.6069584321231 123.48779617995024 72.605520937591791 32.306169155985117 25.086209923028946 238.75361681729555 43.227607443928719 41.79773248359561 12.89216138422489 12.455407503992317 318.96926224976778 92.300550978630781 16.95101173594594 404.75385972857475 18.055288150906563 27.390135459601879 79.801442835479975 68.741868957877159 40.756512437015772 179.33591249771416 13.895076945424078 16.969857566058636 67.64641972631216 49.754296738654375 87.549292758107185 18.091000333428383 165.36753145605326 12.076153561472891 109.16229531913996 45.194091603159904 18.424150943756104
leaf_count=7430 426 466 161 143 1482 189 195 95 52 1128 442 89 2292 78 118 374 350 194 1174 90 81 338 234 344 52 853 36 524 195 78
internal_value=0 -0.0089544 -0.0184056 0.0156783 -0.0206546 0.00758425 0.00432752 -0.0243013 -0.00290942 0.0648879 0.00160288 0.0111871 -0.0254733 0.0330298 0.0303585 0.0066871 0.020913 0.0269028 -0.00555741 -0.0105461 -0.00456998 -0.0107973 -0.00372595 -0.00982515 0.0364463 0.0228769 0.0258927 0.0115547 0.00512099 -0.00296304
internal_weight=0 3296.95 2383.09 913.855 2215.34 625.124 563.805 1783.35 92.994 442.457 522.007 167.753 1690.36 288.732 270.677 361.852 101.048 243.286 431.985 252.649 109.27 80.5386 66.7053 160.155 61.3186 202.53 177.444 252.582 143.42 98.2256
internal_count=19703 18149 13787 4362 12953 2940 2699 10207 485 1554 2504 834 9722 1422 1344 1694 511 1226 2746 1572 523 433 323 810 241 1032 889 1171 647 452
is_linear=0
shrinkage=0.04


Tree=11
num_leaves=31
num_cat=0
split_feature=22 7 3 3 23 18 23 25 7 2 7 20 20 0 21 2 3 1 30 3 4 0 2 25 21 23 2 2 25 2
split_gain=1192.12 407.975 106.247 67.3047 63.8124 40.1554 32.35 24.8852 20.0796 21.0098 19.2502 18.0729 17.8795 16.9456 15.4813 15.0606 14.3876 14.2642 13.9996 13.3722 12.7027 11.1694 10.7613 9.55071 10.3104 9.31775 9.29499 9.22529 8.91224 7.89842
threshold=0.41571427881717687 0.42499999701976782 2.5000000000000004 1.5000000000000002 1.0000000180025095e-35 1.5000000000000002 1.0000000180025095e-35 0.17500000447034839 0.57499998807907116 857.50000000000011 0.42499999701976782 0.22857142984867099 0.25690476596355444 6.8936436176300058 1.5000000000000002 555.50000000000011 3.5000000000000004 2.5000000000000004 2.7403194904327397 3.5000000000000004 0.85458123683929454 7.9215340614318857 625.50000000000011 0.27500000596046453 1.0000000180025095e-35 1.0000000180025095e-35 813.50000000000011 759.50000000000011 0.17500000447034839 609.50000000000011
decision_type=2 2 2 2 2 2 2 2 2 2 2 2 2 2 2 2 2 2 2 2 2 2 2 2 2 2 2 2 2 2
left_child=1 2 4 7 5 12 8 -3 19 20 18 17 14 15 21 -4 -15 25 -2 -5 -10 27 -16 26 -25 -9 -6 -1 -22 -12
right_child=10 3 13 6 23 -7 -8 11 9 -11 29 -13 -14 16 22 -17 -18 -19 -20 -21 28 -23 -24 24 -26 -27 -28 -29 -30 -31
leaf_value=-0.026400368758600981 0.010431644112664409 -0.017374682075645111 -0.0077348716575381107 -0.00058552993031263465 -0.0093554762626498773 0.038037547948715292 0.051947882715602044 -0.0040564726078016304 0.027022740094330533 0.050365515700862097 0.051052067168203354 0.035504620273108453 -0.0082233218105510382 -0.015346001693493396 -0.022074135450760632 0.013970079721054978 0.0051643145691290691 0.026864439523653545 0.050105335502124454 0.028964052627328891 -0.0076390857897496401 -0.034439594709250572 0.0076580235202288781 0.0016492918345497357 0.036856915221335912 0.022308250339961363 0.02683891787855433 -0.018159306740387602 0.016654900893208903 0.069143219881786885
leaf_weight=1037.095504084602 17.54264510422945 89.46537784487009 72.821930501610041 104.6166811697185 67.115908555686474 15.052019551396368 54.256843689829111 182.11389179900289 193.53529737889767 43.235156491398811 84.227399781346321 29.030249923467636 108.06010370701551 148.78328673541546 36.559274446219206 161.89064065925777 84.627535574138165 32.323695436120033 116.93082200735807 29.966987784951925 31.620813444256783 229.59617578983307 37.821758225560188 28.418984793126583 23.359737686812878 22.279456749558449 11.609375983476637 301.83292480744421 88.447963111102581 249.38042847812176
leaf_count=6550 92 497 590 534 359 50 227 775 962 194 333 131 681 733 193 1186 414 128 400 153 196 662 208 106 111 81 55 1875 395 884
internal_value=0 -0.00867742 -0.0174005 0.0142066 -0.021609 -0.0236019 0.0230019 0.000642199 0.0196084 0.0245563 0.0594499 0.00679216 -0.0241746 -0.000331235 -0.0252125 0.00722745 -0.0079289 0.00300299 0.0451585 0.00632189 0.0207015 -0.0260588 -0.00715108 0.00530927 0.018313 -0.000994319 -0.00348529 -0.0245725 0.0102366 0.0649071
internal_weight=0 3265.54 2364.65 900.892 1896.52 1766.02 545.68 355.213 491.423 356.839 468.081 265.747 1750.97 468.123 1642.91 234.713 233.411 236.717 134.473 134.584 313.604 1568.52 74.381 130.504 51.7787 204.393 78.7253 1338.93 120.069 333.608
internal_count=19755 18046 13773 4273 10850 10219 2661 1612 2434 1747 1709 1115 10169 2923 9488 1776 1147 984 492 687 1553 9087 401 631 217 856 414 8425 591 1217
is_linear=0
shrinkage=0.04


Tree=12
num_leaves=31
num_cat=0
split_feature=18 9 31 23 5 5 27 23 22 0 0 9 31 5 5 2 16 25 2 6 6 0 2 6 25 21 16 2 16 6
split_gain=1138.43 398.761 62.5116 62.0411 45.5293 44.4572 18.7962 18.4116 17.6475 21.6312 16.6587 15.3984 14.8945 13.8723 14.8654 13.6008 13.4778 12.9123 14.6736 15.4291 12.8863 11.9877 11.571 11.401 11.0516 10.4284 10.1653 10.1443 9.45252 8.60471
threshold=1.5000000000000002 1.0000000180025095e-35 0.47407408058643347 1.0000000180025095e-35 0.19005208462476733 0.14144985377788546 3.7669966220855717 1.0000000180025095e-35 0.32601387798786169 7.3038375377655038 6.9527173042297372 1.0000000180025095e-35 0.32666666805744177 0.2375874072313309 0.26240158081054693 589.50000000000011 8.8336634635925311 0.27500000596046453 683.50000000000011 5.6818761825561532 4.9938225746154794 7.2269294261932382 813.50000000000011 5.8735244274139413 0.17500000447034839 1.5000000000000002 15.427226543426515 579.50000000000011 38.050468444824226 4.1510088443756112
decision_type=2 2 2 2 2 2 2 2 2 2 2 2 2 2 2 2 2 2 2 2 2 2 2 2 2 2 2 2 2 2
left_child=1 2 5 4 12 7 16 17 9 27 -5 -2 22 15 -15 29 -4 21 -19 -20 -10 -1 -3 -17 -25 28 -14 -6 -8 -7
right_child=11 3 6 10 8 13 25 -9 20 -11 -12 -13 26 14 -16 23 -18 18 19 -21 -22 -23 -24 24 -26 -27 -28 -29 -30 -31
leaf_value=0.00018677655547518182 0.065493350790495231 -0.025687213535934044 0.06955898508611276 0.022822505014016805 -0.014545065809569725 -0.019400139748458146 0.011752968738781214 0.024462675718825322 0.043844512742668151 -0.023592836787649625 -0.003470333963043189 0.046583436278533903 0.026270577834079736 0.044183167503777029 0.017315916498086271 0.012306111837543699 0.024813700483613185 -0.0053166431409106818 0.043750474109095903 -0.0005919798039323511 -0.00019372707370760543 -0.018914938226383099 -0.015162406131865069 0.0047266557998494807 0.048520158101832238 0.0073636502516491332 -0.012573501521330138 -0.0010392153133788368 0.041744115889025331 0.0062839214633609898
leaf_weight=90.236479016020894 317.1507029607892 1174.3058927990496 32.917049266397953 59.513081505894661 146.12325153499842 23.962576925754547 26.322490006685257 35.846934020519257 13.020470833405851 171.6988695114851 102.14398651570082 121.92480592429638 10.20931740105152 48.219628389924765 111.1711104568094 138.60643436387181 20.238648775964975 82.485792174935341 23.601293347775936 24.534183673560619 36.322628818452358 123.7918436229229 207.22771457955241 13.58457266166806 30.128391720354557 39.037972640246153 97.324742540717125 223.70149201340973 57.12107915058732 104.53082594648004
leaf_count=637 1124 6859 123 365 1094 108 129 137 75 721 425 418 51 228 547 653 99 339 95 106 240 506 1199 82 142 184 620 1584 285 538
internal_value=0 -0.00798192 0.0126512 -0.0174319 -0.0192861 0.00812247 0.0342475 -0.00204211 -0.00984357 -0.0119352 0.00636983 0.0604774 -0.0230147 0.0163216 0.0258907 0.0112803 0.0540401 -0.0049241 0.00494023 0.0220275 0.0126822 -0.0109343 -0.0241327 0.0182447 0.0357128 0.0249275 -0.00847329 -0.00642511 0.0327799 0.00127021
internal_weight=0 3267.93 1026.34 2241.59 2079.93 850.7 175.637 380.497 590.867 541.524 161.657 439.076 1489.07 470.204 159.391 310.813 53.1557 344.65 130.621 48.1355 49.3431 214.028 1381.53 182.319 43.713 122.482 107.534 369.825 83.4436 128.493
internal_count=19713 18171 4938 13233 12443 4118 820 1820 3714 3399 790 1542 8729 2298 775 1523 222 1683 540 201 315 1143 8058 877 224 598 671 2678 414 646
is_linear=0
shrinkage=0.04


Tree=13
num_leaves=31
num_cat=0
split_feature=31 7 32 3 3 7 34 0 25 25 0 4 27 26 36 7 32 16 25 8 0 36 29 3 26 7 0 7 0 2
split_gain=1071.46 303.722 137.359 71.8164 49.9069 32.4904 23.7806 18.4138 19.6381 15.4452 23.1438 14.7221 12.5279 12.2845 12.2664 11.1953 11.0525 9.99195 9.71942 10.043 13.7363 9.32749 9.1326 8.57733 8.32045 9.37118 8.05542 7.93208 8.19631 7.90494
threshold=0.50714287161827099 0.42499999701976782 1.5000000000000002 2.5000000000000004 2.5000000000000004 0.57499998807907116 8.5000000000000018 7.6525430679321298 0.31000000238418585 0.27500000596046453 6.9622323513031015 0.85906165838241588 4.2039458751678476 1.0000000180025095e-35 0.61881616711616527 0.25000000000000006 12.500000000000002 12.439978599548342 0.17500000447034839 5.5000000000000009 7.8617253303527841 0.5568453073501588 0.37940952181816107 3.5000000000000004 1.0000000180025095e-35 0.57499998807907116 7.0264170169830331 1.0000000180025095e-35 7.8845748901367196 865.50000000000011
decision_type=2 2 2 2 2 2 2 2 2 2 2 2 2 2 2 2 2 2 2 2 2 2 2 2 2 2 2 2 2 2
left_child=1 3 5 6 7 17 9 13 18 10 -1 -8 15 21 -5 -4 -14 -2 -9 20 -20 -3 29 -16 25 -6 -19 -12 -29 -23
right_child=2 4 12 14 24 -7 11 8 -10 -11 27 -13 16 -15 23 -17 -18 26 19 -21 -22 22 -24 -25 -26 -27 -28 28 -30 -31
leaf_value=-0.015294718936539832 0.032126524070941825 0.018035898710332381 0.046764879174256882 0.010030966577585379 0.0043798872225691071 0.036948887237896168 0.028577758750341395 -0.029430925846116156 0.023527206083054839 -0.016893513474889651 -0.030982427291625338 -0.0095911911159329098 0.011558022003185193 0.01832293087614905 -0.011833694270530666 0.062936846153410914 0.054450657875730155 0.007957825747026746 0.0055606014651027203 0.014306353213126542 -0.031371784523251831 -0.0076972729183315651 0.013199215545648218 0.00076902289043746677 0.037841191205558074 0.025945665211859922 -0.016635355374557098 -0.016843949694948439 -0.035114277131710593 0.018494707838635879
leaf_weight=294.76587798632681 10.241790056228636 56.756737899035215 130.54595398902893 87.751043377444148 43.470165964215994 52.836855813860893 18.77260010689497 41.222703531384468 25.237795457243919 580.23177484795451 604.58773066848516 70.984451420605183 21.995993994176388 136.91635811701417 203.30591637641191 328.46392650902271 17.255603410303593 34.855015877634287 28.694199204444885 25.567000716924667 33.297057583928108 151.13573568314314 61.132783897221088 148.79914999753237 67.688534591346979 133.94973270222545 49.296141050755978 166.28920720517635 54.070735290646553 19.038501426577568
leaf_count=2868 53 392 449 757 227 241 99 147 73 2836 3209 372 93 691 1126 1183 63 295 98 83 81 751 305 878 320 645 240 970 171 95
internal_value=0 -0.0100315 0.0466139 -0.0176969 0.0106993 0.01246 -0.0212526 0.00426031 -0.00752169 -0.0223109 -0.0250831 -0.00115929 0.0566158 0.00854551 -0.00319848 0.0585602 0.03214 -0.00172998 -0.0138732 -0.00605494 -0.0146372 0.00380402 0.000187207 -0.00653354 0.0257521 0.0207695 -0.00650071 -0.0285352 -0.0216025 -0.00458621
internal_weight=0 3053.67 645.491 2229.56 824.107 147.23 1789.7 578.999 154.019 1699.95 1119.71 89.7571 498.261 424.98 439.856 459.01 39.2516 94.3929 128.781 87.5583 61.9913 288.064 231.307 352.105 245.108 177.42 84.1512 824.948 220.36 170.174
internal_count=19811 17194 2617 13286 3908 829 10525 2716 482 10054 7218 471 1788 2234 2761 1632 156 588 409 262 179 1543 1151 2004 1192 872 535 4350 1141 846
is_linear=0
shrinkage=0.04


Tree=14
num_leaves=31
num_cat=0
split_feature=18 9 3 3 21 23 23 22 23 23 9 3 3 12 0 27 0 25 36 29 25 0 36 4 25 3 25 4 25 8
split_gain=963.103 347.321 81.0845 65.0846 48.7281 40.5595 39.0903 28.2453 18.3564 17.7677 16.8795 14.493 13.1284 13.2721 11.4256 10.9923 10.3427 9.91387 8.69653 8.32412 9.30837 9.18714 7.99407 7.93802 7.37869 7.25262 9.93122 8.73232 7.06299 7.01457
threshold=1.5000000000000002 1.0000000180025095e-35 2.5000000000000004 2.5000000000000004 1.5000000000000002 1.0000000180025095e-35 1.0000000180025095e-35 0.41083332896232611 1.0000000180025095e-35 1.0000000180025095e-35 1.0000000180025095e-35 1.5000000000000002 1.5000000000000002 1.0000000180025095e-35 6.0306131839752206 3.6309846639633183 7.8920767307281503 0.34999999403953558 2.1825598478317265 -0.6035533845424651 0.23499999940395358 7.0613250732421884 0.39793460071086889 0.7696528732776643 0.31000000238418585 3.5000000000000004 0.27500000596046453 0.81924378871917736 0.34999999403953558 6.5000000000000009
decision_type=2 2 2 2 2 2 2 2 2 2 2 2 2 2 2 2 2 2 2 2 2 2 2 2 2 2 2 2 2 2
left_child=1 2 5 4 6 7 12 11 14 17 -2 22 13 24 -5 23 -15 25 29 20 21 -14 -1 -16 -3 26 -4 -28 -21 -13
right_child=10 3 9 8 -6 -7 -8 -9 -10 -11 -12 18 19 16 15 -17 -18 -19 -20 28 -22 -23 -24 -25 -26 -27 27 -29 -30 -31
leaf_value=0.018553448158215666 0.060228488399640769 -0.029192692717830628 0.0079454189625639236 0.017943232673186888 0.058289994670189742 0.031529549805902536 0.0007975656762361802 0.025988497889032271 0.022553450073204397 0.05632013669509963 0.041162143368607199 0.010372493417965725 -0.0067465262254302483 -0.0050926283581165053 0.038594728175766875 -0.010154619964320231 -0.034109426640853577 0.051707940107175498 -0.019797738470486076 -0.023328508144295386 -0.0042414874088791757 -0.027982424191886603 -0.0090882698515483435 0.00035169028636179164 -0.017488190918896137 0.030020171675747522 0.038247278644549756 0.0022545732529382825 -0.0012984457893756138 -0.0072800295874632867
leaf_weight=15.821170406416057 312.15309465676546 719.85598495788872 95.631945859640837 27.63646425306797 10.555947333574293 72.582755081355572 119.83182724192739 60.381460294127464 37.225918427109718 30.986349299550056 125.7887901365757 190.37346322461963 55.878042317926884 81.284540303051472 10.306430250406263 348.40694119408727 24.331533774733543 18.993104413151741 19.027910843491554 387.52873924933374 117.62524231895804 82.047685444355011 322.79557850956917 29.630756266415119 110.50755352899432 109.28621583431959 41.224077507853508 14.719055868685244 25.024131007492542 42.799893718212843
leaf_count=133 1112 4295 501 261 38 288 591 266 191 134 426 994 549 511 65 2175 71 78 49 2547 650 454 1481 175 526 552 179 53 138 242
internal_value=0 -0.00812768 0.0109541 -0.0171538 -0.0206774 0.00358857 -0.0212279 0.000387259 -0.00363727 0.0279719 0.0549641 -0.00230803 -0.0228722 -0.0259737 -0.00607776 -0.00787039 -0.0122871 0.0244558 0.00492894 -0.0184627 -0.0126178 -0.0195985 -0.00769541 0.0115908 -0.0276808 0.0220932 0.0160614 0.029182 -0.0220049 0.00709795
internal_weight=0 3222.3 1034.62 2187.68 1734.47 723.782 1723.92 651.199 453.207 310.841 437.942 590.818 1604.08 935.98 415.981 388.344 105.616 279.854 252.201 668.104 255.551 137.926 338.617 39.9372 830.364 260.861 151.575 55.9431 412.553 233.173
internal_count=19725 18187 4950 13237 10370 3453 10332 3165 2867 1497 1538 2899 9741 5403 2676 2415 582 1363 1285 4338 1653 1003 1614 240 4821 1285 733 232 2685 1236
is_linear=0
shrinkage=0.04


Tree=15
num_leaves=31
num_cat=0
split_feature=22 9 3 3 23 23 34 22 31 2 2 27 3 25 4 23 27 27 3 27 20 12 29 36 6 25 22 23 6 2
split_gain=917.987 298.246 75.4618 49.5694 47.2055 34.8837 28.3926 21.5399 20.7201 13.7962 13.3281 12.8665 12.5514 12.4678 12.3622 12.3097 10.8921 10.5909 10.0879 10.0845 9.54007 9.26877 9.03312 10.0096 9.86306 8.74061 7.96704 7.88395 7.84336 7.42139
threshold=0.41571427881717687 1.0000000180025095e-35 2.5000000000000004 2.5000000000000004 1.0000000180025095e-35 1.0000000180025095e-35 8.5000000000000018 0.61974024772644054 0.32666666805744177 735.50000000000011 529.50000000000011 3.9598599672317509 1.5000000000000002 0.27500000596046453 0.77634596824646007 1.0000000180025095e-35 4.2979652881622323 4.0280263423919687 1.5000000000000002 3.6309846639633183 0.22857142984867099 1.0000000180025095e-35 -0.6035533845424651 2.412395834922791 3.6242519617080693 0.34999999403953558 0.32601387798786169 1.0000000180025095e-35 3.8393944501876835 706.50000000000011
decision_type=2 2 2 2 2 2 2 2 2 2 2 2 2 2 2 2 2 2 2 2 2 2 2 2 2 2 2 2 2 2
left_child=1 3 4 5 6 8 9 11 10 18 -1 -2 -12 -6 19 20 -7 -15 21 -4 25 -3 24 -24 -16 26 -5 -21 -11 -10
right_child=7 2 14 15 13 16 -8 -9 29 28 12 -13 -14 17 22 -17 -18 -19 -20 27 -22 -23 23 -25 -26 -27 -28 -29 -30 -31
leaf_value=-0.012056365493911621 0.046735815346831057 -0.02959285581227902 0.036039906486538063 0.017119617090023638 -0.0064360281975774404 0.046092167519014085 0.031428810799637608 0.058580139155152686 0.0091273349198647026 -0.00029251927017163857 -0.0040780193548495139 0.020417849470592022 0.010290004484064788 0.040674553747655662 0.0083191265222156679 0.048966945817182118 0.013159851457862828 0.0035542950468570606 -0.019984494740552205 0.0006718097894440571 0.036510026345389517 -0.014179748638736341 0.0018823073211871203 -0.031803089186992803 -0.020754070830255347 0.045409717740857641 -0.01000799368926325 0.03220342725911654 -0.017843097980856093 0.031406765428762383
leaf_weight=141.26881789043546 107.73643705993891 580.83849305659533 16.073789235204458 186.21776363812387 74.186549179255962 35.786476641893387 14.277115449309347 311.57801088690758 65.413932580500841 45.537779409438372 221.38866432756186 47.412616603076458 170.46254751831293 19.30461709946394 22.240713968873024 27.686149902641773 31.792141243815422 30.104438938200474 485.02734947763383 118.34911627136171 51.424747187644243 76.185010306537151 179.13951384276152 13.307872220873831 90.103618651628494 14.675273075699804 17.783598333597183 12.223423026502131 390.33901312761009 38.170969143509865
leaf_count=726 390 3459 95 918 400 143 50 1122 313 242 1052 209 831 78 127 119 122 130 3192 784 252 429 1166 42 580 59 93 63 2372 167
internal_value=0 -0.00768838 -0.0160275 0.0103432 -0.0198522 0.00453029 -0.0216988 0.0522841 0.0015865 -0.0222187 -0.00161393 0.0390554 0.00219285 0.003904 -0.00146761 0.023969 0.0314229 0.0190757 -0.0245527 0.00800741 0.0210656 -0.0278541 -0.00604886 -0.000750215 -0.0149536 0.0171357 0.0146806 0.0040649 -0.0160192 0.0177767
internal_weight=0 3169.31 2167.24 1002.07 1715.8 704.284 1592.2 466.727 636.705 1577.93 533.12 155.149 391.851 123.596 451.438 297.788 67.5786 49.4091 1142.05 146.646 270.101 657.024 304.792 192.447 112.344 218.677 204.001 130.573 435.877 103.585
internal_count=19725 18004 13209 4795 10352 3354 9744 1721 3089 9694 2609 599 1883 608 2857 1441 265 208 7080 942 1322 3888 1915 1208 707 1070 1011 847 2614 480
is_linear=0
shrinkage=0.04


Tree=16
num_leaves=31
num_cat=0
split_feature=31 8 32 3 23 3 21 10 23 3 3 10 2 4 22 2 16 23 27 2 25 25 31 2 4 6 2 36 16 2
split_gain=833.248 189.17 111.26 83.8701 37.1171 34.1381 30.5542 27.9051 22.7733 18.5099 16.1473 15.6152 12.302 17.4348 16.8335 10.6514 13.6761 10.468 11.0737 10.2423 9.42324 9.22728 9.18757 8.63833 10.355 9.88667 8.57042 8.50721 8.05508 8.03237
threshold=0.50714287161827099 5.5000000000000009 1.5000000000000002 2.5000000000000004 1.0000000180025095e-35 2.5000000000000004 1.5000000000000002 1.0000000180025095e-35 1.0000000180025095e-35 1.5000000000000002 3.5000000000000004 1.0000000180025095e-35 615.50000000000011 0.81380349397659313 0.52642855048179638 617.50000000000011 10.938241004943849 1.0000000180025095e-35 4.938422918319703 887.50000000000011 0.23499999940395358 0.27500000596046453 0.47407408058643347 631.50000000000011 0.8679887354373933 5.3008110523223886 591.50000000000011 0.62642619013786327 128.90168762207034 639.50000000000011
decision_type=2 2 2 2 2 2 2 2 2 2 2 2 2 2 2 2 2 2 2 2 2 2 2 2 2 2 2 2 2 2
left_child=1 5 11 4 6 8 7 9 21 27 17 -2 13 -4 -15 -6 -17 18 20 -7 -5 26 28 24 -8 -25 -1 -3 -11 -28
right_child=2 3 12 10 15 19 23 -9 -10 22 -12 -13 -14 14 -16 16 -18 -19 -20 -21 -22 -23 -24 25 -26 -27 29 -29 -30 -31
leaf_value=-0.012700170054990152 0.0033493106285724136 -0.017519441975656518 0.047829838951608715 -0.01246167636859147 -0.0093894497816996384 0.021161017573379116 0.013548218003711514 2.2345183038929517e-05 0.030808786495636526 -0.015564849420478309 0.0092037586368990901 0.032644325949641416 0.054653885029741112 -0.012303874718288683 0.038744116166194206 0.027039899623125252 -0.0078856306176165909 0.020125480501631113 -0.034264620842777246 0.052490392238735216 0.0035842219838647027 0.0091798825845182588 0.0090046902703466575 0.034167584665781972 -0.02217231132255796 -0.0002481295487181275 0.02012732049866996 -0.027827188710270973 -0.028469637140765808 -0.0022332631344112956
leaf_weight=95.191772531718016 112.24701081216335 173.09922029450536 95.836485795676708 125.71241617575288 62.721751105040312 176.42502179183066 17.911751251667738 97.027804750949144 44.847284071147442 516.26505887880921 209.28106180205941 37.573558915406466 360.14103706181049 18.245645221322775 19.801163069903851 41.915466368198395 29.094743184745312 21.552401207387447 21.070061676204205 17.910966519266367 106.83729705959558 146.34318913519382 20.273233972489834 18.210875891149044 36.708962835371494 39.289340101182461 30.587183393537998 713.3408038392663 94.168062798678875 120.24401997029781
leaf_count=542 669 1568 369 873 316 869 95 463 175 3306 1297 164 1279 68 70 175 156 104 131 83 551 598 135 86 202 206 174 3676 721 633
internal_value=0 -0.00871311 0.0414062 -0.0139453 -0.0178026 0.0106928 -0.0193738 -0.0207746 0.00444799 -0.0221029 0.00087713 0.0110295 0.0505368 0.0388206 0.0148718 0.00246491 0.012906 -0.00547637 -0.00779244 0.0245538 -0.00512221 0.001294 -0.0167598 0.000804526 -0.0103937 0.0114338 -0.003433 -0.0258583 -0.0176421 0.00250531
internal_weight=0 2976.03 643.845 2344.48 1860.03 631.549 1726.3 1614.17 437.213 1517.15 484.453 149.821 494.024 133.883 38.0468 133.732 71.0102 275.172 253.62 194.336 232.55 392.366 630.706 112.121 54.6207 57.5002 246.023 886.44 610.433 150.831
internal_count=19754 17135 2619 14061 11105 3074 10458 9869 2122 9406 2956 833 1786 507 138 647 331 1659 1555 952 1424 1947 4162 589 297 292 1349 5244 4027 807
is_linear=0
shrinkage=0.04


Tree=17
num_leaves=31
num_cat=0
split_feature=18 7 23 3 3 23 31 3 25 7 27 1 32 0 31 27 0 2 7 31 0 7 25 0 25 2 2 8 0 2
split_gain=814.801 289.334 57.4742 52.2403 45.1438 34.2806 23.0092 19.9466 17.3771 16.2162 12.6681 12.506 12.064 11.3327 10.9076 10.3545 10.2415 9.56046 9.2347 9.15573 10.0886 9.1557 8.5878 8.32386 8.26029 7.94533 7.8206 7.65778 18.0657 7.45584
threshold=1.5000000000000002 0.42499999701976782 1.0000000180025095e-35 1.5000000000000002 2.5000000000000004 1.0000000180025095e-35 0.37980769574642187 3.5000000000000004 0.27500000596046453 0.42499999701976782 3.7669966220855717 2.5000000000000004 3.5000000000000004 7.0613250732421884 0.58712118864059459 4.2925117015838632 7.3038375377655038 601.50000000000011 0.67499998211860668 0.47407408058643347 7.7647182941436776 0.57499998807907116 0.31000000238418585 7.6525430679321298 0.23499999940395358 838.50000000000011 792.50000000000011 5.5000000000000009 7.01749610900879 587.50000000000011
decision_type=2 2 2 2 2 2 2 2 2 2 2 2 2 2 2 2 2 2 2 2 2 2 2 2 2 2 2 2 2 2
left_child=1 2 3 14 5 8 7 13 16 -2 -6 21 -8 29 22 -12 18 -18 -3 20 -4 -10 -1 -7 -15 -24 -26 -17 -29 -5
right_child=9 4 19 6 10 23 12 -9 11 -11 15 -13 -14 24 -16 27 17 -19 -20 -21 -22 -23 25 -25 26 -27 -28 28 -30 -31
leaf_value=-0.025866997477469358 0.038593410050235512 -0.0026934682015796203 0.0094465954102291045 -0.016687712281875152 0.041015307761283371 0.042164897156118986 0.0019190585361092312 0.00011483313105465441 -0.0067073285299286889 0.05675289564521771 0.010210689413462919 0.034877732836324019 0.041862594986409762 -0.023834315303551318 0.00072062027154863053 0.032929827626702164 -0.020701931518096867 -0.0017020824400202498 0.016259747610560999 0.035531686414759442 -0.016989987287833675 0.012929052847173543 -0.018254049309018701 0.0099067373677148105 -0.016066268504970133 0.0097564276074131127 0.0060338779528263664 0.032736719337185111 -0.022485005529126637 -0.0052871731103709199
leaf_weight=792.66303898766637 135.88606004416943 122.80972370877862 122.88281450048089 152.32359198667109 59.647952973842621 44.560554310679436 86.670730959624052 166.63746971823275 51.741808697581291 298.89473520964384 102.4796592425555 29.290934436023235 12.103535901755093 267.4051673784852 28.562296353280544 100.06175106018782 73.04562346637249 98.240242898464203 59.509032286703587 15.198581695556639 26.427062779664993 130.92299845814705 103.62534276023507 19.726144209504128 173.13665140420198 17.833418965339661 28.935530200600624 21.198571510612965 14.226518556475638 233.74679419957101
leaf_count=4917 463 813 653 1296 266 187 596 1081 212 1099 496 113 49 1474 164 482 296 373 372 80 78 513 519 55 800 80 132 121 55 1899
internal_value=0 -0.00700904 -0.0148197 -0.0166331 0.0117471 0.0056464 -0.0107662 -0.0125471 0.00244768 0.05128 0.0245342 0.0114484 0.00754731 -0.0150079 -0.023572 0.0200956 -0.00298156 -0.00995007 0.00360219 0.00785448 0.00460474 0.00735443 -0.024331 0.0328642 -0.0191912 -0.0140499 -0.0128735 0.0273151 0.0105435 -0.00984806
internal_weight=0 3155.61 2228.15 2063.64 927.462 629.847 1120.96 1022.19 565.56 434.781 297.614 211.956 98.7743 855.548 942.684 237.967 353.605 171.286 182.319 164.508 149.31 182.665 914.122 64.2867 469.477 121.459 202.072 135.487 35.4251 386.07
internal_count=19734 18172 13818 13007 4354 2934 7327 6682 2692 1562 1420 838 645 5601 5680 1154 1854 669 1185 811 731 725 5516 242 2406 599 932 658 176 3195
is_linear=0
shrinkage=0.04


Tree=18
num_leaves=31
num_cat=0
split_feature=18 7 23 5 7 2 0 0 27 31 7 25 5 2 31 27 0 2 2 36 27 23 36 8 0 27 7 0 5 32
split_gain=730.609 268.889 65.6064 50.493 26.6192 22.5698 30.0053 18.2349 20.1513 17.3712 13.601 13.3549 14.3423 13.0694 11.1525 10.8128 10.8055 10.5938 10.3183 9.3444 9.28976 8.89929 8.69144 8.019 11.7543 8.67295 7.82745 7.26133 8.16682 7.19683
threshold=1.5000000000000002 0.57499998807907116 1.0000000180025095e-35 0.19169481843709948 1.0000000180025095e-35 841.50000000000011 7.2048857212066659 6.8522284030914316 3.587676048278809 0.10263158008456232 0.25000000000000006 0.2100000008940697 0.24488214403390887 737.50000000000011 0.36602871119976049 3.4766128063201909 6.9622323513031015 543.50000000000011 679.50000000000011 0.91688340902328502 3.9731177091598515 1.0000000180025095e-35 0.37721525132656103 5.5000000000000009 7.5735280513763437 4.1214728355407724 0.42499999701976782 7.5735280513763437 0.1369237154722214 25.500000000000004
decision_type=2 2 2 2 2 2 2 2 2 2 2 2 2 2 2 2 2 2 2 2 2 2 2 2 2 2 2 2 2 2
left_child=1 2 3 4 13 6 19 17 -9 22 29 27 14 -1 23 -4 -17 -5 20 21 -11 -3 -6 25 -25 -13 -20 28 -8 -2
right_child=10 5 15 7 9 -7 11 8 -10 18 -12 12 -14 -15 -16 16 -18 -19 26 -21 -22 -23 -24 24 -26 -27 -28 -29 -30 -31
leaf_value=-0.02518218967698747 0.027344980171332977 0.014625926410375821 0.039491553745730698 -0.0096319690051385742 0.0082138797467919741 0.033233111886601524 -0.017428596807501796 0.015940705746343556 -0.01374189173290564 0.015102913352877018 0.053958331816576374 -0.02361066804247949 0.035392095347769825 -0.014858895647881539 0.026085894324906825 0.018783902298459103 -0.001229602380557894 0.0077649768992160287 0.0041116873425124699 0.035055854344462768 -0.016670438422021427 0.039969424269179293 -0.016192585112104793 -0.0070590765940310145 0.035462131171276209 0.0019110241524486163 0.037909147988875562 -0.019977269648966393 0.016412317093577388 0.04855204221683785
leaf_weight=741.33762693963945 73.584037110209465 229.14468472078443 15.500702369958161 77.074663700535893 23.425973759964108 97.755687050521374 17.634696796536446 39.058063820004463 358.13430453836918 18.9849017187953 300.12761798501015 31.799507260322571 25.984469532966614 282.19361912831664 28.135902181267738 67.75158379971981 112.64604118466377 190.53446707688272 30.933782059699297 60.42341161519289 48.601471167057753 23.655857637524605 458.46274123713374 20.258957028388977 18.251540705561638 56.901252657175064 15.484557092189787 47.98981137573719 25.292255729436874 52.062824785709381
leaf_count=4805 244 1342 70 655 216 414 93 191 1866 100 1104 104 92 1747 96 405 463 1468 171 282 291 107 2598 78 61 190 68 169 118 183
internal_value=0 -0.00661826 -0.0127383 -0.0146435 -0.0184512 0.0155698 0.0125174 -0.0053405 -0.0107578 -0.011667 0.0490773 0.00276823 0.00901164 -0.0223705 0.00420529 0.00940062 0.00641038 0.00272016 0.00234148 0.0209199 -0.0075678 0.0172926 -0.0149771 -0.000963013 0.0138491 -0.00755746 0.0164863 -0.00961006 0.00235324 0.0367553
internal_weight=0 3163.35 2480.12 2284.23 1619.42 683.228 585.472 664.801 397.192 595.893 425.774 272.248 181.332 1023.53 155.347 195.898 180.398 267.609 114.005 313.224 67.5864 252.801 481.889 127.211 38.5105 88.7008 46.4183 90.9168 42.927 125.647
internal_count=19791 18260 15114 14176 9996 3146 2732 4180 2057 3444 1531 1001 621 6552 529 938 868 2123 630 1731 391 1449 2814 433 139 294 239 380 211 427
is_linear=0
shrinkage=0.04


Tree=19
num_leaves=31
num_cat=0
split_feature=31 7 32 3 3 23 21 7 25 2 22 25 26 2 25 23 7 23 3 5 3 5 2 30 6 27 1 31 27 2
split_gain=663.918 200.511 98.6808 55.8214 32.5234 31.2671 20.3703 19.5173 14.9827 14.9151 14.1965 13.5952 13.0135 14.3232 11.3848 11.5323 10.7713 10.5385 10.3342 10.0863 8.97451 8.59797 8.57067 8.4131 10.3882 8.40562 7.01302 8.779 7.46048 7.00767
threshold=0.50714287161827099 0.42499999701976782 1.5000000000000002 2.5000000000000004 1.5000000000000002 1.0000000180025095e-35 3.5000000000000004 1.0000000180025095e-35 0.34999999403953558 615.50000000000011 0.51148718595504772 0.23499999940395358 1.0000000180025095e-35 776.50000000000011 0.17500000447034839 1.0000000180025095e-35 0.25000000000000006 1.0000000180025095e-35 3.5000000000000004 0.2375874072313309 3.5000000000000004 0.14058018475770953 813.50000000000011 1.7005987167358401 5.842092990875245 3.8743206262588505 2.5000000000000004 0.32666666805744177 4.9152250289917001 623.50000000000011
decision_type=2 2 2 2 2 2 2 2 2 2 2 2 2 2 2 2 2 2 2 2 2 2 2 2 2 2 2 2 2 2
left_child=1 3 7 5 14 6 11 -2 12 10 -4 -1 13 20 -3 26 -11 -14 29 -9 23 -8 -7 -6 -25 -15 27 28 -16 -5
right_child=2 4 9 18 8 22 21 19 -10 16 -12 -13 17 25 15 -17 -18 -19 -20 -21 -22 -23 -24 24 -26 -27 -28 -29 -30 -31
leaf_value=-0.023912328121391387 -0.010507673308693382 -0.014173011516386974 0.005837685077530852 -0.013793571900325709 -0.0043178395842115563 -0.0034299968408246541 -0.009887950623290051 0.010476785983980129 0.04051004927718023 0.037433647938384933 0.0392954739119264 -0.016024553378278465 0.018740361037097374 0.047691777283180213 -0.0081984009472426816 0.02609064128622075 0.054500801466354255 0.052809189781203927 0.0054454077918268794 0.039217494733420566 0.018369511516654363 0.016934381486097411 0.023576645184527081 -0.0023806123321259997 0.033810012952021656 0.015356857342465115 0.017267145977725704 0.025041488529597165 0.019993344463253147 -0.00016945131540730177
leaf_weight=815.99195712432265 54.581565100699663 78.803779393434525 26.018504191190004 120.30299625732005 154.02405594661832 104.37004913017154 46.083363998681307 69.465257082134485 33.01694755256176 105.57448238134384 104.60033581405878 650.70742981135845 128.50596169382334 17.162353478372097 158.78111711144447 28.6385662779212 257.91215368360281 15.50265973806381 185.84506633505225 26.547647096216679 54.026959288865328 29.750974744558334 20.845787674188614 26.86829936876893 21.64188028126955 50.00534276664257 29.79633803665638 14.361385919153689 14.662072777748106 119.45453606545925
leaf_count=5877 364 461 102 782 747 519 263 336 134 360 400 3607 599 74 689 100 956 62 1192 136 272 156 94 141 113 242 117 65 64 723
internal_value=0 -0.00796023 0.0368309 -0.0145408 0.00871599 -0.0178371 -0.0193956 0.00834731 0.0150913 0.0454436 0.0328194 -0.0204395 0.0131322 0.00859191 -0.00113785 0.00311436 0.0497756 0.023081 -0.00160121 0.0190617 0.00420059 0.000799611 0.00136601 0.000278297 0.0144646 0.024759 -0.000119635 -0.00303103 -0.00561445 -0.00706318
internal_weight=0 2919.15 644.7 2093.35 825.798 1667.75 1542.53 150.594 500.754 494.105 130.619 1466.7 467.738 323.729 325.043 246.239 363.487 144.009 425.603 96.0129 256.561 75.8343 125.216 202.534 48.5102 67.1677 217.601 187.805 173.443 239.758
internal_count=19747 17093 2654 13213 3880 10516 9903 836 2384 1818 502 9484 2250 1589 1496 1035 1316 661 2697 472 1273 419 613 1001 254 316 935 818 753 1505
is_linear=0
shrinkage=0.04


Tree=20
num_leaves=31
num_cat=0
split_feature=22 9 3 23 3 34 23 0 27 2 2 8 23 20 36 20 25 16 20 27 12 10 0 16 25 22 2 27 0 2
split_gain=595.893 221.056 68.3034 40.4265 40.0591 27.3935 23.6651 18.8838 18.4584 18.1293 16.9968 15.556 13.8722 13.7937 13.4049 12.7954 10.16 9.14722 9.11651 8.90894 8.32516 9.70766 10.6524 10.4729 8.87244 8.27113 8.13352 8.10076 7.89441 7.63119
threshold=0.41571427881717687 1.0000000180025095e-35 2.5000000000000004 1.0000000180025095e-35 2.5000000000000004 8.5000000000000018 1.0000000180025095e-35 7.9215340614318857 4.0526537895202646 529.50000000000011 753.50000000000011 7.5000000000000009 1.0000000180025095e-35 0.34925000369548803 1.9028616547584536 0.73321539163589489 0.34999999403953558 142.48753356933597 0.28611111640930181 3.6309846639633183 1.0000000180025095e-35 1.0000000180025095e-35 6.5453238487243661 27.706259727478031 0.23499999940395358 0.18933333456516269 617.50000000000011 4.6629672050476083 7.5735280513763437 659.50000000000011
decision_type=2 2 2 2 2 2 2 2 2 2 2 2 2 2 2 2 2 2 2 2 2 2 2 2 2 2 2 2 2 2
left_child=1 3 5 4 9 6 7 10 11 17 -3 -2 18 20 16 -10 -6 -1 19 -4 21 22 23 -11 -23 -5 -13 -12 -26 -22
right_child=8 2 12 25 14 -7 -8 -9 15 13 27 26 -14 -15 -16 -17 -18 -19 -20 -21 29 24 -24 -25 28 -27 -28 -29 -30 -31
leaf_value=-0.014124813246206782 0.050405548817210398 -0.019992540560360952 0.01397889834407311 0.014538994286239287 0.020045671298626236 0.031481494536826193 -0.000656800554180241 -0.0303630877388315 0.011463209625900628 -0.0043755620131045985 -0.012323590386784334 0.0073779564848051593 0.02294919435339245 0.028145432752024836 -0.0040993335625755219 0.051462673299096311 0.053271922519841988 0.013998449671588167 0.017197080010993605 -0.005836233708324228 0.038863700587335973 -0.00046415629742421971 -0.0068114459984445902 0.044560042787815946 0.0082402849116883434 0.040865470795187216 0.036914243799321712 0.0038079966200441151 0.03497376667308788 0.0044214441104095635
leaf_weight=140.33257181942463 311.4107363820076 965.03476149775088 38.767162933945656 30.383101053535938 228.03686596825719 16.42605896666646 118.06834636256099 212.46528460085392 50.055768761783838 13.716356553137304 246.84348981082439 21.935895666480064 37.476428490132093 35.783706046640873 33.998012125492096 16.054505065083504 14.773392885923384 19.637390948832035 34.596493054181337 335.53273312933743 16.750827327370644 81.172625351697206 216.40747072547674 11.629167437553404 49.30685368180275 68.825563166290522 54.017464518547058 61.265160415321589 27.168558716773987 24.131104446947575
leaf_count=725 1181 6881 237 129 1159 54 579 699 215 87 1697 75 186 159 108 61 62 114 237 2186 78 423 1003 94 218 268 188 418 85 103
internal_value=0 -0.00605637 -0.0135532 0.00924776 0.00657225 -0.0173662 -0.0179052 -0.0192732 0.0429617 0.00102715 -0.0173778 0.0463373 0.00030168 0.0049426 0.0192147 0.0224028 0.022486 -0.0105423 -0.00187562 -0.00372054 0.00293806 0.001134 -0.00389379 0.0196942 0.0087963 0.0332495 0.0287921 -0.00911207 0.0183869 0.0196881
internal_weight=0 3078.53 2066.48 1012.05 912.845 1620.1 1603.68 1485.61 453.474 636.037 1273.14 387.364 446.373 476.067 276.808 66.1103 242.81 159.97 408.896 374.3 440.283 399.401 241.753 25.3455 157.648 99.2087 75.9534 308.109 76.4754 40.8819
internal_count=19709 17989 13174 4815 4418 10328 10274 9695 1720 3089 8996 1444 2846 2250 1329 276 1221 839 2660 2423 2091 1910 1184 181 726 397 263 2115 303 181
is_linear=0
shrinkage=0.04


Tree=21
num_leaves=31
num_cat=0
split_feature=22 7 3 3 23 31 3 27 23 25 7 25 31 25 15 31 27 31 2 25 36 16 2 0 15 16 4 4 2 36
split_gain=549.362 208.209 56.4464 40.7505 38.8657 26.7563 19.176 18.8544 16.4422 15.7187 15.2867 15.2032 14.1091 13.6216 14.6703 13.0608 11.5248 11.4164 11.6491 9.80282 9.77508 9.59625 9.02628 9.81247 8.28043 8.14686 7.84273 7.80237 7.6686 7.46239
threshold=0.41571427881717687 0.42499999701976782 1.5000000000000002 1.5000000000000002 1.0000000180025095e-35 0.4083333313465119 2.5000000000000004 4.083451747894288 1.0000000180025095e-35 0.27500000596046453 0.42499999701976782 0.23499999940395358 0.78221344947814953 0.27500000596046453 0.31377777457237249 0.10818713530898096 4.6016638278961191 0.15587044507265094 500.50000000000006 0.31000000238418585 0.8961603343486787 32.131202697753913 733.50000000000011 7.536893606185914 0.33224999904632574 15.427226543426515 0.87631753087043773 0.70091852545738231 939.50000000000011 0.6646118462085725
decision_type=2 2 2 2 2 2 2 2 2 2 2 2 2 2 2 2 2 2 2 2 2 2 2 2 2 2 2 2 2 2
left_child=1 2 4 9 15 6 22 10 17 28 24 -6 -9 20 -15 19 -8 18 -5 29 -7 -13 -4 26 -2 -17 -24 -20 -3 -1
right_child=7 3 5 8 11 13 16 12 -10 -11 -12 21 -14 14 -16 25 -18 -19 27 -21 -22 -23 23 -25 -26 -27 -28 -29 -30 -31
leaf_value=-0.017169958072421873 0.017068763387825175 -0.0095511280118634311 -0.015812209459525141 -0.0040139334924669239 -0.0098401925484331177 0.018222373832214513 0.0019123050457523238 -0.0042465080595550896 0.037583430662482716 0.0097202501806419421 0.04970404331302257 0.042832774465630268 0.035503206126261865 0.063858562592576357 0.012894291872025261 0.013859654837307972 -0.013422379184280414 0.024111704042490627 -0.0073350835119318017 -0.012409024797315546 -0.012681352669692243 0.0014192522531485392 -0.0082285788656222374 -0.020724085604473579 0.039927214214173501 -0.013864261164101626 0.01086012271683294 0.015925384903711235 0.019995387573551255 -0.027711065206882726
leaf_weight=149.6510170660913 46.678274676203728 198.64146104082465 486.57232034020126 70.176995676010847 35.776215996593237 25.995660807937384 307.39565602689981 24.366697430610657 53.137757353484631 137.675891071558 274.98442476987839 20.399867281317711 31.263974122703075 11.618638291954992 31.178137272596359 19.842351578176022 103.09730586409569 138.11349132657051 24.053355447947979 111.45660360902548 37.457892306149006 15.147415801882742 75.817540347576141 46.591777950525284 69.883305840194225 77.263838041573763 59.777504738420248 272.24812489748001 13.262456879019735 553.90820559859276
leaf_count=1478 156 1002 3311 377 188 235 1952 106 216 529 1065 79 130 44 181 91 650 681 109 567 190 71 581 189 257 493 429 1267 64 3079
internal_value=0 -0.00608475 -0.012812 0.00998982 -0.0198902 -0.0069167 -0.00880539 0.0412694 0.0166819 -0.000721 0.0443867 0.00834739 0.0185493 0.0120761 0.0289636 -0.0221116 -0.00198548 0.0143411 0.0105479 -0.0237652 0.000149235 0.0262012 -0.0129731 -0.00530134 0.0312157 -0.00803388 0.000222272 0.0140006 -0.00753223 -0.0255239
internal_weight=0 3076.26 2168.95 907.31 983.446 1185.5 1079.25 447.177 557.73 349.58 391.546 71.3235 55.6307 106.25 42.7968 912.122 410.493 504.592 366.478 815.016 63.4536 35.5473 668.759 182.187 116.562 97.1062 135.595 296.301 211.904 703.559
internal_count=19767 18053 13808 4245 6046 7762 7112 1714 2650 1595 1478 338 236 650 225 5708 2602 2434 1753 5124 425 150 4510 1199 413 584 1010 1376 1066 4557
is_linear=0
shrinkage=0.04


Tree=22
num_leaves=31
num_cat=0
split_feature=18 7 3 23 3 7 25 1 31 0 7 36 2 25 0 6 23 26 4 27 28 36 2 0 27 4 20 25 27 26
split_gain=534.33 208.226 54.5472 45.9135 30.9612 26.8007 20.679 18.3279 20.5626 16.9862 15.8891 15.414 14.624 13.5291 10.7754 10.5151 10.4648 9.8856 10.9206 9.50267 8.63785 9.7506 8.17816 8.12776 7.86213 7.80121 8.46918 7.65475 7.5198 7.7689
threshold=1.5000000000000002 0.57499998807907116 3.5000000000000004 1.0000000180025095e-35 1.5000000000000002 1.0000000180025095e-35 0.34999999403953558 1.5000000000000002 0.61721614003181469 7.0950558185577401 0.25000000000000006 2.0964355468750004 841.50000000000011 0.23499999940395358 7.8845748901367196 3.2769666910171513 1.0000000180025095e-35 1.0000000180025095e-35 0.84628677368164074 3.4919505119323735 0.37940952181816107 1.1538783907890322 919.50000000000011 8.0696539878845233 3.9731177091598515 0.86933740973472606 0.22857142984867099 0.23499999940395358 3.3894608020782475 1.0000000180025095e-35
decision_type=2 2 2 2 2 2 2 2 2 2 2 2 2 2 2 2 2 2 2 2 2 2 2 2 2 2 2 2 2 2
left_child=1 2 3 5 20 9 12 14 15 22 16 28 17 -11 25 -9 27 18 -6 -5 21 -3 -1 -17 -24 26 -7 -2 -4 -30
right_child=10 4 11 19 6 7 -8 8 -10 13 -12 -13 -14 -15 -16 23 -18 -19 -20 -21 -22 -23 24 -25 -26 -27 -28 -29 29 -31
leaf_value=-0.013758143300944792 0.0027304842607233032 0.0061377327130165641 0.042680502173903678 0.03721668531668456 0.016835051512514694 -0.008146775221875107 0.050516526921385044 0.023502964888689623 0.032403599044438007 -0.026877964874892184 0.048154334388470582 -0.01971879527224776 0.036390388698523346 -0.016006127624054674 -0.030874349216433651 -0.0043800826043507452 0.050559093973323366 0.024677594567478357 -0.0005017509537656831 0.0035460985094108882 0.016920937508503448 -0.01178441249513861 -0.023415316950178126 -0.027730160742965509 0.020100138540623029 -0.016847957302930459 0.020611323405625576 0.029081494937443213 0.0043346311005393236 0.022553814127329153
leaf_weight=464.41164590418339 23.960486948490143 116.44181874021888 9.4816538132727128 12.669949408620594 141.77752304822206 121.55800537206233 32.179978549480438 18.009069886058569 24.006613828241825 427.47781065106392 287.90269430726767 28.038125827908516 56.305683024227619 343.19712221622467 54.307478904724121 267.74184957519174 29.292606577277184 103.97005969285965 97.404773414134979 164.38468320667744 51.270441863685846 80.360045596957207 7.4668639972806004 24.350485727190971 20.980927204713225 195.56529982946813 16.950665310025215 69.893090143799782 147.30170831643045 48.859440766274929
leaf_count=4128 85 628 48 57 683 796 127 100 117 2488 1117 101 245 1623 180 1659 102 472 480 783 229 263 63 67 181 1262 109 239 967 319
internal_value=0 -0.00558974 -0.0111307 -0.0131135 0.0139237 -0.0148528 0.0203721 -0.00867127 -0.0017828 -0.0183681 0.0428614 0.00717907 0.0177042 -0.0220905 -0.0145576 -0.00462004 0.0299152 0.014445 0.00982919 0.00634434 0.00263038 -0.00122534 -0.0124817 -0.00650202 0.00789056 -0.0117372 -0.00438408 0.0225515 0.011001 0.00905446
internal_weight=0 3076.47 2396.76 2163.08 679.71 1986.02 431.638 722.489 334.108 1263.53 411.049 233.681 399.458 770.675 388.381 310.101 123.146 343.152 239.182 177.055 248.072 196.802 492.859 292.092 28.4478 334.074 138.509 93.8536 205.643 196.161
internal_count=19718 18175 15048 13613 3127 12773 2007 4290 1943 8483 1543 1435 1880 4111 2347 1826 426 1635 1163 840 1120 891 4372 1726 244 2167 905 324 1334 1286
is_linear=0
shrinkage=0.04


Tree=23
num_leaves=31
num_cat=0
split_feature=31 7 32 23 5 8 7 0 0 7 2 26 7 0 21 5 2 23 23 16 5 25 0 0 5 29 20 2 25 4
split_gain=511.886 143.259 94.0209 46.4818 26.0866 21.1981 16.4867 16.0378 14.154 14.4558 12.7534 12.2356 13.5887 11.873 10.9277 23.0316 10.5844 10.346 9.32168 8.82907 10.1007 8.76566 8.6694 8.33298 8.66293 8.31398 8.05216 9.31371 7.84443 7.84039
threshold=0.36602871119976049 0.57499998807907116 3.5000000000000004 1.0000000180025095e-35 0.16074434667825702 6.5000000000000009 0.42499999701976782 7.5888266563415536 6.1653625965118417 1.0000000180025095e-35 841.50000000000011 1.0000000180025095e-35 0.42499999701976782 7.1115038394927987 1.0000000180025095e-35 0.12295749410986902 631.50000000000011 1.0000000180025095e-35 1.0000000180025095e-35 8.2469787597656268 0.26696513593196874 0.27500000596046453 7.0084948539733896 7.3626401424407968 0.29156503081321722 -0.91597560048103321 0.34925000369548803 629.50000000000011 0.17500000447034839 0.850358545780182
decision_type=2 2 2 2 2 2 2 2 2 2 2 2 2 2 2 2 2 2 2 2 2 2 2 2 2 2 2 2 2 2
left_child=1 3 5 4 11 16 18 10 25 23 17 -1 -13 -5 -9 -16 21 29 -4 -7 22 -2 -21 24 -10 -6 27 -8 -11 -3
right_child=2 7 6 13 8 19 26 14 9 28 -12 12 -14 -15 15 -17 -18 -19 -20 20 -22 -23 -24 -25 -26 -27 -28 -29 -30 -31
leaf_value=-0.020654284562280915 -0.0014187033120611411 0.016196752199458174 0.022693895088981834 0.017947168501742074 -0.021463774507685347 0.030470873917237601 0.0013565692756787224 -0.013508908321880378 -0.013681161478617854 -0.013470595838708598 0.032397426139825554 -0.014277774147465647 0.011568392735870152 -0.0026645431186743773 -0.016988582067971835 0.02863237822352302 0.02937862467604456 0.031647720032070413 0.046613429529124673 0.0056913444261458427 0.019420586116744614 0.024492538591004032 -0.019218008953294667 -0.021603527090539702 0.002045131513670135 0.017341800569948228 0.048293078861515161 0.04136484010603067 0.0021651346508273122 0.0036122704272329382
leaf_weight=870.12823755294085 48.980168394744396 137.10984924435616 117.62924506515265 81.375536121428013 9.0321076549589616 10.749859988689421 15.217132262885569 64.009464502334595 273.90401645004749 69.939711287617683 51.850015487521887 291.82183116860688 35.095041465014219 95.474057003855705 29.34656710922718 39.103041633963585 94.157427705824375 34.40335264056921 36.174839071929455 33.943365775048733 20.818389125168324 34.160579048097134 59.510821104049683 162.16278877854347 69.731322176754475 46.102069143205881 269.24126352369785 22.562389224767685 177.81167171522975 187.53272562474012
leaf_count=5743 292 688 412 463 84 46 59 189 2002 504 244 1913 167 372 97 134 437 145 126 308 143 150 305 735 509 440 1065 89 933 999
internal_value=0 -0.00810588 0.0289163 -0.0126795 -0.0144123 0.0114761 0.0402588 0.0102449 -0.00882817 -0.010263 0.0141306 -0.0181638 -0.0114497 0.00691436 -0.00183975 0.00914617 0.020292 0.0113278 0.0288459 -0.00114864 -0.00459612 0.00955287 -0.010241 -0.0141286 -0.0104966 0.0104558 0.0457524 0.0261284 -0.00232133 0.00899384
internal_weight=0 2725.93 763.145 2182.58 2005.73 302.321 460.825 543.355 808.684 753.55 410.896 1197.05 326.917 176.85 132.459 68.4496 177.298 359.046 153.804 125.022 114.273 83.1407 93.4542 505.798 343.635 55.1342 307.021 37.7795 247.751 324.643
internal_count=19793 16361 3432 13865 13030 1681 1751 2496 5207 4683 2076 7823 2080 835 420 231 879 1832 538 802 756 442 613 3246 2511 524 1213 148 1437 1687
is_linear=0
shrinkage=0.04


Tree=24
num_leaves=31
num_cat=0
split_feature=31 7 32 3 3 23 3 31 26 23 0 7 7 0 21 30 0 2 2 23 3 4 0 0 2 36 2 5 21 16
split_gain=499.98 148.807 71.6788 39.7771 34.6156 23.3653 22.9863 12.7977 12.5844 11.411 11.0825 10.9988 10.3655 9.77788 9.1273 8.76335 8.7776 8.84064 8.58851 8.30576 7.82486 7.78041 7.42748 7.40624 7.16546 7.74514 6.78951 6.7095 6.55202 5.91719
threshold=0.56066176295280468 0.42499999701976782 1.5000000000000002 3.5000000000000004 1.5000000000000002 1.0000000180025095e-35 1.5000000000000002 0.47407408058643347 1.0000000180025095e-35 1.0000000180025095e-35 6.2460598945617685 0.42499999701976782 1.0000000180025095e-35 7.5207726955413827 13.500000000000002 1.7005987167358401 6.5875263214111337 767.50000000000011 607.50000000000011 1.0000000180025095e-35 3.5000000000000004 0.77634596824646007 7.6898260116577157 7.0950558185577401 891.50000000000011 0.99038767814636242 459.50000000000006 0.18757566809654239 12.500000000000002 59.687784194946296
decision_type=2 2 2 2 2 2 2 2 2 2 2 2 2 2 2 2 2 2 2 2 2 2 2 2 2 2 2 2 2 2
left_child=1 3 12 5 9 6 14 24 10 -3 -6 19 23 21 -1 20 -17 -18 -13 -4 26 -5 29 -2 28 -26 -12 -10 -8 -14
right_child=2 4 11 13 8 -7 7 -9 27 -11 15 18 22 -15 -16 16 17 -19 -20 -21 -22 -23 -24 -25 25 -27 -28 -29 -30 -31
leaf_value=-0.021424501456253277 0.0092968445517134495 -0.0057313423693140485 0.024898736298562988 0.018266453992190498 0.030310511454949771 0.00055764541920505094 -0.014069227672525478 0.013118590688766177 0.013752305045615615 0.018738920956981885 -0.020011258201429159 0.0325937904886094 0.010177256192305353 -0.020207214834620117 0.011916030188180406 -0.013185231051083497 0.014202321183530986 0.047396580214660429 0.049653243124734521 0.048608386331761837 0.016692967148132069 0.00057730005623227198 -0.007176340458038776 -0.019476572552109519 0.014527966347528112 -0.012275205979914904 0.0021312180512661578 0.031080265885905727 0.013902305482664763 0.032655695008914021
leaf_weight=826.75002198666334 26.605322558432817 291.20491866022348 113.41849545389414 66.78004552051425 34.150203453376889 144.21960221230984 742.24838956072927 30.904112849384546 73.470063634216785 32.071782492101192 23.537999704480171 82.14872419834137 40.760994505137205 20.372822552919388 12.160638224333523 10.868999890983103 50.421837233006954 16.770409777760506 222.80288416147232 33.213108882308006 50.10735010355711 94.691451955586672 16.613635331392288 26.916257217526436 30.294913679361343 35.026629231870174 165.49665590375662 79.780785568058491 12.132479354739187 37.452655635774136
leaf_count=5439 226 1369 399 454 215 702 5191 206 334 115 124 349 219 80 68 77 229 71 885 116 232 626 48 138 261 185 749 368 74 195
internal_value=0 -0.0072606 0.0328659 -0.0131213 0.00700538 -0.0148897 -0.0162074 -0.0115272 0.0135325 -0.00320339 0.00927107 0.0407651 0.00859811 0.00467839 -0.020914 0.00683024 0.018292 0.0236177 0.0453 0.030851 0.00296817 0.00802701 0.0164206 -0.00535378 -0.0124861 0.000217908 -0.000806532 0.0230572 -0.0135838 0.0214869
internal_weight=0 2843.46 599.932 2015.58 827.881 1833.74 1689.52 850.607 504.604 323.277 351.353 451.583 148.349 181.844 838.911 317.203 78.0612 67.1922 304.952 146.632 239.142 161.471 94.8273 53.5216 819.702 65.3215 189.035 153.251 754.381 78.2137
internal_count=19744 17169 2575 13286 3883 12126 11424 5917 2399 1484 1697 1749 826 1160 5507 1482 377 300 1234 515 1105 1080 462 364 5711 446 873 702 5265 414
is_linear=0
shrinkage=0.04


Tree=25
num_leaves=31
num_cat=0
split_feature=18 7 23 0 25 0 20 2 7 25 34 22 7 27 4 4 25 4 0 2 0 2 4 2 8 25 14 6 27 22
split_gain=436.368 165.65 47.115 33.7951 22.5505 17.2787 15.8153 14.718 14.5156 14.4384 14.9806 13.9795 12.9932 10.2827 11.8396 9.78845 9.47106 8.91465 8.34408 7.65601 7.57659 6.99321 10.1099 6.94473 6.91917 6.61016 6.60515 6.45072 6.36929 6.25076
threshold=1.5000000000000002 0.57499998807907116 1.0000000180025095e-35 6.6541316509246835 0.23499999940395358 7.212287664413453 0.25690476596355444 733.50000000000011 0.25000000000000006 0.17500000447034839 5.5000000000000009 0.28618519008159643 1.0000000180025095e-35 4.5470111370086679 0.87419614195823681 0.84628677368164074 0.27500000596046453 0.84143060445785534 7.3303997516632089 619.50000000000011 7.536893606185914 611.50000000000011 0.86860337853431713 477.50000000000006 7.5000000000000009 0.27500000596046453 0.89587974548339855 6.1664671897888192 4.8239037990570077 0.16550000011920932
decision_type=2 2 2 2 2 2 2 2 2 2 2 2 2 2 2 2 2 2 2 2 2 2 2 2 2 2 2 2 2 2
left_child=1 2 3 6 12 29 23 15 18 -7 21 -9 17 14 26 -6 -16 27 -2 20 -10 -11 -23 -1 -15 -20 -4 -5 -14 -3
right_child=8 5 13 4 7 9 -8 11 19 10 -12 -13 28 24 16 -17 -18 -19 25 -21 -22 22 -24 -25 -26 -27 -28 -29 -30 -31
leaf_value=-0.016460920218913936 0.041170106992364994 0.0088862068923284375 0.03371148401741457 -0.0098041591810936329 -0.0044160751880934004 -0.0094602491885317341 0.022594811957157585 -0.0035844496563912794 0.043459167107570681 -0.0054256457712384722 0.027141362490124155 0.030876611460131223 -0.010096561584329649 0.0091918052928884608 -0.010391526153283806 -0.015965709735718054 0.019104456589459674 -0.024871677055943935 0.0023147864988703635 0.048488535034229743 0.01649716672012087 0.027071658578179263 0.00087671761113081452 -0.0013782121492345294 -0.018287057041791392 0.026460390857246004 0.0055984489722828365 -0.030237881895967052 -0.026315060514540342 0.021112587087705817
leaf_weight=56.75605322048068 42.583343103528023 93.952371872961521 48.9415796212852 137.20158343017101 168.45636308193207 78.410888954997063 38.142524749040604 201.02189458161592 38.494187206029892 71.077936500310898 59.624984592199326 18.760709799826145 316.84713204205036 25.708861850202084 37.995656404644251 400.78954675793648 28.899910494685173 445.82244573161006 27.335892736911774 205.17921604216099 34.946724638342857 36.159157261252403 62.042611882090569 292.31711189821362 29.503051623702049 54.455976501107216 19.363638799637556 29.385191574692726 43.563539750874043 274.69608719274402
leaf_count=566 175 563 225 898 871 330 355 1017 181 252 208 84 1931 123 194 2126 114 3136 84 824 122 120 202 2711 148 171 97 208 266 1410
internal_value=0 -0.00517558 -0.0102141 -0.011904 -0.0142532 0.012241 -0.00119676 -0.00919091 0.0390435 0.00518746 0.0102435 -0.00039093 -0.0183317 0.00878438 0.0146619 -0.0125753 0.00253587 -0.021894 0.0268823 0.0442419 0.0314068 0.00404417 0.0108699 -0.00391032 -0.00561777 0.0186385 0.0261278 -0.0137245 -0.0121913 0.0180614
internal_weight=0 3015.44 2339.48 2149.06 1761.85 675.964 387.216 789.029 402.995 307.316 228.905 219.783 972.82 190.413 135.201 569.246 66.8956 612.409 124.375 278.62 73.4409 169.28 98.2018 349.073 55.2119 81.7919 68.3052 166.587 360.411 368.648
internal_count=19712 18155 15070 14169 10537 3085 3632 4098 1557 1112 782 1101 6439 901 630 2997 308 4242 430 1127 303 574 322 3277 271 255 322 1106 2197 1973
is_linear=0
shrinkage=0.04


Tree=26
num_leaves=31
num_cat=0
split_feature=18 7 3 3 23 23 7 20 0 22 0 2 7 27 29 0 2 36 2 8 20 28 16 4 7 16 27 4 27 27
split_gain=402.076 152.694 42.5931 31.6875 28.1316 17.5303 16.9033 15.334 14.1918 10.7137 10.0738 9.65724 9.54994 9.04881 12.3348 8.98077 8.87252 8.85894 8.24046 8.697 11.6317 8.09543 8.03549 8.03022 7.88228 11.8637 8.27669 9.76746 7.79123 9.53929
threshold=1.5000000000000002 0.42499999701976782 2.5000000000000004 2.5000000000000004 1.0000000180025095e-35 1.0000000180025095e-35 1.0000000180025095e-35 0.41083332896232611 8.2521843910217303 0.23043560981750491 7.9215340614318857 529.50000000000011 0.25000000000000006 3.6309846639633183 0.78656607866287243 7.1592843532562265 778.50000000000011 0.63401335477828991 813.50000000000011 7.5000000000000009 0.21374999731779101 0.60355338454246532 159.15270996093753 0.784165918827057 1.0000000180025095e-35 167.90520477294925 4.3340172767639169 0.790746569633484 4.5824129581451425 4.2689976692199716
decision_type=2 2 2 2 2 2 2 2 2 2 2 2 2 2 2 2 2 2 2 2 2 2 2 2 2 2 2 2 2 2
left_child=1 2 4 5 6 7 9 11 12 15 16 22 -2 -4 17 18 -8 -15 -1 -20 -21 23 -3 -11 25 -19 -26 -28 29 -16
right_child=8 3 13 -5 -6 -7 10 -9 -10 21 -12 -13 -14 14 28 -17 -18 24 19 20 -22 -23 -24 -25 26 -27 27 -29 -30 -31
leaf_value=-0.01709859766362146 0.029805276396323431 -0.013103253143912568 0.01579700924180414 0.01894547240167118 0.003711830381117805 0.023072988171914732 -0.0095869028636400705 0.022406894676033819 0.016887719852254637 0.020095782977109806 -0.023644114430763512 0.0023474871796739373 0.045677237946271473 0.0072931760077105078 0.0071698886954575138 -0.022572225135223702 0.0053048987994748003 -0.014044256893054925 -0.020088155172655581 -0.016660144686727524 0.025623269660364448 0.028166331232948635 0.017835976515044906 -0.015777075145828549 0.018668985303920221 0.018902624305434643 0.014848665739323615 -0.026785730256759083 -0.010984315276332944 0.049693980228039891
leaf_weight=318.05232903175056 104.8190690651536 123.74163778871298 48.810650587081909 307.16522536426783 131.89788933470845 62.955964185297489 315.30971422232687 47.737768273800611 48.342246860265732 10.734454222023485 63.258215427398682 398.44952632114291 238.23056273162365 77.822994789108634 19.834438737481833 584.51614551991224 78.805148284882307 205.11647908762097 22.665631424635649 15.090562453493474 25.307019397616386 9.4194991141557676 13.290321074426172 46.730974970385432 31.164124578237534 17.379113767296076 14.075993724167345 19.017739877104759 10.609526563435791 13.817120119929312
leaf_count=3021 388 623 285 1433 636 235 2241 209 127 65 221 1827 1016 678 127 3242 537 1204 207 171 181 68 82 329 173 111 75 113 74 85
internal_value=0 -0.00483253 -0.0109065 0.00841127 -0.0139443 0.00336073 -0.0155102 0.0011613 0.0381477 -0.0183498 -0.00904782 -0.000809063 0.0410284 -0.000127772 -0.00209666 -0.0194206 -0.00659747 -0.00454324 -0.0144942 -0.00123761 0.00978744 -0.00277678 -0.00988914 -0.00862557 -0.00778383 -0.0113253 0.00445037 -0.00924007 0.0173809 0.0264383
internal_weight=0 3032.78 2079.44 953.34 1621.79 646.175 1489.89 583.219 391.392 1032.52 457.373 535.481 343.05 457.648 408.838 965.632 394.115 364.576 381.116 63.0632 40.3976 66.8849 137.032 57.4654 286.753 222.496 64.2579 33.0937 44.2611 33.6516
internal_count=19784 18253 13844 4409 10919 2976 10283 2741 1531 7284 2999 2532 1404 2925 2640 6822 2778 2354 3580 559 352 462 705 394 1676 1315 361 188 286 212
is_linear=0
shrinkage=0.04


Tree=27
num_leaves=31
num_cat=0
split_feature=31 7 32 3 5 8 2 0 25 36 0 16 29 1 7 27 7 1 7 2 27 25 25 32 25 5 6 28 16 26
split_gain=382.486 105.219 74.1561 41.1615 17.0262 16.3774 15.0195 13.5032 11.7979 14.0303 11.6609 11.3559 9.98594 9.67872 8.98247 8.86804 8.83815 8.63025 8.45815 8.9326 10.6892 8.19356 7.61766 7.4927 7.0279 7.05675 7.90704 6.89125 6.8277 7.51201
threshold=0.47407408058643347 0.42499999701976782 3.5000000000000004 2.5000000000000004 0.14431535452604297 6.5000000000000009 733.50000000000011 8.2521843910217303 0.27500000596046453 1.4330188035964968 8.0696539878845233 8.8336634635925311 0.78656607866287243 2.5000000000000004 1.0000000180025095e-35 3.8490825891494755 1.0000000180025095e-35 1.5000000000000002 0.25000000000000006 609.50000000000011 3.857566356658936 0.23499999940395358 0.23499999940395358 17.500000000000004 0.17500000447034839 0.23172957450151446 5.6472105979919442 -0.7865660786628722 164.20353698730472 1.0000000180025095e-35
decision_type=2 2 2 2 2 2 2 2 2 2 2 2 2 2 2 2 2 2 2 2 2 2 2 2 2 2 2 2 2 2
left_child=1 3 5 6 8 -2 10 18 9 -3 16 -7 14 28 -5 17 21 -10 22 20 -20 -1 -4 -9 -16 26 -26 -27 29 -6
right_child=2 4 7 12 13 11 -8 23 15 -11 -12 -13 -14 -15 24 -17 -18 -19 19 -21 -22 -23 -24 -25 25 27 -28 -29 -30 -31
leaf_value=-0.022735868272457216 0.018678541115706607 -0.0005007287760517001 0.010251176126844645 -0.0060665254248242163 0.0029635126993523453 0.033900275335856524 -0.0083920348770576015 -0.00071093006833803816 -0.027022583175012962 -0.023897301178369725 -0.031114137333839435 -0.0045771662951592032 0.017019861786103686 0.026109743532421292 -0.011128694287819025 0.013781837724871801 -0.010279354168002446 0.01088434250423243 0.03709476432601188 0.048389729916048271 -0.0027008273690293434 -0.013665467083079915 0.035222924293092504 0.030064206015507002 -0.015099291912343727 0.047131114199945562 0.025041076281545248 0.01023636512469565 0.026901044838905812 0.015893547780685028
leaf_weight=361.32919651083648 168.61806371435523 149.58640186116099 28.018032528460026 288.83105283603072 234.89143620803952 11.755706809461115 423.78474220819771 22.788913160562515 17.980335995554924 54.544553846120834 90.518447205424309 111.82986608892679 43.93279268220067 57.984052777290344 19.931029010564089 105.35246101766825 306.38399135693908 16.919740200042725 55.279384382069111 191.91027218848467 12.988263860344885 309.57530661858618 83.890637509524822 26.220670312643051 18.138724327087406 13.776472415775059 10.870560310781 19.679229125380516 28.334939032793045 102.40636013820767
leaf_count=3093 818 876 103 1864 1122 49 2795 54 67 185 297 755 276 251 162 419 2113 61 246 817 58 1943 309 75 106 74 67 103 155 471
internal_value=0 -0.00669513 0.0262318 -0.0117266 0.00579478 0.0106464 -0.0148235 0.0369453 -0.000813096 -0.00692359 -0.0173555 -0.000435528 -0.000582358 0.0111453 -0.00274553 0.00805274 -0.0160202 -0.00905124 0.0395646 0.0437396 0.0296621 -0.0186036 0.0292606 0.0162873 0.00876378 0.0152593 0.000587315 0.0272306 0.00864303 0.00695972
internal_weight=0 2674.75 713.3 1906.75 768 292.204 1491.59 421.096 344.383 204.131 1067.81 123.586 415.16 423.617 371.227 140.253 977.288 34.9001 372.087 260.178 68.2676 670.905 111.909 49.0096 82.396 62.465 29.0093 33.4557 365.633 337.298
internal_count=19784 16500 3284 12893 3607 1622 10241 1662 1608 1061 7446 804 2652 1999 2376 547 7149 128 1533 1121 304 5036 412 129 512 350 173 177 1748 1593
is_linear=0
shrinkage=0.04


Tree=28
num_leaves=31
num_cat=0
split_feature=22 7 3 25 23 3 31 0 2 8 1 14 21 3 7 0 23 2 23 14 25 25 2 5 12 20 4 3 0 2
split_gain=378.978 143.954 39.3937 23.2282 22.1136 20.2517 16.2745 14.5769 15.8738 14.2265 13.8849 12.3371 12.1524 11.9448 11.197 11.0239 11.0801 9.55584 8.24512 8.49324 8.08096 7.80698 10.4221 8.5423 10.6605 9.92425 7.55485 7.4867 8.15663 7.37416
threshold=0.41571427881717687 0.42499999701976782 1.5000000000000002 0.27500000596046453 1.0000000180025095e-35 3.5000000000000004 0.37980769574642187 6.9622323513031015 555.50000000000011 7.5000000000000009 2.5000000000000004 1.0000000180025095e-35 13.500000000000002 2.5000000000000004 1.0000000180025095e-35 7.638195514678956 1.0000000180025095e-35 482.50000000000006 1.0000000180025095e-35 1.2424533367156985 0.34999999403953558 0.31000000238418585 841.50000000000011 0.12919782102108004 1.0000000180025095e-35 0.25690476596355444 0.95948326587677013 3.5000000000000004 7.5207726955413827 587.50000000000011
decision_type=2 2 2 2 2 2 2 2 2 2 2 2 2 2 2 2 2 2 2 2 2 2 2 2 2 2 2 2 2 2
left_child=1 2 4 5 12 10 7 8 -4 -2 15 -8 21 -5 20 16 -3 -6 19 -10 27 23 -23 24 25 26 -1 -9 -29 -26
right_child=9 3 6 13 17 -7 11 14 18 -11 -12 -13 -14 -15 -16 -17 -18 -19 -20 -21 -22 22 -24 -25 29 -27 -28 28 -30 -31
leaf_value=-0.021437236971470233 0.039444793252535693 -0.00097837864562363118 -0.012697099402378252 0.011656562109317736 -0.023491803607619901 0.022491961046356042 0.045364286073875201 -0.017687946355190793 0.0034526164884677861 0.019858652017206338 0.017074213535989095 0.0041514385879575849 0.016231899567144777 0.027805151791157591 -0.0013634808645043262 -0.014135324951897194 0.026012672585709842 0.010475685686157216 0.021942438435518685 -0.019253423736174297 0.008241147248154345 -0.014469069066992206 0.017301682907496549 -0.027200528696763166 -0.017722836511868633 0.0032813710907347066 0.011540771755703038 0.0089475549623726034 -0.022982009692787301 0.021568273542120354
leaf_weight=413.13933773711324 340.96680160239339 284.29868862405419 140.80494684167206 238.10844542086124 14.660826172679661 75.812551755458117 11.344512753188608 361.80899259448051 253.44434182532132 79.732603419572115 66.804961815476418 94.427902784198523 14.381721027195452 108.01538093388081 140.49061201512814 94.844123184680939 24.600771594792604 63.300271231681108 32.149586692452431 27.396517742425203 22.808327972888947 97.276738923043013 18.060377314686775 229.23146265000105 10.908678617328407 29.276213152334094 10.241220798343418 36.791783660650253 17.117313355207443 17.004298385232687
leaf_count=2963 1449 1662 1267 923 78 395 43 2123 2091 297 305 622 77 439 767 322 114 288 179 301 121 535 82 1595 77 205 68 193 67 117
internal_value=0 -0.00465286 -0.010473 0.00874884 -0.0166342 0.00358864 -0.00548786 -0.00702064 -0.0016409 0.0358443 0.000460727 0.0093315 -0.018523 0.0168269 -0.0112168 -0.00235882 0.0013247 0.00366018 0.00338198 0.00111712 -0.0143529 -0.0191666 -0.00928405 -0.0207418 -0.017561 -0.0190375 -0.020589 -0.0156261 -0.00165023 0.00605461
internal_weight=0 2948.55 2056.07 892.485 917.481 546.361 1138.58 1032.81 453.795 420.699 470.549 105.772 839.52 346.124 579.017 403.744 308.899 77.9611 312.99 280.841 438.526 825.138 115.337 709.801 480.57 452.657 423.381 415.718 53.9091 27.913
internal_count=19765 18019 13859 4160 6085 2798 7774 7109 3838 1746 2403 665 5719 1362 3271 2098 1776 366 2571 2392 2504 5642 617 5025 3430 3236 3031 2383 260 194
is_linear=0
shrinkage=0.04


Tree=29
num_leaves=31
num_cat=0
split_feature=18 7 0 23 25 23 5 7 0 34 2 27 2 4 6 7 5 28 25 4 20 22 27 2 16 7 5 27 0 29
split_gain=359.104 137.12 35.8173 24.5809 23.5702 19.0769 14.6101 14.1635 12.3886 11.8027 10.3804 10.2675 10.1814 9.4169 9.26138 9.25266 8.24985 8.12156 9.25219 11.7376 8.33927 8.07557 8.98617 7.74933 7.60906 7.42434 7.03541 6.96881 10.8556 9.98356
threshold=1.5000000000000002 0.42499999701976782 6.8936436176300058 1.0000000180025095e-35 0.31000000238418585 1.0000000180025095e-35 0.20470406115055087 1.0000000180025095e-35 8.2521843910217303 6.5000000000000009 857.50000000000011 4.0208768844604501 854.50000000000011 0.83033692836761486 6.0879099369049081 0.42499999701976782 0.12344430014491083 -0.6035533845424651 0.27500000596046453 0.878369301557541 0.22857142984867099 0.20726351439952853 4.5586025714874276 529.50000000000011 112.92915344238283 0.75000000000000011 0.17997344583272937 3.965563297271729 7.4933135509490976 -0.91597560048103321
decision_type=2 2 2 2 2 2 2 2 2 2 2 2 2 2 2 2 2 2 2 2 2 2 2 2 2 2 2 2 2 2
left_child=1 2 5 6 7 13 10 -4 15 12 17 14 -6 -1 16 -2 -9 18 19 20 26 -5 -23 -19 -12 -20 -3 -8 29 -29
right_child=8 3 4 21 9 -7 27 11 -10 -11 24 -13 -14 -15 -16 -17 -18 23 25 -21 -22 22 -24 -25 -26 -27 -28 28 -30 -31
leaf_value=0.0014001758005070528 0.028689281170299008 0.0032141859515423359 -0.019210549957818519 0.0066743003963959302 -0.007712944898181499 0.018507271434243619 0.022580572125005298 -0.023137433802714741 0.015165522958300605 0.030583392836942169 0.021498916077882946 -0.01425993241480944 0.021356627392638106 -0.0091697929702628193 0.020102719856111565 0.044007784610847249 0.002375275139069538 -0.0062610504882884242 -0.0026018366991329856 -0.022120769817014142 0.02890806949069789 0.043017564882420797 0.0097174743986125373 0.0086884661318270499 -0.0099876153543777546 0.022432351653250433 -0.02604057239170943 -0.0069985426566529689 -0.012342990301368659 0.017841306251287867
leaf_weight=220.06677067279816 113.41359173506498 40.780580766499043 855.0986797362566 24.541481018066406 170.47655440866947 58.90292676910758 83.737468857318163 28.219951473176479 42.784864604473114 14.676560133695601 61.217202611267567 246.19059152156115 19.763534680008888 344.38253632932901 26.432698599994183 220.36847863346338 60.67962259054184 75.432627271860838 66.877573274075985 78.119871858507395 11.367774222046135 48.124081287533045 19.392608679831028 195.95653867721558 13.978779248893259 24.266251049935818 17.163635283708572 31.250676602125168 31.202227547764778 126.63632175140083
leaf_count=1856 426 223 5251 100 830 356 385 162 116 61 251 1418 93 3381 154 998 341 391 267 424 60 183 77 899 68 96 92 161 98 628
internal_value=0 -0.00495504 -0.0107856 0.00759103 -0.0142875 -0.00277952 0.00544864 -0.0163983 0.0363906 -0.00171799 0.00186872 -0.00967735 -0.00450222 -0.00505839 0.000181057 0.0390047 -0.00605427 -0.000199758 -0.00555916 -0.0116937 0.0003493 0.0270178 0.0340076 0.00451784 0.0155385 0.00440185 -0.00603106 0.0130574 0.00864789 0.0128987
internal_weight=0 2994.94 2044.89 950.046 1421.54 623.352 857.988 1216.62 376.567 204.917 585.161 361.523 190.24 564.449 115.332 333.782 88.8996 509.965 238.576 147.432 69.312 92.0582 67.5167 271.389 75.196 91.1438 57.9442 272.827 189.089 157.887
internal_count=19846 18306 13903 4403 8310 5593 4043 7326 1540 984 2771 2075 923 5237 657 1424 503 2452 1162 799 375 360 260 1290 319 363 315 1272 887 789
is_linear=0
shrinkage=0.04


Tree=30
num_leaves=31
num_cat=0
split_feature=18 7 3 7 23 3 25 36 23 1 2 31 29 0 31 36 2 25 36 0 0 36 23 28 25 27 27 0 22 25
split_gain=290.004 124.205 47.8119 22.2177 21.032 20.6771 17.8343 19.4513 17.926 13.2628 12.2321 11.2467 11.1589 10.1441 9.74 14.3593 10.7598 13.2339 10.1137 8.43741 8.39951 8.19109 8.67715 7.77359 7.36337 7.31669 7.26763 6.97284 7.08971 6.82005
threshold=1.5000000000000002 0.57499998807907116 1.5000000000000002 0.25000000000000006 1.0000000180025095e-35 3.5000000000000004 0.27500000596046453 0.6646118462085725 1.0000000180025095e-35 2.5000000000000004 647.50000000000011 0.14835165441036227 0.12940952181816107 6.4068458080291757 0.37980769574642187 2.2300208806991582 710.50000000000011 0.27500000596046453 1.8443947434425356 8.1986389160156268 7.4000048637390146 2.0964355468750004 1.0000000180025095e-35 -0.6035533845424651 0.2100000008940697 4.1658892631530771 3.2327767610549931 5.8748321533203134 0.11087121069431306 0.23499999940395358
decision_type=2 2 2 2 2 2 2 2 2 2 2 2 2 2 2 2 2 2 2 2 2 2 2 2 2 2 2 2 2 2
left_child=1 2 6 20 11 10 7 -1 9 -8 26 13 -13 -3 15 18 -16 -18 23 -5 -2 22 -7 24 -12 -10 -4 -28 -29 -26
right_child=3 4 5 19 -6 21 8 -9 25 -11 14 12 -14 -15 16 -17 17 -19 -20 -21 -22 -23 -24 -25 29 -27 27 28 -30 -31
leaf_value=-0.0060249161303283384 0.032175042032472838 0.021113694411612555 0.018609245582192162 0.042796982585905738 0.032011289284120233 0.0069397978793858733 -0.014596437586939069 -0.022939401285979856 0.035505023699862602 0.0084191948098961533 0.0020022538928321852 0.0087179439538294067 0.028929736365635172 0.0024374771948671688 -0.013693857197735112 -0.027810219739639066 0.0046414580812493954 0.05056912769332278 0.025955433098452729 0.018601668408960961 0.01009880458995484 -0.013408926099284256 0.034074138812321811 0.0026912149940336023 -0.029962474002347288 0.00079179718704164976 0.019804750466558923 -0.029630897171891563 -0.01013303727143677 -0.0082278910444772285
leaf_weight=140.57409381866455 44.021193236112595 50.951811477541924 12.125386461615561 219.07627888023853 64.06200522556901 185.60811595991254 263.49640687927604 506.98323089629412 16.933325551450253 45.827330537140369 63.830346589908004 120.32823878154159 69.176386505365372 390.50417439639568 14.646406985819338 33.393819853663445 23.599209889769554 16.073478356003761 18.803505040705204 30.694327846169472 76.183268889784813 25.817106187343597 19.283138770610094 199.59974194690585 32.152160346508026 20.145665027201176 10.012845356017349 30.400629837065935 520.59964556246996 79.043805122375488
leaf_count=1534 187 307 84 1005 257 1234 1478 3158 65 228 556 560 322 1717 94 106 148 72 89 91 239 99 92 1396 209 82 106 247 3558 467
internal_value=0 -0.00428718 -0.00880052 0.0331739 0.0104947 -0.00369537 -0.0153798 -0.0192974 -0.00798751 -0.0111544 -0.00606853 0.00821582 0.0163211 0.00467854 -0.00135626 -0.00340488 0.0142904 0.0247831 -0.0012032 0.039995 0.0185778 0.00710834 0.00979822 -0.00269696 -0.00880261 0.0176505 -0.010006 -0.0106883 -0.0113121 -0.0149308
internal_weight=0 2973.97 2278.95 369.975 695.023 1284.99 993.96 647.557 346.403 309.324 1054.28 630.961 189.505 441.456 481.142 426.823 54.3191 39.6727 393.43 249.771 120.204 230.708 204.891 374.626 175.026 37.079 573.139 561.013 551 111.196
internal_count=19787 18265 15102 1522 3163 8557 6545 4692 1853 1706 7132 2906 882 2024 3137 2823 314 220 2717 1096 426 1425 1326 2628 1232 147 3995 3911 3805 676
is_linear=0
shrinkage=0.04


Tree=31
num_leaves=31
num_cat=0
split_feature=22 7 3 3 3 7 21 1 26 30 2 27 0 7 20 4 23 23 27 27 6 26 23 7 2 20 15 2 5 4
split_gain=307.52 111.701 33.8887 20.39 17.5571 15.293 13.91 13.755 12.4445 15.9962 13.8492 12.5577 16.2484 12.0248 10.8694 10.6064 10.3332 10.3022 7.7653 7.74254 7.60922 11.139 7.52153 7.48016 7.30739 7.0971 6.92135 6.85701 7.00694 9.13274
threshold=0.51148718595504772 0.42499999701976782 1.5000000000000002 1.5000000000000002 3.5000000000000004 0.42499999701976782 15.500000000000002 2.5000000000000004 1.0000000180025095e-35 1.7005987167358401 459.50000000000006 3.9880572557449345 7.2902870178222665 1.0000000180025095e-35 0.28611111640930181 0.67251640558242809 1.0000000180025095e-35 1.0000000180025095e-35 5.2493896484375009 4.1658892631530771 4.8713660240173349 1.0000000180025095e-35 1.0000000180025095e-35 1.0000000180025095e-35 737.50000000000011 0.19597221910953525 0.33224999904632574 508.50000000000006 0.29369966685771948 0.79256999492645275
decision_type=2 2 2 2 2 2 2 2 2 2 2 2 2 2 2 2 2 2 2 2 2 2 2 2 2 2 2 2 2 2
left_child=1 2 6 14 7 22 16 13 9 10 -5 -12 27 -4 -3 -15 18 -10 24 -18 23 -22 26 -6 -1 -17 -2 -13 29 -29
right_child=5 3 4 8 20 -7 -8 -9 17 -11 11 12 -14 15 -16 25 19 -19 -20 -21 21 -23 -24 -25 -26 -27 -28 28 -30 -31
leaf_value=-0.020460490048579066 0.0011308028409525623 -0.0028286057410544956 -0.012055952971619228 -0.019579560742959082 -0.0063424841228287834 0.040516098553316643 0.027374847513135552 0.0050279064086962942 0.016758109414172127 0.021022415756822746 0.01869444590799953 0.035023883118038661 -0.017905529212908295 0.027661513916138011 0.019511016047664979 -0.014141541202054011 0.011884999468901298 0.047360330586288545 0.0086663419967313061 -0.013172292560556451 0.0057592029132227307 0.038943351830190653 0.039368673111256219 0.016938686004848144 -0.011674419739892947 0.0017817512942492376 0.024480026762965523 0.031165735668780004 -0.017300848687719122 0.0020704763599439712
leaf_weight=554.46086111105978 33.825933232903481 319.83235025778413 602.8227050434798 36.215954691171646 89.326839651912451 246.03434838354588 10.222692072391508 124.48231196776032 159.33404664322734 104.88754427805543 84.341945253312588 11.563875131309031 53.590468749403954 16.894108224660158 37.079887330532074 66.295720873400569 34.063788071274757 18.880953632295132 16.787379236891866 41.617676936089993 58.687384191900492 20.839193798601627 28.246435083448887 27.125711929053068 222.20807310566306 129.00941193476319 49.615933891385794 20.868599370121956 17.387249803170562 71.735266152769327
leaf_count=4004 119 1465 4318 196 548 1113 50 807 720 505 387 66 181 111 167 546 158 77 124 202 410 137 107 158 1480 767 197 101 94 377
internal_value=0 -0.00430021 -0.00960111 0.00711011 -0.00502201 0.0348719 -0.0154891 -0.00729207 0.0117339 0.00775613 0.00294089 0.00620973 5.44795e-05 -0.00918146 -0.000411935 -0.000979186 -0.0160549 0.0204899 -0.017399 -0.00187853 0.00582414 0.0151968 0.0219445 -0.000725081 -0.0179832 -0.00371192 0.0152627 0.00813425 0.00473223 0.00914745
internal_weight=0 2950.56 2014.84 935.718 1135.48 357.723 879.36 939.504 578.806 400.591 295.703 259.487 175.145 815.022 356.912 212.199 869.138 178.215 793.456 75.6815 195.979 79.5266 111.688 116.453 776.669 195.305 83.4419 121.555 109.991 92.6039
internal_count=19692 18156 13820 4336 7802 1536 6018 6549 2704 1907 1402 1206 819 5742 1632 1424 5968 797 5608 360 1253 547 423 706 5484 1313 316 638 572 478
is_linear=0
shrinkage=0.04


Tree=32
num_leaves=31
num_cat=0
split_feature=31 9 34 3 23 3 25 5 0 25 31 25 2 22 36 28 25 25 6 16 2 36 5 23 28 2 36 28 14 26
split_gain=292.423 85.3228 44.3264 36.9473 20.4746 15.2576 11.8496 11.4619 13.7284 11.0867 10.7975 10.3705 11.7829 9.68396 9.53579 9.45339 9.65805 9.35907 9.97692 8.75348 9.72256 8.89312 8.09994 7.76386 7.69535 7.64389 10.0753 7.63962 7.47992 7.8016
threshold=0.56066176295280468 1.0000000180025095e-35 6.5000000000000009 1.5000000000000002 1.0000000180025095e-35 3.5000000000000004 0.27500000596046453 0.33569559454917913 6.4232139587402353 0.14500000327825549 0.7963966727256776 0.31000000238418585 838.50000000000011 0.11087121069431306 0.6646118462085725 -0.6035533845424651 0.27500000596046453 0.23499999940395358 5.830414056777955 63.727231979370124 667.50000000000011 0.69001945853233349 0.11556304991245271 1.0000000180025095e-35 -0.7865660786628722 533.50000000000011 1.0120353698730471 -0.98296290636062611 1.4978661537170412 1.0000000180025095e-35
decision_type=2 2 2 2 2 2 2 2 2 2 2 2 2 2 2 2 2 2 2 2 2 2 2 2 2 2 2 2 2 2
left_child=1 4 15 11 5 6 25 8 9 -5 -4 14 -13 -8 27 16 -2 18 -10 20 -15 -22 -21 -11 -23 26 -1 -3 29 -19
right_child=2 3 10 7 -6 -7 13 -9 17 23 -12 12 -14 19 -16 -17 -18 28 -20 22 21 24 -24 -25 -26 -27 -28 -29 -30 -31
leaf_value=0.00036740680626517596 -0.012591439190021245 0.017375207568325945 0.024319103469734905 0.043306518032958631 0.022883048096699287 0.017015807230933166 -0.016636393894902346 0.0084073262023351171 -0.0094421790606831514 -0.0016420459945396023 0.038768539270260173 -0.010521084227815081 0.024768970716597415 -0.00243080656983368 -0.02098466322724404 0.017983194510637505 0.01527701252911934 -0.0061830637905660249 -0.025633457349875516 -0.0050196964620944648 -0.0049155686120299861 0.0020308306815127576 0.029192211798883858 0.029715404853843469 0.033223211208619582 -5.2158393505825158e-05 -0.022529284054926612 -0.012344460314811043 -0.031519291751577624 0.0068739429693939237
leaf_weight=58.308845639228821 46.711328376084566 13.510627985000609 144.78873340040445 9.4719095677137357 88.280941840261221 104.17120181396604 23.109597556293011 90.990602314472198 349.95258707180619 105.71740327775478 256.0665856488049 94.302502430975437 16.018002018332481 113.71530601382256 525.2990798689425 83.220860604196787 31.646833904087543 250.72377215325832 73.331260927021503 13.360441796481608 23.658216901123524 18.574302971363068 50.47492927312851 12.322808589786289 39.62774395942688 338.51677643880248 62.907402023673058 146.93447948247194 12.744115494191645 101.21653635054827
leaf_count=420 288 137 588 121 353 498 106 621 2576 1051 1120 525 76 431 3318 448 145 1416 588 69 100 59 236 80 136 1790 285 1548 89 566
internal_value=0 -0.00502943 0.0265892 -0.0101111 0.00477095 0.00283239 0.000801454 -0.00500231 -0.00635053 0.00575652 0.0336961 -0.0165414 -0.00504734 0.00722059 -0.0183705 0.00876164 -0.001236 -0.00831936 -0.0123546 0.00945691 0.00514934 0.0154861 0.0220969 0.00207207 0.0236668 -0.0031575 -0.0116881 -0.00965874 -0.0035939 -0.0024103
internal_weight=0 2737.24 562.434 1802.54 934.706 846.425 742.254 1006.47 915.48 127.512 400.855 796.065 110.321 282.521 685.744 161.579 78.3582 787.968 423.284 259.411 195.576 81.8603 63.8354 118.04 58.202 459.733 121.216 160.445 364.684 351.94
internal_count=19784 17195 2589 12712 4483 4130 3632 7108 6487 1252 1708 5604 601 1137 5003 881 433 5235 3164 1031 726 295 305 1131 195 2495 705 1685 2071 1982
is_linear=0
shrinkage=0.04


Tree=33
num_leaves=31
num_cat=0
split_feature=31 7 32 3 0 23 15 0 6 16 26 16 25 34 23 1 25 2 25 25 3 10 5 4 27 27 2 23 23 25
split_gain=254.683 76.0815 49.3747 23.4428 17.3877 16.715 14.0187 16.9044 13.0092 12.4364 11.6128 12.9333 12.252 13.8691 11.5165 10.9715 10.1448 9.08368 8.67873 8.35194 8.29499 7.42902 7.99249 7.26614 12.554 7.7257 7.23041 6.94519 6.88207 7.51793
threshold=0.37980769574642187 0.25000000000000006 3.5000000000000004 1.5000000000000002 6.8936436176300058 1.0000000180025095e-35 0.33224999904632574 8.2521843910217303 6.1580371856689462 45.317565917968757 1.0000000180025095e-35 112.92915344238283 0.34999999403953558 5.5000000000000009 1.0000000180025095e-35 1.5000000000000002 0.23499999940395358 876.50000000000011 0.23499999940395358 0.31000000238418585 2.5000000000000004 1.0000000180025095e-35 0.15840105712413791 0.88026925921440136 3.9731177091598515 4.7820603847503671 615.50000000000011 1.0000000180025095e-35 1.0000000180025095e-35 0.31000000238418585
decision_type=2 2 2 2 2 2 2 2 2 2 2 2 2 2 2 2 2 2 2 2 2 2 2 2 2 2 2 2 2 2
left_child=1 3 8 19 27 18 7 9 14 28 12 15 13 17 -2 -12 -17 23 -5 -1 -10 22 -15 24 26 -25 -6 -3 29 -4
right_child=2 4 6 5 10 -7 -8 -9 20 -11 11 -13 -14 21 -16 16 -18 -19 -20 -21 -22 -23 -24 25 -26 -27 -28 -29 -30 -31
leaf_value=-0.018489225458793442 0.0098794614858348524 0.0088778258592156073 0.015439079502034757 -0.012166294727775018 -0.0049882331018421371 0.010600739489010795 0.037549395058908711 -0.010466323107111916 -0.016892532231741853 -0.0096321350384990685 0.0021725212381965399 -0.013847927920392229 0.022859414930225856 -0.0055043026043196594 0.038334630506877569 0.0076318499283145333 0.036292283781453716 0.010597646178839806 -0.0041462106056985035 -0.0054662439077096392 0.017789909039223097 0.03056817614310731 0.02065152191836896 -0.022286794455217907 -0.012879407645464015 0.0045365378152618027 0.026270226474753789 0.027912872650783644 0.046369312000834689 0.035935214608905551
leaf_weight=576.46317960880697 222.74174653738737 269.04973837174475 72.158276997506618 472.29957534000278 21.215765580534935 78.332067158073187 214.96731106191874 21.507264286279678 41.920871082693338 13.247870944440363 86.239148758351803 35.555815920233727 23.713270254433155 61.680223844945431 23.828287184238434 39.481951229274273 40.456500321626663 30.588087595999241 401.84503897279501 93.636691652238369 12.936958339065312 15.966942153871058 24.487549565732479 117.4258581250906 112.16829644143581 19.355779856443405 23.330558001995087 33.451242707669735 31.72722390294075 52.608122870326042
leaf_count=4324 1264 1710 312 3911 92 388 941 52 240 64 369 174 91 298 112 175 146 130 2476 526 79 70 110 530 501 92 99 164 141 224
internal_value=0 -0.0056978 0.0213622 -0.0109637 0.00326122 -0.00690778 0.030438 0.0221388 0.00901116 0.0263438 -0.000424695 0.00750519 -0.00399765 -0.00559167 0.0129157 0.0121843 0.0226686 -0.00962992 -0.00849734 -0.0166911 -0.00837541 0.00716101 0.00222863 -0.0117955 -0.00580152 -0.0184804 0.0118083 0.0111523 0.0294725 0.0245119
internal_weight=0 2576.74 707.644 1622.58 954.167 952.477 406.216 191.249 301.428 169.741 651.666 201.733 449.932 426.219 246.57 166.178 79.9385 324.084 874.145 670.1 54.8578 102.135 86.1678 293.496 156.715 136.782 44.5463 302.501 156.494 124.766
internal_count=19805 16376 3429 11625 4751 6775 1734 793 1695 741 2877 864 2013 1922 1376 690 321 1444 6387 4850 319 478 408 1314 692 622 191 1874 677 536
is_linear=0
shrinkage=0.04


Tree=34
num_leaves=31
num_cat=0
split_feature=18 7 23 0 1 20 1 7 4 26 25 15 25 7 0 0 4 0 5 23 25 16 20 36 21 27 23 36 0 25
split_gain=240.603 93.1043 51.3252 25.5238 18.6494 18.014 15.846 15.2752 14.4253 12.9394 11.502 11.4983 10.3966 9.87186 11.7525 10.5332 9.47751 9.45083 8.77319 8.59216 8.18696 7.96637 7.87149 7.79012 7.78312 7.61871 7.57584 7.51984 9.23121 7.39365
threshold=1.5000000000000002 0.57499998807907116 1.0000000180025095e-35 7.9323606491088876 2.5000000000000004 0.25690476596355444 1.5000000000000002 0.42499999701976782 0.92549723386764537 1.0000000180025095e-35 0.27500000596046453 0.14145454764366153 0.27500000596046453 1.0000000180025095e-35 7.1592843532562265 7.4121556282043466 0.82503083348274242 6.5012614727020273 0.30505102872848516 1.0000000180025095e-35 0.27500000596046453 12.892439842224123 0.41083332896232611 1.7154432535171511 1.0000000180025095e-35 4.0526537895202646 1.0000000180025095e-35 0.70309320092201244 6.3385550975799569 0.23499999940395358
decision_type=2 2 2 2 2 2 2 2 2 2 2 2 2 2 2 2 2 2 2 2 2 2 2 2 2 2 2 2 2 2
left_child=1 2 3 5 8 6 9 19 22 16 -5 -8 18 14 27 -15 -1 -7 -4 29 -16 -19 26 -23 -14 -6 -3 28 -13 -2
right_child=7 4 12 10 25 17 11 -9 -10 -11 -12 13 24 15 20 -17 -18 21 -20 -21 -22 23 -24 -25 -26 -27 -28 -29 -30 -31
leaf_value=-0.0076942406732509287 -0.0057288034493193354 0.0051081031207536251 0.0003362044731655426 -0.027959567766272599 0.037135705751280924 0.025750952661045275 -0.014962856588784814 0.03748553680245955 -0.01416567715562525 -0.0045620859788556714 -0.0075739679895340745 0.01073808967397359 0.010464157484406138 -0.0015562666890062179 -0.019755070612285406 0.016542823916123519 -0.018517003709316956 0.030566854932936476 0.035233130670676821 0.03771504869300709 -0.0017231018677588208 -0.006175551786585555 0.022322670715737399 0.024622002569865607 0.035763930501423354 0.014405462334509267 0.022202267159004207 0.0087869093300478873 -0.013562752410118175 0.019492378438093344
leaf_weight=184.47909175790846 23.761097811162472 442.66505699977279 103.89322860911489 155.58785681426525 45.121332101523876 26.960045689716935 141.04921496473253 229.65702677518129 47.41815073043108 238.56730510294437 64.203903064131737 33.766886103898287 42.716658987104893 167.65670775063336 119.06651731580496 72.036952294409275 468.47529966942966 10.799553252756594 10.970746934413908 30.259544968605042 60.991949863731861 109.30636604875326 56.776130646467209 12.917967289686201 37.801686756312847 55.916407763957977 44.126577354967594 89.966595523059368 82.728598766028881 72.472888320684433
leaf_count=1303 87 2086 559 613 182 256 1247 1091 194 1761 213 336 160 1113 808 338 3654 51 58 113 295 753 255 57 169 246 177 641 756 262
internal_value=0 -0.00344808 -0.0074186 -0.00929723 0.00935372 -0.00772424 -0.0089602 0.0312844 0.00658955 -0.012584 -0.0221267 -0.00472774 0.012078 -0.00238207 -0.00632451 0.00397507 -0.0154921 0.00504323 0.00421517 0.0196177 -0.0137331 0.000527122 0.00844542 -0.00257653 0.0229208 0.0250801 0.00674216 0.000206355 -0.00645666 0.0132752
internal_weight=0 2925.97 2233.94 2038.56 692.024 1818.77 1658.79 356.151 590.986 891.522 219.792 767.263 195.382 626.214 386.521 239.694 652.954 159.984 114.864 126.494 180.058 133.024 543.568 122.224 80.5183 101.038 486.792 206.462 116.495 96.234
internal_count=19834 18281 15141 14195 3140 13369 12252 1553 2712 6718 826 5534 946 4287 2836 1451 4957 1117 617 462 1103 861 2518 810 329 428 2263 1733 1092 349
is_linear=0
shrinkage=0.04


Tree=35
num_leaves=31
num_cat=0
split_feature=18 7 3 23 15 0 7 3 23 2 7 27 27 2 0 15 34 4 36 2 27 26 2 27 0 4 4 27 28 0
split_gain=240.19 90.7475 34.8908 18.3629 15.6501 21.9505 15.0169 14.0454 13.6207 13.3702 12.3896 18.7939 11.0347 10.7816 11.9689 10.088 9.22166 8.68754 8.14864 7.68722 11.4942 8.86851 7.59462 7.50051 7.49371 7.3142 6.67956 6.46846 7.34541 7.45057
threshold=1.5000000000000002 0.57499998807907116 1.5000000000000002 1.0000000180025095e-35 0.33224999904632574 8.1986389160156268 1.0000000180025095e-35 1.5000000000000002 1.0000000180025095e-35 482.50000000000006 0.25000000000000006 3.7316987514495854 5.2211663722991952 733.50000000000011 7.3105444908142099 0.12099999934434892 3.5000000000000004 0.80622702836990368 1.1994717717170718 776.50000000000011 4.632298707962037 1.0000000180025095e-35 625.50000000000011 4.1034691333770761 7.8770160675048837 0.89033380150794994 0.8818233609199525 3.5219379663467412 0.37940952181816107 7.563197374343873
decision_type=2 2 2 2 2 2 2 2 2 2 2 2 2 2 2 2 2 2 2 2 2 2 2 2 2 2 2 2 2 2
left_child=1 2 3 10 5 22 13 27 -8 -5 12 26 -1 17 15 -15 -16 -4 23 21 -21 25 -2 -11 -13 -9 -12 -3 29 -29
right_child=4 7 6 9 -6 -7 8 19 -10 18 11 24 -14 14 16 -17 -18 -19 -20 20 -22 -23 -24 -25 -26 -27 -28 28 -30 -31
leaf_value=-0.018738320008632896 0.011021059838264862 -0.019919987193655626 -0.0023879495123367393 -0.027251204184745186 0.038964194003009801 -0.01747219558510139 0.00052195979007483087 0.0034849229636327085 0.024767871590542986 0.039491528022839645 0.038926621256566117 -0.0076307614762299147 0.013305516725091513 -0.027086666425622078 -0.022296004175005383 0.0096940356941543748 0.0062044815222967757 -0.01274695553988265 -0.0059633515347016766 0.030056629052003278 -0.0037940915444774443 0.020014703539275938 0.033399324008394675 0.0064376007649617952 -0.028068367590057215 0.026094387123051632 0.0029427134673745531 0.0058030902155970085 0.016521344686286292 -0.010667358707344121
leaf_weight=628.3598102889955 36.682492054998875 18.692671895027161 195.50451418757439 15.347332406789063 199.50879243761301 19.053583860397339 398.5545715559274 209.20363715663552 38.884302597492933 19.235102817416191 14.598202958703043 152.11484615132213 16.334053149446845 11.019413132220505 48.499745316803455 151.37829205207527 27.24239432066679 388.26967435330153 25.081905096769333 77.44246793165803 19.591215491294861 104.64199053123593 89.224031329154968 24.722447425127029 34.250458419322968 23.852214194834232 17.125694496557117 115.17668041959405 51.019715424627066 68.315393835306168
leaf_count=4731 170 71 1377 80 906 48 2440 996 183 94 84 1002 127 104 226 1127 145 2904 83 333 88 463 402 136 123 118 95 606 225 223
internal_value=0 -0.00361583 -0.00756961 -0.0133618 0.0316245 0.0211302 -0.00319894 0.00905092 0.00278011 0.00435715 -0.015101 -0.00677503 -0.0178878 -0.00638014 0.000789929 0.00689914 -0.0121492 -0.00929775 0.011953 0.013397 0.0232835 0.0104358 0.0271538 0.0219906 -0.011645 0.00600124 0.0208278 0.00154255 0.00340729 -0.000377874
internal_weight=0 2894.46 2206.52 947.17 344.469 144.96 1259.35 687.936 437.439 84.3868 862.783 218.089 644.694 821.914 238.14 162.398 75.7421 583.774 69.0395 434.732 97.0337 337.698 125.907 43.9576 186.365 233.056 31.7239 253.204 234.512 183.492
internal_count=19710 18184 15061 6555 1526 620 8506 3123 2623 393 6162 1304 4858 5883 1602 1231 371 4281 313 1998 421 1577 572 230 1125 1114 179 1125 1054 829
is_linear=0
shrinkage=0.04


Tree=36
num_leaves=31
num_cat=0
split_feature=22 7 20 3 23 9 26 27 25 25 0 12 25 36 15 28 27 0 2 0 2 25 1 0 3 2 27 36 28 36
split_gain=227.038 72.4024 32.2781 29.9141 16.2818 13.456 12.7082 14.8036 12.4471 11.4794 10.8886 9.90313 9.56189 8.80659 12.0607 8.55651 12.9456 8.3328 8.29155 9.39927 8.44486 8.26476 11.7173 8.06524 7.89613 10.1082 7.55488 7.11318 7.04255 7.32108
threshold=0.51148718595504772 0.57499998807907116 0.25690476596355444 1.5000000000000002 1.0000000180025095e-35 1.0000000180025095e-35 1.0000000180025095e-35 3.1759661436080937 0.23499999940395358 0.27500000596046453 7.5988972187042245 1.0000000180025095e-35 0.31000000238418585 0.64652454853057872 0.22857142984867099 0.37940952181816107 4.1766920089721689 7.8770160675048837 591.50000000000011 6.9622323513031015 621.50000000000011 0.27500000596046453 2.5000000000000004 7.5207726955413827 3.5000000000000004 841.50000000000011 4.0280263423919687 2.1825598478317265 0.12940952181816109 1.1615874171257021
decision_type=2 2 2 2 2 2 2 2 2 2 2 2 2 2 2 2 2 2 2 2 2 2 2 2 2 2 2 2 2 2
left_child=1 2 3 4 11 -2 7 -5 -6 10 24 12 -1 -4 -15 16 -12 28 -9 20 -20 22 23 -8 25 -3 -10 -11 29 -13
right_child=5 9 13 6 8 -7 21 18 26 27 15 17 -14 14 -16 -17 -18 -19 19 -21 -22 -23 -24 -25 -26 -27 -28 -29 -30 -31
leaf_value=-0.019296258629170008 0.036388124113659027 0.00094421811499143427 0.022463277437211632 0.03304319158859742 -0.012774275886355357 0.018655608689513613 -0.0022688892652462989 -0.012545022672486568 0.036544105489106103 0.01637612223509748 0.0036879132543325677 0.0030227010974694479 -0.0059935233209046854 0.028813395418422694 -0.0010657057070913144 0.013844819941012006 -0.029727114034245244 -0.025689454611336038 0.022727864091343534 -0.0093089457255908833 -0.0010347195450488014 0.010193352944973467 0.021304069507032102 -0.02416774504869813 0.020740827007635354 0.022913009553500351 0.0022982891265635221 -0.0055517999951559581 -0.016618078714162592 0.03897232918359006
leaf_weight=611.64960851892829 232.36981159821153 226.71038581803441 46.624587651342154 12.628194451332091 38.41745625808835 107.25722404196858 122.3882510997355 325.49096117913723 17.527047134935856 242.74531395733356 33.131915971636772 38.500752117484808 103.28200403228402 23.177339494228363 151.88953594118357 20.002318769693375 39.036119908094406 17.634182453155518 25.392108162865043 260.61893403530121 188.13270851224661 129.71377710253 25.227796830236912 32.67877921462059 54.427602909505367 37.363133911043406 22.440631046891212 25.240222156047821 17.548569399863482 10.016976341605185
leaf_count=4638 1139 1268 417 76 204 413 1020 2366 68 968 115 304 577 82 860 67 131 70 199 1442 1511 681 170 158 286 181 95 59 129 58
internal_value=0 -0.00354481 -0.00703786 -0.0086438 -0.0141717 0.03093 -0.0043064 -0.00693129 0.00315315 0.00787368 0.00364099 -0.0158758 -0.0173966 0.00739282 0.0031708 -0.00834343 -0.0147007 -0.00278295 -0.00764345 -0.00424005 0.00197578 0.00257152 -0.00296371 -0.00713282 0.00713956 0.0042014 0.018342 0.014285 0.00390636 0.0116939
internal_weight=0 2899.64 2220.98 1999.29 877.017 339.627 1122.27 812.263 78.3851 678.657 410.671 798.632 714.932 221.691 175.067 92.1704 72.168 83.7005 799.635 474.144 213.525 310.009 180.295 155.067 318.501 264.074 39.9677 267.986 66.0663 48.5177
internal_count=19752 18200 15125 13766 6143 1552 7623 5594 367 3075 2048 5776 5215 1359 942 313 246 561 5518 3152 1710 2029 1348 1178 1735 1449 163 1027 491 362
is_linear=0
shrinkage=0.04


Tree=37
num_leaves=31
num_cat=0
split_feature=18 7 3 2 27 7 31 25 0 12 36 23 0 25 30 25 0 8 25 0 36 0 16 25 7 2 20 36 23 27
split_gain=208.767 77.4643 34.6221 17.9653 15.6611 15.3248 14.0929 12.7132 11.1222 12.677 12.4548 11.0486 10.9652 13.2676 14.6538 10.6486 10.5896 10.1106 7.71988 7.27487 7.17966 9.67221 7.08543 6.7063 6.24212 6.22776 6.17888 6.43812 6.29109 6.23961
threshold=1.5000000000000002 0.57499998807907116 2.5000000000000004 737.50000000000011 3.1376634836196904 0.25000000000000006 0.32666666805744177 0.31000000238418585 7.9323606491088876 1.0000000180025095e-35 1.7154432535171511 1.0000000180025095e-35 7.212287664413453 0.17500000447034839 1.7005987167358401 0.27500000596046453 6.7753498554229745 6.5000000000000009 0.34999999403953558 7.8343904018402108 1.0592091083526614 7.6989336013793954 159.15270996093753 0.27500000596046453 1.0000000180025095e-35 368.50000000000006 0.19597221910953525 2.2863276004791264 1.0000000180025095e-35 3.9936026334762578
decision_type=2 2 2 2 2 2 2 2 2 2 2 2 2 2 2 2 2 2 2 2 2 2 2 2 2 2 2 2 2 2
left_child=1 2 3 8 -3 20 18 16 9 10 11 -1 -6 -14 -15 -13 25 -8 26 -12 -2 -22 -10 -19 -9 -4 27 -5 29 -28
right_child=5 4 7 6 12 -7 17 24 22 -11 19 15 13 14 -16 -17 -18 23 -20 -21 21 -23 -24 -25 -26 -27 28 -29 -30 -31
leaf_value=-0.014648502806295871 0.030525371113561083 0.042062777074414547 -0.023659940128465281 -0.01036715613344695 0.011817248363022366 0.036008207260893994 0.040051371959151184 0.0069199162634530857 -0.025745597392101496 0.0057297998161858219 0.018875223480616286 -0.012049922404760835 -0.012655562329491011 -0.00023032744398907069 0.02177042202270835 0.015845113238653084 -0.0062546557834375826 -0.011042753873509519 0.015220764895371327 -0.0095180287922992171 -0.0099199946051941375 0.019792899787082457 0.0016373557976592861 0.022776613879639532 0.02942014386708856 0.0077551778641768978 -0.015015044579195964 -0.038168558509548076 0.016713170319050667 -0.00053003486451833049
leaf_weight=832.14648862555623 41.493857130408287 19.382183786481619 8.7521031275391561 146.89683531410992 368.72938152775168 221.69245439767838 16.493216656148434 51.287578903138638 132.67833408713341 66.761487565934658 30.057278156280518 46.632697589695454 76.447664454579353 160.73672160506248 67.307501286268234 37.829204425215721 250.03940323740244 20.554732717573643 24.694544702768326 24.578257687389851 25.323443040251732 48.520194530487061 16.770761430263519 14.112991884350775 31.903634659945965 186.45058781467378 67.075066290795803 13.168185755610464 21.58512557297945 153.41549171879888
leaf_count=6831 187 76 76 1245 1947 1109 83 266 519 473 160 289 327 540 238 159 1369 142 130 117 97 151 72 59 149 1469 407 41 84 963
internal_value=0 -0.00335527 -0.00703618 -0.00986384 0.00829101 0.0298243 -0.00329798 0.00187931 -0.0124969 -0.0109882 -0.0121468 -0.0132526 0.00719701 0.00156145 0.00639603 0.000521363 -0.00082583 0.0161512 -0.00569364 0.00621722 0.0175269 0.00961047 -0.0226917 0.00321626 0.0160368 0.00612098 -0.00704691 -0.0130971 -0.00297186 -0.00503186
internal_weight=0 2886.49 2193.88 1665.45 692.603 337.03 477.996 528.433 1187.45 1038.01 971.244 916.608 673.221 304.492 228.044 84.4619 445.242 51.1609 426.835 54.6355 115.337 73.8436 149.449 34.6677 83.1912 195.203 402.141 160.065 242.076 220.491
internal_count=19775 18231 15103 11774 3128 1544 3154 3329 8620 8029 7556 7279 3052 1105 778 448 2914 284 2870 277 435 248 591 201 415 1545 2740 1286 1454 1370
is_linear=0
shrinkage=0.04


Tree=38
num_leaves=31
num_cat=0
split_feature=18 3 7 27 20 0 0 7 26 7 23 36 36 0 6 10 27 23 23 36 23 7 26 27 3 31 0 36 34 27
split_gain=197.534 56.7236 33.6525 17.8062 15.2502 15.206 14.5774 14.43 11.1636 10.8341 10.3198 11.1761 11.4394 10.1613 9.12183 8.84435 8.06973 7.66666 7.50405 7.44175 7.37607 7.33696 7.28952 7.11252 6.45341 6.35139 6.21379 5.8087 5.71786 6.68676
threshold=1.5000000000000002 2.5000000000000004 1.0000000180025095e-35 3.6309846639633183 0.41083332896232611 8.1986389160156268 7.8693997859954843 1.0000000180025095e-35 1.0000000180025095e-35 0.25000000000000006 1.0000000180025095e-35 0.37051604688167578 1.1330381631851199 7.151477813720704 5.7761018276214608 1.0000000180025095e-35 5.2211663722991952 1.0000000180025095e-35 1.0000000180025095e-35 1.7154432535171511 1.0000000180025095e-35 0.57499998807907116 1.0000000180025095e-35 4.6076669692993173 1.5000000000000002 0.14835165441036227 6.0306131839752206 3.1371060609817509 5.5000000000000009 4.3087832927703866
decision_type=2 2 2 2 2 2 2 2 2 2 2 2 2 2 2 2 2 2 2 2 2 2 2 2 2 2 2 2 2 2
left_child=1 2 8 -3 6 9 10 26 16 20 11 14 21 -10 -4 25 18 -9 24 -6 -2 28 -23 -20 -1 -8 -5 -7 29 -13
right_child=5 3 4 7 19 27 15 17 13 -11 -12 12 -14 -15 -16 -17 -18 -19 23 -21 -22 22 -24 -25 -26 -27 -28 -29 -30 -31
leaf_value=-0.02026203453266456 0.014176408809908838 0.021823219306034272 0.0012743470886389058 0.01740279715521488 0.0086614954214941121 -0.008616791247142706 -0.023292424730351976 0.0071914840187838726 0.0040441023632655851 0.037879561058646316 0.012098229577512783 -0.020110341188554166 0.0035772494838779696 -0.01148521095800396 0.037094950902554921 0.0027738815140194756 0.010916653264837184 0.028360867312666991 0.0065170414490449162 0.040226858217597021 0.040446453219881946 -0.0064984179280629306 0.0090899630679881268 -0.023261606056164716 -0.012144593936002576 0.001192162096418938 -0.0043894672174377885 0.019888682440770421 -0.00025983855489091672 -0.0066163442740164863
leaf_weight=352.32066130451858 76.171240344643593 96.424614135175943 27.285360334441066 20.626509936526418 58.24223106354475 20.548338279128075 102.84266003966331 325.94621451944113 112.71517084166408 192.17493795230985 82.604028277099133 126.89501785859466 232.11277583986521 162.79439617693424 17.690205037593842 37.018176466226578 17.944480599835515 28.296403624117374 44.631325919181108 13.653068318963049 21.933226391673088 144.09170232713223 69.517067663371563 15.718434728682039 306.70433727838099 19.995161682367325 284.06075204536319 21.59176741540432 62.326594650745392 113.25528341159225
leaf_count=2801 301 504 222 191 299 60 364 1682 1078 1022 361 998 1093 974 166 106 137 132 224 45 90 765 345 82 2469 62 1860 64 440 862
internal_value=0 -0.00345483 -0.00680644 0.00594663 -0.00198106 0.0290246 -0.00322802 0.00356432 -0.0120687 0.0322687 -0.00118699 -0.00259752 -0.00377661 -0.00514857 0.0163431 -0.014257 -0.0146336 0.00903219 -0.0152994 0.0155823 0.0207403 -0.00708509 -0.00138806 -0.00173635 -0.0165324 -0.0193517 -0.00281032 0.00622823 -0.0110728 -0.0138538
internal_weight=0 2875.71 2120.36 755.354 1107.53 332.42 1035.63 658.93 1012.83 290.279 875.778 793.174 748.198 275.51 44.9756 159.856 737.319 354.243 719.375 71.8953 98.1045 516.086 213.609 60.3498 659.025 122.838 304.687 42.1401 302.477 240.15
internal_count=19799 18262 13893 4369 6128 1537 5784 3865 7765 1413 5252 4891 4503 2052 388 532 5713 1814 5576 344 391 3410 1110 306 5270 426 2051 124 2300 1860
is_linear=0
shrinkage=0.04


Tree=39
num_leaves=31
num_cat=0
split_feature=22 7 23 0 3 25 7 1 7 0 2 25 0 34 5 16 31 27 5 34 2 2 7 6 25 3 6 29 27 36
split_gain=187.771 58.811 29.7671 23.0677 22.4818 16.7538 13.9669 12.5262 11.2892 10.9358 10.5207 10.012 9.62397 9.40997 9.27331 7.9338 7.88861 7.8855 7.86284 7.7338 7.21059 15.4463 8.92685 6.9978 6.76353 8.40681 7.68581 6.93312 6.72855 6.06105
threshold=0.44366666674613958 1.0000000180025095e-35 1.0000000180025095e-35 6.9622323513031015 2.5000000000000004 0.27500000596046453 0.42499999701976782 1.5000000000000002 0.57499998807907116 7.6525430679321298 903.50000000000011 0.27500000596046453 7.8693997859954843 6.5000000000000009 0.088731531053781523 97.640941619873061 0.64495798945426952 4.0766892433166513 0.249743327498436 14.500000000000002 529.50000000000011 655.50000000000011 0.75000000000000011 5.0466406345367441 0.27500000596046453 3.5000000000000004 5.8126356601715097 -0.12940952181816107 4.5533502101898202 1.8443947434425356
decision_type=2 2 2 2 2 2 2 2 2 2 2 2 2 2 2 2 2 2 2 2 2 2 2 2 2 2 2 2 2 2
left_child=1 3 4 10 7 18 -2 8 12 28 -1 29 14 -7 -3 20 -13 -17 -5 -8 -10 22 -22 -12 25 27 -26 -6 -4 -9
right_child=6 2 9 5 24 13 19 11 15 -11 23 16 -14 -15 -16 17 -18 -19 -20 -21 21 -23 -24 -25 26 -27 -28 -29 -30 -31
leaf_value=-0.0040632862947412602 0.016201362153794866 0.027417455557658274 0.032509361396259477 -0.019160056887027207 -0.0098094239791609184 -0.0071610183609577115 0.016401624123386221 -0.00035971957517833648 -0.013817283353172121 0.00089964524691799931 -0.0034848576349212059 0.0062199083933760346 -0.027536608210110201 0.025756162057421872 -0.010245040717432475 -0.0071174069621394954 0.032763434703557526 0.025342047384562364 -0.0052045243196182324 0.037238843906520235 0.00060911018822728126 -0.019406220308450933 0.030306035975132241 0.030406063898577133 0.010121500161967542 0.013016540298786907 0.032354323055369179 0.008631206402137017 0.0096373307996075793 -0.016905218223730908
leaf_weight=446.23081449046731 114.19555317610502 9.0415535382926446 73.325383815914392 487.76604077219963 77.084739936515689 295.6325483545661 39.029534965753555 257.26847263798118 69.975111465901136 37.869351729750633 15.403302654623984 160.35045566037297 51.446960687637329 12.640131115913389 243.19380867853761 17.616981372237206 18.44303011149168 31.137292113155127 76.50042200088501 187.35882252827287 35.68457854911685 31.088330954313278 27.782401718199253 22.897791601717472 105.8102076202631 101.16379153169692 32.01763080060482 53.606842670589685 31.339085653424263 39.099063247442245
leaf_count=4208 450 70 333 3458 427 1529 178 1681 344 110 122 696 204 48 1785 92 74 159 464 991 161 138 122 197 451 573 145 300 147 136
internal_value=0 -0.00329234 0.00215379 -0.00932378 0.00032145 -0.0132033 0.0280427 -0.00281698 -0.00711408 0.0194138 -0.00231207 0.00186842 -0.012042 -0.00565399 -0.00868994 -5.07912e-05 0.0092901 0.0137948 -0.0172931 0.0338216 -0.00426997 0.00293532 0.0141375 0.0172798 0.00871396 0.00447719 0.0156751 -0.00222939 0.02597 -0.00264121
internal_weight=0 2861.42 1504.35 1357.07 1361.81 872.539 340.584 992.128 516.967 142.534 484.532 475.161 303.682 308.273 252.235 213.285 178.793 48.7543 564.266 226.388 164.53 94.5553 63.467 38.3011 369.683 231.855 137.828 130.692 104.664 296.368
internal_count=19793 18174 8148 10026 7558 5499 1619 5662 3075 590 4527 2587 2059 1577 1855 1016 770 251 3922 1169 765 421 283 319 1896 1300 596 727 480 1817
is_linear=0
shrinkage=0.04


Tree=40
num_leaves=31
num_cat=0
split_feature=22 8 3 31 8 0 26 36 1 27 26 25 23 36 0 3 1 25 27 1 23 25 30 23 3 27 25 27 36 1
split_gain=169.367 50.2369 25.9898 18.3772 15.3422 13.5257 11.464 13.1147 10.8889 10.5656 9.97807 9.84369 9.33783 9.13387 8.99994 8.18383 10.1309 8.15721 7.73946 9.46383 7.65466 7.63516 7.15942 6.89847 7.06667 8.54155 6.8915 6.65591 10.6231 6.64824
threshold=0.43935896456241613 5.5000000000000009 1.5000000000000002 0.15587044507265094 7.5000000000000009 7.6525430679321298 1.0000000180025095e-35 2.8037247657775883 2.5000000000000004 3.5219379663467412 1.0000000180025095e-35 0.34999999403953558 1.0000000180025095e-35 2.1397774219512944 6.1653625965118417 3.5000000000000004 2.5000000000000004 0.27500000596046453 4.083451747894288 1.5000000000000002 1.0000000180025095e-35 0.31000000238418585 1.4978661537170412 1.0000000180025095e-35 3.5000000000000004 4.1549687385559091 0.17500000447034839 3.857566356658936 1.0280539989471438 1.5000000000000002
decision_type=2 2 2 2 2 2 2 2 2 2 2 2 2 2 2 2 2 2 2 2 2 2 2 2 2 2 2 2 2 2
left_child=1 3 8 5 18 10 14 11 12 -10 23 15 -3 -6 22 16 -8 -5 -2 -20 29 -7 -4 24 -1 -26 -14 -12 -29 -16
right_child=4 2 6 17 13 21 7 -9 9 -11 27 -13 26 -15 20 -17 -18 -19 19 -21 -22 -23 -24 -25 25 -27 -28 28 -30 -31
leaf_value=-0.0034498794800700908 0.033077251450240375 -0.014359918504591191 0.00034220691535499103 0.010041551388326469 0.017594631971998533 -0.014744996738749211 -0.0024514265680513521 -0.036365358714975572 0.030954294619147362 -0.0044468409257417676 -0.00258162959202534 0.03347953598530206 -0.020048191444219095 -0.013211014258995464 -0.01039339567909893 0.017531329090056561 0.020807863582418942 0.027921251673703851 -0.010726034050161615 0.027180285326664801 0.0064990744915209555 0.011276150383986579 0.028835287686523183 0.020893164762968177 -0.0072235793507846695 0.028089287099636477 0.0080614569430300705 0.0099150532872619591 0.036518498779453797 -0.0027795730374187036
leaf_weight=216.20605807937682 242.43583244085312 702.93836587108672 42.004485365003347 103.20230325311422 58.999811440706253 90.283297285437584 218.71329682320356 10.400849670171736 13.309107817709444 111.46077318862081 28.307811681181192 17.081685774028301 16.699750617146492 18.966946840286255 406.23239029943943 54.784137200564146 32.670969458296895 69.930188834667206 15.248952232301233 26.764938682317734 72.814438387751579 20.854405149817467 19.284056089818478 24.605863578617573 17.23794899135828 25.167997848242521 53.030341655015945 74.318863540887833 35.211079202592373 336.85049130767584
leaf_count=1199 1230 5283 378 545 259 304 1525 30 67 739 141 93 107 48 2886 337 204 290 73 125 342 57 204 110 85 120 224 388 150 2254
internal_value=0 -0.00297074 -0.0060612 0.00625791 0.0260097 0.0025489 -0.00223114 0.00406301 -0.0112123 -0.000241851 0.00582574 0.00557944 -0.0129786 0.00995757 -0.00462902 0.00381567 0.000711829 0.0174998 0.0303093 0.01356 -0.00574468 -0.00974925 0.0099353 0.00149801 -0.000493537 0.0140558 0.000958155 0.0145694 0.0189689 -0.00695866
internal_weight=0 2813.6 2108.28 705.326 362.416 532.193 1210.84 333.651 897.438 124.77 421.056 323.25 772.668 77.9668 877.186 306.168 251.384 173.132 284.45 42.0139 815.897 111.138 61.2885 283.218 258.612 42.4059 69.7301 137.838 109.53 743.083
internal_count=19797 18062 14673 3389 1735 2554 8253 2189 6420 806 2193 2159 5614 307 6064 2066 1729 835 1428 198 5482 361 582 1514 1404 205 331 679 538 5140
is_linear=0
shrinkage=0.04


Tree=41
num_leaves=31
num_cat=0
split_feature=18 7 3 1 0 25 27 27 26 23 25 0 0 6 31 1 7 23 29 27 22 36 27 0 27 28 36 3 36 25
split_gain=157.186 62.8204 20.4958 15.1409 13.9883 12.0254 11.5105 11.4428 10.5109 10.4075 10.0867 9.39223 9.30159 10.5669 9.06711 8.81111 8.80962 9.30176 8.33052 8.052 7.79603 7.476 7.46646 7.1533 7.09817 6.7856 10.0688 7.22078 6.97138 6.72309
threshold=1.5000000000000002 0.57499998807907116 1.5000000000000002 2.5000000000000004 8.2521843910217303 0.23499999940395358 4.6016638278961191 3.2327767610549931 1.0000000180025095e-35 1.0000000180025095e-35 0.34999999403953558 6.1653625965118417 7.2902870178222665 4.3630783557891855 1.0000000180025095e-35 2.5000000000000004 0.25000000000000006 1.0000000180025095e-35 -0.12940952181816107 4.0082414150238046 0.15025933086872104 0.660405993461609 4.84063744544983 7.5888266563415536 5.0142953395843515 -0.6035533845424651 2.1397774219512944 3.5000000000000004 1.8748224973678591 0.2100000008940697
decision_type=2 2 2 2 2 2 2 2 2 2 2 2 2 2 2 2 2 2 2 2 2 2 2 2 2 2 2 2 2 2
left_child=1 2 5 10 16 14 -5 -4 11 15 12 18 20 -14 -1 -7 17 -2 -9 -11 -3 -16 29 -10 25 26 27 28 -13 -15
right_child=4 3 7 6 -6 9 -8 8 23 19 -12 24 13 22 21 -17 -18 -19 -20 -21 -22 -23 -24 -25 -26 -27 -28 -29 -30 -31
leaf_value=-0.017384226257654203 0.011979131554278294 -0.0088646772352447729 0.019482731613669396 0.028194337747875987 0.0043344204747565694 -0.01066754571511941 -0.0056221765810271123 -0.0044668468848571494 0.0048912145006704015 0.03076726090193747 0.024313338195185958 -0.011878058640888273 -0.020685531269593969 -0.013400643043286274 0.021274361665479372 0.0064139836943951202 0.034709070704711659 0.041349969573773272 0.024362338260580509 -0.0025126046454071677 0.010117953786686545 -0.0087670900167529948 0.021059959410566279 -0.010254817028932068 -0.021561391704036099 -0.0024147371066195653 -0.02884126383512783 0.0046367676501898308 0.01675466050179927 0.0038661602341441377
leaf_weight=420.02125429362059 76.468381524085999 37.742720648646355 33.188468642532825 80.984916493296623 41.273442342877388 316.39727637730539 19.243882961571217 33.815597234293818 283.81116342544556 18.490366399288177 38.417646892368793 259.12609767541289 40.333203479647636 51.556688085198402 15.315952323377131 55.58229223638773 184.89126078411937 21.499346911907196 27.646832454949617 26.271181084215641 288.43170797452331 54.626052372157574 24.663883537054062 58.507664635777473 49.599817685782909 384.46707084402442 38.732217043638229 61.259547185152769 12.647021278738974 108.76283001899719
leaf_count=3542 305 235 189 341 124 2033 86 340 2003 71 150 1932 132 214 156 310 1037 92 259 111 1499 338 95 254 336 2648 141 379 66 367
internal_value=0 -0.00299296 -0.00636323 0.00749217 0.0263269 -0.0109302 0.0217186 -0.0030191 -0.00366762 -0.00589335 0.0050098 -0.00600626 0.00358209 -0.00265538 -0.015173 -0.00809452 0.029483 0.019123 0.0088601 0.0119628 0.00788077 -0.00178004 0.00145507 0.00225799 -0.00715928 -0.00616029 -0.0100002 -0.00764984 -0.010433 -0.00178332
internal_weight=0 2839.64 2149.51 690.137 324.132 906.704 100.229 1242.8 1209.61 416.741 589.909 867.294 551.491 225.317 489.963 371.98 282.859 97.9677 61.4624 44.7615 326.174 69.942 184.983 342.319 805.832 756.232 371.765 333.033 271.773 160.32
internal_count=19785 18227 15108 3119 1558 6561 427 8547 8358 2525 2692 6101 2542 808 4036 2343 1434 397 599 182 1734 494 676 2257 5502 5166 2518 2377 1998 581
is_linear=0
shrinkage=0.04


Tree=42
num_leaves=31
num_cat=0
split_feature=22 7 1 5 1 9 5 25 2 22 22 25 0 26 16 0 26 16 6 28 2 32 15 5 7 0 36 2 28 28
split_gain=135.059 49.7785 16.9259 16.7143 15.4215 13.6352 12.9776 10.9082 10.5596 10.4105 9.35607 9.11798 8.87345 8.34289 8.27524 8.23726 8.85091 13.1397 7.9756 8.00109 7.25852 5.91041 5.9196 6.81955 5.87985 10.3937 7.57996 7.30016 5.94121 5.80994
threshold=0.46619999408721929 0.42499999701976782 3.5000000000000004 0.21437325328588488 1.5000000000000002 1.0000000180025095e-35 0.1348126754164696 0.31000000238418585 609.50000000000011 0.13250000029802325 0.83292856812477123 0.27500000596046453 7.9323606491088876 1.0000000180025095e-35 125.35066604614259 7.0950558185577401 1.0000000180025095e-35 108.63581466674806 5.7761018276214608 -0.6035533845424651 523.50000000000011 1.5000000000000002 0.12099999934434892 0.47665914893150335 1.0000000180025095e-35 7.8693997859954843 1.0907711982727053 585.50000000000011 -0.6035533845424651 0.37940952181816107
decision_type=2 2 2 2 2 2 2 2 2 2 2 2 2 2 2 2 2 2 2 2 2 2 2 2 2 2 2 2 2 2
left_child=1 3 6 4 15 8 9 14 10 -3 -2 29 13 -8 20 16 -1 -18 19 -16 -6 22 -5 -24 -17 26 -26 28 -28 -11
right_child=5 2 -4 21 7 -7 12 -9 -10 11 -12 -13 -14 -15 18 24 17 -19 -20 -21 -22 -23 23 -25 25 -27 27 -29 -30 -31
leaf_value=-0.011461934879876661 0.025544745936168494 -0.018746619245012107 0.03287406979010829 -0.01956101231166418 -0.026633113116446817 0.012371181130436849 0.0051076945456385693 0.0076000864266569093 0.035751582464295113 -0.010232636402652673 -0.0079143901273595659 0.0091690912357693319 -0.010439333239819184 0.015690448210898149 -0.022049543453635415 -0.018950711942845335 -0.0052467974639561678 0.03100057923314431 -0.02270882314056236 0.025646592451230125 -0.0031323811925603319 0.016709158963724748 -0.00083175170455098812 0.028391422191452038 -0.015328633620629964 -0.02718722481924497 0.029296788568209803 -0.0112047704268423 0.00036280019318928085 0.0078366247677176086
leaf_weight=214.1708524748683 40.052719123661518 52.598149262368679 31.050083063542843 24.027941074222326 20.095817409455776 104.71076755970716 373.20308010652661 103.76375064253807 156.29575494676828 114.99769194796681 18.462341196835041 109.29381804168224 40.799539104104042 175.47940736636519 7.9148487113416222 316.19128891080618 61.82891857624054 19.395754216238856 76.225045539438725 11.15017247200012 462.5024417117238 30.149733051657677 387.86977282911539 11.209711104631422 45.967864565551281 36.422839656472206 20.96346016228199 25.445947766304016 22.561669491231441 35.994404260069132
leaf_count=2178 214 266 132 196 172 415 1838 553 846 615 101 411 110 804 68 2083 574 209 663 86 3391 154 2593 74 335 157 125 145 130 180
internal_value=0 -0.00281135 0.00474477 -0.00652873 -0.00862884 0.024545 0.00370629 -0.00423816 0.0303103 -0.00286618 0.0150752 0.00046139 0.0071927 0.00853696 -0.00638267 -0.0125303 -0.00722725 0.00394575 -0.0170393 0.00563205 -0.00421685 0.000173154 -0.00107823 0.000126577 -0.0158357 -0.00916624 -0.00308828 0.00527174 0.0149734 -0.00587904
internal_weight=0 2831.27 933.416 1897.86 1444.6 319.522 902.366 681.652 214.811 312.884 58.5151 260.286 589.482 548.682 577.888 762.949 295.396 81.2247 95.2901 19.065 482.598 453.257 423.107 399.079 467.553 151.362 114.939 68.9711 43.5251 150.992
internal_count=19818 18242 4356 13886 10869 1576 4224 4933 1161 1472 315 1206 2752 2642 4380 5936 2961 783 817 154 3563 3017 2863 2667 2975 892 735 400 255 795
is_linear=0
shrinkage=0.04


Tree=43
num_leaves=31
num_cat=0
split_feature=18 7 0 1 0 2 13 31 28 26 0 27 28 16 16 23 0 32 36 7 14 2 7 13 14 22 27 12 29 16
split_gain=142.029 54.9539 16.3408 13.3275 12.3628 11.6401 14.1244 13.0352 10.9488 10.6023 10.9076 9.66936 8.7037 9.4988 8.58749 7.95574 8.40489 7.98247 7.87788 7.64891 7.39042 7.53625 7.11996 7.36782 6.82888 6.77695 7.46849 6.38909 6.06674 6.29571
threshold=1.5000000000000002 0.57499998807907116 6.8936436176300058 2.5000000000000004 8.2521843910217303 681.50000000000011 1.0000000180025095e-35 0.28991597890853887 -0.91597560048103321 1.0000000180025095e-35 7.5888266563415536 3.5596235990524296 -0.7865660786628722 7.1223623752594003 28.401596069335941 1.0000000180025095e-35 7.2269294261932382 3.5000000000000004 1.3237224817276003 1.0000000180025095e-35 1.0000000180025095e-35 589.50000000000011 0.25000000000000006 1.5000000000000002 1.2424533367156985 0.18279032409191134 4.2647900581359872 1.0000000180025095e-35 -0.37940952181816096 88.469249725341811
decision_type=2 2 2 2 2 2 2 2 2 2 2 2 2 2 2 2 2 2 2 2 2 2 2 2 2 2 2 2 2 2
left_child=1 2 20 15 22 9 7 -7 -5 11 12 18 13 -11 -8 16 28 -18 -4 -9 21 -1 23 -2 -14 -17 -27 -22 -3 -30
right_child=4 3 5 8 -6 6 14 19 -10 10 -12 -13 24 -15 -16 25 17 -19 -20 -21 27 -23 -24 -25 -26 26 -28 -29 29 -31
leaf_value=-0.012326721296687031 0.0093823805758673339 0.0012078258445675915 -0.010930284618018257 -0.0054649895446500941 0.0032390740539815495 -0.0035080961751736183 -0.0050051824720941549 0.00087345551457060355 0.026434370561140407 -0.023132398101216398 -0.01554162890398608 -0.015787861299077312 0.012675194933507279 0.0080652013780014783 -0.027746683251324469 -0.0020095731565454127 -0.0047084289419935125 0.022193144354889126 0.01853060039101851 0.031330007904704658 0.0021604933799410607 -0.00043285850807800257 0.032956743797055744 0.032599613685844395 -0.019944674109287054 0.044337465850382521 0.0079518939438602849 0.032942311473998467 0.0077179566859848546 0.025874852963773343
leaf_weight=138.45675375312567 58.742334932088852 142.429856993258 32.215344592928886 20.979846604168415 36.467923641204834 405.25980247557163 51.348234198987484 24.331804417073727 80.565144568681717 34.501293443143368 88.629627577960491 580.85106455162168 88.615095794200897 25.894487507641315 55.527012668550014 17.12765858322382 228.21601009368896 17.136343657970428 23.24972165375948 27.12928631901741 312.02516288682818 217.19794927537441 180.50593199953437 35.346399657428265 9.7753234356641752 18.846371673047543 17.788238849490881 9.1962023042142373 120.87676796317101 40.349646110087633
leaf_count=1074 234 770 244 81 109 2373 325 134 348 197 423 3818 592 198 381 66 840 65 109 107 3399 1500 1051 151 85 74 76 103 627 236
internal_value=0 -0.00307295 -0.00628234 0.0065969 0.0253201 -0.00867889 -0.00416602 -0.00107492 0.0198655 -0.011541 -0.00446728 -0.0142689 0.00183051 -0.00992676 -0.0171132 0.00430332 0.00282996 -0.00266527 0.00163419 0.017501 -0.00114745 -0.00510619 0.028208 0.0186014 0.00910156 0.0187078 0.0279964 0.00324013 0.00725846 0.0125234
internal_weight=0 2828.52 2124.2 704.316 311.063 1447.33 563.596 456.721 101.545 883.732 247.416 636.316 158.786 60.3958 106.875 602.771 549.009 245.352 55.4651 51.4611 676.876 355.655 274.595 94.0887 98.3904 53.7623 36.6346 321.221 303.656 161.226
internal_count=19790 18245 15062 3183 1545 8986 3320 2614 429 5666 1495 4171 1072 395 706 2754 2538 905 353 241 6076 2574 1436 385 677 216 150 3502 1633 863
is_linear=0
shrinkage=0.04


Tree=44
num_leaves=31
num_cat=0
split_feature=22 7 3 7 0 2 26 2 18 3 36 25 36 7 4 27 2 4 36 25 36 6 4 26 36 16 5 2 30 2
split_gain=123.934 45.9423 24.046 13.5751 13.2513 12.4516 12.2237 11.151 10.3952 10.3638 9.93454 9.29885 9.49775 9.97906 9.09294 8.90158 9.26163 8.4322 8.31803 8.17146 8.12745 8.49679 7.75265 9.75995 7.65627 15.1457 7.81204 7.62661 7.49329 7.294
threshold=0.51148718595504772 0.25000000000000006 1.5000000000000002 0.42499999701976782 7.7898664474487314 702.50000000000011 1.0000000180025095e-35 609.50000000000011 1.5000000000000002 3.5000000000000004 0.38429674506187445 0.34999999403953558 0.99038767814636242 1.0000000180025095e-35 0.86734917759895336 4.7313621044158944 872.50000000000011 0.8772488832473756 1.2953657507896426 0.17500000447034839 1.6424235701560976 5.3254430294036874 0.79256999492645275 1.0000000180025095e-35 1.6424235701560976 122.85409164428712 0.10526275634765626 891.50000000000011 1.4978661537170412 683.50000000000011
decision_type=2 2 2 2 2 2 2 2 2 2 2 2 2 2 2 2 2 2 2 2 2 2 2 2 2 2 2 2 2 2
left_child=1 2 5 -2 6 24 8 18 10 11 -3 12 27 -14 -12 16 -16 -15 -5 -7 21 -13 23 -11 26 -26 -1 -4 -23 -6
right_child=3 4 9 7 29 19 -8 -9 -10 22 14 20 13 17 15 -17 -18 -19 -20 -21 -22 28 -24 -25 25 -27 -28 -29 -30 -31
leaf_value=-0.0053881505010772122 0.01195136003374378 0.019261142149073259 -0.0037055316280341167 0.027063254671418166 -0.013798768182777936 -0.017154817099477585 0.011877595515452097 0.035986207046025849 0.034898614876303545 0.0044819168705778172 0.0047829947883100341 -0.014820011529506461 -0.01410061383737209 -0.006989939052612533 -0.010967616726412364 0.0099820208302414202 0.012102841294174035 0.020462327358189317 -0.0036128600971790338 -0.00079124203472068797 0.037210646011913151 0.038459510249235315 -0.0037931583681454803 0.031185887431680732 -0.034967708997508708 0.011795207563926656 -0.018528740660131476 0.01537166773279534 -0.0065214182289572084 0.0024466958228227666
leaf_weight=108.968764686957 103.77124179527164 44.276291335001588 364.11270783469081 31.231181174516678 98.861416816711426 67.156336138024926 297.88229317963123 143.62351893261075 13.163250863552092 76.971205420792103 313.52684158086777 22.158724263310432 300.62780795246363 53.620403490960598 217.28948999941349 51.15480113774538 30.210066117346287 24.419209711253643 23.887561127543449 166.81625552847981 11.792341761291025 11.479420281946661 85.659539114683867 29.097831001505256 71.033954761922359 12.053367018699644 227.00839154049754 34.934957657009363 9.6792438663542253 77.815376460552216
leaf_count=976 421 312 3332 195 332 636 1483 814 67 511 1590 126 1806 294 1201 283 146 140 109 1089 49 66 566 179 331 63 2056 291 76 240
internal_value=0 -0.00285235 -0.0070641 0.0240067 0.00332445 -0.0130514 0.0051644 0.0301195 0.00215154 -0.00322986 0.00139089 -0.00515902 -0.00628988 -0.0108111 3.99e-05 -0.00493809 -0.00807717 0.00189675 0.0141077 -0.00559361 0.0104612 0.00185832 0.00511669 0.0122492 -0.0171689 -0.0280661 -0.0143239 -0.00196707 0.0190964 -0.00669633
internal_weight=0 2821.77 1677.59 302.514 1144.18 653.037 967.503 198.742 669.621 1024.55 656.457 832.825 777.715 378.667 612.181 298.654 247.5 78.0396 55.1187 233.973 55.1097 43.3174 191.729 106.069 419.064 83.0873 335.977 399.048 21.1587 176.677
internal_count=19780 18241 12587 1539 5654 5151 5082 1118 3599 7436 3532 6180 5863 2240 3220 1630 1347 434 304 1725 317 268 1256 690 3426 394 3032 3623 142 572
is_linear=0
shrinkage=0.04


Tree=45
num_leaves=31
num_cat=0
split_feature=22 7 23 3 7 12 20 25 3 3 26 25 2 23 1 2 4 5 27 22 27 25 1 2 16 28 8 2 4 5
split_gain=116.384 44.3611 24.0823 19.6999 10.1782 8.84031 11.0331 8.6989 9.85629 8.39786 9.01416 8.22432 8.05501 7.74597 8.39589 10.315 7.28698 7.25063 7.00024 6.79622 10.7423 6.72243 8.32864 6.17598 7.51635 6.12147 5.83132 10.0721 6.37353 6.30883
threshold=0.46619999408721929 0.57499998807907116 1.0000000180025095e-35 1.5000000000000002 0.42499999701976782 1.0000000180025095e-35 0.25690476596355444 0.17500000447034839 2.5000000000000004 3.5000000000000004 1.0000000180025095e-35 0.31000000238418585 603.50000000000011 1.0000000180025095e-35 2.5000000000000004 924.50000000000011 0.92549723386764537 0.12989351153373721 3.5219379663467412 0.83292856812477123 3.8490825891494755 0.27500000596046453 2.5000000000000004 444.50000000000006 50.101573944091804 -0.6035533845424651 9.5000000000000018 657.50000000000011 0.91050902009010326 0.1369237154722214
decision_type=2 2 2 2 2 2 2 2 2 2 2 2 2 2 2 2 2 2 2 2 2 2 2 2 2 2 2 2 2 2
left_child=1 2 3 5 -2 6 11 8 -3 10 25 26 19 14 16 -16 18 -8 -9 20 -6 22 -12 24 -20 -5 29 -28 -29 -1
right_child=4 7 -4 9 12 -7 17 13 -10 -11 21 -13 -14 -15 15 -17 -18 -19 23 -21 -22 -23 -24 -25 -26 -27 27 28 -30 -31
leaf_value=-0.01507130110797021 0.013178938833596988 -0.0085697963619689038 0.0081873116341647009 -0.011322675948762375 0.038281977115932654 0.00081594478226390543 0.013535003750351549 -0.010383306307485483 0.011060541378372176 0.0039570240349290874 -0.0076561182294462458 -0.0035331047044590632 0.033833824431355304 0.023707295194596016 0.033336970672134245 0.0017954256858845395 -0.013244901825854923 -0.016221378483558008 -0.022238067356631003 -0.0060630724834365877 -0.0054249816188142105 0.0088152212548516379 0.018603217427677537 0.01056356937489778 0.013139164012359403 -0.0035685056990445419 -0.018316542822619627 -0.0016261603917835329 0.034283860052089832 -0.026295431498733427
leaf_weight=387.64026934280992 106.61857775598764 106.82059814780951 193.70445039495826 314.50165875814855 24.921368278563023 85.78906849399209 38.972241293638945 32.79024812579155 63.609514985233545 214.80678148940206 134.22659717872739 100.23735970258713 144.76849130913615 51.450492642819881 38.463993236422539 28.52086303383112 29.920601017773151 17.34181010350585 19.822063632309437 16.434108324348927 12.83988571166992 111.37871051579714 20.581438610330224 281.37881191447377 15.400798145681618 341.24759485758841 39.75004699267447 22.193421702831984 10.14221592620015 106.7441637031734
leaf_count=3198 435 623 932 2348 145 601 270 134 341 1365 1075 586 833 200 155 107 114 111 90 92 60 600 142 1191 81 2555 350 180 82 865
internal_value=0 -0.00239312 -0.00520262 -0.0065428 0.0235239 -0.0113077 -0.0127445 0.00659054 -0.00119987 -0.00313858 -0.00479681 -0.0141779 0.0288812 0.00925213 0.00748736 0.0203486 0.00512131 0.00412951 0.00676056 0.0149181 0.023895 0.00140417 -0.00397224 0.00859017 -0.00689492 -0.00731058 -0.0160424 -0.00523417 0.0109781 -0.0175909
internal_weight=0 2807.44 2139.26 1945.55 305.582 808.811 723.022 668.178 170.43 1136.74 921.936 666.707 198.964 497.748 446.297 66.9849 379.313 56.3141 349.392 54.1954 37.7613 266.187 154.808 316.602 35.2229 655.749 566.47 72.0857 32.3356 494.384
internal_count=19861 18296 15260 14328 1565 6243 5642 3036 964 8085 6720 5261 1130 2072 1872 262 1610 381 1496 297 205 1817 1217 1362 171 4903 4675 612 262 4063
is_linear=0
shrinkage=0.04


Tree=46
num_leaves=31
num_cat=0
split_feature=31 7 32 3 6 25 0 3 0 25 6 29 27 7 15 22 27 0 6 25 3 25 34 4 30 7 36 4 36 4
split_gain=120.115 36.9615 30.5782 20.0863 12.4602 12.2409 10.2699 10.2399 9.23081 9.08572 8.90432 10.084 9.2583 12.2701 8.54431 8.21427 7.99014 8.50553 7.83572 10.0492 7.76264 7.38981 7.3085 7.09674 11.0622 8.20536 7.07915 6.93952 7.8358 6.69087
threshold=0.47407408058643347 0.25000000000000006 3.5000000000000004 1.5000000000000002 6.1580371856689462 0.27500000596046453 7.2970852851867685 3.5000000000000004 8.2521843910217303 0.31000000238418585 5.8847131729125985 -0.6035533845424651 4.5586025714874276 1.0000000180025095e-35 0.12099999934434892 0.11087121069431306 3.8144096136093144 7.4650785923004159 6.1081352233886728 0.23499999940395358 2.5000000000000004 0.27500000596046453 5.5000000000000009 0.73023629188537609 3.2384861707687382 0.57499998807907116 1.3044782876968386 0.91050902009010326 1.7556618452072146 0.68592867255210888
decision_type=2 2 2 2 2 2 2 2 2 2 2 2 2 2 2 2 2 2 2 2 2 2 2 2 2 2 2 2 2 2
left_child=1 3 4 9 16 7 14 -3 23 27 11 21 13 26 -5 -7 17 -2 -12 -20 -6 -8 -17 -4 -25 -26 -13 -1 -29 -18
right_child=2 5 8 6 20 15 10 -9 -10 -11 18 12 -14 -15 -16 22 29 -19 19 -21 -22 -23 -24 24 25 -27 -28 28 -30 -31
leaf_value=-0.018386593116541446 0.01105503815215665 -0.0029881276189204576 0.03296229621945318 -0.018036430479240587 -0.020357406373573351 -0.011719994410813186 -0.0044975570132728161 0.01345274524960112 0.0055722626153396574 -0.0013315857975856561 -0.036398352099417865 -0.036769938080100831 -0.028641633503334943 0.018564947846227028 0.00040671403144776472 0.0071651024156154739 0.03196697498414898 0.043257831859392935 -0.030083703920188568 0.017690531198100653 0.014249734526685171 0.019099293928466467 0.02278215993081217 0.032602677372961394 0.0022882799212634755 0.026680442218380378 -0.007738571596270314 -0.0037308182887797964 -0.027090193868704395 0.0034510509042860573
leaf_weight=358.1552059110254 40.203726626932621 530.52561403624713 141.25279054418206 41.230995513498783 37.844403062015772 28.872206460684538 55.535190343856812 66.409731391817331 40.301273509860039 87.085218213498592 32.080073021352291 14.729976281523703 40.079106785356998 22.9522964656353 570.45910100825131 277.60097990185022 12.347867988049982 19.103428274393082 11.833338238298895 12.480853654444216 12.41703864187002 31.822303935885429 57.048155926167965 64.652028813958168 62.732240773737431 32.398817382752895 77.911197170615196 126.57388927973807 26.324087359011173 170.21211273595691
leaf_count=3130 238 2994 823 443 225 135 338 340 124 524 183 101 220 123 4656 1108 64 73 66 63 74 151 253 299 270 195 404 1110 123 988
internal_value=0 -0.00372514 0.0157732 -0.00762501 0.00621066 0.00240617 -0.0038721 -0.00112025 0.0238733 -0.0133097 -0.00991547 -0.00648215 -0.0125294 -0.00655071 -0.000891176 0.00817132 0.00997438 0.0225007 -0.0239825 -0.00607976 -0.0115896 0.00433332 0.0099469 0.0262704 0.0200202 0.0109738 -0.0130341 -0.0153376 -0.0080504 0.0057053
internal_weight=0 2469.71 633.466 1509.25 292.129 960.457 911.114 596.935 341.337 598.138 299.424 243.03 155.673 115.593 611.69 363.521 241.867 59.3072 56.3943 24.3142 50.2614 87.3575 334.649 301.036 159.783 95.1311 92.6412 511.053 152.898 182.56
internal_count=19838 16465 3373 11635 1662 4830 6748 3334 1711 4887 1649 1337 848 628 5099 1496 1363 311 312 129 299 489 1361 1587 764 465 505 4363 1233 1052
is_linear=0
shrinkage=0.04


Tree=47
num_leaves=31
num_cat=0
split_feature=18 7 23 0 1 7 14 25 2 1 36 31 0 2 21 4 3 15 7 36 0 25 25 23 25 36 28 16 36 6
split_gain=97.6392 39.3618 24.3342 15.9825 13.1085 12.1332 11.9806 9.88271 9.68953 9.66444 9.45212 8.59333 8.39073 8.24929 9.49159 7.95127 7.78575 7.60657 9.11498 12.6928 10.0376 8.80917 7.44499 7.40109 7.12619 6.90509 6.87567 6.78436 6.73078 6.28573
threshold=1.5000000000000002 0.57499998807907116 1.0000000180025095e-35 7.9323606491088876 1.5000000000000002 0.42499999701976782 1.0000000180025095e-35 0.27500000596046453 581.50000000000011 2.5000000000000004 1.0592091083526614 0.15587044507265094 7.255584955215455 450.50000000000006 1.0000000180025095e-35 0.88026925921440136 1.5000000000000002 0.14145454764366153 1.0000000180025095e-35 1.3535265922546389 7.1747169494628915 0.2100000008940697 0.31000000238418585 1.0000000180025095e-35 0.17500000447034839 1.6937969923019411 1.0000000180025095e-35 15.971277713775637 1.6093621850013735 4.3630783557891855
decision_type=2 2 2 2 2 2 2 2 2 2 2 2 2 2 2 2 2 2 2 2 2 2 2 2 2 2 2 2 2 2
left_child=1 2 3 4 16 10 25 -5 -9 11 -2 12 13 -3 -15 -4 -1 -6 20 -20 21 -19 -13 27 28 -7 -17 -12 -22 -14
right_child=5 9 15 7 17 6 -8 8 -10 -11 23 22 29 14 -16 26 -18 18 19 -21 24 -23 -24 -25 -26 -27 -28 -29 -30 -31
leaf_value=-0.013251078815814788 0.026617066035691486 -0.013026998926035071 0.015674148236238476 -0.023615049192551047 -0.010207282650477911 0.021779009695180603 0.033911344752261659 -0.024164072781655901 0.0089510296187156699 0.017212159516762308 0.010560793905361823 0.0076300605842566753 -0.0188103009393406 0.015489886652671734 -0.0019075116220365618 -0.0080119419455656222 -0.0056058238846302989 0.012864137837961155 0.0012979618389913723 0.022170180944412157 -0.029881647027095642 -0.0036928483330546332 0.030268302114828574 0.024216335384577826 -0.0051077265326737757 -0.0094521988918995145 0.016200120158283055 -0.015515064146492601 0.0020151964838139177 -0.0014395901692054425
leaf_weight=344.2668900936842 40.554238855838776 30.634712792932987 106.00286527723074 128.55904224514961 132.42649876140058 25.902190439403057 136.77859304472804 20.53114952147007 36.102231457829475 101.19492530077696 27.409914836287498 143.16010168939829 41.753716334700584 125.30401707440615 82.158512987196445 59.822923619300127 569.32722539640963 76.801627179607749 215.36093747988343 57.595254272222519 41.846772223711014 146.20049272477627 26.396665796637535 18.029957935214043 125.01059053093195 17.553934961557388 24.948135547339916 33.111257553100586 13.634589731693266 141.54902163147926
leaf_count=3033 195 181 516 587 1241 159 850 78 128 424 94 688 139 587 481 279 4329 879 1426 254 370 1063 110 68 729 74 123 113 82 523
internal_value=0 -0.00235391 -0.00508151 -0.00644485 -0.00523114 0.0216121 0.0281451 -0.0175571 -0.00346885 0.00590634 0.0114244 0.00391881 0.000842198 0.00577374 0.00864781 0.00847674 -0.00850941 -0.0015166 0.000209823 0.00583134 -0.00360303 0.00207302 0.0114662 0.00311468 -0.0105618 0.00930247 -0.000677169 -0.00374531 -0.0222456 -0.0055567
internal_weight=0 2790.59 2098.44 1907.66 1722.47 299.34 180.235 185.192 56.6334 692.152 119.105 590.957 421.4 238.097 207.463 190.774 913.594 808.877 676.45 272.956 403.494 223.002 169.557 78.5511 180.492 43.4561 84.7711 60.5212 55.4814 183.303
internal_count=19803 18250 15117 14199 13406 1553 1083 793 206 3133 470 2709 1911 1249 1068 918 7362 6044 4803 1680 3123 1942 798 275 1181 233 402 207 452 662
is_linear=0
shrinkage=0.04


Tree=48
num_leaves=31
num_cat=0
split_feature=18 7 3 1 15 0 4 23 1 16 34 22 0 27 5 27 28 23 0 36 27 12 27 36 6 22 27 34 36 27
split_gain=93.7246 32.9382 20.915 15.1288 14.0133 18.2207 12.2508 10.5331 9.11947 9.51312 13.2556 8.83506 8.16621 7.97672 12.5184 9.80972 7.5517 7.26921 7.14207 7.00927 6.16793 5.90144 5.82797 7.97206 6.19694 5.80949 5.80368 7.3134 8.89103 7.011
threshold=1.5000000000000002 0.57499998807907116 3.5000000000000004 3.5000000000000004 0.33224999904632574 8.1986389160156268 0.67251640558242809 1.0000000180025095e-35 1.5000000000000002 30.998252868652347 7.5000000000000009 0.41083332896232611 6.4068458080291757 3.9806153774261479 0.12344430014491083 3.9170099496841435 0.37940952181816107 1.0000000180025095e-35 7.9501483440399179 2.0548903942108159 3.1376634836196904 1.0000000180025095e-35 3.7316987514495854 0.9371645748615266 4.6491756439208993 0.13181395083665851 4.0766892433166513 3.5000000000000004 0.62258902192115795 4.6844432353973398
decision_type=2 2 2 2 2 2 2 2 2 2 2 2 2 2 2 2 2 2 2 2 2 2 2 2 2 2 2 2 2 2
left_child=1 2 3 6 5 16 -1 11 13 10 22 12 -3 14 -8 21 20 -15 26 -4 -2 -16 23 -10 -25 -14 -11 29 -29 -28
right_child=4 7 19 -5 -6 -7 8 -9 9 18 -12 -13 25 17 15 -17 -18 -19 -20 -21 -22 -23 -24 24 -26 -27 27 28 -30 -31
leaf_value=0.0084012497187178747 -0.0037596616255907789 0.015320541756199011 0.0090094605938758933 0.014315308022929232 0.029135066151288389 -0.022828937632382539 -0.016858866256010751 0.020331450059043618 -0.0073564397256198526 -0.015125094355073414 0.02378202942574259 0.016112147624381862 -0.017380995336156412 -0.013875342697116834 -0.0041158377647622533 0.024807892227590722 0.039235377009134667 0.00091685209495685966 -0.026855860000481676 -0.012996323035119129 0.018914591039988025 0.025500358477905403 -0.004484409037348174 0.038173116480582116 0.0058516253984384125 0.0012060891824735586 -0.00079923750088170943 0.011173554408384754 -0.013837326820064656 0.029341112124526458
leaf_weight=79.759690508246422 26.552614986896515 62.022923536598682 206.38662901520729 54.33900211006403 165.97682045772672 19.388153374195099 84.451773868873715 65.895638544112444 29.327525030821562 100.58219987712801 30.899166528135538 78.292647492140532 26.573783077299595 596.06106049008667 149.77647230960429 23.184376914054155 19.478069163858891 58.077061135321856 32.793892577290535 24.280598640441895 62.182348042726517 9.5978136546909791 375.45992465503514 14.938650935888289 23.607791356742382 458.74865530431271 38.173405058681965 27.580967910587788 100.6135427467525 16.18091481551528
leaf_count=556 139 381 1334 339 900 51 671 262 221 877 142 350 125 4762 1113 181 109 305 138 100 330 71 2431 77 122 2003 335 337 781 135
internal_value=0 -0.0021952 -0.00471296 -0.00613281 0.0215005 0.0112736 -0.00676845 0.00535523 -0.00748446 -0.00431518 -0.000722937 0.00371809 0.00189303 -0.0101878 -0.00431822 0.00160292 0.017687 -0.0125632 -0.00966901 0.00660127 0.0121963 -0.00203836 -0.00253 0.00810014 0.0196429 0.000121199 -0.00750391 -0.00318632 -0.00836727 0.00889622
internal_weight=0 2767.61 2076.07 1845.41 293.578 127.601 1791.07 691.534 1711.31 790.158 474.233 625.638 547.345 921.149 267.01 182.559 108.213 654.138 315.925 230.667 88.735 159.374 443.334 67.874 38.5464 485.322 283.131 182.549 128.195 54.3543
internal_count=19678 18149 15028 13594 1529 629 13255 3121 12699 5596 2993 2859 2509 7103 2036 1365 578 5067 2603 1434 469 1184 2851 420 199 2128 2465 1588 1118 470
is_linear=0
shrinkage=0.04


Tree=49
num_leaves=31
num_cat=0
split_feature=18 9 3 1 9 0 15 34 36 26 3 29 20 29 31 22 13 16 4 29 15 0 26 16 4 29 8 29 4 36
split_gain=102.622 33.7995 14.6073 11.7173 10.4496 9.02788 9.00159 13.0819 13.8391 8.89998 8.43167 7.81582 7.36385 15.6996 7.29576 6.89434 9.77118 7.78532 6.92013 6.59179 9.18011 6.24606 9.04124 6.15296 7.50245 7.45664 5.74573 7.72993 5.67679 5.26762
threshold=1.5000000000000002 1.0000000180025095e-35 1.5000000000000002 2.5000000000000004 1.0000000180025095e-35 6.8936436176300058 0.19597221910953525 1.0000000180025095e-35 1.7556618452072146 1.0000000180025095e-35 3.5000000000000004 0.60355338454246532 0.69055554270744335 -0.12940952181816107 0.32666666805744177 0.16398936510086062 1.0000000180025095e-35 75.017169952392592 0.66450887918472301 -0.91597560048103321 0.34925000369548803 7.5988972187042245 1.0000000180025095e-35 12.892439842224123 0.74779063463211071 -0.91597560048103321 7.5000000000000009 -0.37940952181816096 0.784165918827057 0.9602545201778413
decision_type=2 2 2 2 2 2 2 2 2 2 2 2 2 2 2 2 2 2 2 2 2 2 2 2 2 2 2 2 2 2
left_child=1 5 -3 10 19 23 -7 9 11 -8 15 -9 13 28 26 -4 18 -18 -17 20 -2 -21 -23 24 -1 -25 27 -5 -6 -20
right_child=4 2 3 14 12 6 7 8 -10 -11 -12 -13 -14 -15 -16 16 17 -19 29 21 -22 22 -24 25 -26 -27 -28 -29 -30 -31
leaf_value=-0.018901400103140783 -0.017290435111890642 -0.010253320962751375 -0.016057936624350642 0.01097718516734379 0.0037192692068893475 -0.0058966020010342299 -0.0088284177295591074 0.00099745557398523647 0.028124344380527494 0.0078132141278367678 0.0035710314525368371 0.022005620488335924 0.024884145867391624 -0.015331966835200755 0.028043178638168392 0.0093849695181967823 0.013247610225546975 -0.013749726895913739 -0.0039968405201835974 0.038524282455730134 0.027491083914080366 0.028784083972521867 -0.0060464022933694106 -0.0064769183913856478 0.0063719502871661827 0.017973804983423419 0.011112415612464319 -0.020249876931335727 0.037560401433694567 -0.012389778788007094
leaf_weight=19.135202042758465 10.882766716182234 711.09832369722426 99.373158888891339 20.890215195715427 14.530259035527708 225.11894947290421 146.20816061645746 147.84231420606375 52.443719401955605 76.892173513770103 167.17806688696146 33.115472488105297 42.107549995183945 32.921434223651886 22.098823022097349 37.136705286800861 72.021274650469422 20.451341446489096 244.06267100945115 90.275655943900347 15.389442414045332 50.125398710370064 14.663845032453535 22.376780524849892 171.02437433227897 132.73509702086449 67.717876518145204 26.893750812858343 16.848043739795685 238.16213976964355
leaf_count=92 61 5736 936 144 65 1072 562 654 172 278 1081 145 175 117 117 253 610 168 2093 622 100 260 73 169 896 888 473 184 67 1419
internal_value=0 -0.00244904 -0.00586347 -0.00277687 0.0225763 0.00329379 0.000617478 0.00384153 0.0104222 -0.00307437 -0.00447932 0.0050405 0.0122832 0.00352952 0.00799937 -0.00637637 -0.0047567 0.00711217 -0.00688914 0.0284164 0.00903028 0.0315442 0.0209559 0.00854327 0.00365851 0.0144089 0.00375236 -0.00670547 0.0230515 -0.00817601
internal_weight=0 2753.98 1727.08 1015.99 287.744 1026.89 681.621 456.502 233.402 223.1 878.385 180.958 106.407 64.2997 137.601 711.207 611.834 92.4726 519.362 181.337 26.2722 155.065 64.7892 345.271 190.16 155.112 115.502 47.784 31.3783 482.225
internal_count=19682 18142 13214 7478 1540 4928 2883 1811 971 840 6560 799 424 249 918 5479 4543 778 3765 1116 161 955 333 2045 988 1057 801 328 132 3512
is_linear=0
shrinkage=0.04


Tree=50
num_leaves=31
num_cat=0
split_feature=18 7 3 7 2 34 27 2 22 23 2 0 14 0 5 27 0 4 3 29 5 12 4 27 17 0 0 34 0 34
split_gain=88.1468 40.2408 16.7855 13.3999 12.6733 13.6249 11.82 10.5061 12.2768 9.62948 9.18867 9.38834 8.19672 8.07084 7.29906 6.88512 6.80798 9.15066 6.51695 6.48823 10.1321 7.79109 8.73182 6.94293 6.52591 6.31678 12.2995 5.87099 7.08209 5.62975
threshold=1.5000000000000002 0.57499998807907116 2.5000000000000004 0.25000000000000006 679.50000000000011 7.5000000000000009 3.1376634836196904 603.50000000000011 0.82922226190567028 1.0000000180025095e-35 857.50000000000011 7.255584955215455 1.4978661537170412 8.0696539878845233 0.14058018475770953 3.6309846639633183 6.8522284030914316 0.79256999492645275 1.5000000000000002 -0.6035533845424651 0.092970013618469252 1.0000000180025095e-35 0.88063490390777599 3.4766128063201909 1.0000000180025095e-35 7.5579915046691903 7.0950558185577401 5.5000000000000009 8.0696539878845233 3.5000000000000004
decision_type=2 2 2 2 2 2 2 2 2 2 2 2 2 2 2 2 2 2 2 2 2 2 2 2 2 2 2 2 2 2
left_child=1 2 4 9 12 -6 -3 8 -5 -2 11 -8 13 19 -7 -4 -17 25 -15 20 29 23 -23 24 -21 26 -18 28 -13 -1
right_child=3 6 15 7 5 14 10 -9 -10 -11 -12 27 -14 18 -16 16 17 -19 -20 21 -22 22 -24 -25 -26 -27 -28 -29 -30 -31
leaf_value=0.004410860117172349 0.0032536887930880538 0.036675383941565734 0.01398316092252589 0.026437272570255119 -0.0041905189188391982 0.0020042499794472031 0.0078644839897516541 0.033734176218763609 -0.014778515130483236 0.030845787160014963 0.017715640220297878 -0.002617449091556534 -0.029115745979631857 -0.029038587866992087 0.032295391911026212 0.0046538842298911266 -0.010168817366548698 -0.011644548897351012 -0.0013646330142747301 0.021868240628861359 -0.0054981696011714033 0.022712115893064586 -0.015494383046834564 -0.013190219435394508 -0.013649798922860269 -0.013773485744112171 0.021931014731974376 0.0085348597880963422 -0.025009017649593991 0.042050267914215365
leaf_weight=16.177151182666424 84.192570134997368 17.997470147907734 59.556579157710075 27.92427084222436 572.79188895784318 25.625703122466803 347.38116515055299 131.45352182909846 17.195594348013401 24.888498961925507 83.084581680595875 164.77072508633137 32.323630347847939 51.517908982932568 23.854885291308165 228.00309033319354 29.650316037237644 136.59930865466595 18.534295722842216 16.690442092716694 283.93717782385647 21.054534066468477 14.557036254554985 454.53763072751462 13.053401643410327 22.227008789777756 47.28793603181839 58.972905889153481 24.316517844796181 9.0860905162990075
leaf_count=132 329 74 341 173 4140 144 1841 835 101 106 351 633 313 222 114 1731 181 744 68 107 2347 151 104 3744 121 91 241 215 58 79
internal_value=0 -0.00198886 -0.00477831 0.0212728 -0.006863 -0.00243213 0.0063193 0.0280522 0.010769 0.00999127 0.0054087 0.0036379 -0.00981152 -0.00905446 0.0172951 0.00141367 -0.000253605 -0.00499876 -0.0219578 -0.00791401 -0.00329621 -0.0106372 0.0071009 -0.0119655 0.00640285 0.00420498 0.00961623 -0.00229652 -0.00572861 0.0200398
internal_weight=0 2773.59 2077.07 285.654 1553.74 622.272 696.523 176.573 45.1199 109.081 678.526 595.441 931.469 899.146 49.4806 523.324 463.768 235.765 70.0522 829.093 309.2 519.893 35.6116 484.281 29.7438 99.1653 76.9383 248.06 189.087 25.2632
internal_count=19831 18287 15115 1544 11786 4398 3172 1109 274 435 3098 2747 7388 7075 258 3329 2988 1257 290 6785 2558 4227 255 3972 228 513 422 906 691 211
is_linear=0
shrinkage=0.04


Tree=51
num_leaves=31
num_cat=0
split_feature=31 7 7 23 5 23 3 25 0 25 0 1 16 22 6 36 36 36 29 25 0 25 36 29 6 6 6 36 28 1
split_gain=77.9351 32.261 14.3708 13.5168 13.1662 12.6931 11.7263 11.7304 9.49358 15.8134 9.07828 8.75858 9.39573 15.8329 8.41202 8.18331 7.69102 10.6485 7.60945 7.09257 6.80739 6.67261 6.39856 6.27392 6.32754 6.25205 10.517 8.57287 7.78316 7.67626
threshold=0.56066176295280468 1.0000000180025095e-35 0.42499999701976782 1.0000000180025095e-35 0.2375874072313309 1.0000000180025095e-35 1.5000000000000002 0.27500000596046453 7.2484977245330819 0.27500000596046453 7.6898260116577157 1.5000000000000002 28.401596069335941 0.21589706093072894 6.4960203170776376 2.1825598478317265 0.70309320092201244 0.62642619013786327 -0.91597560048103321 0.17500000447034839 7.3038375377655038 0.31000000238418585 1.0011770725250246 -0.6035533845424651 5.9801499843597421 5.6612212657928476 3.7494349479675297 1.8443947434425356 -0.37940952181816096 1.5000000000000002
decision_type=2 2 2 2 2 2 2 2 2 2 2 2 2 2 2 2 2 2 2 2 2 2 2 2 2 2 2 2 2 2
left_child=1 8 5 6 -4 19 14 15 11 -10 -5 -1 13 -13 25 -8 17 -15 -6 -2 -16 -18 -9 24 -11 26 -3 28 -27 -28
right_child=2 3 4 10 18 -7 7 22 9 23 -12 12 -14 16 20 -17 21 -19 -20 -21 -22 -23 -24 -25 -26 27 29 -29 -30 -31
leaf_value=-0.0082716996658778168 -0.014980470452991806 -0.019241869620536013 0.011060954611652747 0.019854189143522664 0.0063990521966846474 0.028066620611083108 0.0016146849542295315 0.0048767784239626558 -0.01614195190533035 0.015234681303810196 -0.0058251115180614887 0.041560386969623303 -0.0077185233091772564 0.0020136708954722445 0.036955526833665563 -0.017306122066296871 0.0054567713377370753 -0.029955079567912761 0.032507874152569588 0.0060349938798838713 -0.0038469542445913681 0.033480628038979929 0.017594558006284976 -0.0072554125959738789 -0.010584044223924954 -0.01305481851146093 -0.0042660363694820725 -0.027749963610680699 0.0023335282677353791 0.011345311431564989
leaf_weight=356.20380735397339 29.561572678387165 38.34345355629921 123.26068062707782 97.687601335346699 21.944356024265289 35.12604258954525 410.98147435858846 143.38327619060874 349.7218351662159 49.106209345161915 27.280889868736267 16.481388116255403 123.03447178378701 69.226769138127565 12.092623490840198 38.127505093812943 73.187253378331661 19.868186634033918 130.34932478144765 136.84217012301087 11.572238743305205 15.035580664873121 114.51621638983488 120.67111503332853 19.959752902388573 122.33548158966005 104.81568861380219 34.194754049181938 90.222416011616588 93.69643672555685
leaf_count=3412 202 209 609 449 134 161 2611 728 2433 244 78 166 1354 583 94 130 505 145 831 649 58 73 442 613 112 830 648 120 613 516
internal_value=0 -0.00245218 0.0151293 0.00182669 0.021045 0.00691352 0.000527338 0.00385247 -0.00717357 -0.0111206 0.0142449 -0.00398635 0.000853165 0.0063182 -0.00410398 -6.12192e-05 0.0026155 -0.00561651 0.0288775 0.00216803 0.018258 0.0108691 0.0106158 -0.00179342 0.00768531 -0.00526893 -0.000612325 -0.00969789 -0.00656221 0.00314209
internal_weight=0 2551.75 477.084 1339.25 275.554 201.53 1214.28 707.008 1212.5 539.459 124.968 673.037 316.834 193.799 507.273 449.109 177.318 89.095 152.294 166.404 23.6649 88.2228 257.899 189.737 69.066 483.608 236.856 246.753 212.558 198.512
internal_count=19752 17166 2586 7526 1574 1012 6999 3911 9640 3402 527 6238 2826 1472 3088 2741 1306 728 965 851 152 578 1170 969 356 2936 1373 1563 1443 1164
is_linear=0
shrinkage=0.04


Tree=52
num_leaves=31
num_cat=0
split_feature=22 7 3 3 25 2 34 22 0 25 6 15 1 0 27 23 7 34 29 21 23 4 27 0 27 5 6 6 7 23
split_gain=82.4218 34.7872 18.4609 12.9229 10.2569 9.1973 14.8178 9.09853 8.62857 8.15008 10.2059 9.79715 9.7804 11.9157 11.2597 8.13303 7.91918 7.64475 7.56897 7.52858 7.47742 7.88072 7.46303 7.30492 7.18033 7.16186 6.84992 7.23898 6.94392 6.49235
threshold=0.51148718595504772 1.0000000180025095e-35 2.5000000000000004 2.5000000000000004 0.23499999940395358 625.50000000000011 15.500000000000002 0.85905888676643383 7.0613250732421884 0.17500000447034839 4.1510088443756112 0.21374999731779101 1.5000000000000002 7.9323606491088876 3.5070565938949589 1.0000000180025095e-35 0.42499999701976782 7.5000000000000009 0.78656607866287243 18.500000000000004 1.0000000180025095e-35 0.80075055360794078 3.3050518035888676 7.3562746047973642 3.6309846639633183 0.08996195346117021 3.2769666910171513 4.5271940231323251 0.82500001788139354 1.0000000180025095e-35
decision_type=2 2 2 2 2 2 2 2 2 2 2 2 2 2 2 2 2 2 2 2 2 2 2 2 2 2 2 2 2 2
left_child=1 3 9 4 8 6 -2 19 -1 10 -3 -12 13 15 -14 25 20 -6 24 -8 21 23 -4 -7 -5 -11 -16 -28 -29 -24
right_child=5 2 22 18 17 16 7 -9 -10 12 11 -13 14 -15 26 -17 -18 -19 -20 -21 -22 -23 29 -25 -26 -27 27 28 -30 -31
leaf_value=-0.0061251449482791678 -0.01892400678974443 -0.026153786094364678 0.031707783116428717 0.013702229592844757 -0.0059688272385220453 0.016681059528073462 0.037087435208527343 -0.0096358863472827596 -0.017371514906807679 0.020851696535479827 -0.011974184364433605 0.003963631496632627 0.024990035883697814 -0.02167806537890565 0.026313056150923098 0.015878597979083604 0.032046928058612825 0.024694597758167972 0.015747382567702896 0.0054198253875104054 0.036922990795258785 0.027821881226624368 0.0062275016099558678 -0.017696611688160717 -0.0048652129257134424 -0.0041578968342130393 -0.011980422239355651 0.0028464568214551017 0.029109011143633262 0.025052779419152241
leaf_weight=169.83111762441695 20.401447165757418 35.336817488074303 20.522107124328613 36.011172339320183 425.82690153457224 14.756209798157213 33.182523131370544 13.355395779013632 319.88781219348311 17.495865013450384 115.91189702413976 127.93058320507407 41.493983864784241 46.421478532254696 17.655359923839569 40.623817048966885 117.3369053825736 11.474481269717215 38.660835858434439 19.420992366969585 15.808542490005491 16.735587880015373 351.25462911836803 22.27581849694252 270.86729594506323 308.3057464659214 48.511078611016273 265.398372836411 15.205954521894453 30.375509701669216
leaf_count=2169 100 245 94 220 2943 72 190 80 2555 103 933 889 178 153 82 170 767 42 254 105 76 68 1808 78 1861 1797 212 1328 59 142
internal_value=0 -0.00223989 0.00192402 -0.00708595 -0.00954236 0.0207144 0.00960883 0.0187314 -0.0135121 -0.000802949 -0.00666266 -0.00364828 0.00125061 -0.00302901 0.00579338 -0.000561555 0.0256896 -0.00505548 -0.000478846 0.0260226 0.0143723 0.00665567 0.00921711 -0.00384526 -0.00261177 -0.00269583 0.00336621 0.00198373 0.00446556 0.00784868
internal_weight=0 2755 1482.44 1272.56 927.02 273.273 86.3604 65.9589 489.719 1080.29 279.179 243.842 801.112 412.847 388.265 366.425 186.913 437.301 345.539 52.6035 69.5762 53.7676 402.152 37.032 306.878 325.802 346.771 329.115 280.604 381.63
internal_count=19773 18237 8193 10044 7709 1536 475 375 4724 6149 2067 1822 4082 2223 1859 2070 1061 2985 2335 295 294 218 2044 150 2081 1900 1681 1599 1387 1950
is_linear=0
shrinkage=0.04


Tree=53
num_leaves=31
num_cat=0
split_feature=18 23 3 7 27 0 27 29 2 7 14 23 20 6 2 34 0 27 27 16 36 36 0 6 2 5 6 36 6 2
split_gain=84.0922 25.6923 19.9462 18.0179 9.08598 8.73206 10.339 9.13893 8.51215 8.21379 8.39918 8.08899 8.01431 9.2037 7.99348 7.92482 9.45924 8.24949 7.65115 7.61436 6.8118 8.16231 14.5069 8.10965 9.21001 10.3148 7.54748 9.26012 8.10279 8.6853
threshold=1.5000000000000002 1.0000000180025095e-35 2.5000000000000004 1.0000000180025095e-35 3.1376634836196904 6.0306131839752206 3.6309846639633183 0.91597560048103344 950.50000000000011 0.25000000000000006 1.0000000180025095e-35 1.0000000180025095e-35 0.41083332896232611 6.4960203170776376 735.50000000000011 5.5000000000000009 7.7815537452697763 4.1165947914123544 4.5895485877990732 42.262519836425788 0.39793460071086889 0.80839002132415783 7.0440235137939462 5.6818761825561532 718.50000000000011 0.12772481888532641 3.7954261302948002 0.97860512137413036 4.6959142684936532 653.50000000000011
decision_type=2 2 2 2 2 2 2 2 2 2 2 2 2 2 2 2 2 2 2 2 2 2 2 2 2 2 2 2 2 2
left_child=1 2 3 14 -5 19 -7 -8 15 11 -11 -2 13 20 -1 16 -3 -17 -16 -4 -6 -22 -23 24 26 -26 -24 -28 -29 -30
right_child=9 8 5 4 12 6 7 -9 -10 10 -12 -13 -14 -15 18 17 -18 -19 -20 -21 21 22 23 -25 25 -27 27 28 29 -31
leaf_value=-0.012330154362388126 0.0055942430198601461 0.0085622448272756752 0.0050247321719377623 0.025815876061821608 0.0098874637537600431 0.014858987438176336 -0.001899992343184711 0.020175652897757936 0.037123352438381739 0.0098510311293455114 0.031276645840812398 0.031704158896958337 0.011173278698165067 0.02004967562418106 -0.0076178128068299543 0.041966852806577054 -0.014131250868369421 0.0041869886350650136 0.0086093829058808101 0.036509166470119904 -0.010663872829746623 0.025649956164242402 -0.020183560405229218 -0.0094833848373453555 0.027126097336287441 0.00041720658818743874 -0.019706196911087284 0.018347378052292775 0.0036574207636692474 -0.023767590692372952
leaf_weight=581.7927029915154 81.635293871164322 173.67014077678323 30.220445102080703 16.784315589815378 51.5000712107867 76.535655651241541 525.04461951553822 29.817833814769983 15.372767835855482 40.532714739441872 131.89569313824177 23.242386311292648 64.062473025172949 24.336671303957701 192.97237621434033 18.548583626747131 33.42024701833725 17.708262667059898 59.230825025588274 19.638068100437522 261.51583555713296 26.618326805531979 36.161580130457878 217.2467507570982 35.776538401842117 59.855557754635811 31.132263369858265 40.9196387976408 85.112252123653889 21.47014857083559
leaf_count=5299 327 868 216 81 458 406 3112 165 68 233 895 105 316 155 1537 81 99 82 457 175 1938 165 165 1117 156 248 180 203 416 96
internal_value=0 -0.00200223 -0.00325193 -0.00544979 -0.00174401 0.00257504 0.00127491 -0.000645465 0.00994711 0.0210341 0.0264108 0.0118656 -0.00228092 -0.00327041 -0.00975646 0.00794171 0.00479983 0.0246983 -0.00376905 0.0183555 -0.0039694 -0.00486619 -0.00210233 -0.00359385 0.000562143 0.0107602 -0.00403563 -0.000579462 0.00366711 -0.00220314
internal_weight=0 2746.46 2487.74 1806.49 972.492 681.257 631.398 554.862 258.72 277.306 172.428 104.878 955.708 891.646 833.996 243.347 207.09 36.2568 252.203 49.8585 867.309 815.809 554.293 527.675 310.428 95.6321 214.796 178.634 147.502 106.582
internal_count=19819 18259 17061 12987 5694 4074 3683 3277 1198 1560 1128 432 5613 5297 7293 1130 967 163 1994 391 5142 4684 2746 2581 1464 404 1060 895 715 512
is_linear=0
shrinkage=0.04


Tree=54
num_leaves=31
num_cat=0
split_feature=18 7 23 7 21 0 2 20 27 0 6 15 5 2 34 36 4 6 10 26 0 29 2 4 27 29 36 5 26 34
split_gain=74.5395 28.0719 15.2964 14.781 13.0109 12.9085 10.9432 8.79357 9.63703 10.9671 9.52954 9.00034 7.04883 7.52906 6.97601 7.1949 6.88701 6.81182 6.67577 6.44356 6.36607 6.91825 6.33331 7.22675 6.4543 6.16304 7.17623 6.08386 5.99581 9.33549
threshold=1.5000000000000002 1.0000000180025095e-35 1.0000000180025095e-35 0.25000000000000006 1.5000000000000002 7.1747169494628915 553.50000000000011 0.41083332896232611 3.1376634836196904 7.8617253303527841 6.4838714599609384 0.31377777457237249 0.28621938824653631 848.50000000000011 5.5000000000000009 1.2493990659713747 0.79833573102951061 6.4142777919769296 1.0000000180025095e-35 1.0000000180025095e-35 8.3371081352233904 -0.6035533845424651 872.50000000000011 0.78129303455352794 4.8085191249847421 0.91597560048103344 1.5622174739837649 0.17881789803504947 1.0000000180025095e-35 5.5000000000000009
decision_type=2 2 2 2 2 2 2 2 2 2 2 2 2 2 2 2 2 2 2 2 2 2 2 2 2 2 2 2 2 2
left_child=1 4 7 12 5 6 19 8 -3 10 17 -9 16 -14 15 -8 -2 22 -11 -1 21 -7 -10 -24 27 -23 -27 -25 29 -4
right_child=3 2 28 -5 -6 20 14 11 9 18 -12 -13 13 -15 -16 -17 -18 -19 -20 -21 -22 25 23 24 -26 26 -28 -29 -30 -31
leaf_value=-0.014942948953497726 -0.014370784164601151 0.025376230376537419 0.00032607017325749719 0.027354555337049686 0.0395905533386504 -0.0041344817249612739 0.001031730552080528 0.0390936941772538 -0.00079044751777179994 -0.01599912429934779 0.024036354386890457 0.0064296289684904976 0.034283428225643009 -0.0014035720372048794 -0.023005798464574213 0.032380050484505797 0.010815123591905559 -0.023355762920909885 0.0041275611975086267 0.00099076352826921914 -0.027707914532131648 -0.014736569117337896 -0.013951298375188366 0.0098687221583427191 -0.013398609094620493 -0.011010517349288833 0.026567766113310586 0.03380233829511417 0.025257326221746854 0.028926895551677167
leaf_weight=140.97204848192632 28.263556525111198 20.665853124111891 69.075352448970079 166.12059746682644 7.8416361361742011 220.72563739866018 410.87574341148138 14.167937174439428 928.68433877453208 109.38185140490532 24.707008697092533 89.595100004225969 23.739761918783188 14.713700436055658 16.747685346752405 10.064363550394772 38.778540179133415 17.871935233473778 33.617017820477486 56.385184640064836 32.261927902698517 331.12253645062447 16.383966892957687 57.607715848833323 10.91345554590225 18.86810547858477 11.375935681164263 23.870039470493793 49.261386878788471 22.844268694519997
leaf_count=1441 114 95 295 1112 28 1503 3752 53 5645 425 162 455 108 64 193 58 141 122 101 541 110 2212 86 327 61 145 63 116 206 99
internal_value=0 -0.001923 0.00179325 0.0199695 -0.00631912 -0.00667008 -0.00265799 0.000471694 -0.000469174 -0.000946604 0.000439333 0.0115446 0.0080478 0.021234 0.000876339 0.00193082 8.85534e-05 -0.000157533 -0.011276 -0.0104264 -0.0107952 -0.00976616 0.000286264 0.00932716 0.0136633 -0.0131643 0.0038953 0.0175223 0.0142237 0.0078987
internal_weight=0 2745.89 1488.65 271.616 1257.24 1249.4 635.045 1347.47 1243.7 1223.04 1080.04 103.763 105.496 38.4535 437.688 420.94 67.0421 1055.33 142.999 197.357 614.354 582.092 1037.46 108.775 92.3912 361.367 30.244 81.4778 141.181 91.9196
internal_count=19833 18294 8248 1539 10046 10018 5985 7648 7140 7045 6519 508 427 172 4003 3810 255 6357 526 1982 4033 3923 6235 590 504 2420 208 443 600 394
is_linear=0
shrinkage=0.04


Tree=55
num_leaves=31
num_cat=0
split_feature=18 8 36 25 30 1 2 36 7 25 1 3 3 2 28 26 6 2 4 7 36 2 16 16 28 17 25 6 5 14
split_gain=65.1666 24.3038 13.1268 16.5801 13.1788 11.5606 10.6395 13.4418 11.5951 14.4834 10.5723 9.70361 9.03474 9.54601 8.73088 8.2659 7.47086 6.82871 8.09564 7.50075 7.72354 6.83066 6.63153 9.56655 7.00202 6.22271 6.60657 5.79733 8.99405 10.8722
threshold=1.5000000000000002 5.5000000000000009 0.63401335477828991 0.31000000238418585 2.0126758217811589 2.5000000000000004 611.50000000000011 1.2305698394775393 0.25000000000000006 0.23499999940395358 1.5000000000000002 2.5000000000000004 3.5000000000000004 798.50000000000011 -0.37940952181816096 1.0000000180025095e-35 6.2195951938629159 593.50000000000011 0.9543166756629945 1.0000000180025095e-35 0.80427801609039318 581.50000000000011 164.20353698730472 84.581165313720717 0.78656607866287243 1.5000000000000002 0.27500000596046453 5.6294164657592782 0.11454697698354722 0.89587974548339855
decision_type=2 2 2 2 2 2 2 2 2 2 2 2 2 2 2 2 2 2 2 2 2 2 2 2 2 2 2 2 2 2
left_child=1 11 4 5 -3 12 7 -2 9 -8 27 25 17 15 -9 -14 -7 21 19 -19 -21 -4 23 24 -22 26 -1 -5 -29 -30
right_child=6 2 3 10 -6 16 8 14 -10 -11 -12 -13 13 -15 -16 -17 -18 18 -20 20 22 -23 -24 -25 -26 -27 -28 28 29 -31
leaf_value=-0.0041612786967521759 0.024253749047042205 -0.00050119932763224493 -0.01267764607363024 -0.011365626810161462 0.023882611427265721 0.0042193792790458737 -0.018669424229331912 -0.024693680636014976 0.030757771010034449 0.020216145895856179 0.012226748732643579 0.010730580520918949 -0.0022268549608407597 -0.031762123792195139 0.010838079484173176 0.021473655389580206 -0.018825998781157181 -0.012226486504814749 0.018540368405396811 -0.017714098427355125 0.0077909968219619591 -0.031120522803929674 0.026023482756217828 -0.019673175868131613 -0.021487161035189585 0.022815905396827839 0.0055267004246094178 -0.02109262250485712 0.034160780746742767 -0.0089169116682102732
leaf_weight=266.831623185426 30.748647883534431 412.5223369076848 449.6883725002408 75.006651230156422 36.792644914239645 168.48500380292535 18.723918125033379 23.814575187861919 120.71596949920058 59.036752946674824 114.34386986494064 236.54629671759903 84.730701923370361 11.056392095983027 17.805489435791969 30.440132856369019 23.937580872327089 316.57044861465693 16.658372595906258 39.872843485325575 104.94791018217802 33.94391980022192 13.97218322008848 32.350015498697758 12.943245500326155 17.77067656815052 191.82433803379536 12.281181804835795 20.272624470293522 15.018288500607012
leaf_count=1469 209 4146 3323 364 296 1007 74 106 842 246 539 1143 513 67 82 174 150 2439 104 289 553 245 81 186 65 95 760 75 116 102
internal_value=0 -0.00219888 -0.00443332 -0.00615055 0.00159248 -0.00787413 0.0182996 0.00499503 0.0230525 0.0106196 0.00357919 0.0041447 -0.00939365 0.000692308 -0.00969287 0.0042969 0.00118834 -0.0106396 -0.00748873 -0.00838929 -0.00237628 -0.0140949 0.00151625 -0.00107481 0.00427173 0.000843623 -0.000103058 -0.0045542 0.00621059 0.0163337
internal_weight=0 2738.81 2025.83 1576.52 449.315 1339.6 270.845 72.3687 198.477 77.7607 236.923 712.973 1147.17 126.227 41.6201 115.171 192.423 1020.95 537.315 520.657 204.086 483.632 164.213 150.241 117.891 476.427 458.656 122.579 47.5721 35.2909
internal_count=19860 18301 14834 10392 4442 9196 1559 397 1162 320 1196 3467 8039 754 188 687 1157 7285 3717 3613 1174 3568 885 804 618 2324 2229 657 293 218
is_linear=0
shrinkage=0.04


Tree=56
num_leaves=31
num_cat=0
split_feature=22 7 23 36 31 15 3 36 6 2 2 34 0 25 2 36 6 27 22 36 2 16 36 7 25 20 29 0 0 2
split_gain=77.2467 25.6499 14.6455 14.6049 10.7469 9.40347 8.25642 8.14357 10.0419 7.69349 7.62962 8.08449 6.55484 6.52199 7.84835 8.29048 6.22929 7.48816 8.4034 7.15225 6.08788 7.05356 7.26529 6.06434 9.53846 7.54758 7.55928 5.72337 6.22739 5.64749
threshold=0.51148718595504772 0.57499998807907116 1.0000000180025095e-35 2.4937912225723271 0.36602871119976049 0.1021428555250168 1.5000000000000002 1.7154432535171511 5.9094398021698007 402.50000000000006 625.50000000000011 15.500000000000002 6.1653625965118417 0.31000000238418585 838.50000000000011 0.66885957121849071 6.1789803504943857 4.2577378749847421 0.16612499952316287 0.63005018234252941 982.50000000000011 17.092786788940433 1.4445221424102785 0.75000000000000011 0.34999999403953558 0.39214286208152777 -0.91597560048103321 6.8936436176300058 6.8200013637542733 792.50000000000011
decision_type=2 2 2 2 2 2 2 2 2 2 2 2 2 2 2 2 2 2 2 2 2 2 2 2 2 2 2 2 2 2
left_child=1 2 3 4 5 -1 13 9 -9 -8 11 -2 -11 16 15 -15 -7 18 -18 -19 -12 -22 -23 24 27 26 -25 28 -3 -6
right_child=10 23 -4 -5 29 6 7 8 -10 12 20 -13 -14 14 -16 -17 17 19 -20 -21 21 22 -24 25 -26 -27 -28 -29 -30 -31
leaf_value=-0.025161655184009965 -0.01060525287261449 0.0034860378972732344 0.00642392798387311 -0.019863315004529696 0.0010623326463053409 -0.012458727109377657 -0.017972770104433846 0.012772873679093901 -0.021981756380498305 0.0097804662517137347 0.029802694825825499 0.0178480315555621 -0.0036966134279993118 -0.022748340991280609 0.02625527561044045 0.0044719327339963573 -0.0047236315478180113 0.011694318602112711 0.023428729917832306 -0.018377308296431773 0.028324484568846488 0.017604406152779455 -0.023467323805010435 -0.0080122789773959691 0.023196734788976651 0.029423248859471431 0.010347717774456934 -0.0033604975508748332 0.029445376263843345 0.017499147883645275
leaf_weight=34.973993577063084 20.369051948189735 112.28488295897841 197.33564496412873 98.125568635761738 137.18731536716223 398.37148822657764 53.89433566108346 93.109404876828194 13.606224045157431 61.105746341869235 137.26223936676979 57.176039010286331 687.52565098553896 23.535401448607445 14.78723271936178 58.300861969590187 39.924445347860456 14.914850519970058 26.830388534814119 53.177977114915848 19.651774868369102 11.86750700324774 11.738496780395506 41.530365768820047 29.084400027990341 25.783296391367912 212.7869375795126 250.5975905880332 15.171031035482882 42.353645898401737
leaf_count=371 101 656 956 358 914 3537 455 479 71 608 833 345 5271 190 74 341 415 197 222 449 119 79 53 185 113 116 954 1015 79 239
internal_value=0 -0.00164666 -0.00388897 -0.00499375 -0.00414002 -0.00519792 -0.0047122 -0.00226561 0.00801879 -0.00364971 0.0211652 0.0102954 -0.00257344 -0.00822576 0.00131335 -0.00371232 -0.00995276 -0.00247568 0.00694386 -0.0116448 0.0256705 0.0118211 -0.00305696 0.00503086 0.00189719 0.00954004 0.00731038 0.000145125 0.00698314 0.00508984
internal_weight=0 2736.3 2049.06 1851.72 1753.6 1574.06 1539.08 909.241 106.716 802.526 258.065 77.5451 748.631 629.843 96.6235 81.8363 533.219 134.848 66.7548 68.0928 180.52 43.2578 23.606 687.239 407.138 280.101 254.317 378.054 127.456 179.541
internal_count=19795 18265 15147 14191 13833 12680 12309 6884 550 6334 1530 446 5879 5425 605 531 4820 1283 637 646 1084 251 132 3118 1863 1255 1139 1750 735 1153
is_linear=0
shrinkage=0.04


Tree=57
num_leaves=31
num_cat=0
split_feature=22 7 3 0 36 23 23 7 2 28 34 26 8 2 6 2 4 3 27 22 0 22 36 6 4 8 26 4 27 36
split_gain=59.245 25.1775 12.1796 11.2027 12.7918 10.1215 9.1313 8.67182 10.0188 7.38139 8.86547 7.3465 9.55455 8.53119 6.94408 8.21141 6.92398 8.4147 10.0202 6.96996 6.78285 7.00533 6.66407 7.9105 7.37486 6.7516 8.66396 6.42748 6.34337 6.08853
threshold=0.51148718595504772 1.0000000180025095e-35 2.5000000000000004 7.8693997859954843 1.6728793978691103 1.0000000180025095e-35 1.0000000180025095e-35 0.42499999701976782 609.50000000000011 0.60355338454246532 14.500000000000002 1.0000000180025095e-35 10.500000000000002 704.50000000000011 6.4960203170776376 683.50000000000011 0.95948326587677013 1.5000000000000002 5.2211663722991952 0.23043560981750491 7.3562746047973642 0.7845769226551057 0.38429674506187445 5.7761018276214608 0.65063205361366283 5.5000000000000009 1.0000000180025095e-35 0.90511247515678417 3.3050518035888676 0.97860512137413036
decision_type=2 2 2 2 2 2 2 2 2 2 2 2 2 2 2 2 2 2 2 2 2 2 2 2 2 2 2 2 2 2
left_child=1 6 3 4 14 28 11 -2 20 10 27 12 16 -14 22 -16 17 18 19 -1 -9 -22 23 -3 -24 26 -26 -5 -4 -18
right_child=7 2 5 9 -6 -7 -8 8 -10 -11 -12 -13 13 -15 15 -17 29 -19 -20 -21 21 -23 24 -25 25 -27 -28 -29 -30 -31
leaf_value=-0.018656880677399054 0.0085618631517226425 0.00076048221085262349 0.028279171706155268 -0.023111071751607478 0.025308577653594361 0.028106595687320039 0.0046412830167228674 0.023282209724796065 0.030421780468017221 0.010571116659055494 0.012119231324281259 -0.0018581205568740612 -0.0058511402236710256 0.047857771466239277 -0.00031884710435861157 0.044016381740650722 -0.0096073938019938573 -0.0071284564880111072 0.025670259936538743 0.0080224078497487267 0.01490383918392206 -0.023552895457548489 0.029080432523938042 0.030809123057990346 -0.0021634144905538551 -0.0050716469404746426 0.010950145504662483 -0.0028047111067585717 0.0044006692566297733 0.034540970548874547
leaf_weight=257.98433197103441 99.685622237622738 35.544690277427435 16.879747282713652 86.459765829145908 31.97502163797617 33.497896187007427 115.80756983906031 23.359158661216497 110.8850975073874 22.203772723674774 17.392566964030266 313.17480229400098 9.2923887968063372 6.8966919742524615 14.294866144657137 10.507314193993805 8.0853316374123114 507.90466681867838 7.3465341478586188 15.59784074872732 12.722478002309801 13.773133277893065 10.609003052115439 21.258371829986572 233.57651153206825 437.36706068739295 120.69070501998067 35.577405355870724 347.38005210831761 8.7083522602915746
leaf_count=2454 435 285 80 310 138 161 595 174 797 79 63 2514 90 57 94 61 73 4091 62 125 66 75 58 195 1232 2945 570 127 1798 55
internal_value=0 -0.00182465 0.00171453 -0.000496921 0.00122301 0.00767749 -0.00599489 0.0180742 0.0237957 -0.010138 -0.0135387 -0.0070864 -0.00906943 0.0197757 0.00029649 0.0203465 -0.00969661 -0.0102477 -0.0157969 -0.0170886 0.00845314 -0.00533702 -0.000328305 0.0126715 -0.00127798 -0.00175709 0.00234047 -0.0173319 0.00565557 0.0145253
internal_weight=0 2726.01 1475.21 1077.46 915.824 397.758 1250.8 260.425 160.74 161.634 139.43 1134.99 821.816 16.1891 883.849 24.8022 805.627 788.833 280.929 273.582 49.8548 26.4956 859.046 56.8031 802.243 791.634 354.267 122.037 364.26 16.7937
internal_count=19859 18312 8196 6157 5578 2039 10116 1547 1112 579 500 9521 7007 147 5440 155 6860 6732 2641 2579 315 141 5285 480 4805 4747 1802 437 1878 128
is_linear=0
shrinkage=0.04


Tree=58
num_leaves=31
num_cat=0
split_feature=18 23 3 7 25 0 7 36 22 27 0 1 2 31 3 36 4 4 4 29 2 1 29 36 5 36 4 6 30 36
split_gain=49.5384 17.937 16.6338 9.80047 9.59393 9.55983 8.08959 7.79782 7.77594 7.65214 7.69583 7.49764 8.13726 7.23585 6.60442 7.26635 6.73837 10.4481 8.80974 8.62764 8.51128 7.0214 6.57666 6.45665 6.31841 8.51933 6.68197 6.50186 5.9831 5.73004
threshold=1.5000000000000002 1.0000000180025095e-35 1.5000000000000002 0.25000000000000006 0.34999999403953558 8.2905426025390643 0.25000000000000006 1.821431636810303 0.098082788288593306 3.4578914642333989 7.7815537452697763 2.5000000000000004 798.50000000000011 0.17914438992738727 3.5000000000000004 2.0196555852890019 0.891168773174286 0.90998974442482006 0.94810631871223461 -0.7865660786628722 733.50000000000011 3.5000000000000004 -0.91597560048103321 1.1394529938697817 0.1286951079964638 1.8748224973678591 0.88641491532325756 5.8215644359588632 2.6735538244247441 0.39143198728561407
decision_type=2 2 2 2 2 2 2 2 2 2 2 2 2 2 2 2 2 2 2 2 2 2 2 2 2 2 2 2 2 2
left_child=1 2 3 24 8 6 -2 13 -4 -3 -11 29 -13 -6 16 -16 21 19 20 -18 -19 28 -8 -21 25 26 27 -1 -10 -5
right_child=5 9 4 11 7 -7 22 -9 14 10 -12 12 -14 -15 15 -17 17 18 -20 23 -22 -23 -24 -25 -26 -27 -28 -29 -30 -31
leaf_value=0.041469061508781532 0.0099868702334956431 0.032015814283205518 -0.021413058523521183 0.01571817221240342 0.00031720901022098209 -0.0030399563172859322 0.0045921134898459417 0.038080817664665791 -0.0044220517123086016 0.0096129645153854599 -0.0092710812807898502 0.035277187081085334 0.0022184566065379511 0.027826221635167552 0.0076201110496486538 -0.012598263127383156 0.03537522781102314 -0.017052900986467723 0.019738304114815464 -0.0032415465789943942 0.011035500546083262 0.015572020421434036 0.029327726093401962 0.023347402961203374 -0.016628221102194984 -0.02267238781430804 -0.0072802146465807231 0.0022665117192425558 0.011566439746414107 -0.0054404118092090097
leaf_weight=6.0263721048831931 90.078976705670357 18.561568275094032 26.307264890521765 19.831444790586829 61.896482389420271 33.575485393404961 21.055023863911629 13.92040118575096 834.87809037417173 202.85194017738104 39.865485727787018 14.051551736891268 47.390679802745581 18.342412918806076 243.12873163446784 30.348692640662193 23.273103516548872 58.378136426210403 19.264008659869432 36.874981388449669 22.578293036669493 29.341384159401059 117.42386173829436 21.766851022839546 166.52893401868641 47.34275459498167 267.52137788571417 44.98118350468576 37.320387128740549 350.5179377682507
leaf_count=61 394 82 221 163 358 111 156 52 5837 1011 120 70 224 88 1501 119 155 430 125 282 151 169 893 119 1471 247 2578 472 208 1883
internal_value=0 -0.00141592 -0.00248365 -0.0065647 0.000184631 0.016733 0.0196388 0.0124022 -0.000663606 0.00850577 0.00646091 -0.00207212 0.0106526 0.00712949 -0.000230477 0.00530124 -0.00163366 0.00534524 -0.00331316 0.015765 -0.00914201 -0.0030523 0.0256857 0.00707233 -0.0101869 -0.00718066 -0.00475103 0.00828805 -0.00371303 -0.00422907
internal_weight=0 2703.09 2441.81 964.192 1477.62 262.133 228.558 94.1593 1383.46 261.279 242.717 431.792 61.4422 80.2389 1357.15 273.477 1083.68 182.135 100.22 81.9149 80.9564 901.54 138.479 58.6418 532.401 365.872 318.529 51.0076 872.198 370.349
internal_count=19751 18197 16984 7169 9815 1554 1443 498 9317 1213 1131 2340 294 446 9096 1620 7476 1262 706 556 581 6214 1049 401 4829 3358 3111 533 6045 2046
is_linear=0
shrinkage=0.04


Tree=59
num_leaves=31
num_cat=0
split_feature=22 23 7 0 15 25 0 25 2 0 15 20 25 5 6 0 34 28 22 0 27 5 27 5 25 15 2 2 6 25
split_gain=53.3379 20.1197 15.1652 9.87864 9.79295 8.59345 8.5212 10.0835 8.44628 7.90959 7.03524 7.01913 12.247 7.33005 6.99768 6.94153 6.49082 7.80125 6.48938 6.2902 6.28507 6.07167 5.93727 6.88831 8.52236 5.83675 5.80306 5.62319 5.49726 5.28877
threshold=0.46619999408721929 1.0000000180025095e-35 1.0000000180025095e-35 7.8770160675048837 0.33224999904632574 0.34999999403953558 7.1747169494628915 0.27500000596046453 872.50000000000011 7.1115038394927987 0.14145454764366153 0.77753785252571117 0.31000000238418585 0.28621938824653631 6.4838714599609384 6.1861555576324472 12.500000000000002 0.37940952181816107 0.68400001525878917 7.1115038394927987 4.2275631427764901 0.24488214403390887 3.7316987514495854 0.26240158081054693 0.17500000447034839 0.14145454764366153 934.50000000000011 543.50000000000011 5.4359006881713876 0.31000000238418585
decision_type=2 2 2 2 2 2 2 2 2 2 2 2 2 2 2 2 2 2 2 2 2 2 2 2 2 2 2 2 2 2
left_child=1 2 6 8 11 9 27 -8 14 -3 -11 12 13 18 15 -4 17 29 -2 -16 -6 -14 -10 24 28 -17 -26 -1 -24 -5
right_child=4 5 3 16 20 -7 7 -9 22 10 -12 -13 21 -15 19 25 -18 -19 -20 -21 -22 -23 23 -25 26 -27 -28 -29 -30 -31
leaf_value=-0.0090633950490624244 0.0018451699391625587 0.01466704049255522 0.011808798757074183 -0.021907899150831481 0.026329225094668247 0.034655297179141606 -0.01371052880736396 -0.0024915434422788955 0.028129165550148782 -0.020928337735968434 0.0041140668199038848 -0.017913590051823879 0.041628545618720619 0.021063779656091356 0.037425072546827816 -0.0089456720690800698 0.011529597170730909 0.0074017440854000031 -0.030825231267042532 0.00032223721688322813 -0.00067830153116407905 0.0086757291020030346 0.0092892480108630153 -0.016535062602409258 0.032214739914916114 -2.6794626218781536e-05 0.0072517360388699246 -0.00020849344502267257 -0.027774347484719148 0.0010249597781779561
leaf_weight=158.6875782571733 27.83769878000021 108.11235372722149 67.331923361867666 83.451989196240902 137.35277229547501 17.408117406070232 359.80589374154806 200.12466720491648 24.216609366238117 19.443692438304424 108.14710699766874 13.068856321275232 21.600204080343246 15.963142078369854 13.064398881047966 134.88831385597587 18.484587222337723 23.44164701551199 12.78440075367689 14.27254521101713 15.190510608255861 16.502406895160675 11.3399297259748 15.560946032404898 26.164542853832245 824.75666834414005 34.932197328656912 401.67722521536052 10.776632368564604 19.608464986085892
leaf_count=1713 133 603 509 326 878 75 2788 1094 122 85 416 82 119 109 95 982 65 89 68 79 78 103 73 77 131 4703 172 3837 88 55
internal_value=0 -0.00170732 -0.00282167 8.07096e-05 0.0171869 0.00898427 -0.0062414 -0.00972389 0.00129934 0.00681267 3.37348e-05 0.00775097 0.0115905 -0.000380732 0.000133527 -0.000415931 -0.00969771 -0.0129306 -0.00940069 0.0193964 0.0236658 0.028501 0.011131 0.00648797 0.0110803 -0.00129644 0.0186244 -0.00273939 -0.00957619 -0.0176082
internal_weight=0 2695.7 2442.59 1322.29 260.3 253.111 1120.3 559.931 1177.3 235.703 127.591 107.757 94.6879 56.5852 1054.31 1026.98 144.987 126.502 40.6221 27.3369 152.543 38.1026 122.991 98.7742 83.2133 959.645 61.0967 560.365 22.1166 103.06
internal_count=19747 18177 16998 7566 1570 1179 9432 3882 7031 1104 501 614 532 310 6368 6194 535 470 201 174 956 222 663 541 464 5685 303 5550 161 381
is_linear=0
shrinkage=0.04


Tree=60
num_leaves=31
num_cat=0
split_feature=22 7 26 25 0 27 18 4 36 0 36 7 31 22 27 36 20 25 1 0 4 2 5 5 2 6 25 25 2 2
split_gain=51.2735 19.593 14.3945 10.0059 9.96686 9.57647 12.8862 7.98657 7.39691 7.26156 6.63455 8.19582 6.0457 5.93798 5.84976 9.99997 6.27199 6.16337 5.92595 5.55249 15.087 8.95591 6.04451 8.00845 5.83659 10.3978 5.35721 8.4138 5.79775 5.50717
threshold=0.5671176314353944 0.57499998807907116 1.0000000180025095e-35 0.34999999403953558 7.8539912700653085 3.620332002639771 1.5000000000000002 0.84725886583328258 1.0420756936073305 6.8090240955352792 2.2863276004791264 0.25000000000000006 0.10818713530898096 0.098082788288593306 4.5070056915283212 0.51403531432151806 0.41083332896232611 0.23499999940395358 3.5000000000000004 7.2970852851867685 0.95948326587677013 541.50000000000011 0.1342478543519974 0.087315179407596602 1028.5000000000002 5.4992132186889657 0.2100000008940697 0.31000000238418585 565.50000000000011 557.50000000000011
decision_type=2 2 2 2 2 2 2 2 2 2 2 2 2 2 2 2 2 2 2 2 2 2 2 2 2 2 2 2 2 2
left_child=1 2 5 14 -4 7 13 -1 9 -9 11 12 -10 -7 18 -16 17 -17 -3 21 -21 22 23 -15 26 -26 -23 28 29 -28
right_child=-2 3 4 -5 -6 6 -8 8 10 -11 -12 -13 -14 19 15 16 -18 -19 -20 20 -22 24 -24 -25 25 -27 27 -29 -30 -31
leaf_value=0.013969682118229116 0.019722290033052422 0.0046603007488555427 0.0039444569971165324 0.021600259593908738 -0.011881403921463153 -0.023273623620733187 0.031594525744517515 0.0037776513463096246 -0.0073747249915668426 -0.026569338214065822 -0.019957111633048096 0.036407730089453652 0.026289316147351655 0.016012177128519548 0.018733760448683398 -0.0012901856582196983 0.01793817067621941 -0.016801440078918633 0.0262571101587653 -0.010913755566625714 0.030135639190466603 0.0031232740539248287 -0.0065329949152978664 -0.026222926718577257 -0.0084272353062247556 0.046283605613617537 -0.0056744365599610512 0.0063313194143336127 -0.010511247298000083 0.034127746351325636
leaf_weight=66.893356010317802 196.98874993249774 421.98838621750474 517.9861355163157 48.727773725986481 70.597416654229164 33.214364159852266 12.050504975020884 20.319928605109453 29.35502365231514 29.458488564938307 11.214091315865515 13.44199565798044 9.7395992130041105 6.8208926059305659 28.736915953457355 92.472401812672615 14.221177563071249 72.140248849987984 19.506521850824356 493.10513274371624 12.871704697608946 180.70216423086822 137.81102475523949 57.460488352924585 10.250092435628178 8.9394095316529256 12.243350829929115 74.506428372114897 239.68460050597787 7.524047438055276
leaf_count=395 1268 1971 3807 205 313 286 51 219 197 249 36 64 44 62 166 453 62 267 87 3004 76 2004 1257 644 80 67 100 470 1821 61
internal_value=0 -0.00130245 -0.00326749 0.00448074 0.00201242 -0.00538485 -0.00659363 0.00321664 -0.00325139 -0.014514 0.00571681 0.0117279 0.00188325 -0.00700344 0.00313311 -0.00238943 -0.00595338 -0.00820796 0.00572862 -0.00653158 -0.00975495 -0.00429501 -0.0114231 -0.0213934 -0.00156405 0.0190227 -0.00240231 -0.00539296 -0.00878247 0.0112191
internal_weight=0 2753.98 2056.19 697.793 588.584 1467.61 1287.18 180.422 113.529 49.7784 63.7507 52.5366 39.0946 1275.13 649.066 207.571 178.834 164.613 441.495 1241.92 505.977 735.942 202.092 64.2814 533.85 19.1895 514.661 333.958 259.452 19.7674
internal_count=19786 18518 15307 3211 4120 11187 9983 1204 809 468 341 305 241 9932 3006 948 782 720 2058 9646 3080 6566 1963 706 4603 147 4456 2452 1982 161
is_linear=0
shrinkage=0.04


Tree=61
num_leaves=31
num_cat=0
split_feature=31 25 3 5 7 2 25 36 25 20 6 23 27 2 16 2 21 30 14 34 36 5 6 22 2 7 2 6 2 31
split_gain=44.7913 17.3077 14.1191 13.0548 11.8081 11.3661 8.94681 9.75349 8.82829 7.64736 6.79673 6.63107 6.42625 5.98052 5.86204 18.9373 7.47935 7.23022 5.7517 8.64967 6.69844 6.51462 6.35609 5.66885 8.06451 5.37783 5.2652 7.91973 5.24695 4.97115
threshold=0.47407408058643347 0.34999999403953558 2.5000000000000004 0.25029137730598455 0.25000000000000006 555.50000000000011 0.23499999940395358 0.49608606100082403 0.14500000327825549 0.28611111640930181 5.6542406082153329 1.0000000180025095e-35 3.7943642139434819 708.50000000000011 11.941490650177004 625.50000000000011 16.500000000000004 3.0201274156570439 0.89587974548339855 1.0000000180025095e-35 0.70309320092201244 0.10966863855719568 4.8713660240173349 0.43935896456241613 857.50000000000011 0.25000000000000006 810.50000000000011 4.3107767105102548 523.50000000000011 0.15587044507265094
decision_type=2 2 2 2 2 2 2 2 2 2 2 2 2 2 2 2 2 2 2 2 2 2 2 2 2 2 2 2 2 2
left_child=2 3 4 14 6 -3 7 8 -1 -5 -7 -4 -10 -13 15 17 -16 -2 19 20 21 -8 -21 -17 -25 -11 -9 -28 29 -6
right_child=1 5 11 9 28 10 18 26 12 25 -12 13 -14 -15 16 23 -18 -19 -20 22 -22 -23 -24 24 -26 -27 27 -29 -30 -31
leaf_value=0.036331251468324881 0.0019774730254476804 -0.0032470959139037948 0.0013933778881828063 -0.0065507452743379943 -0.0093357189028615856 0.019756187255563919 0.0053333864954158375 -0.014327272253165352 0.026267807862937781 0.0091477249716675132 0.045904036657160321 0.024649292281633827 -0.0088076680043154259 -0.0029360048826133941 -4.2162704097789403e-06 0.034723888440964662 -0.02989270033705033 -0.034531443720878678 -0.011254715909315949 -0.010747821756685162 -0.00041346025045964704 -0.019739271317941978 0.012476153706199252 0.027075614518261463 -0.0093726870017978824 0.024164903744063874 0.024643064346531775 -0.008389857832928815 0.0015945804865975363 0.0093394711689288399
leaf_weight=9.3398479335010034 18.877579018473625 16.933304227888584 570.31738439574838 21.858937386423349 143.14359051734209 38.972115956246853 20.917065732181072 401.32884950563312 8.2253148127347213 68.445009123533964 33.2676882147789 36.593068305402994 44.05053254775703 18.072022087872028 193.12267959862947 29.01283572614193 12.394546445459126 13.751567013561724 106.63516154326499 21.685511592775583 185.18399339914322 66.457772225141525 96.529930735006928 18.970104694366455 16.642223574221134 96.253551870584488 11.895530723035334 69.321632701903582 542.53864724934101 25.389408577233553
leaf_count=166 89 97 3442 119 827 217 145 3880 128 363 203 176 664 84 1181 120 63 56 949 189 984 445 818 100 78 698 84 596 2711 143
internal_value=0 0.0099319 -0.0024605 0.00691713 -0.00429996 0.0259605 -0.00700861 -0.0105455 0.00432267 0.0151805 0.03271 0.00269515 -0.00252417 0.015748 0.00175929 0.00974565 -0.00207749 -0.0145149 -0.00311253 -0.000844677 -0.00475845 -0.013752 0.008108 0.0220628 0.0104501 0.0181087 -0.012454 -0.00307569 -0.000323819 -0.00644577
internal_weight=0 578.502 2377.63 489.329 1752.64 89.1731 1041.57 544.162 61.6157 186.557 72.2398 624.982 52.2758 54.6651 302.772 97.2543 205.517 32.6291 497.409 390.774 272.559 87.3748 118.215 64.6252 35.6123 164.699 482.546 81.2172 711.072 168.533
internal_count=19815 3384 16431 2867 12729 517 9048 5518 958 1180 420 3702 792 260 1687 443 1244 145 3530 2581 1574 590 1007 298 178 1061 4560 680 3681 970
is_linear=0
shrinkage=0.04


Tree=62
num_leaves=31
num_cat=0
split_feature=31 23 7 25 2 36 5 2 0 25 2 27 30 2 5 32 36 5 0 27 6 36 13 27 8 27 36 4 27 29
split_gain=42.1134 17.4214 14.95 10.491 13.1379 9.3181 8.55014 8.68535 7.4335 12.2075 9.13355 7.28983 6.94864 6.40126 6.36434 6.36188 6.35214 7.03207 6.60814 6.09138 6.00703 5.83864 5.5506 5.51016 7.67708 6.56662 6.34068 6.62795 6.2844 5.4591
threshold=0.47407408058643347 1.0000000180025095e-35 1.0000000180025095e-35 0.34999999403953558 555.50000000000011 0.38429674506187445 0.14431535452604297 945.50000000000011 7.1747169494628915 0.27500000596046453 543.50000000000011 4.083451747894288 3.8815106153488164 1003.5000000000001 0.12733646482229236 23.500000000000004 0.73725226521492015 0.35945594310760504 6.3385550975799569 4.9777677059173593 6.0246567726135263 0.40955632925033575 1.5000000000000002 4.6429474353790292 8.5000000000000018 4.1766920089721689 0.63401335477828991 0.91388529539108287 3.7483261823654179 -0.7865660786628722
decision_type=2 2 2 2 2 2 2 2 2 2 2 2 2 2 2 2 2 2 2 2 2 2 2 2 2 2 2 2 2 2
left_child=2 3 8 12 -5 -4 19 -8 10 -10 -1 -6 15 20 -3 22 17 18 21 -7 -14 -12 29 25 -25 26 27 28 -20 -2
right_child=1 14 5 4 11 6 7 -9 9 -11 16 -13 13 -15 -16 -17 -18 -19 23 -21 -22 -23 -24 24 -26 -27 -28 -29 -30 -31
leaf_value=-0.010425714930541537 0.010333404241371545 -0.0013621438860612254 0.01427609032332762 -0.011690058937693083 0.035338145664531091 -0.0049713327303478804 0.00180698136418805 0.022364602164322425 -0.01351327137742442 -0.0011406733472578588 -0.0041451618022392816 -0.00074382903243521521 0.030176714486374757 -0.011854109921625331 0.030782834028851656 -0.024988468457067765 0.0068827569725655995 0.022649816769074013 -0.022841480652348305 0.011959883185690339 -0.0024303160369275852 0.01967883710208904 0.017550379387573659 -0.0068807892857596807 0.031089237837049741 -0.022518069790862096 -0.018555982063087062 0.033997667471478595 0.0084887040144236928 -0.0016119077284229147
leaf_weight=164.63342310115695 80.315572384744883 11.199389137327669 73.310875374823809 15.012926466763018 47.720685437321663 515.51447131857276 594.40759066492319 32.847006522119045 350.28763533756137 200.66466177999973 38.024572005495429 10.828738734126089 36.782297387719154 9.062119320034979 71.097197040915489 11.297881647944449 159.13713761046529 13.783916572108863 13.90790084376931 34.508340038359165 11.41802494227886 26.299033269286156 36.500692363828421 26.962273679673672 10.125591255724428 58.643135830760002 30.454776119440794 7.6481012068688861 26.886950969696045 237.23000066354871
leaf_count=1721 468 50 587 80 291 2997 3175 154 2733 1082 471 52 245 54 431 61 1223 111 152 214 72 223 227 270 106 626 280 71 306 1344
internal_value=0 0.0096401 -0.00237626 0.0067519 0.0204945 0.000635548 -0.00023664 0.00295117 -0.00571219 -0.00902742 -0.00252366 0.0288606 0.00427448 0.0169851 0.0264798 0.00220064 0.000670049 -0.00326515 -0.00493564 -0.00386959 0.0226634 0.00589509 0.00320376 -0.00894667 0.00454597 -0.012598 -0.00485013 0.00416046 -0.00276078 0.00145514
internal_weight=0 578.466 2378.05 496.169 73.5624 1250.59 1177.28 627.255 1127.46 550.952 576.507 58.5494 422.607 57.2624 82.2966 365.344 411.873 252.736 238.952 550.023 48.2003 64.3236 354.046 174.629 37.0879 137.541 78.8977 48.443 40.7949 317.546
internal_count=19877 3375 16502 2894 423 7127 6540 3329 9375 3815 5560 343 2471 371 481 2100 3839 2616 2505 3211 317 694 2039 1811 376 1435 809 529 458 1812
is_linear=0
shrinkage=0.04


Tree=63
num_leaves=31
num_cat=0
split_feature=31 27 3 7 0 25 4 36 8 20 2 23 22 18 2 6 6 28 28 25 0 4 36 36 36 36 34 2 3 30
split_gain=37.0581 15.3652 13.6227 12.7364 8.76367 9.40892 7.82241 8.78727 7.72012 10.2336 8.96886 7.38321 7.14955 7.12389 10.3173 6.85114 6.8032 6.70464 6.29657 6.75329 5.60623 5.58404 5.28382 5.25647 5.01526 7.94538 7.86689 6.89027 10.5086 6.09902
threshold=0.47407408058643347 3.8231911659240727 3.5000000000000004 1.0000000180025095e-35 7.3038375377655038 0.27500000596046453 0.82503083348274242 1.7154432535171511 7.5000000000000009 0.41083332896232611 617.50000000000011 1.0000000180025095e-35 0.16398936510086062 1.0000000180025095e-35 649.50000000000011 6.4838714599609384 6.2509396076202401 -0.7865660786628722 0.37940952181816107 0.23499999940395358 7.3038375377655038 0.67251640558242809 0.53941136598587047 0.29378509521484381 2.4937912225723271 1.5928428769111636 3.5000000000000004 523.50000000000011 2.5000000000000004 1.4978661537170412
decision_type=2 2 2 2 2 2 2 2 2 2 2 2 2 2 2 2 2 2 2 2 2 2 2 2 2 2 2 2 2 2
left_child=2 8 3 4 12 17 -4 -8 11 -10 -11 -2 22 14 -3 18 -7 -6 19 -5 -17 -15 -1 -14 25 27 -27 28 -21 -29
right_child=1 13 6 15 5 16 7 -9 9 10 -12 -13 23 21 -16 20 -18 -19 -20 24 -22 -23 -24 -25 -26 26 -28 29 -30 -31
leaf_value=0.0032350877789423843 0.01611121133248121 -0.030889309681162106 0.010585656016924823 -0.0057911310925970053 -0.024196808472854357 -0.0060193499768959914 0.0027467728413621572 -0.028712609923487759 0.03105189049579192 -0.022544163157649989 0.0080470444914953494 0.036488442717333321 -0.02348002279393846 0.02177945146753309 0.0082608315238507837 0.031128769816311314 0.019426996429909679 -0.010627779028016978 0.0051307463776240417 -0.015426883702282613 -0.0016139040825170255 0.0029148634929977387 -0.019746404650085016 -0.00046556858874069712 -0.016607867653101141 0.0026142300857713288 0.034167008409143322 0.0079276063362190112 0.022806143324289034 -0.0046425213870654883
leaf_weight=20.771534534171224 170.19117553159595 20.855175983160734 193.71564268320799 446.84020516835153 91.098413646221161 133.06174658238888 63.438697993755341 16.201991692185402 16.992141995579004 21.083486016839743 43.773593798279762 34.825029298663139 14.461395259946583 26.684991501271725 19.096021093428135 17.831697896122936 17.233464777469635 173.54927300661802 222.73139700479805 72.456778913736343 14.147088803350924 209.36092736572027 61.048190601170063 451.46200511232018 21.7251086384058 28.384361751377583 21.335419654846191 166.83383776247501 11.779427401721476 95.730577990412712
leaf_count=338 1079 107 1143 2964 690 689 386 64 91 92 197 250 211 178 87 122 109 1314 1277 421 66 1235 718 4242 59 104 85 770 63 539
internal_value=0 0.00932033 -0.00208652 -0.00318956 -0.00655826 -0.0109313 0.00627876 -0.00419988 0.0157706 0.00521992 -0.00227434 0.0198917 -0.00321776 0.00255082 -0.0126745 -0.000286964 -0.00288476 -0.015445 -0.000837931 -0.00238296 0.0174013 0.00521257 -0.0139741 -0.0012772 0.00126845 0.00232632 0.0169516 0.000144356 -0.00967552 0.00334411
internal_weight=0 562.863 2355.84 2082.48 962.686 414.943 273.356 79.6407 286.865 81.8492 64.8571 205.016 547.743 275.997 39.9512 1119.8 150.295 264.648 1087.82 865.086 31.9788 236.046 81.8197 465.923 418.246 396.52 49.7198 346.801 84.2362 262.564
internal_count=19690 3316 16374 14781 8311 2802 1593 450 1709 380 289 1329 5509 1607 194 6470 798 2004 6282 5005 188 1413 1056 4453 2041 1982 189 1793 484 1309
is_linear=0
shrinkage=0.04


Tree=64
num_leaves=31
num_cat=0
split_feature=18 23 7 7 26 1 27 22 27 27 16 8 16 36 8 27 27 36 36 27 29 31 22 16 3 22 36 34 34 34
split_gain=52.4813 18.3645 15.5439 9.73327 6.89444 7.35251 6.93127 12.0092 9.95029 6.56908 7.10557 5.83338 5.86237 6.5427 5.71447 5.57051 5.41424 5.37068 7.07737 5.78272 5.29871 6.24099 5.44194 6.16233 6.08298 7.07669 7.21693 5.45387 5.25635 7.77604
threshold=1.5000000000000002 1.0000000180025095e-35 0.57499998807907116 0.25000000000000006 1.0000000180025095e-35 1.5000000000000002 3.9806153774261479 0.22195237874984744 3.9249387979507451 3.2047748565673833 1.0000000180025095e-35 7.5000000000000009 82.943080902099624 0.94279754161834728 10.500000000000002 3.1759661436080937 4.0280263423919687 1.1330381631851199 2.1397774219512944 3.7316987514495854 0.60355338454246532 0.10818713530898096 0.11033333465456964 171.75476074218753 3.5000000000000004 0.19014285504817965 1.5060837268829348 3.5000000000000004 47.500000000000007 17.500000000000004
decision_type=2 2 2 2 2 2 2 2 2 2 2 2 2 2 2 2 2 2 2 2 2 2 2 2 2 2 2 2 2 2
left_child=1 2 4 28 5 6 7 8 17 10 -5 -3 16 -14 -7 -4 -13 -1 19 -19 22 -22 -17 24 25 26 -24 -26 29 -2
right_child=3 11 15 9 -6 14 -8 -9 -10 -11 -12 12 13 -15 -16 20 -18 18 -20 -21 21 -23 23 -25 27 -27 -28 -29 -30 -31
leaf_value=-0.015177396821966978 0.025365830465663264 0.0139977798813081 0.024931002714460648 -0.01246590216819642 -6.2445985620544655e-05 -0.002904992868630447 -0.011083957777153689 0.024693049135392369 0.018786714259774514 0.031365176139027472 0.020848968172747458 0.02082567940056335 0.0066673253281810986 -0.028932710642678845 0.025864657266921755 -0.017201327340498344 -0.00081320418124436467 0.017890951837789128 -0.025460795900620434 -0.0080253236416490421 0.0043858141722273687 0.025445587847914852 0.0016658694956403375 0.01777379359810629 0.021495680851178034 -0.0045200807763644494 0.026571329132972756 -0.0028862092099377081 0.025409057571595967 -0.0037930545845712101
leaf_weight=93.718100666999817 17.280305162072182 153.24852250516415 16.539970189332962 12.147547438740729 512.12513452209532 610.91723037324846 471.06524776294827 21.577303290367126 21.440137516707182 92.081364650279284 39.139976374804974 28.460423205047846 14.28390668705106 15.772166416049002 9.2636038325726968 23.284690447151661 46.755544677376747 28.65432345867157 12.085319221019743 23.405589535832405 79.102420598268509 30.119012571871281 76.497730482369661 33.929012384265661 36.337582148611546 284.72285025194287 22.733383148908615 23.093873538076878 20.451076112687588 59.136776313185692
leaf_count=923 72 678 67 81 3785 4628 4039 141 183 725 313 130 99 69 76 123 226 190 52 160 358 144 418 170 162 1246 79 120 102 244
internal_value=0 -0.00102718 -0.00210741 0.0184112 -0.00399114 -0.00554574 -0.00843941 -0.00218981 -0.00566158 0.0249864 0.0127866 0.0090673 0.00176266 -0.0126537 -0.0023935 0.00331417 0.00770191 -0.00917551 -0.000212812 0.00637343 0.00264828 0.0105464 0.000889946 0.00184058 0.000546991 -0.00131633 0.00778383 0.0122359 0.00837101 0.00327946
internal_weight=0 2689.13 2430.61 240.237 1804.25 1292.13 671.946 200.881 179.303 143.369 51.2875 258.521 105.272 30.0561 620.181 626.361 75.216 157.863 64.1452 52.0599 609.821 109.221 500.599 477.314 443.385 383.954 99.2311 59.4315 96.8682 76.4171
internal_count=19803 18266 17064 1537 14177 10392 5688 1649 1508 1119 394 1202 524 168 4704 2887 356 1325 402 350 2820 502 2318 2195 2025 1743 497 282 418 316
is_linear=0
shrinkage=0.04


Tree=65
num_leaves=31
num_cat=0
split_feature=22 7 0 19 1 0 25 0 23 15 1 0 4 0 26 34 27 7 4 5 16 7 4 4 22 27 36 36 4 0
split_gain=35.6168 15.6495 12.8361 9.53085 8.38239 8.4766 16.3762 9.2781 8.20684 8.02305 8.00091 8.30648 8.56601 7.83489 7.09597 6.98749 6.77577 6.70052 6.49902 7.96358 6.2807 6.24906 6.31396 7.88719 6.18391 7.10959 7.28598 10.3351 7.42784 5.72712
threshold=0.61974024772644054 1.0000000180025095e-35 8.3371081352233904 1.0000000180025095e-35 3.5000000000000004 7.1747169494628915 0.23499999940395358 8.1065130233764666 1.0000000180025095e-35 0.39333333075046545 1.5000000000000002 7.1033136844635019 0.84143060445785534 7.6525430679321298 1.0000000180025095e-35 11.500000000000002 4.3999891281127939 0.42499999701976782 0.89615285396575939 0.14599618315696719 176.54515075683597 0.75000000000000011 0.92549723386764537 0.90760543942451488 0.13181395083665851 4.5406315326690683 1.2953657507896426 1.1330381631851199 0.83243221044540416 6.8522284030914316
decision_type=2 2 2 2 2 2 2 2 2 2 2 2 2 2 2 2 2 2 2 2 2 2 2 2 2 2 2 2 2 2
left_child=1 2 4 8 5 10 -7 20 21 17 14 -12 -13 -10 29 -5 -6 -2 19 -16 -8 -3 23 24 -23 26 27 -26 -28 -1
right_child=9 3 -4 15 16 6 7 -9 13 -11 11 12 -14 -15 18 -17 -18 -19 -20 -21 -22 22 -24 -25 25 -27 28 -29 -30 -31
leaf_value=-0.0037469457051936932 -0.012713235091572166 -0.0011377378610219881 -0.029276693971800039 -0.00017141466714583816 0.024213869223538024 -0.014524162509336041 -0.0045493144819452802 0.024831005328197975 0.015636340487377859 0.025147135499072708 0.001524301585049338 0.051479560921172667 0.0060357931062797231 -0.0053041079739497825 0.031590393341942129 0.035880222149269399 -0.0081280469181343636 0.015308844952008705 -0.016506168277160088 0.0016820058984247444 0.020867641267968712 -0.019325710658099682 -0.014311750089902764 0.031953799876615556 0.0030594124698204886 0.018586084812442366 0.0064594135133464042 0.039448103165223694 -0.024559410867890059 -0.016446853002440011
leaf_weight=140.87716040201485 18.531017802655697 1076.3814932741225 30.277163654565811 13.9906656332314 28.166848804801702 286.89909494295716 240.81150830537081 18.804613880813122 106.75252023339272 99.918801978230476 257.33815080672503 9.266435347497465 17.678826026618481 37.645679101347923 17.253604667261243 20.254149489104748 14.555800106376408 39.625724609941244 17.593472804874182 55.711267538368702 14.650475032627581 13.178746681660412 21.04860320687294 17.74341819062829 85.713455591350794 59.666144900023937 21.647118911147118 12.705381795763968 24.831898987293243 95.071305178105831
leaf_count=1528 80 6449 107 82 177 2347 1397 79 518 737 2364 57 156 118 186 114 101 309 184 480 100 63 81 85 443 280 83 54 81 919
internal_value=0 -0.0010464 -0.00436389 0.00168811 -0.0036958 -0.00433789 -0.00787794 -0.00087079 0.00118928 0.0183613 -0.00107036 0.00382166 0.024141 0.0101791 -0.00532709 0.0219547 0.0133241 0.0062541 0.0041259 0.0094084 -0.0029409 0.000201593 0.00578655 0.00768841 0.00543824 0.00720529 0.00232966 0.00844912 -0.0104422 -0.00895938
internal_weight=0 2756.52 1244.96 1511.56 1214.68 1171.96 561.166 274.267 1477.31 158.076 610.79 284.283 26.9453 144.398 326.507 34.2448 42.7226 58.1567 90.5583 72.9649 255.462 1332.92 256.535 235.486 217.743 204.564 144.898 98.4188 46.479 235.948
internal_count=19759 18633 10182 8451 10075 9797 3923 1576 8255 1126 5874 2577 213 636 3297 196 278 389 850 666 1497 7619 1170 1089 1004 941 661 497 164 2447
is_linear=0
shrinkage=0.04


Tree=66
num_leaves=31
num_cat=0
split_feature=18 7 5 26 25 1 8 15 28 0 29 29 8 27 0 36 6 29 25 29 27 15 15 34 36 36 25 6 28 0
split_gain=36.9806 14.9902 11.3376 9.11376 9.5437 8.53648 10.7629 8.30551 12.7315 7.1659 14.1918 8.37389 6.79397 6.78108 7.71867 7.93787 7.28651 6.30258 6.73565 5.59661 5.51104 5.4515 5.18714 5.13781 5.08935 7.72359 7.60612 6.44416 11.0405 6.44279
threshold=1.5000000000000002 0.57499998807907116 0.33569559454917913 1.0000000180025095e-35 0.17500000447034839 1.5000000000000002 10.500000000000002 0.33224999904632574 0.37940952181816107 7.5988972187042245 -0.12940952181816107 -0.6035533845424651 7.5000000000000009 3.2327767610549931 7.9501483440399179 1.7154432535171511 5.1328485012054452 0.60355338454246532 0.17500000447034839 0.60355338454246532 2.8875862360000615 0.31377777457237249 0.19597221910953525 3.5000000000000004 2.4937912225723271 1.1083049774169924 0.2100000008940697 4.9663290977478036 0.37940952181816107 6.5012614727020273
decision_type=2 2 2 2 2 2 2 2 2 2 2 2 2 2 2 2 2 2 2 2 2 2 2 2 2 2 2 2 2 2
left_child=1 2 3 5 19 24 13 8 9 11 -11 -2 20 -7 15 -15 -17 18 -3 -5 -9 -4 -19 -21 25 29 -27 28 -28 -1
right_child=7 17 21 4 -6 6 -8 12 -10 10 -12 -13 -14 14 -16 16 -18 22 -20 23 -22 -23 -24 -25 -26 26 27 -29 -30 -31
leaf_value=-0.0021219098739019859 -0.015054816536212004 -0.0057254105731850335 0.0052507770963370502 -0.012775912067061031 0.0034677260630707452 0.018591102913084492 0.034996554998548708 0.0043450276596644043 0.035528555896626859 0.016634645806087905 -0.02930177679241765 0.021096328128861416 0.0068870521723812432 -0.003770723589243984 -0.017690240001076742 -0.0040111490095231499 0.029862719892586646 -0.00086389590578548432 0.0042963627844156589 0.022059031687426952 0.03151797148285166 0.030401521429810736 0.01678704796245711 -0.011991872040614223 -0.024026184623438973 -0.011323285307843749 0.023038776638587648 -0.0030525638602959633 -0.018104518077836054 -0.014171745648446135
leaf_weight=92.641766283661127 12.914202243089674 141.70250379294157 101.19837306067348 107.31305881217122 402.65143728815019 20.231100302189589 10.079327102750538 14.851531554013489 17.616393946111202 15.900351636111735 25.789906568825245 32.553941175341606 37.893718756735325 509.38406247831881 56.881569981575012 17.789887957274914 20.452508956193924 37.471537463366985 422.58771246299148 14.409834844991567 78.32600574940443 14.238558664917944 88.565239328891039 10.779961891472338 32.172406762838364 94.985751576721668 42.766053415834904 102.07566064596176 11.974922105669974 313.28440823405981
leaf_count=1020 91 817 674 1031 2568 116 78 110 118 84 105 228 169 4061 249 82 108 195 1761 135 627 84 380 108 133 739 235 619 58 2958
internal_value=0 -0.00147386 -0.00324652 -0.00400399 0.000400957 -0.0057814 -0.00242262 0.0149867 0.00641392 -0.000135679 -0.0118225 0.0106267 0.0216402 -0.00313608 -0.00392213 -0.00243288 0.0146888 0.00359317 0.0017684 -0.00883137 0.0273692 0.00881791 0.0116078 0.00767675 -0.00885608 -0.00804346 -0.00251199 0.0029005 0.0137175 -0.0114456
internal_weight=0 2665.64 1975.31 1859.87 535.154 1324.72 634.818 235.846 104.775 87.1584 41.6903 45.4681 131.071 624.739 604.508 547.626 38.2424 690.327 564.29 132.503 93.1775 115.437 126.037 25.1898 689.901 657.729 251.802 156.817 54.741 405.926
internal_count=19741 18209 15056 14298 3842 10456 4694 1532 626 508 189 319 906 4616 4500 4251 190 3153 2578 1274 737 758 575 243 5762 5629 1651 912 293 3978
is_linear=0
shrinkage=0.04


Tree=67
num_leaves=31
num_cat=0
split_feature=31 27 23 3 23 0 1 28 0 0 34 34 0 27 25 27 16 26 0 14 28 7 0 1 4 29 8 27 0 7
split_gain=29.5863 14.6209 13.1129 10.1641 8.78938 7.15939 7.67517 7.71148 8.57487 8.51727 6.90688 12.9451 6.89632 6.85707 6.41595 6.57859 6.16009 5.96951 7.82204 7.0771 6.8757 6.03996 8.40193 5.81588 5.78232 5.90304 6.80637 5.74059 5.42638 5.41322
threshold=0.47407408058643347 3.9598599672317509 1.0000000180025095e-35 1.5000000000000002 1.0000000180025095e-35 8.2521843910217303 3.5000000000000004 -0.6035533845424651 7.7815537452697763 7.2696108818054208 11.500000000000002 17.500000000000004 7.7815537452697763 4.132763385772706 0.34999999403953558 3.2047748565673833 77.47391510009767 1.0000000180025095e-35 6.1653625965118417 0.89587974548339855 -0.7865660786628722 1.0000000180025095e-35 7.7169036865234384 1.5000000000000002 0.89924168586730968 0.91597560048103344 5.5000000000000009 5.195730686187745 8.233767509460451 0.57499998807907116
decision_type=2 2 2 2 2 2 2 2 2 2 2 2 2 2 2 2 2 2 2 2 2 2 2 2 2 2 2 2 2 2
left_child=2 4 3 10 14 6 7 9 -9 -3 24 -12 -4 -13 15 29 28 18 20 21 -5 -19 -23 -16 -1 26 -26 -20 -17 -2
right_child=1 5 12 17 -6 -7 -8 8 -10 -11 11 13 -14 -15 23 16 -18 19 27 -21 -22 22 -24 -25 25 -27 -28 -29 -30 -31
leaf_value=-0.010321359753860941 -0.010713696558887187 0.0017700088013382048 0.010318811171271477 0.025793047736088214 0.028520628302963116 -0.028559800320939802 0.031007981766308288 0.0035943431000812786 0.038329609063852105 -0.021841268382225724 0.040289819583001159 0.015755238847541746 -0.008835849192297884 -0.015860120618752565 0.0014723549499983135 0.020134374703997222 -0.0013615810449944552 0.00031050453646330902 -0.002790517560302646 -0.0066531487955432522 0.0006024314712918873 0.0084204665528410955 0.03752853105877739 0.031231093870957159 0.0056010410221185736 0.019546835796744485 -0.0075819731081779038 -0.020363647251819637 -0.0074361413593560313 0.011687771268334587
leaf_weight=430.0698932595551 44.433504018932581 61.40256317704916 187.84016136080027 25.914907013997436 53.057090990245342 10.665186941623686 12.021535113453863 100.08817369490862 10.916716150939463 38.316880717873573 12.27437252551317 16.083874825388193 34.144255578517914 26.09260892868042 14.631889395415781 98.276816938072443 38.66935920342803 132.3388760574162 796.64072129130363 80.902519181370735 46.008690394461155 139.31287860125303 16.293276414275169 37.227649927139282 79.878615148365498 15.097653619945048 269.35424627922475 28.976296342909336 11.859546303749083 25.528357326984406
leaf_count=3505 210 435 926 227 342 28 71 621 47 186 60 95 106 167 90 612 249 963 5504 630 413 718 58 239 395 124 2290 181 38 191
internal_value=0 0.0083554 -0.00188695 -0.00285917 0.0138316 0.000708328 0.00235138 0.0004404 0.00762828 -0.00755361 -0.00624041 0.00734224 0.00731997 -0.00363624 0.0107636 0.00763176 0.0123376 -0.000586483 -0.00234617 0.00368505 0.0101312 0.00661557 0.0119059 0.0232013 -0.00718751 -0.00345205 -0.00455195 -0.00345499 0.0170859 -0.00244198
internal_weight=0 557.095 2337.22 2115.24 323.684 233.411 222.746 210.724 111.005 99.7194 848.851 54.4509 221.984 42.1765 270.627 218.768 148.806 1266.39 897.541 368.848 71.9236 287.945 155.606 51.8595 794.4 364.331 349.233 825.617 110.136 69.9619
internal_count=19721 3359 16362 15330 1971 1388 1360 1289 668 621 6636 322 1032 262 1629 1300 899 8694 6325 2369 640 1739 776 329 6314 2809 2685 5685 650 401
is_linear=0
shrinkage=0.04


Tree=68
num_leaves=31
num_cat=0
split_feature=22 23 7 0 2 6 8 0 34 30 20 6 6 1 20 3 26 16 34 16 4 36 0 6 8 16 1 2 0 31
split_gain=29.5782 15.4849 11.4021 7.79249 11.5907 9.83902 7.82824 7.21084 7.43406 7.43009 8.33887 6.68573 6.23111 6.1598 5.84845 5.60034 6.89494 5.45662 5.32387 5.09835 8.46201 9.88405 5.8947 7.45019 4.95254 6.8945 7.99342 6.45001 5.07166 4.76731
threshold=0.5671176314353944 1.0000000180025095e-35 0.57499998807907116 7.3814969062805185 611.50000000000011 5.9094398021698007 7.5000000000000009 7.9323606491088876 12.500000000000002 3.4175922870635991 0.25690476596355444 6.4838714599609384 3.9415346384048466 1.5000000000000002 0.6350294053554536 1.5000000000000002 1.0000000180025095e-35 12.892439842224123 11.500000000000002 128.90168762207034 0.84628677368164074 1.2764318585395815 7.8103506565094003 5.5353620052337655 7.5000000000000009 69.736694335937514 2.5000000000000004 710.50000000000011 7.618739366531373 0.4083333313465119
decision_type=2 2 2 2 2 2 2 2 2 2 2 2 2 2 2 2 2 2 2 2 2 2 2 2 2 2 2 2 2 2
left_child=1 2 7 14 5 -5 -6 9 12 10 13 15 -9 29 -2 18 -17 -12 -4 22 21 -21 -15 -24 28 26 -26 -27 -3 -1
right_child=3 24 11 4 6 -7 -8 8 -10 -11 17 -13 -14 19 -16 16 -18 -19 -20 20 -22 -23 23 -25 25 27 -28 -29 -30 -31
leaf_value=-0.0059288789499276039 0.0069780324167454735 0.016342606714563706 -0.0056510912172710193 0.0069949681817941724 0.023234221055991232 -0.036141473060450555 -0.0054055450083115263 0.010528573445855624 0.011004944206371513 -0.026538374319012105 0.024590266923353168 0.027181593693189465 -0.017368068647930748 -0.000769879011859157 0.03163163589250198 0.00077963753971940558 0.012164112989695315 0.0027401499699371864 0.015816056233663181 -0.0062701144014229186 -0.020062045260695403 0.041339824620667306 -0.00026707415673386423 0.039860584190303229 0.0012410848495959706 -0.00043536694984238678 0.032349880918831272 -0.035420505635495918 -0.00082403051379145557 -0.028693751173977395
leaf_weight=754.63194329105318 23.172334115952253 115.90642311796546 198.6119481138885 18.015053994953636 57.605145022273064 13.118388138711451 19.64529487490654 12.792217947542666 18.628437295556068 19.728423595428467 19.075763981789351 14.6060778722167 137.37771075218916 579.22700522467494 53.640936650335789 279.85112603753805 120.51613352075219 143.86059014126658 18.4315185546875 28.911520507186651 52.237701056525111 7.0420357361435881 16.753219254314903 11.226510874927042 62.650071956217289 23.3171571418643 14.80806142836809 11.252768002450464 35.683584041893482 13.174127001315354
leaf_count=6661 172 575 898 101 415 63 77 63 65 101 90 71 684 4493 481 1342 539 1063 86 280 550 42 83 67 303 137 66 59 115 93
internal_value=0 -0.00149732 -0.00249136 0.0149422 0.00780439 -0.0122654 0.0159983 -0.00410172 -0.011932 -0.00328515 -0.00297078 0.00213069 -0.0148845 -0.00392764 0.0245602 0.00145221 0.00424995 0.00556541 -0.00370032 -0.00119503 -0.0100691 0.00474204 0.000122673 0.0174187 0.00767786 0.00125875 0.00785288 -0.0131376 0.0123435 -0.00639302
internal_weight=0 2710.3 2446.68 185.197 108.384 31.1334 77.2504 1814.67 168.798 1645.87 1626.14 632.017 150.17 1463.2 76.8133 617.411 400.367 162.936 217.043 695.398 88.1913 35.9536 607.207 27.9797 263.618 112.028 77.4581 34.5699 151.59 767.806
internal_count=19835 18526 17271 1309 656 164 492 14335 812 13523 13422 2936 747 12269 653 2865 1881 1153 984 5515 872 322 4643 150 1255 565 369 196 690 6754
is_linear=0
shrinkage=0.04


Tree=69
num_leaves=31
num_cat=0
split_feature=22 23 3 25 25 6 23 20 18 8 25 5 6 2 6 22 2 30 18 2 4 4 5 2 6 4 1 2 28 4
split_gain=26.6068 12.094 9.8116 8.22316 7.97877 9.33416 7.57902 9.43243 8.58858 8.4509 7.44659 6.6616 6.1422 6.11172 5.74513 5.50698 9.21385 5.44842 7.04796 6.78536 5.17504 13.0201 6.37083 6.55342 7.72744 7.94541 7.88723 7.82614 7.56382 7.88473
threshold=0.51148718595504772 1.0000000180025095e-35 1.5000000000000002 0.34999999403953558 0.34999999403953558 5.3351285457611093 1.0000000180025095e-35 0.83317893743515026 7.5000000000000009 7.5000000000000009 0.34999999403953558 0.33569559454917913 4.388237953186036 557.50000000000011 4.424828529357911 0.41083332896232611 724.50000000000011 3.4175922870635991 3.5000000000000004 619.50000000000011 0.891168773174286 0.90998974442482006 0.13639418780803683 398.50000000000006 4.8322978019714364 0.87510555982589733 3.5000000000000004 934.50000000000011 -0.7865660786628722 0.86999163031578075
decision_type=2 2 2 2 2 2 2 2 2 2 2 2 2 2 2 2 2 2 2 2 2 2 2 2 2 2 2 2 2 2
left_child=1 2 12 6 20 14 7 8 9 17 11 -3 -1 -5 -6 -14 -17 18 19 -2 22 -22 -4 -24 28 26 27 -26 29 -25
right_child=3 10 4 13 5 -7 -8 -9 -10 -11 -12 -13 15 -15 -16 16 -18 -19 -20 -21 21 -23 23 24 25 -27 -28 -29 -30 -31
leaf_value=-0.012829563630114577 -0.011458029935555881 0.0037543598488550098 -0.011085460452338771 -0.0023806168822243434 0.015143542435151675 0.025458595532800755 0.025174368447535636 -0.026746534342840446 0.023314347635755333 -0.019785953614655367 0.032494735785893514 0.030740613551312194 -0.0043550962048262429 0.032996365392879867 -0.0097643947559688873 -0.0030677584501518119 0.033537965251453673 0.021984297984857938 -0.026576194472065235 0.02241406274779878 0.01664282192262858 -0.0044498759019662984 -0.013036990682715218 0.0091959163487296217 0.0020683444446705601 0.02886751309222035 0.024977476042389125 -0.020643605224570455 -0.0089162854875733787 -0.015986062402591913
leaf_weight=131.19296431168914 14.851802766323088 225.52079546824098 97.508401535451412 9.1242861673235875 23.483404640108347 40.659086301922798 35.064268872141838 11.858841344714163 38.599887613207102 21.309634402394295 15.777566716074942 13.737600594758986 761.22449005581439 43.444994427263737 33.404967688024044 31.044929847121239 14.794752046465872 25.383363589644432 10.458622287958859 20.16834868490696 88.667317159473896 95.468150038272142 60.842640932649374 88.931914987042546 614.84911276958883 16.132626436650753 21.098517501726747 23.275210425257683 222.72258970886469 23.536670885980129
leaf_count=878 77 1060 779 61 113 233 248 91 272 87 67 69 6021 318 172 177 76 204 70 111 598 693 473 534 4283 120 126 165 1344 150
internal_value=0 -0.000792677 -0.00167848 0.0133274 0.000384045 0.0113136 0.0090289 0.00476646 0.00798402 0.00120516 0.00745287 0.00554583 -0.00486126 0.0269939 0.000682663 -0.00353746 0.00965491 0.00788744 -0.000575172 0.00820619 -0.000419462 0.00577665 -0.00140373 -0.00050357 0.000275298 0.00273781 0.00201298 0.00117803 -0.00467307 0.00373877
internal_weight=0 2643.87 2388.84 230.264 1450.58 97.5475 177.695 142.631 130.772 92.1718 255.036 239.258 938.257 52.5693 56.8884 807.064 45.8397 70.8621 45.4788 35.0202 1353.03 184.135 1168.9 1071.39 1010.55 675.355 659.223 638.124 335.191 112.469
internal_count=19670 18131 16935 1539 9783 518 1160 912 821 549 1196 1129 7152 379 285 6274 253 462 258 188 9265 1291 7974 7195 6722 4694 4574 4448 2028 684
is_linear=0
shrinkage=0.04


Tree=70
num_leaves=31
num_cat=0
split_feature=25 7 34 27 22 20 4 27 0 2 2 36 2 6 28 1 22 6 2 2 3 4 2 36 0 6 34 3 2 2
split_gain=27.0603 15.7839 13.6702 13.4928 11.8332 10.7747 9.73599 12.3203 8.98141 8.86049 7.09275 6.74871 6.70453 9.06221 7.7014 6.17379 6.63451 5.97851 7.4173 6.1245 7.034 9.19666 5.87534 5.83519 6.15733 5.61965 5.58321 5.22084 5.12145 9.65039
threshold=0.34999999403953558 0.25000000000000006 4.5000000000000009 3.6415249109268193 0.21589706093072894 0.84527778625488292 0.66450887918472301 4.0333549976348886 7.9323606491088876 521.50000000000011 597.50000000000011 0.38429674506187445 671.50000000000011 5.4488878250122079 -0.6035533845424651 3.5000000000000004 0.10918604582548143 4.2555875778198251 382.50000000000006 629.50000000000011 1.5000000000000002 0.89175492525100719 891.50000000000011 1.799444377422333 7.618739366531373 4.8162329196929941 22.500000000000004 3.5000000000000004 693.50000000000011 789.50000000000011
decision_type=2 2 2 2 2 2 2 2 2 2 2 2 2 2 2 2 2 2 2 2 2 2 2 2 2 2 2 2 2 2
left_child=1 6 12 4 10 22 7 -1 15 -4 -3 -5 -2 14 -14 16 -8 19 -19 -13 -21 -22 23 24 -6 -17 28 -20 -10 -30
right_child=2 3 9 11 5 -7 8 -9 26 -11 -12 17 13 -15 -16 25 -18 18 27 20 21 -23 -24 -25 -26 -27 -28 -29 29 -31
leaf_value=0.028359311121914116 -0.0024696787070136741 -0.027861688618650061 -0.001224830428672871 0.014381674901341724 0.014569515722458038 -0.021991692724174554 -0.02700766794995094 -0.0030258786937112083 -0.022024962775257447 0.030717563137574854 0.0064653239205031167 -0.015229339745154368 0.020931743524418261 0.033551102063644173 -0.014783079582709609 -0.009993960115366303 -0.0030475750494824822 -0.015743510310434021 0.0014211158628006843 -0.016150589318916476 -0.0031331514422342087 0.031605715461499505 0.036301207318707812 0.031955061817420791 -0.014198245192991305 0.020279246371460068 0.010078197947613299 0.012892123296554599 0.011373554360649674 -0.021853199885386553
leaf_weight=32.60906564258039 75.655216045677662 14.151356309652327 16.615830957889557 55.19943349994719 82.269477475434542 8.8725070506334287 16.818971624597907 46.64004366286099 80.458942845463753 78.411529064178467 22.430898398160934 72.45294276624918 16.13650293648243 23.373627670109272 18.697563171386719 12.495036020874975 1210.2780919708312 35.343062531203032 652.66342769190669 23.694451965391636 33.097179643809795 17.019397214055061 27.692603558301926 25.81440681219101 12.226623877882956 31.208830375224352 13.461035072803496 68.420170828700066 25.615355357527733 26.573614783585072
leaf_count=211 429 88 102 393 541 70 208 350 427 507 109 350 74 122 81 72 10457 204 3399 112 141 73 192 124 69 224 46 345 131 116
internal_value=0 -0.00050349 0.0137746 0.00301431 0.0125925 0.0173303 -0.00321097 0.0102685 -0.0039783 0.0252222 -0.00756955 0.00105766 0.0053965 0.015363 0.00199964 -0.00288669 -0.00341939 0.000212906 0.00164855 -0.00713385 0.00100482 0.0094242 0.0199493 0.0156535 0.0106302 0.0115655 -0.0133056 0.00254219 -0.015793 -0.005727
internal_weight=0 2647.51 228.89 1151.35 193.458 156.876 1496.16 79.2491 1416.91 95.0274 36.5823 957.89 133.863 58.2077 34.8341 1270.8 1227.1 902.691 756.427 146.264 73.811 50.1166 148.003 120.311 94.4961 43.7039 146.109 721.084 132.648 52.189
internal_count=19767 18452 1315 6210 1193 996 12242 561 11681 609 197 5017 706 277 155 10961 10665 4624 3948 676 326 214 926 734 610 296 720 3744 674 247
is_linear=0
shrinkage=0.04


Tree=71
num_leaves=31
num_cat=0
split_feature=31 25 0 25 2 36 4 3 6 22 13 0 6 27 27 8 36 36 36 36 21 2 15 28 2 2 2 20 2 27
split_gain=27.6272 13.6585 11.5858 11.4275 10.8499 10.1115 8.99762 8.90229 7.32009 7.02101 6.50145 10.5173 7.8926 7.12857 5.991 5.81408 7.18981 5.81367 9.23942 5.71912 5.69616 5.55553 5.86498 5.64921 7.48263 6.23947 5.37341 5.31002 6.55932 5.30671
threshold=0.47407408058643347 0.34999999403953558 6.8936436176300058 0.27500000596046453 555.50000000000011 1.0341922044754031 0.66450887918472301 1.5000000000000002 6.310826539993287 0.10918604582548143 1.0000000180025095e-35 7.9915907382965097 5.0845003128051767 5.0009214878082284 5.113492727279664 7.5000000000000009 2.4937912225723271 1.6424235701560976 1.6093621850013735 1.3326571583747866 1.5000000000000002 631.50000000000011 0.4291666597127915 -0.6035533845424651 924.50000000000011 876.50000000000011 382.50000000000006 0.28611111640930181 838.50000000000011 3.7412339448928837
decision_type=2 2 2 2 2 2 2 2 2 2 2 2 2 2 2 2 2 2 2 2 2 2 2 2 2 2 2 2 2 2
left_child=2 6 8 7 -3 29 27 14 26 -9 13 12 -12 20 17 21 -17 18 -4 -16 -7 -8 23 24 -23 -25 -1 -2 -29 -5
right_child=1 4 3 5 -6 10 15 9 -10 -11 11 -13 -14 -15 19 16 -18 -19 -20 -21 -22 22 -24 25 -26 -27 -28 28 -30 -31
leaf_value=-0.013716821885126998 -0.0085410988136795461 -0.0038216872687342001 -0.00984514851485945 -0.021349507848470724 0.030238611732293214 0.0066415646238815098 -0.00042845378160995788 -0.030591000856354241 0.017073519172080151 -0.0020086903860361237 0.024893381282774102 -0.035693270841314122 -0.00817160395732211 -0.014355519236363044 -0.0063463602759095726 -0.00040280129586775781 -0.028760424401695923 -0.01960516980007497 0.030221461281471847 0.033369084781450134 0.027464324941493912 -0.009248568158267436 0.028146934551127198 0.022005647428717499 0.022673752052361704 -0.0032230332347882402 0.0019264716107948673 0.031599138521793184 0.0030505420036271596 -0.0037675020190887933
leaf_weight=35.000935109332204 8.9986509978771192 18.693047009408474 334.00774129480124 31.388084754347801 65.485113956034184 281.97804419696331 115.47808577120304 12.154971592128275 47.292054615914822 504.00810026377439 14.377558499574659 13.715940117835997 37.24362014234066 22.259308844804764 13.303663048893215 108.8149128742516 14.481076270341871 105.16856867074966 7.5693400129675856 7.6362121477723113 21.064886383712292 46.715589135885239 25.068276416510344 52.211963571608067 13.490837141871451 21.41694213077426 698.08407116867602 40.341779699549079 19.167738616466522 162.78299901634455
leaf_count=344 49 107 2858 187 427 1233 676 92 482 3251 80 51 207 88 120 679 37 569 48 46 76 261 171 282 80 133 5807 303 152 982
internal_value=0 0.00811289 -0.00182833 -0.0038081 0.0227618 0.00061976 0.00538182 -0.00643598 0.00215081 -0.00279724 0.00432285 -0.00703837 0.00162267 0.00663382 -0.0104229 0.00303019 -0.00413931 -0.0114094 -0.00878652 0.00978336 0.00825956 0.00625851 0.011063 0.00749571 -0.00159652 0.014776 0.0011443 0.0185595 0.0228019 -0.00679835
internal_weight=0 550.364 2349.04 1568.66 84.1782 584.81 466.186 983.849 780.377 516.163 390.639 65.3371 51.6212 325.302 467.686 397.678 123.296 446.746 341.577 20.9399 303.043 274.382 158.904 133.835 60.2064 73.6289 733.085 68.5082 59.5095 194.171
internal_count=19878 3357 16521 9888 534 2904 2823 6984 6633 3343 1735 338 287 1397 3641 2319 716 3475 2906 166 1309 1603 927 756 341 415 6151 504 455 1169
is_linear=0
shrinkage=0.04


Tree=72
num_leaves=31
num_cat=0
split_feature=31 23 29 25 2 7 29 5 36 36 6 29 29 4 36 29 25 15 20 2 27 2 6 6 4 25 15 3 5 36
split_gain=24.012 15.4745 12.49 11.7832 12.2418 9.83926 7.69878 9.3978 8.5373 7.66212 7.04057 7.75313 6.50916 6.40682 6.32506 9.36939 9.17502 7.57346 10.3768 9.06629 8.48626 6.07484 5.84753 5.67727 5.58461 6.85051 9.07617 5.56593 5.76307 5.55383
threshold=0.28991597890853887 1.0000000180025095e-35 -0.91597560048103321 0.34999999403953558 543.50000000000011 1.0000000180025095e-35 -0.7865660786628722 0.26240158081054693 1.5790605545043948 0.53459665179252636 5.6818761825561532 1.0000000180025095e-35 0.91597560048103344 0.91294410824775707 0.8314935863018037 -0.12940952181816107 0.23499999940395358 0.21374999731779101 0.12099999934434892 730.50000000000011 3.9249387979507451 806.50000000000011 6.4960203170776376 5.7667560577392587 0.89663648605346691 0.31000000238418585 0.4291666597127915 1.5000000000000002 0.19652529060840609 1.8443947434425356
decision_type=2 2 2 2 2 2 2 2 2 2 2 2 2 2 2 2 2 2 2 2 2 2 2 2 2 2 2 2 2 2
left_child=5 3 -3 6 -5 12 8 9 -2 -8 11 -6 14 -14 -1 16 -16 18 -18 23 -19 -21 27 -20 25 26 29 28 -7 -11
right_child=1 2 -4 4 10 22 7 -9 -10 24 -12 -13 13 -15 15 -17 17 20 19 21 -22 -23 -24 -25 -26 -27 -28 -29 -30 -31
leaf_value=-0.0018526625515929524 0.0041958474153710934 -0.010266229174605053 0.029922393224712827 -0.012340960207564332 -0.0045489946432370068 -0.0024891801908946782 0.013385896707696455 0.0086882335335865049 0.028401494914102616 -0.012464892875621981 0.042162714595236642 0.033866028325779229 0.0020870643707027467 0.038127782912973515 -0.01040634100862922 -0.014270668341343069 -0.024023754606288878 0.013554573335261612 0.018837745253623753 0.059052392575862228 -0.011781726533283608 0.014821509132110855 0.018667112026819657 -0.0084644613303857703 0.0081079425301268 0.0092733041348906416 0.0091002031228535254 0.0022226506661944577 -0.024818407994776887 -0.031657557348463566
leaf_weight=404.91748372837901 92.264376420527697 14.06749329343438 66.123848959803581 14.559608660638331 17.572329759597782 474.89724403619766 28.825621325522661 106.87869322299957 29.623911052942276 113.13042520731688 25.762303657829762 13.425113573670385 47.621646977961063 7.524897512048482 182.93893267959356 247.95427279919386 9.5451807230710966 27.392358794808388 24.722774222493172 9.3788077086210269 74.361360162496567 12.090131275355814 25.039718471467495 20.776554130017757 28.614876851439476 23.375273443758488 23.719118468463421 669.29650588706136 17.289073266088963 31.030116096138954
leaf_count=4245 631 79 427 82 100 2905 245 724 130 682 179 89 389 62 1563 1806 69 142 175 64 376 74 151 151 162 108 126 3687 104 105
internal_value=0 0.00659636 0.0227941 0.00415527 0.0190881 -0.00223007 0.00185441 -0.00113141 0.0104424 -0.00538712 0.0272957 0.0131329 -0.00500917 0.00816719 -0.00574038 -0.00831008 -0.00416231 0.00228972 0.0116417 0.0172744 -0.00483132 0.0375297 0.0002785 0.00653916 -0.0079468 -0.0104079 -0.0132252 -0.000149336 -0.00337081 -0.0169727
internal_weight=0 628.973 80.1913 548.782 71.3194 2255.75 477.462 355.574 121.888 248.695 56.7597 30.9974 1069.22 55.1465 1014.08 609.16 361.206 178.267 76.5134 66.9683 101.754 21.4689 1186.52 45.4993 219.87 191.255 167.88 1161.48 492.186 144.161
internal_count=19832 3869 506 3363 450 15963 2913 2152 761 1428 368 189 9116 451 8665 4420 2614 1051 533 464 518 138 6847 326 1183 1021 913 6696 3009 787
is_linear=0
shrinkage=0.04


Tree=73
num_leaves=31
num_cat=0
split_feature=23 7 32 31 20 4 20 0 0 16 25 13 34 1 36 0 6 36 0 27 27 8 6 0 25 36 27 0 36 34
split_gain=21.0862 12.5609 13.443 12.5329 7.295 6.41636 6.97967 6.28005 13.7793 8.60522 11.2733 8.67224 8.57635 8.40158 8.86856 8.86519 8.17927 9.76809 11.181 8.42542 8.15357 7.58228 7.05889 6.75308 6.70612 8.83747 6.19399 6.08528 5.70335 5.05151
threshold=1.0000000180025095e-35 0.57499998807907116 11.500000000000002 0.47407408058643347 0.84494188427925121 0.66450887918472301 0.28611111640930181 7.8617253303527841 7.7815537452697763 12.892439842224123 0.31000000238418585 1.0000000180025095e-35 3.5000000000000004 2.5000000000000004 0.43582546710968023 6.0062773227691659 5.0720391273498544 1.5622174739837649 6.9716575145721444 3.5452966690063481 4.7383890151977548 7.5000000000000009 3.9019216299057011 8.0943770408630389 0.17500000447034839 1.6728793978691103 4.1502518653869638 7.9710843563079843 0.23911438137292865 5.5000000000000009
decision_type=2 2 2 2 2 2 2 2 2 2 2 2 2 2 2 2 2 2 2 2 2 2 2 2 2 2 2 2 2 2
left_child=1 5 -3 -2 -4 6 -1 8 13 10 27 12 -11 15 -15 22 19 18 26 -16 -21 -14 -7 -23 -10 -26 -18 -9 -24 -5
right_child=3 2 4 29 -6 7 -8 9 24 11 -12 -13 21 14 16 -17 17 -19 -20 20 -22 23 28 -25 25 -27 -28 -29 -30 -31
leaf_value=-0.00019174544197212239 0.0053153008431877993 0.0018390314917472079 0.026450347039569597 0.0064945975968159677 -0.011251387697611467 -0.016710472513434708 0.022303634914372431 0.008440592889943992 -0.0038611862714059641 -0.027053371129780266 0.023343994688875717 -0.028816123966496084 -0.014176680614263502 -0.019917453512184144 0.02626930543145066 -0.0049534709387381798 0.0071349319899470486 0.050332387833786997 -0.0005247585888365307 -0.015542654293430578 0.018570781848427396 -0.0019218981958509435 -0.0052679844083613359 0.037824352830935888 0.008147603364088974 0.045201439082572473 0.03741852436445775 -0.014173326434791786 0.031211546383645716 0.03020160788433009
leaf_weight=67.168422766029835 218.94414068385959 638.46562160179019 53.413250952959061 20.929883345961571 8.4873129129409772 8.1825672015547735 30.842117346823215 25.296986594796181 18.184664808213711 20.673945799469948 21.611393742263317 51.596874848008156 20.859369285404682 20.346698697656393 10.924919888377188 1223.2157966252416 20.166723690927029 8.3808215707540494 71.22290487959981 54.613016422837973 12.187281072139738 13.972464464604856 8.6254187840968353 11.062730297446249 24.769942991435528 17.094915300607681 24.530301105231047 63.4751301035285 23.862905310466886 55.407641157507896
leaf_count=495 1036 2983 493 104 71 70 217 142 120 117 83 252 102 222 63 10464 173 42 505 343 80 81 125 59 142 87 198 289 253 396
internal_value=0 -0.000967649 0.00359576 0.0102835 0.0210906 -0.00267617 0.0071916 -0.00322856 -0.00230687 -0.00939043 -0.0013028 -0.016798 -0.00691403 -0.00307409 0.00406886 -0.00433529 0.00665617 0.0129449 0.00943402 -0.00347342 -0.00895996 0.00290893 0.013618 0.0171403 0.0161692 0.0246491 0.0246457 -0.00768515 0.0217826 0.0240335
internal_weight=0 2573.23 700.366 295.282 61.9006 1872.87 98.0105 1774.86 1546.31 228.549 110.384 118.165 66.5685 1486.26 222.373 1263.89 202.026 124.301 115.92 77.7252 66.8003 45.8946 40.6709 25.0352 60.0495 41.8649 44.697 88.7721 32.4883 76.3375
internal_count=19807 18271 3547 1536 564 14724 712 14012 12887 1125 514 611 359 12538 1626 10912 1404 918 876 486 423 242 448 140 349 229 371 431 378 500
is_linear=0
shrinkage=0.04


Tree=74
num_leaves=31
num_cat=0
split_feature=31 25 23 3 5 6 29 27 8 25 7 29 26 27 27 4 36 28 36 36 4 30 8 6 3 14 36 27 5 27
split_gain=18.629 12.6968 10.543 9.96283 8.60487 5.37015 5.37693 5.01256 5.01468 4.82394 4.76297 7.41452 5.06845 7.17108 7.65765 5.01814 9.10285 6.49086 5.38524 5.01389 4.55639 8.4931 5.41158 5.30627 5.63664 9.98627 4.76682 5.30293 4.70205 4.51515
threshold=0.47407408058643347 0.34999999403953558 1.0000000180025095e-35 2.5000000000000004 0.12989351153373721 5.9388537406921396 -0.37940952181816096 4.9631943702697763 5.5000000000000009 0.31000000238418585 0.57499998807907116 0.60355338454246532 1.0000000180025095e-35 3.8928396701812749 3.9328050613403325 0.95948326587677013 1.2060943245887759 -0.37940952181816096 2.4937912225723271 0.37051604688167578 0.90898686647415172 1.0000000180025095e-35 6.5000000000000009 4.2835628986358651 1.5000000000000002 0.89587974548339855 1.4209429621696474 4.7685635089874276 0.091864019632339491 5.2493896484375009
decision_type=2 2 2 2 2 2 2 2 2 2 2 2 2 2 2 2 2 2 2 2 2 2 2 2 2 2 2 2 2 2
left_child=3 2 5 10 -4 -2 -7 9 -9 -5 12 19 15 -14 -15 18 17 -17 29 -12 23 22 -22 -16 -25 26 27 -26 -23 -1
right_child=1 -3 4 7 -6 6 -8 8 -10 -11 11 -13 13 14 20 16 -18 -19 -20 -21 21 28 -24 24 25 -27 -28 -29 -30 -31
leaf_value=-0.0059235779773474774 0.0048517527170318436 0.021280078334714229 -0.011804931747461783 0.0024325536487302293 0.026333453169870048 -0.014511019786290442 0.002352743190199064 0.0089078370457620383 -0.017025687199482133 0.012411178466557173 0.0192362051914827 0.012701842010774775 -0.01001202636839999 0.035225620156663938 -0.021309503860924405 -0.026997391414037005 0.035071470506935203 0.017521877417016888 -0.019762999768362339 -0.002825514194061309 0.020036958743190433 0.0064072441413443185 -0.0088824645667588322 -0.0055493434391938861 0.001578489129319616 -0.011969781147314802 0.03258457258563989 0.030089606945412121 0.045946544146268808 0.013429935899467029
leaf_weight=836.99776465073228 290.058788664639 80.820482395589352 10.354534856975077 481.60166089236736 49.857929214835167 52.400018975138664 67.089645989239216 16.112294837832451 34.932976992800832 90.776537969708443 15.447240229696034 68.646226979792118 89.960911650210619 9.1899368204176408 17.211735844612122 9.9433084055781382 11.46658184379339 7.5230969004333046 42.895122706890106 299.57858140766621 13.294943336397408 8.6698279380798358 30.046503096818924 109.78115418367088 41.498170970007777 28.4599619936198 17.360483773052692 12.056941490620373 11.393685001879929 17.909282034263015
leaf_count=7450 1713 537 47 3012 338 331 435 77 226 427 104 308 674 65 111 88 65 67 184 1349 76 81 217 887 320 262 87 85 103 152
internal_value=0 0.00682674 0.00426042 -0.00134406 0.0196063 0.00191994 -0.00515969 0.0029746 -0.00881262 0.00405282 -0.00293005 0.000987475 -0.00407224 -0.000237371 0.0027509 -0.00567765 0.0102388 -0.00799201 -0.0062122 -0.00162919 0.00148659 0.0107877 0.000481066 -0.00119028 0.000651512 0.007476 0.0153943 0.0088494 0.0309904 -0.00548775
internal_weight=0 550.581 469.761 2322.75 60.2125 409.548 119.49 623.423 51.0453 572.378 1699.33 383.672 1315.66 388.924 298.963 926.735 28.933 17.4664 897.802 315.026 289.773 63.405 43.3414 226.368 209.157 99.3756 70.9156 53.5551 20.0635 854.907
internal_count=19878 3401 2864 16477 385 2479 766 3742 303 3439 12735 1761 10974 2968 2294 8006 220 155 7786 1453 2229 477 293 1752 1641 754 492 405 184 7602
is_linear=0
shrinkage=0.04


Tree=75
num_leaves=31
num_cat=0
split_feature=22 1 4 25 30 1 15 22 7 36 4 5 5 4 22 5 6 6 27 27 25 4 7 36 8 3 29 6 4 27
split_gain=19.9428 14.1196 13.0599 9.50321 9.28057 8.8732 8.85917 11.1435 8.79773 8.08166 13.662 11.1599 10.2933 10.4729 7.64521 7.29234 6.8218 11.0086 9.02686 8.54824 6.59121 6.0376 5.96554 6.39914 8.39877 6.48919 11.9371 6.28227 5.92781 5.92016
threshold=0.61041668057441723 1.5000000000000002 0.826532542705536 0.27500000596046453 3.0201274156570439 3.5000000000000004 0.33224999904632574 0.66628289222717296 0.42499999701976782 0.85538658499717724 0.87296524643898021 0.1342478543519974 0.12608382105827334 0.91096058487892162 0.85507842898368847 0.20000103861093524 5.1209788322448739 4.79990577697754 4.2647900581359872 3.9598599672317509 0.34999999403953558 0.85945415496826183 0.67499998211860668 0.63808181881904613 8.5000000000000018 1.5000000000000002 0.60355338454246532 5.2496488094329843 0.82155412435531627 4.132763385772706
decision_type=2 2 2 2 2 2 2 2 2 2 2 2 2 2 2 2 2 2 2 2 2 2 2 2 2 2 2 2 2 2
left_child=1 2 28 22 -4 9 7 -2 -9 16 15 12 13 29 -10 21 17 19 -19 -5 -18 -11 23 24 -3 -25 -27 -26 -1 -12
right_child=6 3 4 5 -6 -7 -8 8 14 10 11 -13 -14 -15 -16 -17 20 18 -20 -21 -22 -23 -24 25 27 26 -28 -29 -30 -31
leaf_value=9.5986987396100659e-05 0.027751931040877677 -0.00045951892786976216 -0.0064753888182605213 0.019899507457610578 -0.033415787993988387 0.023491980237706885 0.020821565945888798 -0.039820361447929178 0.013192348604700019 -0.01793944080022384 0.013359823981728769 0.037505556634206128 -0.013815329909177027 -0.00038411468900649537 -0.029699400076294076 0.0079419216596617326 -0.012520889202455877 0.00050034386921575145 0.049810017334275612 -0.01230185626452901 0.012965081430537309 0.00624106327779943 0.0086178484142852146 -0.009975775261208103 -0.0035809135746512435 -0.0047210574170289486 0.014194665482684381 0.031780063156268842 0.019992719098659788 0.042320437883442058
leaf_weight=418.94387873075902 14.847274519503115 129.66319924220443 922.19293781369925 16.855214193463326 19.066872082650661 38.715691782534122 92.641655180603266 9.9253218919038755 21.293529585003856 44.540544383227825 25.293459072709084 31.829578936100006 20.413182504475117 33.653214037418365 7.3072889596223822 82.411562636494637 97.278920389711857 10.296356886625292 12.173105150461195 42.056151002645493 17.719543565064669 24.337617553770542 83.603396665304899 216.41568240150809 11.060612125322221 280.59065995365381 63.821360379457474 24.180322282016277 23.412488097324967 23.345512121915817
leaf_count=2723 95 1329 7087 87 90 185 756 41 187 193 119 141 88 138 58 370 635 58 72 218 114 108 400 1646 120 1822 395 277 156 121
internal_value=0 -0.00160508 -0.00443125 0.00133669 -0.00709081 0.0055401 0.0134725 0.000425281 -0.0109558 0.00400768 0.00827788 0.0174514 0.0106387 0.0168886 0.00100898 -9.56264e-07 -0.00222827 0.0065405 0.0291022 -0.0027378 -0.00843938 -0.00946041 -0.00137578 -0.00254756 0.00434226 -0.00458165 -0.00115416 0.0210855 0.0012343 0.0283827
internal_weight=0 2713.87 1383.62 1330.25 941.26 520.92 146.015 53.3734 38.5261 482.204 285.825 134.535 102.705 82.2922 28.6008 151.29 196.379 81.3808 22.4695 58.9114 114.998 68.8782 809.335 725.732 164.904 560.828 344.412 35.2409 442.356 48.639
internal_count=19829 18692 10056 8636 7177 2647 1137 381 286 2462 1278 607 466 378 245 671 1184 435 130 305 749 301 5989 5589 1726 3863 2217 397 2879 240
is_linear=0
shrinkage=0.04


Tree=76
num_leaves=31
num_cat=0
split_feature=25 23 4 0 34 22 30 0 25 36 4 22 6 0 5 5 36 5 6 2 27 29 30 8 2 2 36 0 6 2
split_gain=24.9608 10.8403 8.64293 8.94026 8.29933 7.91759 7.84984 6.65195 7.63218 13.2833 11.0245 13.2415 10.356 8.88638 8.80375 7.40295 7.05406 6.93732 9.26285 10.7339 8.92122 6.86598 10.7364 6.72633 6.52451 9.9261 6.10339 6.27979 5.85116 6.37542
threshold=0.34999999403953558 1.0000000180025095e-35 0.67251640558242809 8.2702684402465838 47.500000000000007 0.11974025890231134 1.7005987167358401 6.873150348663331 0.27500000596046453 1.0011770725250246 0.87296524643898021 0.41083332896232611 5.9467277526855478 7.8022072315216073 0.35014969110488897 0.1695569381117821 2.0196555852890019 0.13639418780803683 5.4743669033050546 605.50000000000011 4.2099027633667001 -0.12940952181816107 1.8688347935676577 5.5000000000000009 825.50000000000011 718.50000000000011 2.1825598478317265 7.7815537452697763 6.1994938850402841 382.50000000000006
decision_type=2 2 2 2 2 2 2 2 2 2 2 2 2 2 2 2 2 2 2 2 2 2 2 2 2 2 2 2 2 2
left_child=1 4 -3 26 5 -1 -2 28 16 21 14 12 15 -14 23 17 -9 18 19 -12 -20 22 -10 -11 25 -18 27 -4 29 -7
right_child=6 2 3 -5 -6 7 -8 8 9 10 11 -13 13 -15 -16 -17 24 -19 20 -21 -22 -23 -24 -25 -26 -27 -28 -29 -30 -31
leaf_value=-0.011987023009089291 0.0067990337066659917 0.029659262130319951 0.0066868605416553007 -0.025833125942743878 0.014187109035649095 -0.017755861380153965 0.022531801369424835 -0.003919722753264519 0.0044748564537730072 0.0074901192391675486 -0.019430021670521384 0.048357427989531292 0.0079052138302045695 -0.028440152558225362 0.02316305098443738 -0.010223220319233482 -0.015103530959672401 0.035733043127678575 0.007116854297420345 0.016976280771431995 0.052490780037342949 -0.01875266814142823 -0.03358424561053764 -0.0097576471562384193 -0.031040735445940337 0.012656286228086136 0.029768873958225188 -0.013721189114068735 0.012761274350568674 0.0011616107236140591
leaf_weight=126.9917889777571 134.05338857322931 21.406690619885921 199.15699662268162 13.014104083180426 47.59714300185442 27.927384346723557 82.387359194457531 838.03680421411991 72.672331474721432 49.586485005915165 21.060418963432312 12.899873577058314 22.518102779984474 17.528050437569618 18.274419672787189 15.390204340219496 93.086550392210484 25.927607156336308 15.025152884423735 27.585554242134094 12.161045387387274 65.425806894898415 12.103408023715017 120.7774898186326 25.832742087543011 24.663730449974537 14.208934925496576 25.524273984134197 64.294326607137918 597.39028755575418
leaf_count=1123 734 150 1054 34 342 285 570 6364 453 208 100 53 134 66 102 66 454 120 78 115 69 403 70 567 102 117 56 93 655 5075
internal_value=0 -0.00113262 0.00637944 0.00418309 -0.0020092 -0.00235533 0.0129391 -0.00178383 -0.00328529 0.00068866 0.00486724 0.0121897 0.00865142 -0.00859912 -0.00179404 0.0145936 -0.00534286 0.0184717 0.0118033 0.00106994 0.0296198 -0.00922407 -0.00160764 -0.00470882 -0.0134812 -0.00917475 0.00601919 0.00426786 0.00146162 0.00026282
internal_weight=0 2628.07 273.311 251.904 2354.76 2307.16 216.441 2180.17 1490.56 508.936 358.734 170.096 157.196 40.0462 188.638 117.15 981.62 101.76 75.8322 48.646 27.1862 150.202 84.7757 170.364 143.583 117.75 238.89 224.681 689.612 625.318
internal_count=19812 18508 1387 1237 17121 16779 1304 15656 9641 2604 1678 801 748 200 877 548 7037 482 362 215 147 926 523 775 673 571 1203 1147 6015 5360
is_linear=0
shrinkage=0.04


Tree=77
num_leaves=31
num_cat=0
split_feature=34 27 26 2 8 22 8 5 22 25 27 2 9 30 15 5 27 27 3 22 22 10 2 36 36 2 36 20 27 2
split_gain=16.7769 14.2379 13.4179 11.5689 9.24966 8.52581 7.74948 7.26681 7.264 6.76939 6.45741 6.43351 6.3884 6.48888 13.0379 5.67873 5.6169 6.13546 5.5533 10.9583 5.52912 5.42875 7.19611 6.64513 6.91574 5.35387 4.97592 5.35636 4.96431 4.79823
threshold=11.500000000000002 4.1994547843933114 1.0000000180025095e-35 506.50000000000006 3.5000000000000004 0.19014285504817965 10.500000000000002 0.12344430014491083 0.13181395083665851 0.17500000447034839 3.1759661436080937 510.50000000000006 1.0000000180025095e-35 3.2769666910171513 0.34925000369548803 0.11240071430802347 4.4936797618865976 4.7099804878234872 2.5000000000000004 0.84992852807044994 0.27539215981960302 1.0000000180025095e-35 615.50000000000011 1.4775957465171816 1.2869091033935549 716.50000000000011 2.6865453720092778 0.25690476596355444 3.620332002639771 845.50000000000011
decision_type=2 2 2 2 2 2 2 2 2 2 2 2 2 2 2 2 2 2 2 2 2 2 2 2 2 2 2 2 2 2
left_child=2 12 3 7 -4 16 8 28 -5 15 20 -12 18 -14 -15 -6 -3 -18 19 -2 -10 -13 -23 24 -24 -8 27 -11 -1 -16
right_child=1 5 4 6 9 -7 25 -9 10 26 11 21 13 14 29 -17 17 -19 -20 -21 -22 22 23 -25 -26 -27 -28 -29 -30 -31
leaf_value=0.0085384657668121262 0.016466864540460563 -0.0088705398376072546 0.015414858345985522 -0.014191692026767691 -0.021937821249204587 -0.018262087371841002 0.0010319632066572461 -0.0052796490974904757 0.029113252711398706 0.0037877570308377509 0.022830261756727168 -0.0023267740964768718 0.02184372410528853 -0.021895722557135552 0.02219345312554654 -0.0015167541061341563 0.039967229245709751 -0.00077644015223000463 0.027764337157641452 -0.021468513200656524 -0.0041441095454541454 -0.0062636447618588179 0.0083818639644154397 0.024255995239358046 -0.021114496319846212 0.047983657565174365 -0.014626152021083487 0.01696790105760184 -0.021237078384391754 -0.0067964453699391808
leaf_weight=8.9224284216761571 108.38842414133251 17.674575049430132 97.684851288795471 61.950543062761426 24.657292125746608 40.523989256471395 7.1368931792676431 258.79336352460086 19.511101316660646 421.0008757263422 16.122423192486167 1062.2816177345812 22.971223153173923 28.087278969585896 25.867976628243923 121.24108516611159 10.183721989393236 11.345538493245838 58.071115780621767 11.961570445448158 12.020876124501227 63.972721014171839 93.773218121379614 35.396119870245457 12.727279245853422 6.7729998379945755 18.917026005685329 54.269974250346422 84.397677188739181 12.442789569497107
leaf_count=79 725 106 436 553 261 230 72 2039 120 2602 119 7866 98 120 132 1122 63 76 547 97 55 298 485 122 47 50 63 316 747 58
internal_value=0 0.00892185 -0.000438274 -0.00235107 0.0040769 -0.00580602 -0.00070747 -0.00880642 -0.00102653 0.00230396 -0.000386096 -0.000837267 0.0133172 0.00445455 -0.00202426 -0.00521797 0.00733096 0.0202551 0.0176579 0.0124072 0.0169436 -0.00117363 0.00474168 0.00972142 0.00453269 0.0270517 0.00453673 0.00535756 -0.0182708 0.0129079
internal_weight=0 347.518 2481.55 1743.78 737.771 79.7278 1391.67 352.113 1377.76 640.086 1315.81 1284.27 267.79 89.3693 66.398 145.898 39.2038 21.5293 178.421 120.35 31.532 1268.15 205.869 141.897 106.5 13.9099 494.188 475.271 93.3201 38.3108
internal_count=19704 2252 17452 12652 4800 475 9787 2865 9665 4364 9112 8937 1777 408 310 1383 245 139 1369 822 175 8818 952 654 532 122 2981 2918 826 190
is_linear=0
shrinkage=0.04


Tree=78
num_leaves=31
num_cat=0
split_feature=20 34 22 22 22 29 2 17 8 8 2 17 30 29 0 27 6 3 29 6 0 2 0 5 29 2 6 0 6 27
split_gain=20.1048 10.0236 11.2815 12.4438 7.56023 6.93393 5.7456 6.33215 9.63664 5.56723 5.61834 5.3462 9.695 5.22069 5.49217 6.91103 5.08535 5.61107 6.24913 5.10565 12.8031 4.991 5.77746 5.61203 5.47538 4.97914 5.65289 4.94603 4.89982 4.87446
threshold=0.25690476596355444 47.500000000000007 0.85905888676643383 0.70438247919082653 0.68400001525878917 -0.7865660786628722 589.50000000000011 1.5000000000000002 4.5000000000000009 9.5000000000000018 607.50000000000011 1.0000000180025095e-35 3.2769666910171513 0.91597560048103344 7.1747169494628915 4.5895485877990732 3.0677825212478642 1.5000000000000002 1.0000000180025095e-35 4.8322978019714364 7.5315487384796151 749.50000000000011 7.6898260116577157 0.13590360432863238 0.78656607866287243 655.50000000000011 5.7667560577392587 7.212287664413453 5.7219483852386483 4.1658892631530771
decision_type=2 2 2 2 2 2 2 2 2 2 2 2 2 2 2 2 2 2 2 2 2 2 2 2 2 2 2 2 2 2
left_child=6 2 3 4 11 -3 -1 9 -9 10 -8 12 -2 14 -13 -16 -12 18 19 20 29 22 23 -20 28 -11 -27 -28 -23 -18
right_child=1 5 -4 -5 -6 -7 7 8 -10 25 16 13 -14 -15 15 -17 17 -19 21 -21 -22 24 -24 -25 -26 26 27 -29 -30 -31
leaf_value=-0.0040598163402357354 0.02909207296598448 -0.00072015888696544883 -0.034763534787222168 0.024955927802004462 -0.027103471611602838 0.031372658841738205 0.0089984649347964862 0.018374806908290648 -0.024271055959947864 -0.0061567646040363222 -0.010873566215184441 0.0069481832149817322 -0.0079937181284791652 0.021461684610073851 -0.0074230549075059724 0.013465983275631985 -0.021318511698956186 0.0020346756665154181 -0.0015227862192289672 -0.0028843574413764941 0.0326704482681799 0.0021633876955918655 -0.031819770448193632 -0.028031899361906146 0.012297676157788142 0.027242543696959057 -0.019940384108515358 0.01467008556662081 -0.021360803155020931 0.0065807043246253957
leaf_weight=894.49226648546755 31.980179734528065 14.370121181011198 9.0625309981405717 48.234756112098694 10.330370932817457 39.985201673582196 98.066290874034166 9.4561526067554933 34.227195359766483 19.31509818136692 74.090320698916912 154.08328067325056 15.803318895399569 20.693671632558107 132.93488611280918 29.286436982452869 14.116064701229332 703.0975436847657 44.943772418424487 223.79151005297899 22.445490427315235 27.899973686784506 25.229186184704304 15.995212886482475 25.306754268705845 32.154917947947979 8.5810609757900256 15.62299035862088 26.099532604217529 24.777533665299416
leaf_count=6852 161 114 74 445 53 339 675 49 315 166 423 1130 80 119 655 148 104 4413 392 1634 114 170 121 133 167 237 95 104 187 169
internal_value=0 0.00722876 0.00522071 0.00619048 0.00378547 0.0231637 -0.00154414 1.63506e-05 -0.0146392 0.000493348 -0.000116236 0.00475062 0.0169984 0.00292395 0.00158392 -0.00353381 -0.000857695 -0.000196776 -0.00367221 -6.95634e-05 0.00996683 -0.00980499 -0.0163591 -0.00915053 -0.00245656 0.0109016 0.0167585 0.00181424 -0.00956336 -0.00409246
internal_weight=0 506.765 452.409 443.347 395.112 54.3553 2339.71 1445.22 43.6833 1401.53 1325.86 384.782 47.7835 336.998 316.305 162.221 1227.79 1153.7 450.605 285.131 61.3391 165.474 86.1682 60.939 79.3063 75.6741 56.359 24.2041 53.9995 38.8936
internal_count=19838 3318 2865 2791 2346 453 16520 9668 364 9304 8702 2293 241 2052 1933 803 8027 7604 3191 2021 387 1170 646 525 524 602 436 199 357 273
is_linear=0
shrinkage=0.04


Tree=79
num_leaves=31
num_cat=0
split_feature=25 0 5 7 15 28 5 27 30 20 1 36 0 27 27 6 6 25 2 4 4 36 26 18 30 22 36 2 2 36
split_gain=14.0371 11.9181 11.772 10.0613 10.2304 7.69209 6.9471 6.50666 6.24787 6.03669 10.6312 6.89528 7.29787 7.07432 6.58042 6.00688 7.09119 5.93572 7.46726 5.89795 6.39138 6.54964 8.03531 5.57434 5.41658 5.27016 5.38083 6.49391 5.18108 5.57963
threshold=0.23499999940395358 6.716576576232911 0.34005814790725714 0.75000000000000011 0.4291666597127915 -0.98296290636062611 0.32584507763385778 3.3268313407897954 3.0201274156570439 0.19597221910953525 2.5000000000000004 0.75340348482131969 7.1823449134826669 4.5406315326690683 3.7577049732208256 5.6818761825561532 6.2794587612152108 0.17500000447034839 845.50000000000011 0.82816505432128917 0.80919465422630321 1.7154432535171511 1.0000000180025095e-35 1.0000000180025095e-35 3.7954261302948002 0.10416071489453317 0.62258902192115795 681.50000000000011 569.50000000000011 0.81289497017860424
decision_type=2 2 2 2 2 2 2 2 2 2 2 2 2 2 2 2 2 2 2 2 2 2 2 2 2 2 2 2 2 2
left_child=1 5 6 4 8 -1 19 -7 9 25 11 -11 13 28 -12 -5 -17 -9 -19 20 21 -2 -23 -4 -10 -3 27 -27 -13 -30
right_child=2 3 23 15 -6 7 -8 17 24 10 14 12 -14 -15 -16 16 -18 18 -20 -21 -22 22 -24 -25 -26 26 -28 -29 29 -31
leaf_value=0.025942238176864994 0.0010647768647048257 -0.029846751272759393 0.0012578785312613628 0.015006847286753409 0.019646020737294913 0.032012417991481128 -0.01948109083554464 0.0074976823266703135 -0.032743769099774334 -0.016372950595098648 -0.011578116593708505 -0.0012963645787950836 -0.0064217494031447346 -0.0099640228100480784 0.015219086382745295 -0.014562547994744712 0.016444891636975646 -0.007398869346360421 0.018541722269140318 0.0011645308648757979 0.015653214023977451 0.026163324102733872 -0.00638932323071851 0.021603158604523668 0.001195144277728066 0.031994315037386437 -0.0094770028342606779 -0.014722313829951103 -0.0064828971233612609 0.024730605433142896
leaf_weight=23.289803776890039 236.74395004101098 17.622256569564342 29.71061760187149 64.748530685901642 23.72893026471138 9.8322104848921281 20.498809643089771 142.24396554753184 22.77171778678894 72.051082648336887 16.812415413558483 33.326959680765867 303.18339221552014 33.954926259815693 70.327842861413956 30.759414277970791 16.505124010145664 127.94413946941495 18.624736730009317 900.46454635076225 100.30212999507785 37.37018821388483 16.56573460996151 78.975919868797064 10.609308019280432 9.3930126205086726 302.83903143554926 6.6120414882898322 10.592390257865189 43.148224838078022
leaf_count=234 1472 171 140 309 151 97 114 1697 133 732 95 267 2009 258 439 156 78 1138 143 5293 537 176 69 613 66 119 2611 82 84 290
internal_value=0 -0.00199562 0.00363331 -0.00399361 -0.0052973 0.00474579 0.00257214 0.0029312 -0.00595804 -0.00531026 -0.00283302 -0.00510056 -0.00311811 0.00512797 0.00990519 0.00727056 -0.00350649 0.00172783 -0.00389733 0.00295176 0.00704103 0.00398265 0.0162942 0.0161648 -0.0224993 -0.00956343 -0.00826332 0.0132031 0.0111052 0.0185665
internal_weight=0 1410.92 1420.63 1088.99 976.974 321.935 1311.95 298.645 953.245 919.864 583.397 496.257 424.206 121.023 87.1403 112.013 47.2645 288.813 146.569 1291.45 390.982 290.68 53.9359 108.687 33.381 336.466 318.844 16.0051 87.0676 53.7406
internal_count=19773 11359 8414 8050 7507 3309 7661 3075 7356 7157 4174 3640 2908 899 534 543 234 2978 1281 7547 2254 1717 245 753 199 2983 2812 201 641 374
is_linear=0
shrinkage=0.04


Tree=80
num_leaves=31
num_cat=0
split_feature=22 15 7 22 7 22 5 26 0 27 0 0 1 6 5 22 14 8 27 5 6 25 36 36 6 27 36 16 5 34
split_gain=20.1771 11.6993 10.5632 9.55935 8.50562 8.29148 8.17139 6.77416 7.24077 6.88629 10.7252 9.34886 9.70255 9.13872 7.06104 7.22632 8.82864 7.97196 6.94821 6.70531 7.47731 6.45228 6.72964 8.51023 7.83004 7.37868 6.29375 7.40433 5.88177 5.82632
threshold=0.61974024772644054 0.33224999904632574 0.25000000000000006 0.68400001525878917 0.42499999701976782 0.85507842898368847 0.34005814790725714 1.0000000180025095e-35 7.6806347370147714 3.8010908365249638 6.4232139587402353 7.6806347370147714 1.5000000000000002 4.2555875778198251 0.2375874072313309 0.29671718180179601 0.89587974548339855 4.5000000000000009 4.5762560367584237 0.27285698056221014 5.8735244274139413 0.23499999940395358 0.8314935863018037 0.81289497017860424 4.9452011585235605 4.4048881530761728 1.7556618452072146 25.127408981323246 0.14959898591041568 1.0000000180025095e-35
decision_type=2 2 2 2 2 2 2 2 2 2 2 2 2 2 2 2 2 2 2 2 2 2 2 2 2 2 2 2 2 2
left_child=2 3 6 -2 -5 -6 21 9 -9 11 18 -4 -13 -12 15 -15 17 -17 28 -16 -21 22 23 25 -24 -1 -10 -28 -11 -23
right_child=1 -3 7 4 5 -7 -8 8 26 10 13 12 -14 14 19 16 -18 -19 -20 20 -22 29 24 -25 -26 -27 27 -29 -30 -31
leaf_value=0.0022750316400072888 0.024871032257183474 0.023955594717448049 0.0014370315633236519 -0.043138026010581004 0.012914266485112425 -0.031128433762255159 0.008495449689739679 0.0094756984145142435 -0.02209689946545523 0.020623853706533756 -0.015813408337318081 -0.0023541530834455472 0.035475717305744552 -0.0011152224087389204 0.026696670621151442 -0.0071041769365942789 0.00097966534671849507 -0.042988820441817337 0.027761330399522791 -0.013847988638425597 0.016472138516355418 -0.0046624476528701175 -0.0020048920048756922 0.02948861886343276 -0.013071843711149191 -0.011135483289559114 0.01749530270737068 -0.01474663749928711 -0.0071534215272835711 0.0025171239360078207
leaf_weight=167.15429208613932 15.026086948812006 84.006304448470473 126.71260790340602 7.8729239329695693 21.130682859569792 7.7102986276149741 92.284556906670332 285.2227398045361 21.173589624464512 16.949451304972172 84.062701374292374 16.338167242705822 28.946074694395065 319.22255923599005 22.866866141557693 19.092791311442852 31.278835713863373 20.937194265425205 26.502876088023186 24.536072187125683 23.547279290854931 348.82352016866207 156.37595207616687 11.576698821038006 298.31607912108302 105.53749840892851 24.350171245634556 18.15884718298912 32.384452234953642 371.42297569476068
leaf_count=2089 98 742 712 34 196 61 640 1475 84 125 395 60 120 1709 100 89 158 95 166 113 110 1954 1194 124 2542 1341 81 60 225 2837
internal_value=0 0.0149139 -0.000781395 -0.000111512 -0.0110929 -0.000115126 -0.00292905 0.00213565 0.00676336 8.86272e-05 -0.00187547 0.00712442 0.0223048 -0.00384491 -0.00160592 -0.00372333 -0.0150499 -0.0270257 0.0120267 0.00983149 0.00106517 -0.00366221 -0.00628307 -0.00144023 -0.00929119 -0.00295841 -0.00530331 0.00367856 0.00282161 -0.000963306
internal_weight=0 135.746 2693.77 51.74 36.7139 28.841 1551.49 1142.28 348.905 793.378 621.381 171.997 45.2842 545.544 461.482 390.531 71.3088 40.03 75.8368 70.9502 48.0834 1459.21 738.961 284.268 454.692 272.692 63.6826 42.509 49.3339 720.246
internal_count=19729 1131 18598 389 291 257 12721 5877 1700 4177 3285 892 180 2769 2374 2051 342 184 516 323 223 12081 7290 3554 3736 3430 225 141 350 4791
is_linear=0
shrinkage=0.04


Tree=81
num_leaves=31
num_cat=0
split_feature=22 26 13 15 20 25 36 36 6 20 5 2 27 31 2 36 22 25 27 6 2 16 2 4 36 36 8 20 2 25
split_gain=13.0996 10.8659 9.85544 9.52947 11.252 8.74802 9.4801 8.68873 10.3586 6.56679 6.53251 6.48967 8.05757 6.35592 6.26865 7.92498 6.05828 8.3031 5.7399 5.64074 5.987 7.18549 6.98906 5.7973 7.71497 6.13612 6.12535 10.1386 6.46645 5.79124
threshold=0.61041668057441723 1.0000000180025095e-35 1.0000000180025095e-35 0.33224999904632574 0.77753785252571117 0.31000000238418585 0.85128417611122142 0.79958906769752514 4.8865754604339608 0.41083332896232611 0.12386099621653558 508.50000000000006 5.195730686187745 0.17914438992738727 617.50000000000011 0.60288673639297496 0.68400001525878917 0.31000000238418585 3.2047748565673833 6.1789803504943857 655.50000000000011 34.937278747558601 691.50000000000011 0.88104352355003368 0.89091801643371593 1.0011770725250246 8.5000000000000018 0.14145454764366153 575.50000000000011 0.27500000596046453
decision_type=2 2 2 2 2 2 2 2 2 2 2 2 2 2 2 2 2 2 2 2 2 2 2 2 2 2 2 2 2 2
left_child=1 5 9 4 16 10 13 -4 -9 -3 11 -1 -13 14 15 -7 -2 -18 -8 23 21 -21 -22 24 26 -25 -12 -28 -29 -27
right_child=3 2 7 -5 -6 6 18 8 -10 -11 19 12 -14 -15 -16 -17 17 -19 -20 20 22 -23 -24 25 -26 29 27 28 -30 -31
leaf_value=-0.017771394939803977 0.027427694374703004 0.0041380551764408167 0.0069347530583604615 0.019608441409255876 -0.034860513623999403 -0.0031266088152498775 0.031043199754818177 0.010009169335206566 -0.020274729848913101 0.020525764020059345 -0.0025030201626232026 -0.0066072807642531461 0.026632831191108784 0.01406899797638137 6.1550989360140693e-05 -0.036221625272896144 -0.019073466291312083 0.024182852258763231 0.006707179691610745 0.017406660207070143 0.043847978973186923 -0.010264365971317389 0.0080428942498914167 -0.0039289098584602208 -0.0080680227905272801 0.0036868324770406697 0.047471110883453502 -0.015950951236845243 0.014059049014825957 0.025041037220432934
leaf_weight=85.146109035238624 14.029664710164068 602.13794483430684 51.308663979172707 86.911849051713943 10.751249253749846 22.981766197830439 15.243647783994673 22.364904925227165 73.876961179077625 40.063862223178148 315.14576391689479 312.53364988788962 10.174210440367458 20.082334917038679 50.258672580122948 22.207572557032108 17.436945684254173 9.2161552757024747 182.56085376441479 18.792143788188696 8.6224899776279909 52.275372248142958 57.521158751100302 102.18116673827171 466.41215620934963 70.928500808775425 8.4071549288928491 15.81102057173848 30.581668009981513 26.994550175964832
leaf_count=792 93 3789 486 761 76 164 73 131 461 226 2648 2506 76 117 317 144 121 86 856 142 68 457 395 901 2747 478 94 162 259 133
internal_value=0 -0.000856874 0.0030799 0.0116788 -0.00195287 -0.00249919 0.00359024 -0.00618406 -0.0131768 0.00522096 -0.00370864 -0.0080582 -0.00540171 -0.00545436 -0.00976653 -0.0202365 0.00796962 -0.00347227 0.00887458 -0.00218603 0.00538259 -0.00267123 0.0138604 -0.00319643 -0.00465789 0.00289757 -0.000338271 0.0117607 0.00359485 0.00995695
internal_weight=0 2684.61 789.752 138.346 51.434 1894.86 313.335 147.551 96.2419 642.202 1581.53 407.854 322.708 115.53 95.448 45.1893 40.6828 26.6531 197.805 1173.67 137.211 71.0675 66.1436 1036.46 836.358 200.104 369.946 54.7998 46.3927 97.9231
internal_count=19759 18622 5093 1137 376 13529 1671 1078 592 4015 11858 3374 2582 742 625 308 300 207 929 8484 1062 599 463 7422 5910 1512 3163 515 421 611
is_linear=0
shrinkage=0.04


Tree=82
num_leaves=31
num_cat=0
split_feature=21 15 34 3 34 6 0 27 25 0 5 6 25 2 6 16 27 5 27 6 21 27 27 4 36 36 34 6 5 27
split_gain=15.64 9.15611 14.5558 8.17671 7.56963 8.1089 6.46082 8.11796 6.40052 9.36764 6.92256 9.30511 6.99328 6.7449 6.6389 7.96417 8.96692 6.39643 6.31363 6.30992 7.72046 6.09916 7.2058 5.78437 15.0177 6.13253 6.29945 7.01506 5.60665 5.54931
threshold=3.5000000000000004 0.33224999904632574 23.500000000000004 2.5000000000000004 59.500000000000007 5.0072908401489267 7.3303997516632089 4.083451747894288 0.17500000447034839 6.3732833862304696 0.18456244468688968 4.2835628986358651 0.2100000008940697 903.50000000000011 5.0072908401489267 34.937278747558601 4.5125062465667733 0.19450256228446963 4.1279401779174814 6.0741951465606698 1.0000000180025095e-35 3.6309846639633183 3.5070565938949589 0.96481129527091991 0.94279754161834728 2.952351570129395 6.5000000000000009 6.2195951938629159 0.1465626657009125 3.4061836004257207
decision_type=2 2 2 2 2 2 2 2 2 2 2 2 2 2 2 2 2 2 2 2 2 2 2 2 2 2 2 2 2 2
left_child=3 2 -2 8 5 -4 7 -7 9 -1 12 -12 13 -10 -11 16 -16 -13 -17 20 -20 22 29 25 -25 26 -14 28 -28 -5
right_child=1 -3 4 21 -6 6 -8 -9 10 14 11 17 23 -15 15 18 -18 -19 19 -21 -22 -23 -24 24 -26 -27 27 -29 -30 -31
leaf_value=0.016252094799689299 0.016141102760461795 0.016609076126902874 0.02285680017387175 0.011287912091385617 0.023552208133685307 0.012090924747768739 -0.021723745696382947 -0.017849610950661732 0.0058662821991707446 -0.015610544113890146 -0.024311450339373313 0.020903322495922833 -0.0020220875039094802 0.037759202051085967 0.0096754339105152264 -0.019224629837600669 -0.013158098799587259 -0.0061335563815859495 0.03808135085873561 -0.016020471285708882 -0.0016215523443271398 0.00088808415510240578 0.028445558187524686 -0.014275307683677026 0.038893289793889882 -0.020894003216171485 0.027970128783415461 -0.012503680626512857 -0.0020066123387889124 -0.014935478922037717
leaf_weight=24.881468839943409 78.233956437557936 120.8219898622483 10.010590516030787 43.859718151390553 11.028084009885786 28.708380475640297 52.36113478988409 25.468051265925169 97.06415549479425 131.7284536100924 42.652156367897987 13.581838112324474 888.55799642018974 10.101835194975136 89.068208776414394 72.199576918035746 37.494988474994898 139.22337594255805 6.8997240401804438 42.143435191363096 64.460201289504766 632.7387517131865 27.059144783765078 14.008319929242136 16.852505184710026 23.94841405749321 30.53074648976326 13.57712449878454 14.035642616450785 16.059046786278486
leaf_count=421 439 948 61 235 66 217 267 188 828 1188 233 94 5903 67 828 737 360 921 60 451 638 3809 156 91 83 73 152 67 68 91
internal_value=0 0.00796166 0.00277416 -0.0013215 -0.0055455 -0.00864969 -0.0119768 -0.00211835 -0.00278027 -0.00677835 -0.00133467 -0.00823493 -0.000105526 0.00950932 -0.00813607 -0.0049037 0.00281142 -0.00349142 -0.0101358 -0.00412156 0.00315083 0.00226993 0.0120765 -0.00115126 0.0153591 -0.00170669 -0.00117829 0.0113552 0.0188486 0.00400428
internal_weight=0 326.632 205.81 2492.73 127.576 116.548 106.538 54.1764 1773.01 468.876 1304.13 195.457 1108.68 107.166 443.995 312.266 126.563 152.805 185.703 113.503 71.3599 719.717 86.9779 1001.51 30.8608 970.65 946.702 58.1435 44.5664 59.9188
internal_count=19740 2186 1238 17554 799 733 672 405 13263 4683 8580 1248 7332 895 4262 3074 1188 1015 1886 1149 698 4291 482 6437 174 6263 6190 287 220 326
is_linear=0
shrinkage=0.04


Tree=83
num_leaves=31
num_cat=0
split_feature=32 23 22 22 6 29 21 7 17 6 0 26 4 6 0 4 20 0 13 6 36 4 29 6 34 34 36 28 30 1
split_gain=10.3355 8.50859 8.018 7.13774 6.65307 8.32271 7.09852 6.62166 7.92529 9.70851 7.59447 5.4145 5.79767 5.30619 5.09364 5.08655 4.9414 4.81587 4.59681 7.40142 5.95575 4.54741 4.77749 4.93166 5.57702 5.57757 4.5366 8.51487 5.60926 5.39059
threshold=25.500000000000004 1.0000000180025095e-35 0.85426628589630138 0.62784758210182201 5.6076369285583505 -0.6035533845424651 22.500000000000004 1.0000000180025095e-35 1.5000000000000002 5.7120797634124765 8.3584308624267596 1.0000000180025095e-35 0.95948326587677013 6.4715728759765634 7.5527584552764901 0.92847743630409252 0.39214286208152777 7.3562746047973642 1.0000000180025095e-35 4.7664294242858896 0.39793460071086889 0.67251640558242809 -0.98296290636062611 6.2195951938629159 12.500000000000002 6.5000000000000009 1.9305512905120852 -0.6035533845424651 1.4978661537170412 1.5000000000000002
decision_type=2 2 2 2 2 2 2 2 2 2 2 2 2 2 2 2 2 2 2 2 2 2 2 2 2 2 2 2 2 2
left_child=1 2 7 21 -2 6 -6 8 10 -10 11 12 15 16 -7 26 -9 -14 19 -13 -21 -3 -23 24 25 -24 -1 28 -28 -29
right_child=4 3 -4 -5 5 14 -8 13 9 -11 -12 18 17 -15 -16 -17 -18 -19 -20 20 -22 22 23 -25 -26 -27 27 29 -30 -31
leaf_value=-0.0046223106081825435 0.032366263200913813 0.025266396308510214 -0.036844347160093348 0.03251833305087707 0.0099083443027406445 0.032738367595741502 -0.03465434201916321 -0.00056150809008780739 0.0046831064249103641 -0.034293133778145614 -0.023947017300629286 -0.005665463252043511 -0.0025950006430375291 0.013883751157560305 0.0030381140904061233 -0.016791341787551241 0.0070265973853036994 0.039082503655048034 -0.0081135815265100889 -0.02116263427505663 0.011375917070653836 0.024945911707134928 0.0038027081059617759 -0.013709488448662916 -0.016872760595406121 0.0282831907789791 -0.021957012345122116 0.03588043847576864 0.010540373448370159 0.0034994848504980511
leaf_weight=604.2230301965028 21.12854428589344 14.030634045600889 8.0538276657462102 13.606371339410542 9.7292279936373252 16.36224483884871 9.8332411199808103 1167.6565909944475 15.474134001880882 25.844390170648694 24.203870594501495 72.049185479059815 8.2179241608828288 45.893803544342518 19.510461300611496 48.180200003087521 153.57867777720094 7.0807573571801177 51.288276731967926 7.7410408146679393 155.01363027840853 13.233936991542576 177.06977311894298 26.897461339831352 16.930059418082237 14.379231348633764 17.664543807506565 15.535283967852594 13.340730004012583 16.398432195186615
leaf_count=5733 195 74 60 134 67 156 77 6869 151 294 99 512 85 291 119 431 920 46 472 115 1278 68 841 131 83 72 99 93 76 79
internal_value=0 -0.00044347 -0.00119309 0.00618805 0.0142716 0.0064881 -0.0136281 -0.0010459 -0.00338045 -0.0201539 -0.00267728 -0.00212493 -0.00394856 0.000804426 0.0175985 -0.00449055 0.000329811 0.0189831 0.00252748 0.0049007 0.00959019 0.00458793 0.00322805 0.00180648 0.00392056 0.00591477 -0.0035547 0.00652121 -0.00818286 0.0204386
internal_weight=0 2733.59 2457.44 276.147 76.5637 55.4352 19.5625 2449.38 1082.26 41.3185 1040.94 1016.73 730.641 1367.13 35.8727 715.342 1321.24 15.2987 286.092 234.804 162.755 262.541 248.51 235.277 208.379 191.449 667.162 62.939 31.0053 31.9337
internal_count=19720 19106 17703 1403 614 419 144 17643 9563 445 9118 9019 6642 8080 275 6511 7789 131 2377 1905 1393 1269 1195 1127 996 913 6080 347 175 172
is_linear=0
shrinkage=0.04


Tree=84
num_leaves=31
num_cat=0
split_feature=7 25 31 36 22 36 2 29 5 6 5 4 36 28 36 2 15 5 16 28 16 32 4 1 16 36 27 6 25 29
split_gain=15.405 8.68723 8.21359 7.12746 6.69034 6.47919 16.5096 9.15598 10.3103 8.17269 7.28584 6.68156 6.13023 10.7011 8.61415 7.30473 6.23233 10.3206 8.82116 6.71106 6.07998 8.41347 6.0563 7.44076 9.2919 5.96066 6.23637 5.76775 5.65761 7.99911
threshold=1.0000000180025095e-35 0.27500000596046453 0.37980769574642187 1.957960903644562 0.11087121069431306 0.96570187807083141 813.50000000000011 0.91597560048103344 0.20921140164136889 6.1994938850402841 0.13195934891700747 0.92388182878494274 1.7154432535171511 -0.7865660786628722 1.799444377422333 907.50000000000011 0.21374999731779101 0.15925247967243197 104.87001037597658 0.12940952181816109 29.974651336669925 1.0000000180025095e-35 0.89924168586730968 2.5000000000000004 29.974651336669925 0.52604767680168163 3.7577049732208256 5.1328485012054452 0.31000000238418585 -0.91597560048103321
decision_type=2 2 2 2 2 2 2 2 2 2 2 2 2 2 2 2 2 2 2 2 2 2 2 2 2 2 2 2 2 2
left_child=5 3 4 -2 -3 6 -1 12 10 11 -9 22 15 -14 -15 -7 18 19 -16 -18 21 -5 23 24 -8 -25 -27 -19 -4 -30
right_child=1 2 28 20 -6 7 9 8 -10 -11 -12 -13 13 14 16 -17 17 27 -20 -21 -22 -23 -24 25 -26 26 -28 -29 29 -31
leaf_value=-0.0029525334788977637 0.0019539817652744589 -0.013885832475127008 0.0064594471393598354 -0.013680098295905751 0.0051230423896698801 -0.0078491786952276949 -0.019848257320630575 0.018255221888965788 0.039116053115072116 -0.016164756008338631 -0.022424715189668713 -0.012918790393721392 -0.013438626261671869 0.032788683811259205 -0.024354907354470445 -0.025887928882757538 0.0095628792135888461 0.007392947159495053 0.011100410061512531 -0.025547426503417184 -0.019262947311331709 0.014979344249146837 0.043902516304034224 0.0021948609640990943 0.024334718169437025 0.0044802538943747869 0.044724322089277964 0.042489935458091134 -0.0047189637884302738 0.025868641198996744
leaf_weight=495.86986439861357 827.48537706211209 29.913435872644186 89.704506777226925 33.465076580643654 427.33796344324946 360.30329244583845 15.599567677825691 11.729682750999929 13.025417290627955 11.022154822945593 12.505267318338154 8.7508449628949148 67.422434389591217 14.865792617201803 24.587266400456429 38.583047278225422 18.285992451012138 15.571985244750978 17.859503291547298 13.431704133749006 47.547166831791401 28.471988759934902 14.491746881976722 13.01018109731376 11.427010644227265 8.8335144966840762 22.832014568150043 14.53715158998966 15.856705356389282 77.281399752944708
leaf_count=5186 5626 163 534 129 1943 2751 123 81 68 119 87 71 361 92 136 243 95 70 106 66 200 123 123 131 112 60 170 68 109 568
internal_value=0 0.00313669 0.00672077 0.000679106 0.00382442 -0.00283873 0.000122819 -0.00569224 0.0130691 0.014302 -0.00284499 0.0180994 -0.00692672 -0.000926451 0.00625931 -0.00971446 0.00193126 0.00990686 -0.00960884 -0.00593895 -0.00881864 -0.000449119 0.02147 0.0158679 -0.000777847 0.0255396 0.0344308 0.0259294 0.0138442 0.0206714
internal_weight=0 1577.06 640.094 936.97 457.251 1224.55 601.837 622.709 37.2604 105.967 24.235 94.9449 585.448 186.562 119.139 398.886 104.274 61.8268 42.4468 31.7177 109.484 61.9371 86.194 71.7023 27.0266 44.6757 31.6655 30.1091 182.843 93.1381
internal_count=19714 9395 3317 6078 2106 10319 6095 4224 236 909 168 790 3988 994 633 2994 541 299 242 161 452 252 719 596 235 361 230 138 1211 677
is_linear=0
shrinkage=0.04


Tree=85
num_leaves=31
num_cat=0
split_feature=23 34 34 27 2 9 20 22 0 36 36 5 4 31 14 27 2 2 2 4 6 2 29 27 5 6 6 5 5 29
split_gain=15.376 12.9489 11.2437 10.2315 9.9788 7.45267 7.65319 7.35514 6.47961 8.21526 6.45209 6.00051 6.11206 11.4119 6.15318 7.54243 5.68623 8.75726 5.65953 5.42701 5.12869 5.09603 4.90587 7.0229 6.78499 4.80062 8.70525 4.53656 6.12034 10.9609
threshold=1.0000000180025095e-35 49.500000000000007 5.5000000000000009 4.3033890724182138 653.50000000000011 1.0000000180025095e-35 0.39214286208152777 0.85905888676643383 7.8845748901367196 1.6424235701560976 2.4937912225723271 0.32982416450977331 0.74153566360473644 0.74007874727249157 1.4978661537170412 4.0901689529418954 780.50000000000011 659.50000000000011 903.50000000000011 0.93424811959266674 6.2116029262542733 716.50000000000011 0.12940952181816107 4.5648686885833749 0.11760171502828599 5.8847131729125985 6.0602900981903085 0.12772481888532641 0.19307982921600345 -0.6035533845424651
decision_type=2 2 2 2 2 2 2 2 2 2 2 2 2 2 2 2 2 2 2 2 2 2 2 2 2 2 2 2 2 2
left_child=1 5 18 25 -3 6 19 8 9 -8 11 12 13 -7 -14 20 17 -13 22 -1 -16 -12 27 24 -24 -4 -27 -2 -29 -30
right_child=2 4 3 -5 -6 10 7 -9 -10 -11 21 16 14 -15 15 -17 -18 -19 -20 -21 -22 -23 23 -25 -26 26 -28 28 29 -31
leaf_value=0.00097627167960563741 -0.0046668354372421499 -0.00086050731353847431 0.038427286264629851 -0.004751832100249224 0.035158368868785747 -0.0071025407658977446 0.01201244036910472 -0.0231348683972467 0.031747483510266954 -0.021414203312002108 -0.022340702388999847 0.0023898847695542069 -0.001759691082445797 -0.051419173542785863 -0.013266451657571404 -0.029169125287934895 -0.010729274199270826 0.030372990924172213 0.024195231007580809 -0.012560303648233438 0.027542944062808584 -0.0015433361695412985 0.02572957613736129 -0.026183126661069346 -0.006805084436309115 -0.012989311601840442 0.032668621380805618 0.020665230765382164 -0.019086983379442549 0.020681238849179842
leaf_weight=778.60002409294248 38.501642413437366 21.644534070044756 36.344773657619953 17.435328505933285 26.242919825017452 58.21552842669189 101.53901440650225 8.1515007652342302 21.400039799511433 11.427095755934713 45.171856746077538 52.235275043174624 1204.2594441659749 9.2870091013610345 9.7033816985785979 26.749068554490805 20.650753650814295 25.525427898392081 18.490948349237442 48.450320467352867 6.5735751390457144 31.924748614430428 11.786246519535778 18.488073080778122 38.119825970381498 10.117655813694002 13.765331532806156 49.363122418522835 21.256295159459114 19.195493072271347
leaf_count=3874 189 153 264 83 222 457 726 70 125 67 206 406 10651 56 103 321 126 167 79 235 62 127 58 94 183 66 108 228 99 90
internal_value=0 -0.000680025 0.00897589 0.0218265 0.0194965 -0.00108833 0.00163928 0.0101321 0.01246 0.00831746 -0.0028627 -0.00223699 -0.00295294 -0.0145038 -0.0023056 -0.0168282 0.00719658 0.0121068 0.00418003 0.000154884 0.0044252 -0.0139856 0.002074 -0.00646 0.00157391 0.0294261 0.0138172 0.00665205 0.0115002 -0.000130583
internal_weight=0 2507.75 292.865 77.6631 47.8875 2459.86 969.568 142.518 134.366 112.966 1490.3 1413.2 1314.79 67.5025 1247.29 43.026 98.4115 77.7607 215.202 827.05 16.277 77.0966 196.711 68.3941 49.9061 60.2278 23.883 128.317 89.8149 40.4518
internal_count=19695 18154 1541 521 375 17779 5097 988 918 793 12682 12349 11650 513 11137 486 699 573 1020 4109 165 333 941 335 241 438 174 606 417 189
is_linear=0
shrinkage=0.04


Tree=86
num_leaves=31
num_cat=0
split_feature=25 1 31 5 22 3 23 29 28 36 6 1 28 27 2 36 7 7 20 36 29 4 5 2 2 28 2 22 8 27
split_gain=11.7266 9.78175 9.55005 9.24622 8.8031 7.76092 7.38597 7.60254 7.44699 7.25637 6.58593 6.35924 6.84074 6.10982 5.82931 6.92318 5.52436 5.31437 5.08202 4.94266 6.23323 8.55844 7.04583 7.1478 14.6819 5.5349 7.32862 4.97672 4.80011 4.78052
threshold=0.34999999403953558 1.5000000000000002 0.47407408058643347 0.23464013636112216 0.18279032409191134 3.5000000000000004 1.0000000180025095e-35 0.78656607866287243 -0.98296290636062611 2.0964355468750004 5.8507635593414316 3.5000000000000004 -0.37940952181816096 4.2275631427764901 763.50000000000011 1.0649448037147524 0.75000000000000011 0.57499998807907116 0.14145454764366153 2.4937912225723271 -0.98296290636062611 0.92196691036224376 0.16348432004451754 529.50000000000011 673.50000000000011 0.37940952181816107 700.50000000000011 0.21589706093072894 7.5000000000000009 3.587676048278809
decision_type=2 2 2 2 2 2 2 2 2 2 2 2 2 2 2 2 2 2 2 2 2 2 2 2 2 2 2 2 2 2
left_child=3 4 14 11 18 6 7 8 10 -7 -5 16 -13 -14 15 -3 19 -6 -2 20 21 22 23 -1 -25 26 -21 -26 -9 -18
right_child=1 2 -4 5 17 9 -8 28 -10 -11 -12 12 13 -15 -16 -17 29 -19 -20 25 -22 -23 -24 24 27 -27 -28 -29 -30 -31
leaf_value=-0.0036697702223345103 -0.0037466285454619054 0.0019927029509761965 0.030251426780832022 -0.0040007617639716223 -0.01526343116949142 0.011513274531548044 0.015704225828312914 0.021378128031988356 -0.0063559150909559018 -0.010820992191514056 0.037375415983750333 0.018527466114306425 0.0091017371243337676 -0.026509793963099756 -0.0050348179825533282 0.038346534521443459 -0.013683320098173515 0.0075724814077138929 0.031030137329434774 -0.025123381627061802 -0.0031293458119304946 -0.020968854801330511 -0.0041634331731571512 0.054251253020021255 -0.014227018566833593 0.0074972774877686702 0.00030665525557871663 0.020558773738020383 -0.0055045909659247457 0.0060038695954412885
leaf_weight=14.477741742506621 9.9290840178728121 19.03882897272706 48.292437355965376 11.591917999088766 46.30073007941246 221.59141225367785 40.798694308847189 30.898297667503357 259.69733373634517 24.402510210871696 10.335117258131502 46.763058498501778 16.849789995700124 11.191268699243663 32.753851696848869 13.308818265795706 20.20136434584856 23.117489006370306 16.550113953649998 50.311207614839077 1522.4304857458919 12.848859602585433 27.805724723264575 17.295478690415621 9.4538954123854655 18.148263499140739 27.678106650710106 13.819493930786846 14.675303336232899 182.19832987710834
leaf_count=137 76 115 367 76 262 1405 270 212 1792 103 77 275 96 74 149 61 91 125 113 203 12028 94 199 149 91 77 101 92 104 841
internal_value=0 0.00927292 0.0171188 -0.000524812 -0.000164605 0.00375903 7.28648e-05 -0.0019598 -0.00443077 0.00922832 0.0169955 -0.00184801 0.00944382 -0.00592962 0.00676565 0.0183117 -0.00229809 -0.00765957 0.0186423 -0.00303647 -0.00250431 0.00729931 0.0120741 0.0201346 0.0284029 -0.0117598 -0.0163163 0.00642077 0.012854 0.00392424
internal_weight=0 209.291 113.394 2605.46 95.8974 613.991 367.997 327.198 281.624 245.994 21.927 1991.47 74.8041 28.0411 65.1015 32.3476 1916.67 69.4182 26.4792 1714.27 1618.13 95.7012 82.8523 55.0466 40.5689 96.1376 77.9893 23.2734 45.5736 202.4
internal_count=19855 1268 692 18587 576 4039 2531 2261 1945 1508 153 14548 445 170 325 176 14103 387 189 13171 12790 762 668 469 332 381 304 183 316 932
is_linear=0
shrinkage=0.04


Tree=87
num_leaves=31
num_cat=0
split_feature=7 23 25 27 27 14 0 16 27 22 25 34 18 20 13 0 13 27 16 34 20 29 14 27 29 0 2 2 5 2
split_gain=12.474 8.89281 7.74315 7.24745 5.84035 5.73683 11.3555 10.0164 9.48783 8.61994 8.2506 11.5884 11.0307 7.36841 7.43969 6.98381 6.81396 6.76041 7.962 9.84812 8.89871 5.73171 9.01209 5.54306 5.52926 5.45357 5.30815 8.09484 7.48754 5.14147
threshold=0.57499998807907116 1.0000000180025095e-35 0.34999999403953558 3.4766128063201909 3.3724534511566167 0.89587974548339855 6.6147031784057626 11.941490650177004 3.0130778551101689 0.098082788288593306 0.23499999940395358 1.0000000180025095e-35 3.5000000000000004 0.7396875023841859 1.0000000180025095e-35 8.1065130233764666 1.0000000180025095e-35 4.7904040813446054 14.420945167541506 18.500000000000004 0.46175000071525579 0.37940952181816107 1.2424533367156985 3.9936026334762578 -0.6035533845424651 7.5315487384796151 737.50000000000011 792.50000000000011 0.34488114714622503 418.50000000000006
decision_type=2 2 2 2 2 2 2 2 2 2 2 2 2 2 2 2 2 2 2 2 2 2 2 2 2 2 2 2 2 2
left_child=1 5 4 -3 -2 10 16 -8 -9 -10 12 24 15 14 26 -1 -7 18 19 -13 -21 -6 25 -16 -12 -23 28 -28 -11 -26
right_child=2 3 -4 -5 21 6 7 8 9 13 11 17 -14 -15 23 -17 -18 -19 -20 20 -22 22 -24 -25 29 -27 27 -29 -30 -31
leaf_value=-0.0027329739436375701 0.014829437942731791 0.024015017579896328 0.017829621509496209 0.0029695418458172687 -0.00036087772578981638 -0.0035732870467572683 0.032312755127879511 -0.041979853059657117 -0.031161292073774299 -0.0095806377572065192 0.003839029479336484 0.024596660831243358 -0.045279305037034139 0.020704512125900038 -0.0046896872136552564 -0.021093501310921709 0.019146870072345185 0.025854645031396242 0.0001828845372920998 -0.020775591428157054 0.01913307243078663 0.0092038423092161703 0.032429771430589671 -0.02061045592819883 0.013800096732983063 -0.0075969990922297248 0.02838302697383336 -0.0038793946347534755 0.023034979993578255 -0.0075272932616664689
leaf_weight=631.47651600465178 60.027361433953047 28.504711024463177 60.479962296783924 190.75515619292855 463.82832766324282 43.904613895341754 7.252420622855424 12.450869325548409 23.797395300120115 131.92298203334212 143.04001768678427 58.831518333405256 8.3936913982033712 12.799127414822577 56.92501275613904 33.067566886544228 37.785116164013743 29.298536490648985 147.39287576265633 17.542598202824593 14.504688300192354 111.49861761182547 19.507162794470787 95.263986360281706 17.750708304345608 40.771935254335403 17.541584525257349 33.154875867068768 10.401420090347527 236.39243534952402
leaf_count=5949 421 167 392 955 2266 555 50 71 243 1200 798 340 34 87 438 181 437 216 1144 72 87 603 116 842 116 157 144 264 73 1316
internal_value=0 -0.00167798 0.00433032 0.00589789 0.00310891 -0.00259568 -0.00632223 -0.00908348 -0.0100042 -0.00874816 -0.00124216 0.00191598 -0.00435832 -0.00709348 -0.00823746 -0.00370714 0.00714222 0.00831903 0.00596554 0.0151383 -0.00264995 0.00195897 0.008155 -0.0147935 -0.00241762 0.00466508 -0.00296959 0.00793734 -0.00691083 -0.00594155
internal_weight=0 2040.15 756.113 219.26 695.633 1820.89 483.199 401.51 394.257 381.806 1337.69 664.753 672.938 358.009 345.21 664.544 81.6897 267.57 238.272 90.8788 32.0473 635.606 171.778 152.189 397.183 152.271 193.021 50.6965 142.324 254.143
internal_count=19734 15779 3955 1122 3563 14657 4404 3412 3362 3291 10253 4089 6164 3048 2961 6130 992 1859 1643 499 159 3142 876 1280 2230 760 1681 408 1273 1432
is_linear=0
shrinkage=0.04


Tree=88
num_leaves=31
num_cat=0
split_feature=22 23 2 22 16 2 22 12 36 6 2 25 7 6 6 2 1 25 22 16 5 36 26 29 5 30 2 2 25 25
split_gain=13.1579 8.21586 7.77537 5.99131 6.36857 5.63527 12.03 5.35932 5.76527 5.23106 5.2186 4.78123 4.50853 4.47315 7.20319 4.51662 4.47202 9.30735 7.05312 5.46106 10.9679 9.05804 6.03975 6.36272 10.2671 6.74267 9.07188 9.05449 12.0675 8.22908
threshold=0.69840246438980114 1.0000000180025095e-35 990.50000000000011 0.11087121069431306 197.33808135986331 601.50000000000011 0.82922226190567028 1.0000000180025095e-35 0.52246811985969555 6.6599345207214364 681.50000000000011 0.34999999403953558 0.42499999701976782 5.6716020107269296 6.2509396076202401 615.50000000000011 1.5000000000000002 0.31000000238418585 0.6335967779159547 97.640941619873061 0.14959898591041568 2.1825598478317265 1.0000000180025095e-35 -0.37940952181816096 0.16732320189476016 1.8688347935676577 450.50000000000006 561.50000000000011 0.27500000596046453 0.2100000008940697
decision_type=2 2 2 2 2 2 2 2 2 2 2 2 2 2 2 2 2 2 2 2 2 2 2 2 2 2 2 2 2 2
left_child=1 3 11 4 7 6 -2 8 10 16 -1 -3 -7 -10 -15 -16 19 18 -18 20 21 -5 23 24 -22 26 -25 29 -29 -28
right_child=5 2 -4 9 -6 12 -8 -9 13 -11 -12 -13 -14 14 15 -17 17 -19 -20 -21 22 -23 -24 25 -26 -27 27 28 -30 -31
leaf_value=0.027604206685548489 0.023660790228754551 0.0021194232258770953 0.03357502729189648 -0.0077291177700451134 -0.0314933465853936 -0.00093087586822464524 -0.028554889975339788 0.022490967501628996 -0.00013493062964071742 0.023666896729710368 -0.015543759219086722 0.02161052002933413 0.025125281922302418 -0.02793721796564792 0.020385290683707386 -0.013948534814050719 -0.0010493304137968249 0.0079409801566345303 -0.030765576994814581 0.0021388375942521737 0.012797027682095664 -0.029889040741304319 0.0060266885524322212 -0.014895129637744711 -0.013351231322131049 -0.017821255337609806 0.00095381424409275229 0.011824549494722019 -0.019265666354122003 0.032951090081849405
leaf_weight=10.222432801499961 12.36287869885564 247.64314243197441 12.7943192794919 385.42831208184361 17.187552846968174 12.994991987943648 11.896207295358179 7.6049116253852835 31.294166296720505 11.241580709815024 5.4688168037682763 19.989229276776314 53.020206689834595 41.245429169386625 8.5595820695161837 12.617590080946682 925.03053105436265 203.27939030528069 10.963085204362867 234.14163357391953 27.135197721421719 30.374502465128899 147.88113329932094 29.840178336948156 143.1483199018985 23.08510722219944 20.416871201246977 52.07021639123559 29.678583577275276 33.31646753102541
leaf_count=122 108 1203 67 3235 165 71 96 48 236 78 69 107 608 371 79 99 6523 1013 57 1961 218 138 933 234 959 127 179 391 161 214
internal_value=0 -0.00114599 0.00531472 -0.00189188 -0.0100458 0.0142128 -0.00216944 -0.00641915 -0.00879637 -0.00140928 0.0125088 0.00372469 0.0201196 -0.0125504 -0.0185772 0.000490404 -0.00155256 0.000226538 -0.00146225 -0.0033025 -0.0046854 -0.00948323 -0.000725453 -0.00352721 -0.00908424 0.00153793 0.00442189 0.00883129 0.000346834 0.0212637
internal_weight=0 2721.66 280.427 2441.23 134.2 90.2743 24.2591 117.013 109.408 2307.03 15.6912 267.632 66.0152 93.7168 62.4226 21.1772 2295.79 1139.27 935.994 1156.52 922.375 415.803 506.572 358.691 170.284 188.407 165.322 135.482 81.7488 53.7333
internal_count=19870 18987 1377 17610 1189 883 204 1024 976 16421 191 1310 679 785 549 178 16343 7593 6580 8750 6789 3373 3416 2483 1177 1306 1179 945 552 393
is_linear=0
shrinkage=0.04


Tree=89
num_leaves=31
num_cat=0
split_feature=25 7 1 28 1 5 27 4 22 14 22 9 29 3 25 28 4 4 7 0 36 0 0 25 5 29 29 30 22 36
split_gain=11.5122 9.9667 7.20237 7.27226 5.29861 5.01829 8.23027 5.68504 4.81458 4.74786 10.1862 6.94013 5.9167 5.85559 7.10731 6.12102 5.64145 5.94715 5.60327 5.5659 4.98788 4.85877 4.63914 6.15343 10.7524 5.7745 4.59297 6.55415 4.53314 4.47989
threshold=0.34999999403953558 1.0000000180025095e-35 1.5000000000000002 -0.91597560048103321 3.5000000000000004 0.34005814790725714 4.083451747894288 0.65693852305412304 0.19339911639690402 1.2424533367156985 0.12717948853969577 1.0000000180025095e-35 0.60355338454246532 3.5000000000000004 0.27500000596046453 -0.6035533845424651 0.71168258786201488 0.79833573102951061 0.92500001192092907 6.7043955326080331 0.77899348735809337 7.0613250732421884 7.1670303344726571 0.27500000596046453 0.14111863821744922 0.12940952181816107 -0.7865660786628722 1.7005987167358401 0.32601387798786169 1.2493990659713747
decision_type=2 2 2 2 2 2 2 2 2 2 2 2 2 2 2 2 2 2 2 2 2 2 2 2 2 2 2 2 2 2
left_child=1 5 8 -4 9 22 -7 -8 -2 13 11 -11 -12 14 15 19 28 20 -16 -3 -18 -19 29 -24 -25 -26 -5 -28 -15 -1
right_child=2 4 3 26 -6 6 7 -9 -10 10 12 -13 -14 16 18 -17 17 21 -20 -21 -22 -23 23 24 25 -27 27 -29 -30 -31
leaf_value=-0.0020755001579381002 0.014759243197839961 0.0037647728874107811 -0.0026502037072248454 0.0072040616148580962 0.012935083500883937 0.020047083362783873 -0.014155666467355639 0.019682740798779994 -0.0044529339773419002 -0.023286128793667135 0.0082085506354023542 0.008958992762943617 0.029380066162079881 -0.028978542669890892 0.0024592530941145809 0.00025552195991700193 0.0033864608282081527 0.0087828905251813964 0.026143141798728377 -0.0097614942531348801 0.027419135277420209 -0.014966653061349205 -0.0099774794428962432 0.0089567836369776627 -0.0023915136041643514 -0.022476985829995137 0.013777322878569609 0.041097374843260835 0.0061653984206374744 0.021177255829516142
leaf_weight=519.93949143402278 27.152425099164248 58.556992137804627 26.236728221178055 28.627509266138077 60.908279195427895 35.085644187405705 30.292545529082417 8.6430975757539255 71.528625208884478 22.980606157332659 97.014086816459894 17.190714856609702 26.074584189802408 9.3287829980254191 377.84646848589182 370.50208946689963 21.416091036051512 46.890634559094906 14.731668524444101 261.77471198514104 40.436225570738316 17.224258154630661 339.62388280406594 89.455805435776711 60.448858708143234 35.420868396759033 32.669986203312874 27.615694623440504 11.010283835232256 11.610877402126787
leaf_count=5326 196 516 153 177 365 232 238 58 402 158 670 172 178 46 1787 2385 134 258 60 1589 193 68 2858 534 302 177 162 220 98 69
internal_value=0 -0.000611341 0.00900448 0.0157115 0.00157835 -0.00342517 0.00652214 -0.00604943 0.00102154 0.00106394 0.00742965 -0.00971684 0.0130915 0.000208124 -0.000810856 -0.00324994 0.00766294 0.0108195 0.00347601 -0.00728086 0.0194646 0.00214291 -0.00413311 -0.00679354 -0.000914482 -0.0101201 0.0210688 0.0272099 -0.0111051 -0.0014901
internal_weight=0 2584.41 213.831 115.15 1453.89 1130.52 74.0213 38.9356 98.6811 1392.98 163.26 40.1713 123.089 1229.72 1083.41 690.834 146.306 125.967 392.578 320.332 61.8523 64.1149 1056.5 524.949 185.326 95.8697 88.9132 60.2857 20.3391 531.55
internal_count=19781 18471 1310 712 8677 9794 528 296 598 8312 1178 330 848 7134 6337 4490 797 653 1847 2105 327 326 9266 3871 1013 479 559 382 144 5395
is_linear=0
shrinkage=0.04


Tree=90
num_leaves=31
num_cat=0
split_feature=23 0 27 3 34 4 29 5 5 26 2 25 12 6 36 5 36 0 36 7 32 2 29 8 27 34 4 4 0 34
split_gain=10.7674 14.2772 9.74213 7.28205 7.35831 7.35472 6.74193 8.31037 7.09987 6.6717 6.23831 6.12639 5.68177 7.47276 5.67797 5.64111 5.50151 5.28406 5.83016 4.98975 6.79301 5.64505 7.58721 7.36057 7.25884 4.94776 11.1668 7.01391 6.9963 5.61927
threshold=1.0000000180025095e-35 8.2702684402465838 3.4578914642333989 1.5000000000000002 47.500000000000007 0.891168773174286 -0.6035533845424651 0.10589666292071344 0.18336820602416995 1.0000000180025095e-35 868.50000000000011 0.17500000447034839 1.0000000180025095e-35 4.3372693061828622 0.9371645748615266 0.12490544468164445 0.77018675208091747 6.4707694053649911 1.9901726245880129 0.57499998807907116 11.500000000000002 480.50000000000006 0.37940952181816107 4.5000000000000009 3.9936026334762578 11.500000000000002 0.80402246117591869 0.87561962008476268 7.6898260116577157 18.500000000000004
decision_type=2 2 2 2 2 2 2 2 2 2 2 2 2 2 2 2 2 2 2 2 2 2 2 2 2 2 2 2 2 2
left_child=3 2 -2 12 5 9 8 -8 16 15 17 14 25 -14 -4 -5 -7 -9 -19 20 -11 -21 23 24 -23 27 -27 -1 29 -28
right_child=1 -3 11 4 -6 6 7 10 -10 19 -12 -13 13 -15 -16 -17 -18 18 -20 21 -22 22 -24 -25 -26 26 28 -29 -30 -31
leaf_value=-0.013912979721362281 0.027544702386211935 -0.030015328197375093 0.0063568541216146293 -0.025328226490310281 0.016879853728101257 0.0036739198377868103 -0.020230408985516552 0.026950707025484112 -0.0083037349074959518 0.001762948036443142 0.032055457550421114 0.0092425117253838486 -0.019378170182891969 0.0080863742357101219 -0.019909632900302541 -0.002434815838756486 0.029685726792180189 -0.0055707729021769259 0.025388461560305373 0.032515510498433521 -0.030275231228489848 -0.032632419376271489 0.024728098102011313 0.015623960962772552 0.0011721587495796008 -0.030604125040556634 0.021450943250252281 -0.0042123099101689584 0.023804429255217079 -0.0089560648729588004
leaf_weight=149.0202014464885 37.323526553809643 13.881635472178457 25.836117304861546 15.582645308226345 40.676555044949055 19.173118639737368 21.447425726801157 10.110665461048482 14.160041488707064 265.70043413713574 11.020858861505983 185.7229151725769 16.672184184193611 104.82761294022202 23.405231576412916 917.03866914846003 43.024146713316441 69.647177163511515 9.2675757035613042 14.174436092376707 9.0253983512520772 13.427312325686215 24.81108745932579 26.378188230097294 29.400902055203915 10.960580714046953 11.410050578415392 583.97843945398927 30.139721535146236 33.389528051018715
leaf_count=1238 277 40 191 140 360 167 180 97 92 1863 65 883 96 692 120 6449 269 484 48 81 57 67 126 140 129 57 68 4858 145 246
internal_value=0 0.00698421 0.0090756 -0.00118192 0.000499783 3.78263e-05 0.00718805 0.00126618 0.0163376 -0.00104681 0.00618069 0.00593411 -0.0039562 0.00406491 -0.00641784 -0.00287071 0.0220315 0.0023436 -0.00139732 0.00338724 0.000499214 0.0105785 0.00666278 -0.000326431 -0.0104092 -0.0051533 0.00385811 -0.00621697 0.00956306 -0.000625917
internal_weight=0 286.169 272.288 2494.46 1554.07 1513.39 197.851 121.494 76.3573 1315.54 100.046 234.964 940.398 121.5 49.2413 932.621 62.1973 89.0254 78.9148 382.918 274.726 108.192 94.0175 69.2064 42.8282 818.899 85.8999 732.999 74.9393 44.7996
internal_count=19725 1511 1471 18214 10814 10454 1402 874 528 9052 694 1194 7400 788 311 6589 436 629 532 2463 1920 543 462 336 196 6612 516 6096 459 314
is_linear=0
shrinkage=0.04


Tree=91
num_leaves=31
num_cat=0
split_feature=23 35 0 0 8 2 12 26 0 14 16 0 5 2 25 0 27 0 5 1 16 28 2 0 0 27 31 31 5 0
split_gain=9.85773 9.30367 7.74888 8.2303 6.35742 7.62915 5.93659 6.18451 13.1888 6.92005 10.4976 9.01229 7.32426 7.41168 6.28769 6.97911 5.73868 7.06752 5.60814 6.12009 9.78518 5.38113 9.69359 8.34148 8.46112 7.5458 7.0113 6.64509 6.16203 6.3071
threshold=1.0000000180025095e-35 1.0000000180025095e-35 8.2702684402465838 7.9710843563079843 5.5000000000000009 687.50000000000011 1.0000000180025095e-35 1.0000000180025095e-35 8.5765933990478533 0.89587974548339855 95.828193664550795 7.8461968898773202 0.12510504573583606 535.50000000000011 0.31000000238418585 6.8200013637542733 4.1279401779174814 6.1653625965118417 0.08996195346117021 2.5000000000000004 10.938241004943849 -0.6035533845424651 591.50000000000011 7.1823449134826669 7.151477813720704 5.1736040115356454 0.7793162763118745 0.80982521176338207 0.14775766432285312 6.6012070178985605
decision_type=2 2 2 2 2 2 2 2 2 2 2 2 2 2 2 2 2 2 2 2 2 2 2 2 2 2 2 2 2 2
left_child=1 6 3 4 5 -2 7 8 14 10 18 -11 -12 -14 21 16 -16 -18 -9 -20 -21 23 -23 24 28 26 -25 -24 -1 -30
right_child=2 -3 -4 -5 -6 -7 -8 9 -10 11 12 -13 13 -15 15 -17 17 -19 19 20 -22 22 27 25 -26 -27 -28 -29 29 -31
leaf_value=-0.011498946458767374 0.0071360703371103774 0.016289386393809363 -0.020694422657964832 0.031712751806345682 0.0026565511390897719 0.034687727444176815 0.0064930654190942204 -0.017208285026754654 0.036814389865859373 -0.0010783026298432459 0.045922520962335879 -0.026428704319729025 -0.018061262544267577 0.022673064957275051 -0.020316722578982312 0.0064339757204771968 0.026919621147013368 -0.0082243171833638311 0.0013436586402051534 0.021626156743022183 -0.013633722518762806 -0.0076797929991586659 0.0003569071867999839 -0.010540643133897418 0.025262729275881819 0.020177091833356822 -0.03042828251477795 0.017128644633224801 0.0081562785936585055 -0.0056759592162319329
leaf_weight=109.3805467505008 49.497998390346766 50.159099590033293 13.163285225629805 21.146039709448814 184.32153454422951 22.897112194448709 165.29433117434382 20.106545131653547 11.452269926667212 145.74450897984207 12.907907685264943 24.562890954315662 8.5926599465310591 21.202971562743187 31.157391678541899 198.55761003866792 10.88719195127487 29.694888301193714 365.07650733739138 55.549534223973751 14.633905757218598 267.83367683552206 404.38912941329181 252.84278423339128 14.784175235778092 9.7397451400756818 30.978457488119602 39.705600053071976 88.692545620724559 124.04676865413785
leaf_count=1240 257 410 40 91 993 161 1027 137 51 1251 110 118 76 153 229 1091 68 197 2334 283 100 2319 3073 1736 113 68 149 261 780 952
internal_value=0 -0.000428446 0.00732467 0.00879044 0.00667174 0.0165484 -0.00078259 -0.00131238 -0.00264425 0.00192226 0.00429935 -0.00499883 0.022803 0.0105287 -0.00296971 0.00258168 -0.00796588 0.00202549 0.00247198 0.00345565 0.0141001 -0.00408968 -0.00169886 -0.00677552 -0.00245635 -0.0116822 -0.0129091 0.0019265 -0.0038766 0.000113055
internal_weight=0 2507.97 291.026 277.863 256.717 72.3951 2457.81 2292.52 1624.14 668.377 498.07 170.307 42.7035 29.7956 1612.69 270.297 71.7395 40.5821 455.366 435.26 70.1834 1342.39 711.928 630.465 336.904 293.561 283.821 444.095 322.12 212.739
internal_count=19868 18326 1542 1502 1411 418 17916 16889 12327 4562 3193 1369 339 229 12276 1585 494 265 2854 2717 383 10691 5653 5038 3085 1953 1885 3334 2972 1732
is_linear=0
shrinkage=0.04


Tree=92
num_leaves=31
num_cat=0
split_feature=7 13 2 6 6 6 25 0 27 22 3 36 2 0 36 5 2 3 6 25 27 13 16 16 0 28 6 6 0 2
split_gain=10.575 9.73867 10.1545 9.96541 8.91005 8.34381 7.60055 10.0262 6.72917 7.62565 6.6392 7.97578 6.24261 6.27061 6.34854 6.25067 7.73444 6.98707 6.87172 6.39179 5.71835 5.39962 10.2209 6.08297 5.94795 5.83931 9.1677 7.56045 11.69 7.87715
threshold=1.0000000180025095e-35 1.5000000000000002 535.50000000000011 5.8930234909057626 6.4960203170776376 6.1789803504943857 0.23499999940395358 6.9334111213684091 3.8405264616012578 0.16398936510086062 3.5000000000000004 2.1397774219512944 541.50000000000011 7.4764683246612558 1.3237224817276003 0.25452153384685522 569.50000000000011 3.5000000000000004 5.0845003128051767 0.27500000596046453 4.9049043655395517 1.0000000180025095e-35 7.1223623752594003 14.991014480590822 6.7405018806457528 -0.6035533845424651 5.56260108947754 5.5432205200195321 6.6012070178985605 591.50000000000011
decision_type=2 2 2 2 2 2 2 2 2 2 2 2 2 2 2 2 2 2 2 2 2 2 2 2 2 2 2 2 2 2
left_child=6 4 -3 -4 10 -5 7 8 9 -1 21 20 13 14 -8 16 18 -18 -14 -17 -12 25 -23 -24 -25 26 -2 28 -27 -30
right_child=1 2 3 5 -6 -7 12 -9 -10 -11 11 -13 15 -15 -16 19 17 -19 -20 -21 -22 22 23 24 -26 27 -28 -29 29 -31
leaf_value=-0.021810584493996643 0.0027739120676523467 -0.010486762382060918 0.033750776569102456 -0.017816350568425027 0.02038009086445804 0.022945683417011531 -0.0042708553694988426 -0.0099763664631136572 -0.0031343440487899767 0.019294253257769088 0.013008479028195219 -0.015846663655572024 0.048330397136939623 -0.018321293280084028 0.027361257343776563 0.012232920693655154 0.0018116741481183918 0.027111344552953547 0.0082666839356520094 -0.012021036473443476 -0.013578515449229103 0.01273602789187145 -0.026016534041463434 0.0091478032369191661 -0.010290080436454289 -0.019320668062849055 -0.0081988537928005031 0.008614144727251782 -0.0063275888218723639 0.0079088578799199633
leaf_weight=6.8445219136774531 262.18387819826603 18.776440344750881 41.309314109385014 13.922498051077129 35.914610963314772 14.259665463119743 103.32252334989607 386.52653671056032 173.69403617084026 44.004192855209112 148.1279612518847 18.442585952579975 9.8623274862766284 47.739111438393593 9.238243915140627 20.919533455744386 307.00473434105515 16.549194902181625 18.717483934015036 72.427871152758598 12.555367700755594 37.087936859577894 29.13724784180522 29.79493460431695 124.44109020009637 43.589963786303997 224.39045356214046 262.37008656188846 97.338030830025673 164.74695762246847
leaf_count=102 1427 142 374 118 229 122 874 3537 2142 471 845 74 68 270 51 138 2080 95 146 399 70 254 208 264 771 301 1367 1591 524 788
internal_value=0 0.00201102 0.01477 0.0216967 0.00123646 0.00296229 -0.00294762 -0.0060875 0.00063576 0.0131453 0.000736323 0.00790251 0.000229274 -0.00649175 -0.00124235 0.00266594 0.0051034 0.00326431 0.0243486 -0.00644304 0.0107896 -0.000281197 -0.00594483 -0.00981975 -0.00646608 0.000911759 -0.00229918 0.00366059 -0.000619552 0.00261358
internal_weight=0 1578.39 88.2679 69.4915 1490.12 28.1822 1216.85 611.069 224.543 50.8487 1454.21 179.126 605.781 160.3 112.561 445.481 352.134 323.554 28.5798 93.3474 160.683 1275.08 220.461 183.373 154.236 1054.62 486.574 568.045 305.675 262.085
internal_count=19842 9469 756 614 8713 240 10373 6252 2715 573 8484 989 4121 1195 925 2926 2389 2175 214 537 915 7495 1497 1243 1035 5998 2794 3204 1613 1312
is_linear=0
shrinkage=0.04


Tree=93
num_leaves=31
num_cat=0
split_feature=23 34 6 27 4 22 16 6 7 25 30 0 4 0 27 22 27 18 5 27 36 4 0 0 16 34 6 6 36 2
split_gain=9.29309 9.24432 8.24876 7.47231 6.83706 5.28692 6.03781 7.71751 5.44621 6.26262 7.87496 4.9585 4.85395 5.84936 4.68159 4.64507 11.0824 6.02467 4.32043 5.60998 7.98082 5.21677 4.3473 7.32083 6.5751 10.4511 6.01907 8.20447 12.5765 8.29681
threshold=1.0000000180025095e-35 5.5000000000000009 6.2195951938629159 4.2333812713623056 0.87764310836792003 0.11087121069431306 141.48409271240237 5.4743669033050546 0.57499998807907116 0.34999999403953558 1.4978661537170412 8.2177076339721697 0.85527354478836071 7.2048857212066659 4.7904040813446054 0.66146823763847362 3.0703731775283818 8.5000000000000018 0.32584507763385778 4.5762560367584237 1.0174605250358584 0.73818117380142223 7.9323606491088876 7.7898664474487314 12.439978599548342 3.5000000000000004 4.8162329196929941 5.1089665889739999 1.0592091083526614 772.50000000000011
decision_type=2 2 2 2 2 2 2 2 2 2 2 2 2 2 2 2 2 2 2 2 2 2 2 2 2 2 2 2 2 2
left_child=5 2 4 -3 12 6 -1 -8 15 11 -11 -10 13 -2 -6 18 -17 -18 21 -20 -21 -7 23 26 25 -24 -23 28 29 -28
right_child=1 3 -4 -5 14 8 7 -9 9 10 -12 -13 -14 -15 -16 16 17 -19 19 20 -22 22 24 -25 -26 -27 27 -29 -30 -31
leaf_value=-0.00095541122918895783 0.014554976212186127 0.025848628818648117 -0.018353702533161761 -0.0026499268436699281 -0.006495776922510672 -0.012577750151339518 0.019617514881224433 -0.023367900506270033 0.0010422455505573341 -0.0023678213546462061 0.028515560372439627 0.020018960079378863 0.025277318237889951 -0.0089923391264916559 0.017747042304076623 -0.043159560137959505 -0.012671120666268408 0.023387564325823763 0.010943797517219475 0.0079284246044797665 -0.034133927080769205 -0.0049926745682305684 -0.0075739486902124311 0.010982540867369812 -0.016802743186082131 0.026452611056093329 0.02572250818923778 -0.0008461843135577679 -0.0067636577974957189 -0.0046371247316462048
leaf_weight=77.031882522627711 45.941633649170399 56.652472592890263 24.432588689029217 19.188223712146282 75.815672028809786 63.976122854277492 6.1369692236185065 49.439913915470243 580.83039166778326 21.851857498288155 30.33486470207572 20.914785571396351 30.814202554523945 24.391124539077282 13.273124337196348 12.252679444849489 19.03095289692283 9.4499218463897687 91.753471756353974 16.398202689364556 10.131291627883909 426.48614499159157 60.638163685798645 83.129031293094158 65.38971571624279 16.770906947553158 64.554418882355094 712.14329206943512 44.726969134062529 17.67743806540966
leaf_count=632 246 431 118 97 346 469 48 519 3001 73 254 74 143 94 67 70 110 84 599 132 58 3274 325 481 372 70 609 6579 300 148
internal_value=0 0.00694101 0.00263246 0.0187555 0.00549068 -0.000593778 -0.00830498 -0.0181048 -0.000155385 0.00294505 0.0159738 0.00176595 0.0125057 0.00636601 -0.00257354 -0.00133998 -0.0143643 4.26511e-05 -0.00100625 0.00630014 -0.00940149 -0.00156922 -0.00108081 -0.000373136 -0.00766727 0.000278574 -0.00113517 0.000832667 0.0101168 0.0192409
internal_weight=0 290.509 214.668 75.8407 190.236 2501.05 132.609 55.5769 2368.44 653.932 52.1867 601.745 101.147 70.3328 89.0888 1714.51 40.7336 28.4809 1673.78 118.283 26.5295 1555.49 1491.52 1348.72 142.799 77.4091 1265.59 839.102 126.959 82.2319
internal_count=19823 1542 1014 528 896 18281 1199 567 17082 3402 327 3075 483 340 413 13680 264 194 13416 789 190 12627 12158 11391 767 395 10910 7636 1057 757
is_linear=0
shrinkage=0.04


Tree=94
num_leaves=31
num_cat=0
split_feature=3 1 32 21 2 7 17 25 5 27 6 16 30 30 7 1 27 31 31 27 6 2 2 16 20 2 4 2 27 26
split_gain=9.7472 7.76534 6.28297 7.94685 7.43186 6.55119 8.30943 5.69408 7.59521 8.67143 9.64631 8.27116 9.91897 5.40956 5.24223 7.74424 5.23649 4.8924 7.02698 10.298 5.76043 5.56728 6.66438 5.62925 4.87873 4.73327 5.34149 10.0111 7.79841 5.43296
threshold=3.5000000000000004 2.5000000000000004 22.500000000000004 19.500000000000004 611.50000000000011 1.0000000180025095e-35 1.5000000000000002 0.27500000596046453 0.28049814701080328 3.7483261823654179 5.9674272537231454 66.56274795532228 2.2499048709869389 3.3842465877532963 0.25000000000000006 2.5000000000000004 3.3050518035888676 0.92247596383094799 0.77608895301818859 3.4061836004257207 4.9163179397583017 835.50000000000011 950.50000000000011 24.15406703948975 0.28611111640930181 804.50000000000011 0.80919465422630321 669.50000000000011 4.8085191249847421 1.0000000180025095e-35
decision_type=2 2 2 2 2 2 2 2 2 2 2 2 2 2 2 2 2 2 2 2 2 2 2 2 2 2 2 2 2 2
left_child=1 2 5 -4 -5 6 13 -7 9 10 16 -11 -13 -1 25 -16 -9 18 19 -3 -19 -20 -23 -24 -10 26 28 -28 29 -2
right_child=14 17 3 4 -6 7 -8 8 24 11 -12 12 -14 -15 15 -17 -18 20 21 -21 -22 22 23 -25 -26 -27 27 -29 -30 -31
leaf_value=-0.0040561668042752999 0.0073671100523923609 0.026007945868754507 0.02935701014262676 -0.023622621555264935 0.019070728688688622 -0.0029581459387263143 -0.024237787103467006 0.014540068587687414 0.0084947876518456141 0.00032311172321248665 -0.031267301631341754 0.021636521619504023 -0.011824815252057584 -0.031918518418408641 0.0071632005750361452 0.031239690846821901 -0.0088929111061241562 -0.0068698257039169321 0.01260183025891521 0.0019447628221193553 0.02794245020112188 -0.045054162688784496 0.01586045676394791 -0.025129874922958151 0.037057910478628019 -0.011311755298094479 -0.016133969062645692 0.020407126066022997 -0.017684416504661904 0.028859348282114117
leaf_weight=812.67839928902686 65.866533327847719 29.500626161694527 20.429480820894241 12.046899951994421 10.239006184041498 677.84192964620888 33.568282743915915 19.794292449951172 30.914567209780216 233.4918052367866 22.400578185915947 66.712179392576218 16.476457998156548 9.356280039995907 120.45992880128324 24.571984063833952 49.02587490901351 9.8297400958836061 8.3305398412048799 299.14645328372717 23.775869108736515 10.141789041459562 8.4956755675375479 9.1063415519893152 13.095437850803135 35.155889458954334 38.822998747229576 15.077599022537468 12.716173276305197 25.628498200327158
leaf_count=7478 431 167 147 83 93 4577 380 107 143 1055 114 378 86 43 670 174 233 54 65 1913 185 69 70 63 115 211 268 92 93 156
internal_value=0 -0.0013104 -0.0023135 0.0125247 -0.00405247 -0.00264503 -0.00528105 -0.000642879 0.00282763 0.00108437 -0.00965255 0.00421834 0.0148871 -0.00444999 0.00591816 0.0116118 -0.00193276 0.00378293 0.0023872 0.00424902 0.0179458 -0.0139067 -0.0221785 -0.00574608 0.0182353 0.00157037 0.00454021 -0.00554792 0.00976426 0.0138758
internal_weight=0 2426.4 2028.07 42.7154 22.2859 1985.36 855.603 1129.75 451.911 407.901 91.2207 316.68 83.1886 822.035 338.3 145.032 68.8202 398.327 364.721 328.647 33.6056 36.0743 27.7438 17.602 44.01 193.268 158.112 53.9006 104.211 91.495
internal_count=19713 17618 15032 323 176 14709 7901 6808 2231 1973 454 1519 464 7521 2095 844 340 2586 2347 2080 239 267 202 133 258 1251 1040 360 680 587
is_linear=0
shrinkage=0.04


Tree=95
num_leaves=31
num_cat=0
split_feature=25 6 2 8 23 3 25 36 2 21 8 36 8 6 6 2 2 23 2 27 8 16 2 28 7 21 27 27 25 36
split_gain=8.69256 7.51122 10.0526 7.91494 7.74768 4.49681 5.24569 7.62876 5.04887 6.8354 10.5014 7.07131 5.70149 5.9465 6.02801 7.82789 5.771 5.48754 11.0242 5.43771 5.02241 6.20161 5.45803 9.36063 4.88715 8.08694 6.72319 6.11061 7.77129 6.00282
threshold=0.34999999403953558 5.6294164657592782 613.50000000000011 6.5000000000000009 1.0000000180025095e-35 3.5000000000000004 0.17500000447034839 1.4566200971603396 595.50000000000011 13.500000000000002 6.5000000000000009 2.412395834922791 9.5000000000000018 5.7667560577392587 6.1495356559753427 774.50000000000011 597.50000000000011 1.0000000180025095e-35 950.50000000000011 4.1439275741577157 7.5000000000000009 12.439978599548342 722.50000000000011 -0.6035533845424651 1.0000000180025095e-35 16.500000000000004 4.7608909606933603 4.1994547843933114 0.27500000596046453 0.92616951465606701
decision_type=2 2 2 2 2 2 2 2 2 2 2 2 2 2 2 2 2 2 2 2 2 2 2 2 2 2 2 2 2 2
left_child=5 4 3 -3 -2 8 7 -7 9 11 -11 -1 16 19 -15 -16 -10 24 20 -14 22 -22 -19 -24 25 26 27 -18 -29 -26
right_child=1 2 -4 -5 -6 6 -8 -9 12 10 -12 -13 13 14 15 -17 17 18 -20 -21 21 -23 23 -25 29 -27 -28 28 -30 -31
leaf_value=-0.003653496032777519 -0.0021521767040722727 0.019395464318760346 0.027691264675392561 -0.017000343127993724 0.029265276173052506 0.0023976971862690226 0.0067899481313723762 -0.02384884701184983 0.026985093675885103 -0.014656517889524656 0.032389513430238652 -0.019756583170416415 0.0032531075675846862 -0.018643937782358459 0.035593708765912606 -0.011810941545909932 -0.0014488968468330311 -0.0016734697801147722 0.036171872642838804 0.034067982563236419 0.0045377569895219952 -0.024776651475359776 0.00010640228161693732 0.042239866503851219 -0.0036680446103024085 -0.032723488514652226 0.0076931723481326562 -0.017336939260266609 0.00085929270069402656 0.0038697049424083821
leaf_weight=796.51202942058444 113.53544290363789 15.814382158219813 50.162625543773174 18.632993750274181 12.094631943851708 65.073728835210204 226.5300613231957 22.193776547908783 10.025897543877361 10.840183876454832 17.713380698114634 44.331602111458778 16.022517988458276 15.278760913759468 9.5553735140711087 9.3157780244946462 221.63210801593959 36.613100729882717 15.815586019307373 20.945991117507219 25.948178857564926 18.100549373775721 17.416833024472002 14.381204098463057 307.86146811768413 14.119763545691965 67.086168248206377 115.08747864700854 55.016712952405214 369.99120277538896
leaf_count=6523 639 103 348 131 78 534 1299 115 78 80 109 181 120 135 104 70 1955 184 94 169 118 107 87 80 2183 65 603 1225 366 1835
internal_value=0 0.00755291 0.016617 -0.000144037 0.00128364 -0.000872918 0.00359577 -0.00466207 -0.0015045 -0.00388158 0.0147385 -0.00454736 1.83005e-05 0.0108845 -0.00123086 0.013303 -0.000597111 -0.000855104 0.00692846 0.0215649 0.00225569 -0.00806108 0.00893876 0.0205339 -0.00173323 -0.00484473 -0.00384849 -0.00585408 -0.0115101 0.000445553
internal_weight=0 210.24 84.61 34.4474 125.63 2543.41 313.798 87.2675 2229.61 869.397 28.5536 840.844 1360.21 71.1184 34.1499 18.8712 1289.1 1279.07 128.275 36.9685 112.46 44.0487 68.4111 31.798 1150.79 472.942 458.822 391.736 170.104 677.853
internal_count=19718 1299 582 234 717 18419 1948 649 16471 6893 189 6704 9578 598 309 174 8980 8902 670 289 576 225 351 167 8232 4214 4149 3546 1591 4018
is_linear=0
shrinkage=0.04


Tree=96
num_leaves=31
num_cat=0
split_feature=34 23 22 29 36 26 36 7 25 27 2 36 6 8 5 2 2 31 3 2 28 5 30 25 36 16 36 5 29 21
split_gain=11.1442 7.55843 6.6168 5.75437 8.83208 7.13417 6.4264 7.31317 6.13902 7.24749 7.80187 5.98895 10.4522 5.50806 5.24801 6.08742 7.40121 4.94258 4.43292 5.50639 4.92183 5.19535 7.39046 8.87731 6.84267 5.1783 4.27194 4.72236 6.26992 6.19957
threshold=44.500000000000007 1.0000000180025095e-35 0.3459943979978562 0.91597560048103344 0.87534815073013317 1.0000000180025095e-35 1.957960903644562 0.67499998211860668 0.17500000447034839 3.8805319070816044 819.50000000000011 1.5350340008735659 5.5816130638122567 8.5000000000000018 0.1166871413588524 816.50000000000011 500.50000000000006 0.10818713530898096 2.5000000000000004 945.50000000000011 -0.37940952181816096 0.18757566809654239 1.4978661537170412 0.31000000238418585 0.71104872226715099 124.40937423706056 2.1825598478317265 0.30268862843513494 -0.37940952181816096 21.500000000000004
decision_type=2 2 2 2 2 2 2 2 2 2 2 2 2 2 2 2 2 2 2 2 2 2 2 2 2 2 2 2 2 2
left_child=1 3 -3 5 13 -1 7 8 9 -7 -11 14 -13 17 15 16 -10 -5 19 20 25 22 23 24 -22 -16 27 29 -29 -2
right_child=26 2 -4 4 -6 6 -8 -9 11 10 -12 12 -14 -15 18 -17 -18 -19 -20 -21 21 -23 -24 -25 -26 -27 -28 28 -30 -31
leaf_value=-0.0031837240896427574 0.01128767794522114 0.0030697552041565493 0.020493670667900352 -0.019967508354793558 0.015221763610644935 -0.02370235592893467 -0.0093068400414680532 0.014848681505041195 0.033213286339097106 -0.0061784770607356534 0.022821427205072041 0.033317795125953738 -0.0074472460810534793 0.018362719129433384 -0.010774088399519606 0.034890823891604986 -0.0017997413192620236 0.011896353740166734 0.0065201092584484168 -0.028762362546156918 0.0065311916542873782 -0.011660529600836056 -0.0088282140647610204 -0.0077909723183153751 0.050723813796872151 0.013348001692676432 0.036695893136566085 -0.00042863411118440012 0.035465293562897494 -0.021290658064927401
leaf_weight=1622.1415300089866 26.803269173949957 229.12010030820966 39.369486805051565 31.003834400326014 77.395261969417334 27.281664036214352 72.90002329647541 72.533636759966612 10.253473618999122 80.092116789892316 16.122457735240459 24.690409727394581 15.157535314559935 9.780808608978985 92.42402270808816 12.761157263070343 44.782916955649853 8.7236543111503106 99.183818250894547 11.223486285656689 9.4463884830474871 17.178171880543232 16.06980854831636 9.9680624753236753 14.67546236142516 15.012033484876154 10.117395535111426 12.70671856030822 17.917404659092426 11.837344601750372
leaf_count=12289 190 1091 296 291 464 284 312 342 92 835 137 120 90 92 631 77 331 66 582 66 83 117 131 50 101 128 65 132 194 83
internal_value=0 -0.000583851 0.00575732 -0.00129425 0.00693101 -0.00175695 0.00173952 0.00313392 0.00143727 -0.00627643 -0.000953259 0.00388181 0.0181966 -0.00611754 0.00217239 0.0120034 0.00565921 -0.0127358 -0.000232112 -0.00386382 -0.00195758 0.00640641 0.0128036 0.0229249 0.0352426 -0.00722117 0.0144411 0.0102518 0.0214587 0.000750871
internal_weight=0 2679.29 268.49 2410.8 126.904 2283.9 661.757 588.857 516.323 123.496 96.2146 392.827 39.8479 49.5083 352.979 67.7975 55.0364 39.7275 285.181 185.997 174.774 67.3379 50.1597 34.0899 24.1219 107.436 79.3821 69.2647 30.6241 38.6406
internal_count=19762 19098 1387 17711 913 16798 4509 4197 3855 1256 972 2599 210 449 2389 500 423 357 1889 1307 1241 482 365 234 184 759 664 599 326 273
is_linear=0
shrinkage=0.04


Tree=97
num_leaves=31
num_cat=0
split_feature=23 22 0 0 3 22 31 16 16 6 21 18 29 0 21 36 27 28 8 31 6 16 6 27 27 36 12 6 29 36
split_gain=9.03131 7.78285 8.38626 5.26474 4.92422 9.75332 6.0592 5.36681 8.50421 9.73617 5.14329 8.64378 6.46858 7.51532 6.11981 5.64679 5.06735 5.04752 4.8847 4.85663 4.74251 4.55985 5.24618 5.34036 4.13395 4.10849 5.39517 9.47041 5.48034 5.99724
threshold=1.0000000180025095e-35 0.6335967779159547 8.2521843910217303 7.9710843563079843 2.5000000000000004 0.85905888676643383 0.32666666805744177 128.90168762207034 99.51691055297853 6.3198683261871347 15.500000000000002 6.5000000000000009 -0.7865660786628722 6.8308596611022958 7.5000000000000009 1.5198159813880923 3.4226313829422002 0.78656607866287243 1.5000000000000002 0.07275132462382318 6.4838714599609384 133.62241363525393 5.8126356601715097 4.5470111370086679 5.2211663722991952 2.1825598478317265 1.0000000180025095e-35 4.2555875778198251 -0.6035533845424651 0.69909381866455089
decision_type=2 2 2 2 2 2 2 2 2 2 2 2 2 2 2 2 2 2 2 2 2 2 2 2 2 2 2 2 2 2
left_child=4 2 3 -2 5 6 7 8 19 -10 12 -12 13 -8 21 16 -16 18 -9 25 -20 -14 -23 -24 -6 26 28 -28 29 -1
right_child=1 -3 -4 -5 24 -7 10 17 9 -11 11 -13 14 -15 15 -17 -18 -19 20 -21 -22 22 23 -25 -26 -27 27 -29 -30 -31
leaf_value=-0.0061403201993968284 0.004889311737952956 0.02934583074198233 -0.024755060460000391 0.026651402466404933 0.0027423856936372483 -0.040049779699909561 -0.013249966864062575 0.019914953087538864 0.015973190128870381 -0.020134153720578536 -0.026070843023721785 0.0087142746649954694 -0.0047009851330872847 0.021164384166362224 -0.016522500123758426 0.037196552546284727 0.020338359502070094 0.011230989268020571 -0.014361415171302605 -0.015314434988278119 0.0060570682172059629 0.035150288797076802 -0.0099987545858807019 0.023012396016792332 -0.01538671867555233 -0.010655946106863956 -0.016938389928593714 0.01455319920164975 -0.0045941390857142401 0.0050359519445886325
leaf_weight=108.05285220965743 236.78530817106366 20.850000470876694 12.492623805999754 17.430088706314564 696.41073638387024 8.5539502315223199 10.718552511185406 6.2618681192398062 73.384348614141345 12.429073445498942 21.277581930160522 20.977438572794199 133.65640699118376 60.231994908303022 9.1751090735197121 11.735145062208174 10.880985695868729 16.912236632779241 153.17367522977293 43.57992547377944 19.501579819247127 8.3706894852220994 19.795094143599275 10.263811249285935 18.75379123352468 79.013382859528065 17.551328621804714 70.686531085520983 578.80038924701512 252.8910307250917
leaf_count=1111 1210 234 30 65 4443 66 99 30 690 124 118 155 758 347 67 64 74 162 1541 266 178 57 148 68 115 359 102 475 4732 1812
internal_value=0 0.00689714 0.00493684 0.00657781 -0.000568964 -0.00170705 -0.00147403 -0.00258172 -0.00160003 0.010404 0.00351412 -0.00918844 0.00551942 0.0157447 0.00184259 0.017408 0.00350639 -0.00870025 -0.0106874 -0.00251183 -0.0120124 -0.00119992 0.0106068 0.00200555 0.0022254 -0.00198111 -0.00129494 0.00805265 -0.00218787 0.0016748
internal_weight=0 287.558 266.708 254.215 2473.04 1757.87 1749.32 1432.24 1236.39 85.8134 317.083 42.255 274.828 70.9505 203.877 31.7912 20.0561 195.849 178.937 1150.58 172.675 172.086 38.4296 30.0589 715.165 1107 1027.98 88.2379 939.744 360.944
internal_count=19700 1539 1305 1275 18161 13603 13537 11582 9671 814 1955 273 1682 446 1236 205 141 1911 1749 8857 1719 1031 273 216 4558 8591 8232 577 7655 2923
is_linear=0
shrinkage=0.04


Tree=98
num_leaves=31
num_cat=0
split_feature=31 3 26 5 25 20 36 6 2 5 28 4 2 29 36 36 0 0 1 6 4 4 29 14 16 6 0 6 0 5
split_gain=7.63506 6.58207 5.91231 5.6476 6.94719 5.49135 5.50117 6.54587 5.78179 6.92411 6.74821 7.97226 7.30304 7.01053 5.2523 6.26746 5.21658 9.06532 5.97465 13.7849 5.44833 8.78856 5.74236 5.28816 5.1094 4.7756 5.35828 5.9442 5.31401 4.75093
threshold=0.10263158008456232 1.5000000000000002 1.0000000180025095e-35 0.28621938824653631 0.31000000238418585 0.12099999934434892 0.69001945853233349 6.1495356559753427 583.50000000000011 0.19307982921600345 -0.7865660786628722 0.89287164807319652 447.50000000000006 -0.6035533845424651 0.41369070112705236 0.35742662847042089 7.6760070323944101 7.5315487384796151 2.5000000000000004 5.9801499843597421 0.89394548535346996 0.88730815052986156 0.78656607866287243 0.89587974548339855 122.10880661010744 6.1431114673614511 6.9334111213684091 6.4512596130371103 7.0527117252349862 0.12695008516311648
decision_type=2 2 2 2 2 2 2 2 2 2 2 2 2 2 2 2 2 2 2 2 2 2 2 2 2 2 2 2 2 2
left_child=1 16 -3 14 -5 -4 -7 8 10 -10 -8 12 -12 -14 15 -2 17 23 20 -20 21 24 -22 25 -18 -1 27 -27 -28 -19
right_child=3 2 5 4 -6 6 7 -9 9 -11 11 -13 13 -15 -16 -17 18 29 19 -21 22 -23 -24 -25 -26 26 28 -29 -30 -31
leaf_value=-0.0037725387241209648 0.00063951270314419289 -0.00085998815598854349 -0.016568896147891039 0.0050338663891737077 0.023802458239350281 -0.0017508383629993901 -0.01162431213825112 -0.018916240021411481 0.023907279540679109 0.0062898622683605796 0.039720619062998098 -0.017966381712033245 -0.0079290885753966339 0.0251431846919857 0.0010465830068054974 0.036738619218141456 -0.015509293129812642 0.018512991938213704 0.025346180531921392 -0.02153969043030763 -0.020640079946962687 0.020336422858958578 0.0083516357827633485 -0.011919790389380121 0.0101296938435855 0.02804315921905607 -0.026852637962821616 -0.0099718752866570677 0.0048279725670493301 -0.001320369015115906
leaf_weight=331.64525293372571 16.099029859527949 876.49808976054192 15.819238970056174 106.67414988949895 43.759112898260355 97.994353258982301 31.606738943606615 10.701535917818545 76.43522647023201 69.015994627028704 14.063661374151705 11.185143060982226 21.390199493616816 16.536395851522688 515.4519409686327 12.869282957166432 56.89384301751852 47.44515822827816 21.697321385145187 15.485617637634276 95.883998595178127 16.998035967350006 11.220161110162733 97.34962653927505 14.266923926770685 24.735001608729362 8.5385199375450593 7.5863511376082888 41.290425315499306 31.309473436325788
leaf_count=2871 154 6250 145 824 394 776 197 58 437 353 88 64 118 92 3058 104 323 325 97 77 541 105 65 1176 84 245 87 81 343 203
internal_value=0 -0.000916283 0.000922493 0.0039257 0.0107341 0.00518716 0.00626232 0.00938069 0.010787 0.0157466 0.00300794 0.0104605 0.0170153 0.00702792 0.00201202 0.0180136 -0.00368723 -0.00167488 -0.00873631 0.00571682 -0.0115186 -0.00401814 -0.0175055 -0.00363008 -0.0102326 -0.00163189 0.00689431 0.0190593 -0.00142743 0.0107907
internal_weight=0 2063.59 1241.25 694.854 150.433 364.748 348.929 250.935 240.233 145.451 94.7821 63.1754 51.9903 37.9266 544.42 28.9683 822.346 589.9 232.446 37.1829 195.263 88.1588 107.104 511.145 71.1608 413.796 82.1503 32.3214 49.8289 78.7546
internal_count=19735 15201 8578 4534 1218 2328 2183 1407 1349 790 559 362 298 210 3316 258 6623 5331 1292 174 1118 512 606 4803 407 3627 756 326 430 528
is_linear=0
shrinkage=0.04


Tree=99
num_leaves=31
num_cat=0
split_feature=23 2 22 13 2 16 34 27 2 20 0 16 19 6 0 27 14 25 6 2 3 2 0 2 5 6 36 15 14 6
split_gain=9.52177 6.71548 6.39226 7.75179 11.7164 6.22374 6.18033 5.92373 5.86432 5.75185 7.9664 5.56099 7.94882 6.66561 5.50569 5.61111 5.36182 4.94353 11.5347 8.5184 5.38301 5.09553 9.92926 8.05026 6.96586 6.5622 7.21803 7.35418 6.02019 5.82234
threshold=1.0000000180025095e-35 1237.5000000000002 0.11087121069431306 1.5000000000000002 613.50000000000011 15.971277713775637 5.5000000000000009 4.1165947914123544 1172.0000000000002 0.77741664648056041 7.536893606185914 29.974651336669925 1.0000000180025095e-35 5.8678824901580819 7.638195514678956 3.965563297271729 1.4978661537170412 0.34999999403953558 5.2496488094329843 671.50000000000011 3.5000000000000004 801.50000000000011 6.6280195713043222 776.50000000000011 0.22545001655817035 4.9163179397583017 0.69001945853233349 0.22857142984867099 0.89587974548339855 4.8322978019714364
decision_type=2 2 2 2 2 2 2 2 2 2 2 2 2 2 2 2 2 2 2 2 2 2 2 2 2 2 2 2 2 2
left_child=1 2 16 8 5 -5 -2 -8 9 17 -11 12 13 -6 15 -7 -1 20 -19 -20 -4 23 -23 24 28 -26 -27 -28 29 -22
right_child=6 -3 3 4 11 14 7 -9 -10 10 -12 -13 -14 -15 -16 -17 -18 18 19 -21 21 22 -24 -25 25 26 27 -29 -30 -31
leaf_value=-0.0041930443820964751 0.0034233014385919446 -0.029575740742522193 -0.00187975670690389 0.021204757422890408 0.012596959631170888 0.020651415242156392 0.024103709811414471 -0.00083640797883677113 0.028034410159781645 0.0071888307531437889 -0.044178224579868058 0.0369309991286551 0.032298852326300358 -0.025695347973425146 -0.032012692831357777 -0.021508715218094717 -0.02248612334243583 -0.0048137608921541668 0.0046471611377778572 0.030445014739192748 -0.0035836693442934777 0.01549635294489087 -0.021598620497749077 0.038800672056686226 0.0023354885871666904 -0.0033036928435357044 0.035935922319164149 -0.00079279460619897978 0.010664959235240036 -0.04133362720301606
leaf_weight=97.595676859840751 204.27717228233814 10.862553317099808 1793.0241750068963 7.9890806861221781 17.336685117334131 8.8071274459362083 50.982644394040108 21.205328810960054 9.3812977410852891 7.5978710111230638 9.2779310345649701 20.973625689744949 15.897942714393137 9.6711401864886266 13.718258425593374 7.4866661615669718 33.418322199955583 78.03125011920929 46.110042784363031 36.132279515266418 14.725020196288826 16.807691179215908 28.468561433255672 9.9042475149035436 108.98207077756524 17.067723229527473 32.821644015610218 11.524214871227739 13.200429022312163 10.395133960992096
leaf_count=803 978 66 13494 70 142 84 398 114 58 91 58 172 157 66 68 77 385 401 301 210 94 113 148 55 624 138 182 60 88 69
internal_value=0 -0.000747088 -0.000596865 -0.000112982 0.0105696 -0.00680559 0.00705229 0.0169525 -0.000607088 -0.000752327 -0.0227403 0.0207988 0.0116193 -0.00194122 -0.0151208 0.00104606 -0.00912708 -0.000564626 0.00615788 0.0164349 -0.00109391 0.00421943 -0.00775502 0.00674716 0.00487228 0.00833449 0.0185707 0.0267689 -0.0101725 -0.0211014
internal_weight=0 2487.21 2476.35 2345.33 101.881 38.0011 276.465 72.188 2243.45 2234.07 16.8758 63.8794 42.9058 27.0078 30.0121 16.2938 131.014 2217.19 160.274 82.2423 2056.92 263.897 45.2763 218.62 208.716 170.396 61.4136 44.3459 38.3206 25.1202
internal_count=19764 18274 18208 17020 836 299 1490 512 16184 16126 149 537 365 208 229 161 1188 15977 912 511 15065 1571 261 1310 1255 1004 380 242 251 163
is_linear=0
shrinkage=0.04


Tree=100
num_leaves=31
num_cat=0
split_feature=0 26 30 5 26 2 1 30 29 2 27 13 28 0 27 36 0 0 0 29 4 27 27 27 27 36 6 2 0 7
split_gain=5.96721 9.15611 11.3998 8.93588 8.72637 8.0661 8.00189 13.6734 6.85342 8.31889 8.36941 6.73064 9.76312 7.23751 7.10528 6.71472 12.2603 5.55511 9.0205 9.06735 4.70969 5.01002 4.43704 4.38928 8.34513 3.95343 8.41011 4.24413 5.91511 3.77054
threshold=7.8617253303527841 1.0000000180025095e-35 1.7005987167358401 0.1104399971663952 1.0000000180025095e-35 924.50000000000011 1.5000000000000002 3.0201274156570439 0.91597560048103344 665.50000000000011 3.8490825891494755 1.0000000180025095e-35 0.37940952181816107 8.2702684402465838 4.7820603847503671 1.5350340008735659 7.6138155460357675 7.8995227813720712 7.9501483440399179 -0.6035533845424651 0.89175492525100719 3.9386644363403325 3.8231911659240727 2.8875862360000615 2.9626891613006596 1.957960903644562 4.6959142684936532 681.50000000000011 7.638195514678956 0.75000000000000011
decision_type=2 2 2 2 2 2 2 2 2 2 2 2 2 2 2 2 2 2 2 2 2 2 2 2 2 2 2 2 2 2
left_child=4 2 11 -3 8 6 7 -4 23 10 -10 12 13 14 17 16 29 -2 -19 -20 21 -11 -8 -1 -25 26 -17 28 -28 -6
right_child=1 3 5 -5 15 -7 22 -9 9 20 -12 -13 -14 -15 -16 25 -18 18 19 -21 -22 -23 -24 24 -26 -27 27 -29 -30 -31
leaf_value=0.015238970719891904 -0.029615586846860699 0.0084394657907105718 0.026008771909354467 -0.021400813438894713 0.0033025546796607969 -0.012408628125895653 0.039372586431110003 -0.023154565405141034 0.026299464806903452 -0.0056460725021553046 -0.010990058365788093 -0.024164673841053284 0.019309465962356834 -0.025936104560713377 0.024605007687747597 0.042449232488270601 -0.019050506548758641 0.026796145645352584 0.016136388329541129 -0.020353764734317097 0.047370570539997048 0.025542589247268599 0.0082284240802928069 -0.036631025432585854 -0.0013125039423041709 -0.00079856451731845552 0.021011256873519298 0.025495857566845526 -0.012188278930313618 0.013013773536911423
leaf_weight=23.312513779848814 12.095732219517229 19.13739263266325 16.757427982985973 74.665437258780003 532.15865400992334 17.171446654945612 23.328746691346169 15.509187072515486 10.940700590610502 12.027016457170246 35.695209193974733 27.676225498318672 23.576783314347267 25.47376637160778 11.447586223483084 16.861217655241489 35.643320053815842 11.993374094367026 13.89295180886983 34.018592506647117 8.1230270192027074 20.504795838147402 12.085491321980951 8.7810199372470361 1577.070808948949 19.405700005590916 12.405535459518434 16.481070403009653 19.274368777871132 71.223071821033955
leaf_count=185 60 96 80 326 3969 87 141 59 85 101 292 157 119 99 57 84 201 73 77 168 60 139 57 59 12257 90 60 87 103 365
internal_value=0 -0.00477856 -0.000673458 -0.0152638 0.000874311 0.0110269 0.0171582 0.00240584 -0.000695039 0.0100932 -0.00152026 -0.00693122 -0.00302571 -0.00812128 -0.00220328 0.00454612 0.0031198 -0.0070154 -0.00164269 -0.00955008 0.0228618 0.0143529 0.0297523 -0.00129206 -0.00155396 0.0150197 0.0196236 0.0102584 0.00128802 0.00448807
internal_weight=0 338.83 245.027 93.8028 2419.91 84.8523 67.6809 32.2666 1696.46 87.2907 46.6359 160.175 132.499 108.922 83.4482 723.453 639.025 72.0007 59.9049 47.9115 40.6548 32.5318 35.4142 1609.16 1585.85 84.4279 65.0222 48.161 31.6799 603.382
internal_count=19793 1656 1234 422 18137 424 337 139 13178 677 377 810 653 534 435 4959 4535 378 318 245 300 240 198 12501 12316 424 334 250 163 4334
is_linear=0
shrinkage=0.04


Tree=101
num_leaves=31
num_cat=0
split_feature=23 27 32 27 22 6 30 13 6 30 0 0 0 6 32 29 0 25 31 22 21 8 2 27 2 4 16 6 25 4
split_gain=7.41843 8.55151 7.22405 6.39214 5.93317 5.82637 5.56771 10.9247 11.1701 8.08186 5.16525 5.62995 5.3733 4.81208 4.80773 8.41695 8.61602 8.33364 8.04141 5.90477 5.0081 4.66356 4.24338 6.07347 10.8384 6.04555 5.43915 8.45528 13.0509 5.74305
threshold=1.0000000180025095e-35 4.5406315326690683 25.500000000000004 4.6908891201019296 0.17343915253877643 5.9545402526855478 3.2384861707687382 1.0000000180025095e-35 5.5154407024383554 3.7726949453353886 8.2702684402465838 8.0248608589172381 7.6285147666931161 5.9309172630310067 3.5000000000000004 -0.12940952181816107 8.0943770408630389 0.31000000238418585 0.28991597890853887 0.13181395083665851 13.500000000000002 7.5000000000000009 819.50000000000011 4.7531590461730966 934.50000000000011 0.77399259805679332 145.65802764892581 5.5073599815368661 0.17500000447034839 0.85664737224578869
decision_type=2 2 2 2 2 2 2 2 2 2 2 2 2 2 2 2 2 2 2 2 2 2 2 2 2 2 2 2 2 2
left_child=2 10 6 -3 -5 -4 14 8 -8 21 11 12 -2 -10 19 18 17 -17 20 -1 -16 -9 -21 25 -25 -24 27 -27 -29 -28
right_child=1 3 5 4 -6 -7 7 9 13 -11 -12 -13 -14 -15 15 16 -18 -19 -20 22 -22 -23 23 24 -26 26 29 28 -30 -31
leaf_value=-0.010602977039737867 0.013139732702748754 -0.020484894317452314 0.021829983010208061 0.022494654447016895 -0.006545133605564267 -0.0041937797133523346 -0.051961162963616858 0.017976308192599554 0.013210632663763686 -0.029856293767133807 -0.013806040102333694 0.035538595357920359 -0.0040540186123129845 -0.02321319803269847 -0.0029755943187146669 -0.0052725576917327056 -0.033042718325870836 0.027216155713827749 0.029220965588301978 -0.0012579794127299795 0.02474990774809048 -0.010152644951919003 -0.013056785422647882 0.029135121723654657 -0.0069443510311749728 -0.00022250001607247588 0.0093133561651309524 -0.0094555435430729844 0.026173607866355152 -0.030552207384970324
leaf_weight=94.125690795481205 151.25224519893527 26.045249462127686 38.92524454370141 15.23721184581518 30.696037650108337 19.890164026990533 14.42123882845044 27.700691798701882 9.1895350143313426 8.579253848642109 11.646370388567446 13.291589841246603 34.899067234247923 10.303555730730293 38.728450544178486 51.67951712757349 11.059018105268477 14.539160020649431 34.022247839719057 1738.0560595095158 12.093803994357584 12.267507828772066 38.624415811151266 33.359317485243082 20.333689365535975 146.4158695358783 8.404034625738861 21.926723632961512 54.901236409321427 12.423928610980509
leaf_count=954 898 126 345 83 147 155 74 260 58 61 40 62 166 74 250 323 29 86 189 13036 78 59 242 218 130 892 53 206 334 102
internal_value=0 0.00637878 -0.000435598 -0.00541723 0.00362473 0.0131808 -0.000778108 -0.0108671 -0.0275949 0.00144812 0.0104141 0.0119515 0.00990747 -0.00641062 -0.000412141 0.00618949 -0.00333513 0.00244953 0.0147417 -0.000910927 0.00430934 0.00927025 -0.000461371 0.00363765 0.015713 0.00124988 0.00360164 0.00546096 0.0160231 -0.0150599
internal_weight=0 283.068 2471.97 71.9785 45.9332 58.8154 2413.15 82.4618 33.9143 48.5475 211.089 199.443 186.151 19.4931 2330.69 162.122 77.2777 66.2187 84.8445 2168.57 50.8223 39.9682 2074.45 336.389 53.693 282.696 244.072 223.244 76.828 20.828
internal_count=19730 1522 18208 356 230 500 17708 586 206 380 1166 1126 1064 132 17122 955 438 409 517 16167 328 319 15213 2177 348 1829 1587 1432 540 155
is_linear=0
shrinkage=0.04


Tree=102
num_leaves=31
num_cat=0
split_feature=22 36 7 29 3 23 16 0 5 36 1 0 2 36 25 14 16 28 36 25 2 16 4 5 2 2 6 4 16 5
split_gain=8.31025 6.89906 6.49105 5.72479 5.47654 6.19245 5.46958 6.28376 6.9968 7.18998 4.70507 9.88564 7.29166 5.82342 9.15061 8.39868 10.8018 10.0806 8.56314 9.54356 8.41313 6.57459 5.37819 6.0576 5.08628 4.80646 4.64323 4.47633 4.88414 4.4925
threshold=0.11974025890231134 0.51403531432151806 0.75000000000000011 -0.91597560048103321 3.5000000000000004 1.0000000180025095e-35 84.581165313720717 7.3626401424407968 0.21975186467170718 1.2493990659713747 3.5000000000000004 8.0820922851562518 990.50000000000011 1.821431636810303 0.34999999403953558 1.2424533367156985 12.892439842224123 0.37940952181816107 2.3395910263061528 0.17500000447034839 716.50000000000011 55.65727615356446 0.86274120211601268 0.13143507391214374 599.50000000000011 1151.5000000000002 5.3008110523223886 0.90864726901054393 112.14860153198244 0.12255697697401048
decision_type=2 2 2 2 2 2 2 2 2 2 2 2 2 2 2 2 2 2 2 2 2 2 2 2 2 2 2 2 2 2
left_child=1 -1 4 -4 10 6 7 8 -6 -10 12 25 13 -2 15 16 18 21 19 -15 26 -18 -21 -24 -23 -12 -20 29 -29 -3
right_child=2 27 3 -5 5 -7 -8 -9 9 -11 11 -13 -14 14 -16 -17 17 -19 20 22 -22 24 23 -25 -26 -27 -28 28 -30 -31
leaf_value=0.0127184963808263 -0.0015679612374477697 -0.028804503483037893 -0.0064265326654472732 0.0089867637885431405 -0.017079354682141161 0.022797820867898715 0.013039108530351213 -0.015493689046424989 0.0015847512509269115 0.022774558361377886 0.007808463158180041 -0.022352482096008021 -0.017186041667053353 -0.0075893134853331715 0.029218281944249573 0.02518169108458676 -0.03051435235653082 0.015217343149688636 -0.001093808855744467 0.0081152501700883835 0.015479229135513667 -0.020559961358147808 0.017039226190125885 0.055005600915138349 0.0063557226001716193 0.031399175897902525 -0.02744233986949041 0.026572033475421752 -0.014903258200241399 -0.010075696064102422
leaf_weight=18.775991633534431 1648.7844123076648 26.873922199010849 44.514705669134855 236.00566438958049 21.836121268570423 26.835993122309446 66.257316820323467 33.018530651926994 116.62869387306273 30.960717126727104 58.235397096723318 12.463029921054838 41.834370076656342 17.34032366424799 20.521246664226055 21.663769401609898 30.60963649302721 17.961143836379051 22.831071086227894 18.924201130867004 23.266774207353592 18.786231465637684 16.893975287675861 13.203764602541922 22.921120814979076 17.077611941844225 18.43412109464407 7.7365493401885015 6.7406263016164303 86.082343105226755
leaf_count=230 13080 234 222 1188 147 156 453 159 784 164 395 49 271 122 101 121 155 95 106 82 90 107 81 64 112 114 71 56 65 703
internal_value=0 -0.00895014 0.000785876 0.00651271 9.35641e-05 0.00516373 0.00324714 -5.38487e-05 0.00310081 0.00627493 -0.000644662 0.00831049 -0.00105503 -0.000684522 0.0048165 0.00253255 0.000108289 -0.0104064 0.00740774 0.0172794 -0.00295813 -0.0170087 0.0260287 0.0360845 -0.00615394 0.0138317 -0.0135888 -0.01229 0.007796 -0.0149552
internal_weight=0 146.209 2617.81 280.52 2337.29 295.537 268.701 202.444 169.426 147.589 2041.75 87.776 1953.98 1912.14 263.357 242.836 221.172 90.2781 130.894 66.3623 64.532 72.317 49.0219 30.0977 41.7074 75.313 41.2652 127.433 14.4772 112.956
internal_count=19777 1288 18489 1410 17079 1863 1707 1254 1095 948 15216 558 14658 14387 1307 1206 1085 469 616 349 267 374 227 145 219 509 177 1058 121 937
is_linear=0
shrinkage=0.04


Tree=103
num_leaves=31
num_cat=0
split_feature=32 23 18 22 5 36 28 29 30 5 26 0 2 29 0 0 29 2 22 15 36 16 36 0 36 7 5 28 28 2
split_gain=8.45761 8.22188 8.58967 6.97853 5.75825 5.87331 8.12391 6.35731 8.95725 6.57108 4.68062 7.92596 6.1945 7.86131 7.61703 7.95689 5.52836 11.1533 11.6993 5.50705 5.50171 5.16429 4.90389 6.51103 4.81648 5.99642 5.25837 9.49855 8.78314 8.04657
threshold=26.500000000000004 1.0000000180025095e-35 2.5000000000000004 0.85905888676643383 0.072180762887001051 2.1825598478317265 -0.6035533845424651 -0.91597560048103321 1.4978661537170412 0.19854699820280078 1.0000000180025095e-35 7.6138155460357675 450.50000000000006 0.91597560048103344 6.4232139587402353 8.0602226257324237 0.60355338454246532 577.50000000000011 0.17343915253877643 0.19597221910953525 1.4330188035964968 85.485794067382827 1.5198159813880923 7.8995227813720712 1.2232594490051272 1.0000000180025095e-35 0.2018205523490906 0.60355338454246532 0.60355338454246532 763.50000000000011
decision_type=2 2 2 2 2 2 2 2 2 2 2 2 2 2 2 2 2 2 2 2 2 2 2 2 2 2 2 2 2 2
left_child=1 3 -3 4 -1 10 -7 8 -8 -9 12 20 -6 14 -14 16 24 18 -18 21 -12 -15 -13 -24 26 -26 28 -28 29 -16
right_child=-2 2 -4 -5 5 6 7 9 -10 -11 11 22 13 19 15 -17 17 -19 -20 -21 -22 -23 23 -25 25 -27 27 -29 -30 -31
leaf_value=0.028556253961703363 0.014590109703714398 0.0045689995938698333 0.032706213803538824 -0.032949694071827393 -0.00852335928113436 -0.016288031531488688 -0.032108298512613334 -0.00087979966700494326 0.0073979746992661214 0.025852029180508426 0.003327415186201887 -0.021429377803362848 0.0065808514357179994 -0.017677069609828601 -0.0072193519884892355 0.025482089164017552 -0.021829972124661205 -0.015564760297138484 0.021886258866045578 0.019351584428588888 0.018270692223920967 0.016148001457520825 0.0070195101266801035 -0.018181396633755849 -0.0038053965343103485 0.0070267484466086496 -0.0021210208477457013 0.021325906139745589 -0.018571883733189045 0.0057475236209228791
leaf_weight=8.7587565630674344 62.697802290320396 254.43199045956135 16.743073135614395 8.7472064532339555 170.83781642839313 87.488388907164335 17.137238286435604 47.08565928786993 16.477809153497219 19.31778434664011 513.29251017794013 27.712600380182266 171.9954209048301 14.596234723925592 265.05474494025111 14.163008309900759 12.549645714461802 122.12776520848274 28.604237478226423 50.05720803886652 40.89763056486845 10.836075561121104 44.722656641155481 23.304181091487408 143.78343746438622 184.67321394383907 164.24357106164098 31.174812786281109 72.795355793088675 105.63687589392066
leaf_count=74 558 1222 175 68 1546 400 67 195 72 84 3797 156 1584 133 2490 85 129 865 221 320 208 102 240 128 1009 892 1167 207 648 834
internal_value=0 -4.51455e-05 0.006533 -0.000787642 -0.000643643 -0.000773865 -0.00753235 0.0002956 -0.0134147 0.00742539 -0.000194952 0.00265296 -0.00138096 -0.000493595 -0.00122043 -0.00240193 -0.0027956 -0.00955838 0.00816135 0.0118893 0.00449192 -0.00313848 -0.00786599 -0.00188635 -0.00163673 0.00229059 -0.00365659 0.00179759 -0.00605721 -0.00351314
internal_weight=0 2689.25 271.175 2418.07 2409.32 2400.57 187.507 100.018 33.615 66.4034 2213.06 649.93 1563.13 1392.29 1316.8 1144.81 1130.64 163.282 41.1539 75.4895 554.19 25.4323 95.7394 68.0268 967.362 328.457 638.905 195.418 443.487 370.692
internal_count=19676 19118 1397 17721 17653 17579 818 418 139 279 16761 4529 12232 10686 10131 8547 8462 1215 350 555 4005 235 524 368 7247 1901 5346 1374 3972 3324
is_linear=0
shrinkage=0.04


Tree=104
num_leaves=31
num_cat=0
split_feature=4 27 30 27 0 16 13 36 25 16 2 0 36 8 2 12 5 25 27 6 2 27 0 36 5 16 2 2 2 2
split_gain=7.48555 8.29272 5.72925 6.11995 5.40978 9.21365 12.6249 7.3498 7.42847 8.99752 6.89544 7.72427 7.33533 7.85118 6.79182 6.79672 11.1712 6.76589 6.81575 7.04751 5.89045 7.05407 17.6454 9.52081 5.58904 5.58552 6.70952 7.42663 6.86232 5.49496
threshold=0.67251640558242809 4.0456790924072275 1.0000000180025095e-35 4.2689976692199716 6.8936436176300058 12.439978599548342 1.5000000000000002 0.85128417611122142 0.2100000008940697 48.595153808593757 702.50000000000011 8.2905426025390643 1.7800819873809817 4.5000000000000009 382.50000000000006 1.0000000180025095e-35 0.14111863821744922 0.17500000447034839 3.4226313829422002 5.9750802516937265 712.50000000000011 4.2275631427764901 8.1819992065429705 1.799444377422333 0.22256510704755786 21.480905532836918 647.50000000000011 657.50000000000011 418.50000000000006 677.50000000000011
decision_type=2 2 2 2 2 2 2 2 2 2 2 2 2 2 2 2 2 2 2 2 2 2 2 2 2 2 2 2 2 2
left_child=1 -1 -3 -4 7 6 10 14 24 -10 11 12 -6 -14 -2 25 -17 -7 19 -19 -12 22 -22 -23 -9 26 28 -28 -16 -27
right_child=4 2 3 -5 5 17 -8 8 9 -11 20 -13 13 -15 15 16 -18 18 -20 -21 21 23 -24 -25 -26 29 27 -29 -30 -31
leaf_value=0.016987870449814181 -0.015806020413058619 -0.01603440726662048 -0.013258937801303444 0.013668757175284903 -0.0030871559666388972 -0.010206162587452834 0.040063925110560401 0.017324721007512558 0.031389708131066715 -0.0069507553427768922 0.025898293180370763 -0.023544109634288699 -0.014218118981387116 0.01433473328400188 0.018510770459744183 0.038051360691569489 -0.0027294225717067896 -0.0036369312942479632 -0.00067395948771619763 -0.030433974698389796 0.0052303171654807081 0.0030486688385374344 0.049847524816778226 -0.020608985871307623 -0.016996360339755358 0.010133039481759743 0.033832791924205338 0.0011654825957852155 -0.0094731148808413178 -0.0011333300794296379
leaf_weight=86.405791910365224 33.663289664313197 24.542345322668552 17.139300538226962 45.020554546266794 451.86508614197373 235.49947595968843 11.253940485417841 11.044473584741356 39.681971743702888 11.967716101557015 18.75912369415164 23.336904175579548 17.349546782672405 78.568518791347742 13.373588697984813 19.31577431038022 21.175112158060074 40.807690113782883 527.19500239565969 24.192820958793163 164.95309835672379 111.44587011262774 13.59819722175598 33.852250933647156 16.235958337783813 162.49657962657511 9.8119264207780343 197.54278894327581 176.86797409318388 119.01056583970785
leaf_count=758 355 133 129 311 2914 2034 90 83 200 81 111 86 59 412 117 145 153 268 3524 152 879 637 57 117 120 1770 68 1402 1426 1211
internal_value=0 0.0083673 -0.000413124 0.00606214 -0.000178377 -0.00143899 0.00130368 0.0024737 0.0139299 0.0225779 0.000739829 -0.0019505 -0.000948262 0.00898521 0.00123956 0.00207856 0.0176 -0.00449979 -0.00220381 -0.0142214 0.00520984 0.00385985 0.00914283 -0.00266819 -0.00286721 0.00110415 -0.00194613 0.00301973 -0.00733379 0.00539565
internal_weight=0 173.108 86.7022 62.1599 2584.87 1752.68 924.983 832.188 78.9301 51.6497 913.729 571.12 547.783 95.9181 753.258 719.594 40.4909 827.695 592.196 65.0005 342.609 323.849 178.551 145.298 27.2804 679.103 397.596 207.355 190.242 281.507
internal_count=19802 1331 573 440 18471 11340 5362 7131 484 281 5272 3471 3385 471 6647 6292 298 5978 3944 420 1801 1690 936 754 203 5994 3013 1470 1543 2981
is_linear=0
shrinkage=0.04


Tree=105
num_leaves=31
num_cat=0
split_feature=31 23 29 2 25 36 25 2 36 16 25 5 2 36 7 25 20 6 25 2 2 16 28 31 27 2 5 5 28 9
split_gain=8.02045 6.10121 6.27225 5.55925 9.23435 7.83747 7.10897 6.94712 6.62779 5.09112 5.14666 5.26066 4.85874 6.16111 6.19732 6.71904 10.6346 7.35807 5.93128 5.53074 11.2008 7.23263 5.74519 4.98731 4.40847 4.33827 5.69962 8.10907 7.16074 6.77271
threshold=0.28991597890853887 1.0000000180025095e-35 -0.91597560048103321 500.50000000000006 0.34999999403953558 0.71467429399490368 0.34999999403953558 525.50000000000011 0.69001945853233349 60.361579895019538 0.23499999940395358 0.20775451511144641 1097.5000000000002 0.88135138154029857 0.25000000000000006 0.17500000447034839 0.41083332896232611 5.7761018276214608 0.2100000008940697 635.50000000000011 569.50000000000011 115.807674407959 -0.91597560048103321 0.7976859211921693 3.8144096136093144 589.50000000000011 0.26240158081054693 0.25029137730598455 -0.98296290636062611 1.0000000180025095e-35
decision_type=2 2 2 2 2 2 2 2 2 2 2 2 2 2 2 2 2 2 2 2 2 2 2 2 2 2 2 2 2 2
left_child=25 3 -3 6 5 8 24 -7 9 -5 -11 -12 13 18 15 -15 17 -17 -9 20 -16 22 -21 -18 -2 -1 27 -27 -28 -29
right_child=1 2 -4 4 -6 7 -8 12 -10 10 11 -13 -14 14 19 16 23 -19 -20 21 -22 -23 -24 -25 -26 26 28 29 -30 -31
leaf_value=-0.0034256597563487269 0.031007796785481073 -0.0090755440992450961 0.020592502572052061 -0.0051628821637335967 0.016518897688483941 -0.028380518000933989 -0.017714742579407691 0.0046530835357551908 0.03790964608170852 0.023700950601435084 -0.021405098523121949 0.018738642934073058 -0.024381922742888067 -0.025170864382742231 0.021945286472487325 0.03612624424391734 -0.026550078648530557 -0.0049558882190165309 -0.027591869801152892 -0.0068217228536164879 -0.020024470458716505 -0.010914342282730896 0.02266264974418913 -0.00058114531792376927 0.0092446645266731648 0.00071427028012747333 0.019154401428890373 0.036222282337430384 -0.0080814975104293342 0.0026295715037296385
leaf_weight=825.96107150055468 21.50737139955163 12.898210909217594 57.156734835356474 42.68583146110177 50.577866643667221 16.504681393504143 9.4740431867539865 13.36498064920306 8.8800605088472349 28.086037024855614 9.481082785874607 7.6266414634883395 14.03703638538718 21.928498022258282 13.807048305869101 14.483140602707865 19.212625570595264 11.348125465214251 23.690758932381868 11.839332662522791 26.800554774701595 16.151527367532253 58.791028447449207 26.966538436710835 48.367430962622166 1110.0279062148184 14.927007243037222 17.187008418142796 187.39752521552145 19.903093114495277
leaf_count=6662 150 81 443 341 377 82 62 103 60 238 83 62 74 145 73 71 73 75 160 75 128 70 382 120 344 7936 84 75 1114 141
internal_value=0 0.00411972 0.0150299 0.00258504 0.00079123 -0.00134584 0.0121856 -0.00464454 0.00839873 0.0046395 0.0137244 -0.00342079 -0.00301013 -0.00167073 0.000905978 -0.00680651 -0.000685153 0.019019 -0.0163193 0.00661058 -0.00539401 0.0122228 0.0176686 -0.012039 0.0166198 -0.00114624 0.000251947 0.00134615 -0.00590428 0.0192528
internal_weight=0 585.667 70.0549 515.612 436.263 385.686 79.3488 288.926 96.7597 87.8796 45.1938 17.1077 272.421 258.384 221.328 93.9389 72.0104 25.8313 37.0557 127.389 40.6076 86.7819 70.6304 46.1792 69.8748 2175.4 1349.44 1147.12 202.325 37.0901
internal_count=19884 3872 524 3348 2792 2415 556 1631 784 724 383 145 1549 1475 1212 484 339 146 263 728 201 527 457 193 494 16012 9350 8152 1198 216
is_linear=0
shrinkage=0.04


Tree=106
num_leaves=31
num_cat=0
split_feature=23 15 4 25 5 27 27 28 2 18 36 9 29 27 35 21 30 7 36 29 36 4 36 6 4 1 6 4 6 5
split_gain=5.74152 5.98179 5.90833 5.87824 6.25665 5.8619 5.81871 7.80765 4.87675 5.5624 4.82594 4.72493 5.21395 4.17213 4.14051 4.98427 5.99161 10.4747 5.13124 4.80692 8.59871 5.42603 6.60786 6.32136 4.30637 5.37141 9.42891 4.29262 4.20421 5.63835
threshold=1.0000000180025095e-35 0.14145454764366153 0.86999163031578075 0.17500000447034839 0.097264923155307784 4.5648686885833749 4.2801320552825937 -0.91597560048103321 783.50000000000011 2.5000000000000004 0.94279754161834728 1.0000000180025095e-35 -0.6035533845424651 4.3726072311401376 1.0000000180025095e-35 14.500000000000002 3.8815106153488164 0.57499998807907116 1.1615874171257021 0.91597560048103344 0.87534815073013317 0.79671689867973339 2.0196555852890019 5.5234570503234872 0.92388182878494274 3.5000000000000004 4.9163179397583017 0.916459619998932 4.6298508644104013 0.092970013618469252
decision_type=2 2 2 2 2 2 2 2 2 2 2 2 2 2 2 2 2 2 2 2 2 2 2 2 2 2 2 2 2 2
left_child=14 -2 5 -4 -5 6 7 -3 9 -9 -7 13 -13 -6 15 19 17 -17 -18 24 -21 -22 23 -23 25 27 -27 -1 -29 -30
right_child=1 2 3 4 11 10 -8 8 -10 -11 -12 12 -14 -15 -16 16 18 -19 -20 20 21 22 -24 -25 -26 26 -28 28 29 -31
leaf_value=-0.0011344763695466313 -0.0099420302470984573 0.035233890802695338 -0.016651710151846487 0.027335455037568637 0.025533916531937699 0.012113548227390128 0.034350676447431956 -0.010201018458650804 0.020857292783772609 0.020274706433614932 -0.019356627024018417 0.0095658256870458768 -0.016497109937369917 -0.0022698129642979223 0.010749700523197157 -0.037924639890774908 0.024595216820132118 0.0088190706224074451 -0.012478897170490104 -0.0055002654525684678 0.03869138474782393 0.0040997377052050957 -0.016241289515840879 0.032864724942544173 -0.0067769246899236114 -0.011751850832059166 0.018384369286056315 -0.0030717991398522778 0.0054056375078245259 0.043929008671398755
leaf_weight=1923.7963021900505 33.986090093851089 16.010910768061876 22.217718813568354 15.109528712928293 15.900919947773216 14.461355447769167 23.774028047919273 34.004667155444622 19.61712260171771 11.075640633702276 12.874151855707167 17.841409560292959 31.209420919418335 16.103633895516396 48.475289862602949 21.593574441969395 8.6156966201961058 10.407936200499533 11.769665420055388 49.963451590389013 11.819814063608645 29.798097018152475 10.659234546124933 19.548040423542261 185.47582507878542 21.804208274930716 55.289440922439098 18.052575945854187 15.398295577615501 8.8145767748355848
leaf_count=14362 191 118 137 69 69 84 112 162 162 119 52 76 125 58 407 115 76 123 73 440 70 185 40 138 1393 112 357 131 125 70
internal_value=0 0.0053976 0.00754359 0.00101642 0.00535451 0.0133027 0.0175489 0.0118886 0.00522801 -0.00217032 -0.00301709 0.000697471 -0.00701379 0.0122333 -0.000589387 -0.000826897 -0.0127988 -0.0230975 0.00398766 -0.000549409 0.00712365 0.0158163 0.0102077 0.016331 -0.000974732 -0.000441902 0.00977938 -0.000852232 0.0114655 0.0217116
internal_weight=0 284.187 250.201 118.383 96.1649 131.818 104.482 80.7083 64.6974 45.0803 27.3355 81.0554 49.0508 32.0046 2451.28 2402.81 52.3869 32.0015 20.3854 2350.42 121.789 71.8252 60.0054 49.3461 2228.63 2043.16 77.0936 1966.06 42.2654 24.2129
internal_count=19751 1534 1343 534 397 809 673 561 443 281 136 328 201 127 18217 17810 387 238 149 17423 873 433 363 323 16550 15157 469 14688 326 195
is_linear=0
shrinkage=0.04


Tree=107
num_leaves=31
num_cat=0
split_feature=32 23 22 4 5 6 36 6 27 29 15 6 5 5 6 7 4 27 4 3 0 29 27 20 16 16 1 7 20 27
split_gain=8.55021 7.22409 8.8567 5.29487 4.62921 4.50798 5.12888 5.06682 4.3151 9.65412 3.9849 3.95395 3.66553 5.46009 5.55102 3.73536 3.39675 4.85009 4.11336 6.4865 7.25389 6.85808 7.26878 5.62463 5.02238 8.73701 9.55641 6.98602 6.86912 6.21079
threshold=26.500000000000004 1.0000000180025095e-35 0.85905888676643383 0.67251640558242809 0.072180762887001051 5.8735244274139413 1.1330381631851199 6.0318858623504648 4.5470111370086679 -0.12940952181816107 0.14145454764366153 5.2704288959503183 0.096648685634136214 0.12386099621653558 4.6491756439208993 1.0000000180025095e-35 0.92388182878494274 3.5452966690063481 0.88686734437942516 1.5000000000000002 7.7345564365386972 -0.7865660786628722 4.4641823768615732 0.25690476596355444 112.92915344238283 96.671096801757827 1.5000000000000002 1.0000000180025095e-35 0.19597221910953525 3.9522043466567998
decision_type=2 2 2 2 2 2 2 2 2 2 2 2 2 2 2 2 2 2 2 2 2 2 2 2 2 2 2 2 2 2
left_child=1 2 4 -3 -1 -2 -7 -8 10 -10 -5 -11 -12 15 -15 -14 18 -18 -6 23 21 22 -21 24 25 26 29 -27 -26 -20
right_child=5 3 -4 8 16 6 7 -9 9 11 12 -13 13 14 -16 -17 17 -19 19 20 -22 -23 -24 -25 28 27 -28 -29 -30 -31
leaf_value=0.024616977692306214 0.024215293607579499 0.027998383858151628 -0.037596345300125469 -0.0072656298861328607 -0.001617737884225522 0.022267046861431092 -0.026824223764072203 0.011189294902948857 0.0094236753449098622 -0.0027000344287176846 0.028485791538257116 -0.031412334278219524 -0.019334519601285221 -0.00095736493724275741 0.017643716184799447 0.006684400384381897 0.014731577975757677 -0.008071977759927039 -0.021678916330559416 0.0073337293610976099 0.029842816342317779 -0.00033798141752905506 0.04437985185363344 0.012744762684482252 -0.017691416530459532 -0.0011915264921663717 0.0055873583272106828 0.0527208539715752 0.018259265360622477 -0.003415202167146027
leaf_weight=9.3117081932723504 32.524605061858892 14.274383231997488 8.5799544677138311 23.888362415134907 1632.1181409321725 11.146093606948854 10.073559474200012 8.8963335081934911 37.04459522664547 13.253116235136988 13.474431265145538 17.665357246994972 15.847931481897833 37.463094100356102 78.194075990468264 15.959683395922182 14.487421724945305 173.07054943405092 39.834810193628073 28.301895380020142 21.388607680797577 95.091988805681467 10.776437696069477 45.104703426361084 52.099527277052402 6.6490480154752714 153.44847963750362 6.8482655212283134 8.4090572260320169 106.95744226500392
leaf_count=76 326 104 64 130 11704 118 70 71 181 63 66 91 73 172 441 68 91 1296 338 196 101 721 78 289 546 82 1133 54 75 958
internal_value=0 -0.000384208 -0.00107674 0.00583315 -0.00091525 0.0143378 0.00282673 -0.00963007 0.00437159 -0.00415898 0.00751932 -0.0200167 0.00977611 0.00770823 0.0117047 -0.00665624 -0.001035 -0.00617373 -0.000593102 0.00231127 0.00923089 0.00555501 0.0192131 -0.000287203 -0.00191723 0.000144689 -0.00135818 0.0294362 -0.0122709 -0.00859618
internal_weight=0 2679.54 2412.48 267.065 2403.9 62.6406 30.116 18.9699 252.791 67.9631 184.828 30.9185 160.939 147.465 115.657 31.8076 2394.59 187.558 2207.03 574.91 155.559 134.17 39.0783 419.351 374.247 313.738 300.241 13.4973 60.5086 146.792
internal_count=19776 19191 17802 1389 17738 585 259 141 1285 335 950 154 820 754 613 141 17662 1387 16275 4571 1096 995 274 3475 3186 2565 2429 136 621 1296
is_linear=0
shrinkage=0.04


Tree=108
num_leaves=31
num_cat=0
split_feature=22 1 0 3 5 2 31 0 25 36 29 25 0 28 30 0 0 5 15 29 2 2 0 26 22 36 5 0 5 22
split_gain=6.60563 6.37096 9.87932 5.85254 6.1696 8.62023 5.6332 4.18694 8.6907 6.05739 5.91657 4.14777 6.85683 6.91248 7.29013 5.91502 7.27744 6.0628 5.67913 7.52085 5.64466 7.98328 10.4877 5.7019 5.57954 5.45806 5.22089 5.08197 6.63133 4.96016
threshold=0.69840246438980114 3.5000000000000004 8.0820922851562518 2.5000000000000004 0.21835567802190783 581.50000000000011 0.86502560973167431 6.0062773227691659 0.2100000008940697 0.23911438137292865 -0.12940952181816107 0.23499999940395358 6.716576576232911 -0.98296290636062611 1.0000000180025095e-35 6.8200013637542733 6.8522284030914316 0.19169481843709948 0.19597221910953525 0.91597560048103344 681.50000000000011 907.50000000000011 8.0820922851562518 1.0000000180025095e-35 0.22195237874984744 0.5568453073501588 0.11454697698354722 7.6038949489593515 0.18757566809654239 0.10918604582548143
decision_type=2 2 2 2 2 2 2 2 2 2 2 2 2 2 2 2 2 2 2 2 2 2 2 2 2 2 2 2 2 2
left_child=1 7 -3 4 -2 -6 -7 8 -1 -10 -11 12 13 14 -9 26 17 -17 29 25 23 22 -22 -18 -25 -20 -13 28 -23 -14
right_child=3 2 -4 -5 5 6 -8 11 9 10 -12 15 18 -15 -16 16 20 -19 19 -21 21 27 -24 24 -26 -27 -28 -29 -30 -31
leaf_value=0.026809623457330123 0.021614292025187137 0.013167759451453832 -0.022524218176382806 0.023064546149715488 -0.037561037343792653 0.017018190598402573 -0.019886314838399467 -0.0078892954295443993 -0.022541087673684866 -0.0072462414647183086 0.02298245334179284 0.0086956389712385829 -0.027978913990259275 0.00054221474589582922 0.040505375082274767 0.0020053064426313202 -0.0043490732620114188 0.042647118045138648 -0.029562507612168259 0.016526400065277093 0.0051228894838047968 0.015260015173019944 0.03005764652255696 0.0076940885762687514 -0.0099485561317110508 -0.0028427047591364856 -0.0065616868029378921 -0.023090878032760238 -0.017463417759009878 -0.0075064227831489637
leaf_weight=23.751440037041903 14.671956948935984 92.80517484806478 12.428146675229071 32.628015302121639 8.9177648276090604 17.317269820719961 8.1346541531383973 6.7398355696350363 13.739213351160286 21.127306235954165 17.078830108046532 39.35412310063839 18.392484080046415 249.98132344521582 12.42973077483475 11.442325163632633 362.55811248347163 10.532319154590366 10.531774275004862 29.910450246185064 260.71988813206553 20.516000125557184 28.318220563232899 146.47050296515226 33.72997610270977 573.19276663288474 280.18860726803541 21.005861934274435 15.70003782212734 355.21097220480442
leaf_count=300 134 575 39 432 64 171 90 72 132 151 126 312 195 2579 120 88 2101 58 114 204 1383 108 115 765 161 3975 1920 81 86 3168
internal_value=0 -0.000942699 0.00861103 0.0104716 0.00151786 -0.00777786 0.0046337 -0.00134143 0.00780598 -0.00155503 0.00673759 -0.00162591 -0.00324064 0.00240515 0.0243524 2.53374e-05 0.00166843 0.0234174 -0.0047816 -0.00240111 0.00107948 0.00505497 0.00775561 -0.00146598 0.00431878 -0.00342409 -0.00464023 -0.00838768 0.000902536 -0.0086579
internal_weight=0 2667.86 105.233 81.6697 49.0416 34.3697 25.4519 2562.62 75.6968 51.9453 38.2061 2486.93 1256.39 269.151 19.1696 1230.54 910.993 21.9746 987.238 613.635 889.019 346.26 289.038 542.759 180.2 583.725 319.543 57.2219 36.216 373.603
internal_count=19819 18928 614 891 459 325 261 18314 709 409 277 17605 10427 2771 192 7178 4946 146 7656 4293 4800 1773 1498 3027 926 4089 2232 275 194 3363
is_linear=0
shrinkage=0.04


Tree=109
num_leaves=31
num_cat=0
split_feature=25 7 4 29 1 3 28 36 17 1 5 27 27 4 27 4 28 13 36 20 2 2 2 22 25 36 25 27 1 2
split_gain=7.53225 6.28754 5.59023 7.93618 4.93598 5.71209 5.4117 5.24982 4.8564 5.52272 4.13076 5.90583 5.87449 5.31753 4.98212 9.25199 4.42075 4.01067 4.68572 4.00175 6.91794 8.84556 7.62656 7.07932 5.83805 5.68898 6.06322 5.56287 6.15299 5.67312
threshold=0.34999999403953558 1.0000000180025095e-35 0.9543166756629945 1.0000000180025095e-35 1.5000000000000002 1.5000000000000002 -0.91597560048103321 1.0592091083526614 1.5000000000000002 2.5000000000000004 0.34005814790725714 3.7943642139434819 3.4388129711151127 0.93250548839569103 5.2493896484375009 0.86274120211601268 0.12940952181816109 1.0000000180025095e-35 1.4445221424102785 0.41083332896232611 743.50000000000011 623.50000000000011 477.50000000000006 0.77741664648056041 0.27500000596046453 1.957960903644562 0.31000000238418585 3.9731177091598515 1.5000000000000002 533.50000000000011
decision_type=2 2 2 2 2 2 2 2 2 2 2 2 2 2 2 2 2 2 2 2 2 2 2 2 2 2 2 2 2 2
left_child=1 2 8 -4 5 -2 7 -6 10 -10 11 -1 -12 14 -13 -16 -15 18 -7 25 21 22 -21 24 -24 -3 27 28 -27 -29
right_child=4 19 3 -5 6 17 -8 -9 9 -11 12 13 -14 16 15 -17 -18 -19 -20 20 -22 -23 23 -25 -26 26 -28 29 -30 -31
leaf_value=-0.0089460018828410367 -0.01230664114454022 0.0016661890531056681 0.032473601458306002 -0.011110226673601243 0.017125254026662484 -0.0053744286753295992 0.018188118337463238 -0.018038801176795159 -0.02261168482655285 0.015005360638924849 0.031637928225048698 -0.001155183690605002 0.0015076555271012612 -0.022131132430690405 -0.0099275185784206306 0.04008356802294797 0.0082090530254698684 0.025068224061795989 0.022062219385106552 0.024148823614229455 -0.0025573363351175933 0.026788384455037968 -0.0082504125694117907 -0.029296012226157117 0.019983242164138333 -0.013869611609304172 0.013592209769694691 0.0022424281557082305 0.017612403530851872 -0.02259574237638514
leaf_weight=208.0369665119797 31.700130730867386 1112.3341571725905 14.877294426783921 9.7452959194779378 9.9567965827882308 35.360466152429581 84.729855295270681 13.808198936283587 33.28636078350246 6.1243258249014607 10.767942249774931 701.11129259318113 55.953625064343214 30.752665128558874 9.671754218637945 11.016861850395797 8.8798983357846719 14.471637289971111 11.598866321146486 20.14393187686801 75.415591889992356 43.413807805627584 25.491504605859518 11.178746193647383 18.539733067154884 17.394479736685753 17.705686241388321 19.091628439724445 18.407217741012573 57.541689470410347
leaf_count=1667 196 6846 129 80 66 208 550 71 387 58 64 6386 428 274 79 102 85 116 55 147 589 322 150 90 97 65 52 86 71 210
internal_value=0 -0.0001655 -0.00243865 0.0156849 0.00783036 0.00102395 0.0135486 -0.00312043 -0.00288187 -0.0163237 -0.00234016 -0.00300664 0.00714951 -0.00136472 -0.000561387 0.0178896 -0.0152655 0.00807405 0.00202678 0.0015763 0.00688583 0.0128251 0.00429583 -0.00353873 0.00398934 0.000736752 -0.00711228 -0.0105533 0.00239212 -0.0165082
internal_weight=0 2536.88 1100.22 24.6226 201.626 93.1311 108.495 23.765 1075.6 39.4107 1036.19 969.469 66.7216 761.432 721.8 20.6886 39.6326 61.431 46.9593 1436.66 194.183 118.768 75.3539 55.21 44.0312 1242.47 130.141 112.435 35.8017 76.6333
internal_count=19726 18464 9739 209 1262 575 687 137 9530 445 9085 8593 492 6926 6567 181 359 379 263 8725 1395 806 484 337 247 7330 484 432 136 296
is_linear=0
shrinkage=0.04


Tree=110
num_leaves=31
num_cat=0
split_feature=1 31 0 25 1 17 32 21 15 36 27 16 28 18 30 7 22 30 25 4 36 4 27 28 4 27 27 36 0 16
split_gain=5.31356 6.71673 5.86119 6.45791 8.42429 5.07968 4.53306 12.4359 8.51593 10.2817 5.26902 8.70847 7.09768 6.3916 6.73968 5.74196 5.00031 5.85956 4.65805 6.92827 5.64368 5.21438 9.82685 6.4182 9.63785 4.92805 4.71772 5.85328 5.20253 5.18517
threshold=2.5000000000000004 0.92762354016304027 6.0062773227691659 0.2100000008940697 1.5000000000000002 1.0000000180025095e-35 25.500000000000004 18.500000000000004 0.59397727251052868 1.1615874171257021 3.4061836004257207 15.971277713775637 -0.91597560048103321 1.5000000000000002 3.2384861707687382 0.82500001788139354 0.57991665601730358 2.1383330821990971 0.17500000447034839 0.86586222052574169 2.2300208806991582 0.85945415496826183 4.938422918319703 -0.7865660786628722 0.58965390920639049 4.8508577346801767 5.1535806655883798 0.86583510041236889 6.8834495544433603 5.0045039653778085
decision_type=2 2 2 2 2 2 2 2 2 2 2 2 2 2 2 2 2 2 2 2 2 2 2 2 2 2 2 2 2 2
left_child=2 -2 3 -1 5 -5 10 -8 9 -9 11 12 -4 14 15 18 17 -14 19 -12 -21 23 25 -20 -25 -23 28 -28 -24 -30
right_child=1 -3 6 4 -6 -7 7 8 -10 -11 13 -13 16 -15 -16 -17 -18 -19 21 20 -22 22 26 24 -26 -27 27 -29 29 -31
leaf_value=0.027401519378146517 0.002390527695774945 0.020311849641048662 0.021003412512639343 -0.027016577709857572 0.020040283352913538 0.0068238602548243111 0.038824802503190176 0.016271509538627032 0.029539446952252201 -0.037078334008172745 5.5686236213603123e-05 -0.020635798348996228 -0.0085800066327695289 0.015360229305956704 -0.028671927533678955 0.011135424508429121 -0.026709353414100551 0.019229091359486077 0.0025318352418244993 -0.010875006338487704 0.010549012029414568 0.0011205319911986556 0.0014606778216825361 0.025422701362792306 -0.0073931841049667529 -0.015301364343656521 -0.015964983044812177 0.017844474984458372 0.050480945985444142 0.013332343392387742
leaf_weight=21.843846514821053 405.41360998526216 34.565979801118374 16.992826353758574 14.764669399708509 20.141302835196257 11.160357078537345 14.587011221796272 7.927612151950604 6.608358819037675 12.982036817818878 250.4375365767628 57.5375423617661 42.108677692711353 35.553028374910355 12.291068613529204 57.558063723146915 13.386366996914147 14.722299650311468 207.25643545016646 245.13177694380283 19.808483980596066 720.1405984275043 10.808872330933808 12.963569685816763 373.34040941670537 28.473476134240627 12.128362338989975 17.647442601621151 13.365027867257597 13.072194397449492
leaf_count=273 2682 251 107 94 144 125 126 87 74 92 2165 444 241 269 69 264 95 71 1267 2751 118 4941 89 72 2254 190 89 104 75 100
internal_value=0 0.00388402 -0.000906955 0.0104986 0.00167682 -0.0130034 -0.0012655 0.0114341 -0.00473222 -0.0171968 -0.00152166 -0.00884204 -0.000772825 -0.000991488 -0.00129807 -0.0010996 -0.00647847 -0.000967146 -0.00147669 -0.00472275 -0.00920619 -0.000284517 0.00178959 -0.00313107 -0.00616668 0.00045682 0.0162316 0.00393505 0.0253604 0.0343419
internal_weight=0 439.98 2284.74 67.9102 46.0663 25.925 2216.83 42.105 27.518 20.9096 2174.72 144.748 87.2102 2029.98 1994.42 1982.13 70.2173 56.831 1924.57 515.378 264.94 1409.2 815.636 593.56 386.304 748.614 67.0219 29.7758 37.2461 26.4372
internal_count=19723 2933 16790 636 363 219 16154 379 253 179 15775 958 514 14817 14548 14479 407 312 14215 5034 2869 9181 5588 3593 2326 5131 457 193 264 175
is_linear=0
shrinkage=0.04


Tree=111
num_leaves=31
num_cat=0
split_feature=25 19 20 15 31 27 5 7 15 5 16 25 2 2 2 4 4 5 20 0 16 4 5 2 0 16 25 0 2 0
split_gain=7.49773 4.57046 6.37759 7.57658 4.72838 6.116 4.54004 4.7472 5.60586 4.37732 8.01049 5.15334 4.54823 5.37583 8.32491 8.44442 7.08469 4.92725 4.16644 6.75876 3.69613 5.44293 4.50523 3.68414 4.4378 5.86255 5.2716 6.09261 4.77353 4.48377
threshold=0.34999999403953558 1.0000000180025095e-35 0.4291666597127915 0.34925000369548803 0.37980769574642187 4.0526537895202646 0.072180762887001051 0.67499998211860668 0.59397727251052868 0.27285698056221014 26.440485000610355 0.27500000596046453 841.50000000000011 655.50000000000011 529.50000000000011 0.85945415496826183 0.82816505432128917 0.12564434856176379 0.77741664648056041 7.4419023990631112 106.81162261962892 0.90161463618278515 0.12510504573583606 354.50000000000006 7.0084948539733896 19.833676338195804 0.2100000008940697 6.9137251377105722 579.50000000000011 6.716576576232911
decision_type=2 2 2 2 2 2 2 2 2 2 2 2 2 2 2 2 2 2 2 2 2 2 2 2 2 2 2 2 2 2
left_child=6 2 4 -4 20 -6 -1 8 18 12 11 -11 13 14 -9 -16 -15 -17 23 -20 21 22 -2 -8 25 26 27 29 -29 -25
right_child=1 -3 3 -5 5 -7 7 9 -10 10 -12 -13 -14 16 15 17 -18 -19 19 -21 -22 -23 -24 24 -26 -27 -28 28 -30 -31
leaf_value=0.024180961014487738 -0.024372339319772389 0.024535923117962474 -0.036897970449449126 0.0068919089202009618 0.04077157292096753 0.0025406060588517264 -0.011172573942625399 -0.0030230135408185468 0.018496543752819387 -0.0043046228058698571 0.010150308576961527 -0.040077022596457533 0.018965948406549814 0.016535983226740145 -0.0027996827638018217 0.010140148420720989 -0.011483200368166486 0.036730403987347907 0.010283743265124243 -0.034654620154381498 0.018705740744404131 0.014828992335924525 0.00023461092533008269 0.005942115147342563 -0.0028520598520030633 0.004652659527315907 -0.0047373403381942873 -0.0046522886821540538 0.03292436890046934 -0.009432375765461163
leaf_weight=9.5261853113770467 12.376187540590761 19.592784151434898 10.040554210543634 12.212508916854857 12.520973943173887 12.949288211762903 60.859494542703032 55.175180770456791 19.998811855912209 13.924376633018257 21.760297976434231 10.937128514051436 35.156369913369417 17.171039659529924 22.455403003841639 20.74588156491518 57.431596517562866 28.584766447544098 7.1944204606115845 12.900582764297722 22.583876963704824 32.840533569455147 69.034363783895969 85.855820888653398 1264.5172989554703 370.77333404496312 342.14297284558415 7.0460996851325062 16.267209202051163 44.376301255077124
leaf_count=71 67 203 76 124 73 62 540 285 175 98 133 67 162 83 103 87 261 127 90 85 153 165 357 976 8411 3892 2143 71 147 455
internal_value=0 0.00706421 0.00496626 -0.0142795 0.00774666 0.0229347 -0.000869296 -0.000983306 -0.00160317 0.00387649 -0.00711318 -0.021854 0.00608236 0.00367096 0.0086284 0.0174229 -0.00477076 0.0263787 -0.00180144 -0.0190912 0.00462991 0.00157361 -0.00400088 -0.00162567 -0.0013428 0.000861324 -0.00198188 0.00414002 0.0220971 0.000639865
internal_weight=0 204.151 184.558 22.2531 162.305 25.4703 2524.8 2515.27 2231.93 283.342 46.6218 24.8615 236.72 201.564 126.961 71.7861 74.6026 49.3306 2211.93 20.095 136.835 114.251 81.4106 2191.84 2130.98 866.462 495.688 153.545 23.3133 130.232
internal_count=19742 1280 1077 200 877 135 18462 18391 16985 1406 298 165 1108 946 602 317 344 214 16810 175 742 589 424 16635 16095 7684 3792 1649 218 1431
is_linear=0
shrinkage=0.04


Tree=112
num_leaves=31
num_cat=0
split_feature=7 6 13 34 36 2 0 23 0 30 8 6 16 27 28 0 30 2 30 4 16 2 6 0 36 27 36 0 0 16
split_gain=4.98757 4.88266 5.38374 5.8978 7.29381 6.6157 4.66891 4.06993 5.70014 4.72661 13.2791 5.17885 4.32818 5.39072 6.03672 7.14963 4.21113 4.48863 6.58403 8.64919 8.32565 6.90626 5.70808 6.21995 5.45909 8.92132 6.35937 6.60256 6.6522 5.17387
threshold=1.0000000180025095e-35 6.4838714599609384 1.5000000000000002 52.500000000000007 1.3895635604858401 537.50000000000011 7.3038375377655038 1.0000000180025095e-35 8.4469828605651873 3.2384861707687382 5.5000000000000009 5.6076369285583505 143.57322692871097 3.4919505119323735 -0.6035533845424651 7.6525430679321298 2.8617925643920903 677.50000000000011 1.4978661537170412 0.91337946057319652 62.892181396484382 702.50000000000011 6.08107614517212 7.2048857212066659 0.69001945853233349 4.3181543350219735 2.0196555852890019 7.4593348503112802 7.2696108818054208 2.4115967750549321
decision_type=2 2 2 2 2 2 2 2 2 2 2 2 2 2 2 2 2 2 2 2 2 2 2 2 2 2 2 2 2 2
left_child=-1 2 7 5 -5 -4 -3 8 9 16 -11 -12 13 -9 -15 -16 17 -2 20 29 21 -19 23 -22 25 -23 27 28 -26 -20
right_child=1 6 3 4 -6 -7 -8 12 -10 10 11 -13 -14 14 15 -17 -18 18 19 -21 22 24 -24 -25 26 -27 -28 -29 -30 -31
leaf_value=-0.0020892001413372998 0.0015513548009191062 0.025625418428920865 -0.0070750524112149779 0.014909411757800124 -0.043596925015971184 0.022726338725713405 0.00028839997215333722 0.024444456429232497 0.020436676258268418 0.0085315068658626311 -0.04879602055157739 -0.01097713120185242 0.02727716797410094 0.010282193730258141 0.0016992233843278507 -0.028225072528083636 0.015171064666132397 -0.018359756624799488 0.0011864524627699039 0.022466453890327944 0.0086316345440560546 -0.023227672714147333 -0.0061816406789968427 0.047971993590610183 0.0082928924681281487 0.0065379555851592663 -0.015515310815898371 0.020519966134960033 -0.015084718711665739 -0.014523448562261454
leaf_weight=1182.3343691099435 694.30404617078602 23.525055088102818 14.520902760326861 5.4386536218225938 4.6836968846619129 48.862365204840899 21.470937516540289 16.337186384946108 18.853248164057732 23.555835362523794 12.287536855787041 12.26411967538297 12.932784520089625 54.275318942964077 38.330508589744568 17.006812080740929 26.042918253690004 34.164094399660826 42.847387991845608 11.349086221307514 15.107634048908951 32.284521613270044 10.587469030171631 10.824616149067877 65.619986549019814 29.082699913531542 19.896046668291092 41.882096856832504 25.371299423277378 147.82043135166168
leaf_count=10306 4311 189 114 89 40 439 122 123 65 244 65 101 64 255 203 52 157 179 206 67 110 217 70 55 347 179 64 174 113 945
internal_value=0 0.0013665 0.000963842 0.0113706 -0.0148884 0.0158914 0.014062 0.000407176 -0.000305684 -0.000649227 -0.0126872 -0.0321545 0.00685863 0.00436842 0.000991784 -0.00816114 -0.000149311 -0.000512183 -0.00344941 -0.00893452 0.000476235 -0.0021913 0.0177851 0.0273121 0.000534291 -0.00936024 0.0045785 0.00777274 0.00159022 -0.0110174
internal_weight=0 1531.53 1486.53 73.5056 10.1224 63.3833 44.996 1413.03 1274.15 1255.29 48.1075 24.5517 138.883 125.95 109.613 55.3373 1207.18 1181.14 486.837 202.017 284.82 248.301 36.5197 25.9323 214.137 61.3672 152.769 132.873 90.9913 190.668
internal_count=19665 9359 9048 682 129 553 311 8366 7669 7604 410 166 697 633 510 255 7194 7037 2726 1218 1508 1273 235 165 1094 396 698 634 460 1151
is_linear=0
shrinkage=0.04


Tree=113
num_leaves=31
num_cat=0
split_feature=34 23 27 28 8 2 4 28 29 27 28 25 27 0 22 36 22 21 36 28 2 2 32 34 27 25 21 8 0 36
split_gain=5.82505 5.39991 7.28538 9.54325 5.43079 6.5326 6.12658 5.49334 5.47397 5.3943 5.30126 5.30009 5.27723 4.41443 8.8554 8.00506 6.92916 4.04201 7.08163 5.30196 4.13286 4.18614 4.10604 4.05297 3.87236 3.60971 6.43524 7.17455 4.66498 4.08493
threshold=47.500000000000007 1.0000000180025095e-35 4.5406315326690683 0.37940952181816107 4.5000000000000009 593.50000000000011 0.87561962008476268 0.37940952181816107 -0.6035533845424651 4.6908891201019296 -1.0000000180025095e-35 0.27500000596046453 3.9522043466567998 7.6477832794189462 0.70781248807907116 0.95440807938575756 0.64481249451637279 14.500000000000002 1.2493990659713747 -0.37940952181816096 1237.5000000000002 1172.0000000000002 26.500000000000004 39.500000000000007 3.9880572557449345 0.34999999403953558 1.0000000180025095e-35 8.5000000000000018 7.7519030570983896 1.3326571583747866
decision_type=2 2 2 2 2 2 2 2 2 2 2 2 2 2 2 2 2 2 2 2 2 2 2 2 2 2 2 2 2 2
left_child=1 17 4 9 10 6 8 11 -6 -4 -3 24 -8 15 -15 -2 -17 20 22 -20 21 23 -19 25 -7 -1 27 -27 29 -28
right_child=13 2 3 -5 5 7 12 -9 -10 -11 -12 -13 -14 14 -16 16 -18 18 19 -21 -22 -23 -24 -25 -26 26 28 -29 -30 -31
leaf_value=-0.00083917809203539525 0.01926281230640688 0.034172945332438906 -0.027811554433672763 0.02373555537467088 -0.012800860369198776 0.018323757228100306 -0.032938371929797039 -0.0086135104169982966 0.019291652249044802 -0.0029828011941883969 0.0020388981998560409 0.026583461638171661 0.00023476405888518394 0.047956547591172606 -0.0010462989893509445 -0.039328934982123295 0.0073425307724914613 -0.007646578608570505 -0.037442223821664469 -0.0018358376526190112 -0.025618799492474122 0.022527880893977979 0.026020610097581422 0.021246452979175049 -0.0050620054397887719 -0.0086736250382050892 0.011981902300178166 0.022354002743261651 0.029395413887247056 -0.010843788170354182
leaf_weight=2163.3903864398599 21.914399856701493 22.531270023435354 20.271136473864317 12.83276731520891 11.781822949647902 19.539376113563776 13.854781180620195 15.315942648798226 20.957076981663704 39.216539409011602 12.750412747263907 40.341626524925232 14.813585221767424 11.163486227393152 10.542391270399092 7.7254057526588467 9.5854717306792718 13.350548062473537 16.510129753500227 10.8163237683475 8.2349755913019163 10.957474682480095 7.4455757811665526 11.924075588583944 22.495255276560783 64.97577191144228 58.171750247478485 12.537599660456179 18.314642205834389 14.17147835344076
leaf_count=16339 222 140 98 67 56 117 64 82 117 191 76 202 78 56 96 43 123 127 88 70 51 69 69 70 119 306 413 75 95 77
internal_value=0 0.000104656 0.00548344 -0.0052512 0.00949012 0.00617817 -0.00397151 0.0125097 0.00767039 -0.0120729 0.0232924 0.0165482 -0.0168996 0.0124165 0.0260759 0.0039596 -0.0154018 -0.000494439 -0.011735 -0.0244349 -0.000255762 -0.000145383 0.00563256 -0.000270516 0.00614714 -0.000398673 0.00521134 -0.00321895 0.0123332 0.00733909
internal_weight=0 2677.5 266.702 72.3204 194.381 159.099 61.4073 97.6922 32.7389 59.4877 35.2817 82.3763 28.6684 60.9312 21.7059 39.2253 17.3109 2410.8 48.1226 27.3265 2362.68 2354.44 20.7961 2343.49 42.0346 2331.56 168.171 77.5134 90.6579 72.3432
internal_count=19796 19256 1407 356 1051 835 315 520 173 289 216 438 142 540 152 388 166 17849 354 158 17495 17444 196 17375 236 17305 966 381 585 490
is_linear=0
shrinkage=0.04


Tree=114
num_leaves=31
num_cat=0
split_feature=10 13 6 5 6 12 6 36 3 4 16 17 6 8 5 4 21 6 20 25 36 18 18 0 0 4 22 34 34 34
split_gain=4.49009 11.8944 7.80261 4.50047 4.2263 4.08949 5.19594 4.79307 4.04794 6.69803 6.53723 3.88135 6.60861 5.19664 3.64655 5.18691 5.55701 5.38451 6.37021 4.68484 6.93209 5.74533 5.52236 5.51221 6.81071 5.87684 9.92059 5.41723 9.232 6.56139
threshold=1.0000000180025095e-35 1.5000000000000002 5.3008110523223886 0.29156503081321722 5.0205800533294687 1.0000000180025095e-35 5.4094088077545175 2.1397774219512944 1.5000000000000002 0.85906165838241588 90.040901184082045 1.5000000000000002 5.2390944957733163 4.5000000000000009 0.34488114714622503 0.70091852545738231 24.500000000000004 5.6716020107269296 0.22857142984867099 0.27500000596046453 0.30390463769435888 3.5000000000000004 1.5000000000000002 7.9501483440399179 7.9069137573242196 0.87561962008476268 0.16550000011920932 14.500000000000002 27.500000000000004 44.500000000000007
decision_type=2 2 2 2 2 2 2 2 2 2 2 2 2 2 2 2 2 2 2 2 2 2 2 2 2 2 2 2 2 2
left_child=5 2 3 4 -2 11 -7 8 9 -8 -11 14 -13 -14 15 17 19 -1 -19 21 -21 22 23 24 -17 -25 -27 -22 -29 -30
right_child=1 -3 -4 -5 -6 6 7 -9 -10 10 -12 12 13 -15 -16 16 -18 18 -20 20 27 -23 -24 25 -26 26 -28 28 29 -31
leaf_value=-0.033071816604624139 0.0057707399693721542 0.027074205884136195 -0.0034255009700332076 -0.012015532619290913 0.020202342319178782 -0.0030232227966177395 -0.013167707370977416 -0.013155068580989979 0.02903383789093161 0.025260209682739117 -0.0019040569842401296 0.016270203197851309 0.010156475914446636 -0.020748254058204647 0.0055140061815821505 -0.0020181243622374419 -0.030499651520155935 -0.01699372005027814 0.019867483470519583 -0.022860599729138766 0.00086959249701142895 -0.021519993635770472 0.027501649723876236 -0.025677975969255994 0.024269594124154942 -0.024341663877984893 0.0083699888856396589 0.028329374743984018 -0.0087545476073839067 0.023247325595006675
leaf_weight=14.555071249604223 147.26682826504111 29.771754749119282 225.0361655857414 15.972232833504675 40.781225439161062 75.924690827727318 15.737161692231892 10.525002948939798 19.429112117737532 35.390050236135721 22.404311038553715 10.709410857409237 9.1988680846989137 49.823726469650865 124.98277429118752 965.48145180940628 8.2736300230026227 19.100889729335908 9.6948296688497049 16.2875159047544 644.58661811426282 23.242649421095848 7.9371081329882136 30.123365268111229 14.037946246564386 22.022036541253328 37.00432813167572 30.484731417149305 33.66678998991847 12.386285047978161
leaf_count=81 681 327 1254 93 197 440 101 40 101 222 169 92 49 543 921 9022 51 146 70 142 3743 128 45 159 95 152 220 167 177 80
internal_value=0 0.00345508 0.00169816 0.00732799 0.00908013 -0.000876381 0.00488547 0.0106352 0.013549 0.00879706 0.0150184 -0.00137672 -0.0105215 -0.0157566 -0.00104995 -0.00148964 -0.00115993 -0.0148562 -0.00409913 -0.00099478 0.00146964 -0.00264676 -0.00220016 -0.00247172 -0.0015927 -0.011883 -0.00423211 0.00208088 0.0120002 0.000461907
internal_weight=0 458.828 429.056 204.02 188.048 2263.01 179.41 103.486 92.9606 73.5315 57.7944 2083.6 69.732 59.0226 2013.87 1888.89 1845.53 43.3508 28.7957 1837.26 737.412 1099.85 1076.61 1068.67 979.519 89.1497 59.0264 721.124 76.5378 46.0531
internal_count=19708 2552 2225 971 878 17156 1073 633 593 492 391 16083 684 592 15399 14478 14181 297 216 14130 4309 9821 9693 9648 9117 531 372 4167 424 257
is_linear=0
shrinkage=0.04


Tree=115
num_leaves=31
num_cat=0
split_feature=7 2 2 17 6 27 4 6 5 4 4 29 30 27 16 6 29 19 28 2 30 31 8 5 2 27 16 8 26 16
split_gain=4.04154 5.85752 4.43069 3.68903 5.76829 4.32859 9.22768 6.82331 3.49693 7.34161 6.68166 9.20498 6.22947 9.77789 7.10058 5.89524 7.34875 5.72671 5.54219 5.26828 5.37772 4.65505 4.70291 4.57638 6.21334 7.71527 4.45373 4.22365 3.5067 3.94834
threshold=1.0000000180025095e-35 1151.5000000000002 1097.5000000000002 1.5000000000000002 5.7219483852386483 5.2493896484375009 0.850358545780182 5.4743669033050546 0.2375874072313309 0.79671689867973339 0.76428049802780162 -0.91597560048103321 3.4498615264892583 2.8003208637237553 180.36049652099612 4.7317931652069101 0.60355338454246532 1.5000000000000002 -0.6035533845424651 595.50000000000011 1.0000000180025095e-35 0.54342433810234081 5.5000000000000009 0.25452153384685522 523.50000000000011 4.0968410968780526 26.440485000610355 5.5000000000000009 1.0000000180025095e-35 20.849677085876468
decision_type=2 2 2 2 2 2 2 2 2 2 2 2 2 2 2 2 2 2 2 2 2 2 2 2 2 2 2 2 2 2
left_child=1 2 3 5 -5 -1 -7 -8 9 -2 11 28 14 -14 18 16 23 -15 19 26 -21 22 -20 -12 -25 -26 -13 -22 29 -10
right_child=8 -3 -4 4 -6 6 7 -9 10 -11 15 12 13 17 -16 -17 -18 -19 21 20 27 -23 -24 24 25 -27 -28 -29 -30 -31
leaf_value=-0.0021311427602506384 -0.017900049803241481 0.024930333000868485 -0.025620574757888145 0.0049057023782228329 -0.025119542901108276 -0.016818246326359518 0.0051870760980270028 0.05578759587326821 -0.041346834726831719 0.00046043643957252491 -0.0050118744039181762 -0.013317070793741193 -0.024814812065124068 0.031236403019981828 0.025905926746683444 0.027327631180060093 -0.013797585672893796 -0.0050935747771993405 -0.012511192416284818 0.002317520249635011 -0.013315589977802753 0.024414520727563324 0.01311255555909278 -0.0049684993111330589 0.043367051376895713 0.0084867367747459808 0.015627612506897915 -0.043466375336729278 0.0028917106929625433 -0.0099149840447307677
leaf_weight=1088.3398030288517 33.92518412321806 10.643224064260719 11.081615597009657 15.686162970960138 24.704653160646558 8.5594522841274756 9.0419273264706117 6.9224412515759459 10.702212810516359 1157.179046805948 16.901686746627092 13.088753100484611 6.1599305346608153 31.378637112677097 13.175712157040833 28.503369256854057 19.881007220596075 8.1217664293944818 22.524257905781269 14.880204897373913 21.560794718563557 14.630319194868205 19.517500888556242 13.328204296529291 18.658414252102375 22.359438188374043 17.619004182517529 12.157349091023205 9.7164800576865655 16.398316938430071
leaf_count=9456 218 74 66 157 302 67 72 68 73 6887 84 74 65 397 74 161 96 101 111 67 135 111 123 67 86 107 109 75 68 124
internal_value=0 -0.00216676 -0.00245678 -0.00219023 -0.0137776 -0.00174571 0.0142304 0.0308965 0.000944789 -9.16385e-05 0.00443985 0.000449514 0.0039568 0.0165459 -6.50346e-05 0.0120315 0.00676301 0.023881 -0.00292054 -0.00964644 -0.017589 0.00649957 -0.000560338 0.0127203 0.0182172 0.0256318 0.00323043 -0.0260118 -0.0173567 -0.0243162
internal_weight=0 1174.98 1164.34 1153.25 40.3908 1112.86 24.5238 15.9644 1542.37 1191.1 351.263 231.631 194.814 45.6603 149.154 119.632 91.1288 39.5004 135.978 79.3061 48.5983 56.6721 42.0418 71.2477 54.3461 41.0179 30.7078 33.7181 36.817 27.1005
internal_count=19675 10262 10188 10122 459 9663 207 140 9413 7105 2308 1707 1442 563 879 601 440 498 805 460 277 345 234 344 260 193 183 210 265 197
is_linear=0
shrinkage=0.04


Tree=116
num_leaves=31
num_cat=0
split_feature=26 36 8 0 2 27 27 0 25 36 5 14 32 34 34 27 29 0 28 34 25 0 2 25 0 28 5 36 27 2
split_gain=4.10361 10.9934 7.50108 6.97766 5.97769 5.51088 6.33883 4.60697 4.61455 9.80783 8.495 6.87832 5.17198 6.67135 9.22576 4.88427 4.93441 4.89103 13.3817 5.54295 4.61191 4.96763 5.18585 4.58318 4.36602 4.28217 4.19627 4.16709 4.96174 6.32715
threshold=1.0000000180025095e-35 2.952351570129395 10.500000000000002 8.5765933990478533 663.50000000000011 2.8875862360000615 2.9626891613006596 8.2905426025390643 0.31000000238418585 1.7556618452072146 0.16074434667825702 1.0000000180025095e-35 26.500000000000004 27.500000000000004 6.5000000000000009 3.1376634836196904 0.78656607866287243 6.6541316509246835 -0.98296290636062611 5.5000000000000009 0.14500000327825549 6.530851125717164 639.50000000000011 0.27500000596046453 8.4042482376098651 0.37940952181816107 0.1721434220671654 1.3895635604858401 3.7669966220855717 441.50000000000006
decision_type=2 2 2 2 2 2 2 2 2 2 2 2 2 2 2 2 2 2 2 2 2 2 2 2 2 2 2 2 2 2
left_child=2 -2 3 5 -4 23 -7 8 15 12 -11 -12 13 14 27 26 17 18 -17 20 21 22 -20 -1 -9 -22 -8 28 -10 -30
right_child=1 -3 4 -5 -6 6 7 24 9 10 11 -13 -14 -15 -16 16 -18 -19 19 -21 25 -23 -24 -25 -26 -27 -28 -29 29 -31
leaf_value=-0.0038261694678632403 0.0031683654821770264 -0.025170253869295542 0.0003271172261664671 0.022743276166401365 0.042951823884757115 -0.030501634650647244 -0.0067812649358543987 -0.024985292189172094 -0.013942039785126275 0.041747318765338035 -0.014815148396062286 0.025599818339211624 0.02594329294904724 -0.025707964326446391 0.022801209633774158 0.027985428808093755 0.0040383476804218407 -0.0045733596111716601 -0.018016638237821021 -0.016881437797907389 -0.0044830428872801257 0.043412900470169817 0.022326215964796052 0.02452552388016737 -4.8026407551293166e-05 0.0087059162820936793 0.026978180641672386 -0.015268419524184812 -0.019392115617484971 0.0063605224027221087
leaf_weight=14.131825141608713 798.04426476359367 20.534245669841766 10.074098952114584 17.21535612642765 9.0969030857086164 10.23079903051257 8.057030316442253 23.837609000504017 29.870572820305824 16.285451494157314 12.205589514225723 10.911046307533978 10.046566318720577 14.206775717437266 25.059408247470856 25.296979093924165 163.78808806836605 1027.7033454310149 7.4585866648703876 30.601780246943235 155.50868475437164 5.8665989413857451 9.1519682593643648 21.494221471250057 19.887387953698635 50.550865553319454 14.711607810109852 30.155282288789749 15.283306173980234 131.33140221610665
leaf_count=101 5370 75 101 72 72 68 56 96 191 73 51 78 122 112 162 230 1281 7683 117 288 1472 65 95 154 82 466 111 130 100 786
internal_value=0 0.00239787 -0.000981109 -0.00124355 0.0227 -0.00148667 -0.0017934 -0.0016006 -0.00127954 0.0032752 0.0213378 0.0047802 0.000350715 -0.000895738 0.000832621 -0.00218034 -0.00247284 -0.00329051 0.00134417 -0.00145095 0.000743771 0.0171622 0.00422176 0.0136736 -0.0141413 -0.00119492 0.0154489 -0.00202455 0.000384103 0.00345119
internal_weight=0 818.579 1920.02 1900.85 19.171 1883.63 1848.01 1837.78 1794.05 295.355 39.4021 23.1166 255.953 245.907 231.7 1498.7 1475.93 1312.14 284.435 259.138 228.537 22.4772 16.6106 35.626 43.725 206.06 22.7686 206.641 176.485 146.615
internal_count=19860 5445 14415 14242 173 14170 13915 13847 13669 1805 202 129 1603 1481 1369 11864 11697 10416 2733 2503 2215 277 212 255 178 1938 167 1207 1077 886
is_linear=0
shrinkage=0.04


Tree=117
num_leaves=31
num_cat=0
split_feature=3 27 14 29 15 36 32 21 13 29 14 32 29 0 4 4 22 2 0 21 2 36 28 0 36 5 2 25 7 27
split_gain=6.61655 5.67579 5.18114 4.28749 6.19163 5.86209 6.2313 4.28614 5.5933 10.0245 8.15643 5.78571 5.70784 10.0013 6.5522 12.8872 8.70302 11.7235 7.00199 4.7101 4.6901 7.366 6.55329 4.65077 11.4232 6.93756 5.83768 7.24908 6.16391 8.81483
threshold=2.5000000000000004 5.2211663722991952 1.7005987167358401 -0.12940952181816107 0.52742856740951549 0.39143198728561407 25.500000000000004 23.500000000000004 1.5000000000000002 0.12940952181816107 1.4978661537170412 23.500000000000004 -0.6035533845424651 8.4042482376098651 0.90342187881469738 0.92388182878494274 0.2612548172473908 848.50000000000011 8.1185040473938006 5.5000000000000009 601.50000000000011 0.71467429399490368 -0.37940952181816096 7.9501483440399179 1.8443947434425356 0.15925247967243197 804.50000000000011 0.34999999403953558 1.0000000180025095e-35 5.2493896484375009
decision_type=2 2 2 2 2 2 2 2 2 2 2 2 2 2 2 2 2 2 2 2 2 2 2 2 2 2 2 2 2 2
left_child=7 2 3 4 -2 -5 -7 8 10 19 12 -11 14 23 16 18 -1 -18 -16 -10 22 -22 -17 24 26 -25 28 -28 29 -14
right_child=1 -3 -4 5 -6 6 -8 -9 9 11 -12 -13 13 -15 15 20 17 -19 -20 -21 21 -23 -24 25 -26 -27 27 -29 -30 -31
leaf_value=-0.0031934224268759101 0.0012375262906894327 -0.016846567240420433 0.027523874768124613 0.027179850790689422 -0.028190396636368732 0.0039359877416666753 0.03328866848051374 -0.024059991853438763 -0.013216374148365264 0.035659897066284897 -0.017022814768811814 -0.0035685544268819927 -0.010188055783765035 0.019897409225256568 0.020202927265880449 0.012997927026765485 0.018337203432500556 -0.018414117880882007 -0.01493770844112299 0.0092457359249982444 -0.019547979179072646 0.013049130728150303 -0.025321054074668489 -0.0054223390567341755 0.020755347554275164 -0.02896234526055232 0.00043279410859503701 0.028526369233140315 -0.0019244224673723978 0.031049951268973093
leaf_weight=403.59475260414183 408.23057126626372 20.461940782144666 12.217163946479557 18.713461764156818 9.7680405676364881 298.72737864218652 10.099960692226885 11.229311145842074 26.69422384724021 22.857406159862879 51.816072242334485 7.4861964769661418 321.12899394892156 27.835241593420506 96.897549703717232 8.4172627814114076 65.877684051170945 15.736569285392759 8.5570099502801877 29.193831209093332 13.586972082033752 36.782432533800602 24.009858343750238 80.383442003279924 30.131414890289307 25.28964239358902 170.43939028680325 14.089239973574875 439.15072655305266 6.6156167872250071
leaf_count=3137 2556 126 125 141 91 1824 128 80 231 195 545 59 3372 110 766 66 394 87 40 228 126 214 185 402 162 112 1202 82 2843 61
internal_value=0 0.00299694 0.00357572 0.00311069 0.000418871 0.00652253 0.00510396 -0.00136496 -0.00120786 0.00863337 -0.00167786 0.0263595 -0.00121478 -0.00296889 0.00168975 0.00798162 -0.000774107 0.01098 0.0171265 -0.00156895 -0.0037951 0.00384544 -0.0151972 -0.00358978 -0.0027177 -0.0114893 -0.00350306 0.00286068 -0.00503775 -0.00917238
internal_weight=0 778.219 757.757 745.539 417.999 327.541 308.827 1937.8 1926.57 86.2317 1840.34 30.3436 1788.52 1115.06 673.46 188.251 485.209 81.6143 105.455 55.8881 82.7965 50.3694 32.4271 1087.23 981.555 105.673 951.424 184.529 766.895 327.745
internal_count=19690 4991 4865 4740 2647 2093 1952 14699 14619 713 13906 254 13361 8346 5015 1397 3618 481 806 459 591 340 251 8236 7722 514 7560 1284 6276 3433
is_linear=0
shrinkage=0.04


Tree=118
num_leaves=31
num_cat=0
split_feature=3 25 6 0 6 15 4 0 20 36 36 29 28 36 25 20 22 29 4 2 4 20 25 36 6 6 22 27 0 16
split_gain=5.32886 4.69093 5.52449 7.28324 7.11565 4.95751 4.90883 4.44698 8.28082 7.27517 9.69373 7.87474 7.15343 6.43858 6.2842 9.795 5.65137 6.64378 6.09848 5.31771 6.02409 5.77054 5.07594 9.95067 5.11123 5.75444 6.20006 5.85061 5.44266 5.06123
threshold=1.5000000000000002 0.34999999403953558 5.570249319076539 7.7345564365386972 4.424828529357911 0.59397727251052868 0.826532542705536 7.3498685359954843 0.77188703417778026 1.7154432535171511 1.957960903644562 -0.6035533845424651 1.0000000180025095e-35 1.4775957465171816 0.23499999940395358 0.21374999731779101 0.44366666674613958 -0.91597560048103321 0.88858261704444896 868.50000000000011 0.891168773174286 0.6660769283771516 0.2100000008940697 0.41369070112705236 5.482717990875245 4.7492611408233651 0.21589706093072894 4.2333812713623056 7.2626225948333749 1.3796312808990481
decision_type=2 2 2 2 2 2 2 2 2 2 2 2 2 2 2 2 2 2 2 2 2 2 2 2 2 2 2 2 2 2
left_child=-1 5 3 4 -3 7 -4 13 9 11 12 14 -11 19 -9 -16 17 -12 -19 21 -21 22 23 -2 25 -25 -27 -28 -26 -24
right_child=1 2 6 -5 -6 -7 -8 8 -10 10 16 -13 -14 -15 15 -17 -18 18 -20 20 -22 -23 29 24 28 26 27 -29 -30 -31
leaf_value=-0.0019023363679388542 0.024345073606493156 0.015915472841563756 0.011084461288586384 0.028737666098344942 -0.010453967903872593 0.022293743580782007 0.041921271752566158 -0.0075366231408409284 -0.031139938435729663 0.0057963142580512959 -0.022314787310517205 -0.012737034649858732 0.031662470534869182 0.020782918932656082 0.042825037175851018 0.00012669692342792704 0.016812571501081539 -0.0045895143719574902 0.020621570808475872 0.0054977420433778455 0.029287494139363789 0.025457327946644778 -0.0052527535121298504 -0.0014979734577267763 -0.0078407981581235953 -0.0014802909229741444 0.030927861003978183 0.0068319018815155 0.022421537233747523 0.0020775510262321883
leaf_weight=1024.2308948412538 33.497316448017955 22.068353038281202 29.672334246337414 12.748319212347267 49.330641366541386 15.548329187557099 10.845387831330298 38.815047368407249 13.515517868101595 49.539120342582464 26.538538753986359 130.26673402264714 25.123374983668327 27.328852146863937 11.25809735804796 24.48022049292922 19.826878380030394 97.616070985794067 16.150852926075459 104.46567931957543 18.722363390028477 12.884524088352917 320.63319711387157 90.016716070473194 97.948068041354418 34.009474165737629 32.594991210848093 32.922996144741774 8.5750441439449769 281.2504094298929
leaf_count=7988 418 117 251 70 330 175 62 266 96 253 108 810 131 139 65 124 107 420 78 762 116 147 1717 824 988 367 253 262 68 2258
internal_value=0 0.00175186 0.00915682 0.00313745 -0.00209199 0.0011505 0.0209222 0.000909638 -0.00241587 -0.00139575 0.00339861 -0.00687148 0.015099 0.00228788 0.00344238 0.015134 -0.00217573 -0.00505758 -0.00071601 0.00177642 0.00952349 0.000747826 0.000352212 0.00432802 0.00191511 0.00583362 0.0123635 0.0193806 -0.00503638 -0.00183189
internal_weight=0 1688.19 124.665 84.1473 71.399 1563.53 40.5177 1547.98 453.13 439.615 234.795 204.82 74.6625 1094.85 74.5534 35.7383 160.132 140.305 113.767 1067.52 123.188 944.333 931.448 329.565 296.067 189.544 99.5275 65.518 106.523 601.884
internal_count=19770 11782 830 517 447 10952 313 10777 2458 2362 1097 1265 384 8319 455 189 713 606 498 8180 878 7302 7155 3180 2762 1706 882 515 1056 3975
is_linear=0
shrinkage=0.04


Tree=119
num_leaves=31
num_cat=0
split_feature=25 20 27 3 6 0 6 13 0 6 3 36 6 5 29 36 5 5 29 27 6 4 14 36 6 7 21 4 26 25
split_gain=5.40784 5.00822 5.77084 4.84551 9.6539 4.83956 5.72279 6.64858 6.11238 6.92954 4.14226 4.74312 10.4505 5.357 14.8516 7.3393 5.4503 4.652 4.89738 4.76886 3.92592 5.53455 3.83728 3.68014 3.64202 3.58723 5.81777 7.39954 5.48055 4.16496
threshold=0.34999999403953558 0.83317893743515026 3.3894608020782475 1.5000000000000002 5.6294164657592782 7.7345564365386972 4.4484992027282724 1.0000000180025095e-35 7.3434212207794198 5.0845003128051767 3.5000000000000004 2.0196555852890019 4.7492611408233651 0.22954993695020678 0.37940952181816107 1.5198159813880923 0.25452153384685522 0.29156503081321722 0.37940952181816107 3.8867046833038335 5.9674272537231454 0.77857944369316112 0.89587974548339855 0.81289497017860424 5.2122108936309823 0.75000000000000011 3.5000000000000004 0.85945415496826183 1.0000000180025095e-35 0.23499999940395358
decision_type=2 2 2 2 2 2 2 2 2 2 2 2 2 2 2 2 2 2 2 2 2 2 2 2 2 2 2 2 2 2
left_child=1 10 -3 -2 5 6 23 8 9 -8 25 13 -13 14 22 16 -15 24 19 -19 21 -6 -12 -5 -18 29 28 -28 -27 -1
right_child=3 2 -4 4 20 -7 7 -9 -10 -11 11 12 -14 15 -16 -17 17 18 -20 -21 -22 -23 -24 -25 -26 26 27 -29 -30 -31
leaf_value=-0.0032984391305765459 -0.0020111811411881665 -0.045354065669655788 0.004581201918991331 -0.0028430519305762637 0.013983218169359917 0.022878999498409193 -0.025645068792739974 0.014238145490050995 -0.038274746491331502 0.012368683750078536 -0.025985808643174693 -0.028806348296042703 0.014144642107656685 0.018204954962970227 0.025851238714050075 0.025969873373583151 -0.0093979935672642463 -0.001926848383738304 -0.0075242350885284274 0.023172469575728997 0.011167865778560391 0.056830471354291805 -0.00033872399159297258 0.027296321512742038 0.010838903820093138 -0.0031064909190094627 0.0044524677109870547 0.04894395455015093 0.010321210313448877 0.00040424038897599095
leaf_weight=1043.2548259552568 72.861069846898317 6.458058584481476 5.9919427260756493 10.628145407885315 10.766834989190103 14.909629728645085 11.974880751222374 13.966260518878697 11.656306177377699 15.174032825976608 27.13265572488308 18.364143371582031 14.670671001076697 39.451777022331953 15.683407820761202 30.73211370781064 61.377385504543781 17.456745032221079 19.715087443590164 35.527766348794103 17.544920761138201 10.350900806486605 13.812978528439997 13.340451426804064 16.542070474475622 143.18452710285783 16.529328253120187 7.7977771610021582 71.181030210107565 907.85170379467309
leaf_count=9470 425 54 69 62 91 78 70 142 56 94 181 75 68 250 98 147 397 131 142 218 148 59 102 61 113 685 149 36 305 5787
internal_value=0 -0.000532015 -0.0240135 0.0062217 0.0107857 0.0035065 -0.000742861 -0.00805763 -0.0163866 -0.00500762 -0.00039599 0.00391304 -0.0100134 0.0056311 -0.00520653 0.0084324 0.00535591 0.00179589 0.00895228 0.0151337 0.02702 0.0380846 -0.0177525 0.0147422 -0.00493803 -0.00100993 0.00359939 0.0213485 0.00140643 -0.00157693
internal_weight=0 2512.72 12.45 203.173 130.312 91.6497 76.7401 52.7715 38.8052 27.1489 2500.27 310.467 33.0348 277.432 56.629 220.803 190.071 150.619 72.6996 52.9845 38.6627 21.1177 40.9456 23.9686 77.9195 2189.8 238.693 24.3271 214.366 1951.11
internal_count=19763 18477 123 1286 861 563 485 362 220 164 18354 1922 143 1779 381 1398 1251 1001 491 349 298 150 283 123 510 16432 1175 185 990 15257
is_linear=0
shrinkage=0.04


Tree=120
num_leaves=31
num_cat=0
split_feature=13 7 6 17 6 28 0 2 27 36 16 15 28 25 26 1 36 4 27 28 4 15 36 2 16 0 4 27 27 8
split_gain=7.07146 4.79966 5.81024 4.00978 9.00624 4.60069 4.41714 7.31767 6.93502 6.62095 9.67065 9.10717 8.42019 6.32692 5.85037 5.57373 6.1151 5.02495 4.95655 6.35329 4.51909 4.5119 6.49124 5.83288 5.43202 4.77383 6.28217 5.52617 7.46473 4.40352
threshold=3.5000000000000004 1.0000000180025095e-35 6.640528917312623 1.5000000000000002 5.7120797634124765 -0.6035533845424651 7.1592843532562265 907.50000000000011 5.2493896484375009 1.7154432535171511 117.08580017089845 0.21374999731779101 -0.7865660786628722 0.27500000596046453 1.0000000180025095e-35 2.5000000000000004 0.43116816878318792 0.66450887918472301 4.3496322631835946 -1.0000000180025095e-35 0.94810631871223461 0.16550000011920932 1.1083049774169924 450.50000000000006 164.20353698730472 6.9236166477203378 0.90218111872673046 4.816645860671998 4.6695523262023935 9.5000000000000018
decision_type=2 2 2 2 2 2 2 2 2 2 2 2 2 2 2 2 2 2 2 2 2 2 2 2 2 2 2 2 2 2
left_child=1 3 -3 6 5 -5 15 8 9 17 11 -11 -13 -12 18 20 -17 -8 19 -14 21 22 23 -1 -23 27 -27 28 -25 -19
right_child=-2 2 -4 4 -6 -7 7 -9 -10 10 13 12 14 -15 -16 16 -18 29 -20 -21 -22 24 -24 25 -26 26 -28 -29 -30 -31
leaf_value=-0.017195167874307655 0.025520786344460308 0.0014554796031742178 0.028426739016083058 -0.011699877790987903 -0.028421481577019056 0.026345874099150294 0.014425715173627522 -0.016924514470442006 0.026225496043006266 -0.016490763725958806 0.0068658125884414178 -0.0100215229829525 0.050283967594953786 0.045110462922866974 -0.0039739996025458012 -0.012235291771436776 0.014678726977504141 -0.0089077356137338779 0.0023985248059453027 0.011783230783268926 0.022189685423664788 -0.0030611536627301074 0.032623140528289553 0.0082741924397032336 -0.03237526487021191 -0.01569380206681947 0.023056788977959194 -0.01570388181350919 0.045315066134876708 0.0060260015807594783
leaf_weight=20.249075897037983 15.768416833132504 1513.5893854014575 10.896033704280851 8.2186291851103324 24.212320826947689 8.4760807789862138 16.211305201053619 58.404299072921276 11.409096807241438 39.675449065864086 16.401544563472275 32.990807317197323 12.984498497098684 11.187184445559977 18.61122440546751 14.722235502675174 76.535130731761456 283.60182906314731 14.153614751994608 15.654218949377537 11.639675004407762 292.4399811308831 9.8243404477834684 85.64979181624949 8.5155594535171968 28.762185249477625 6.6736726202070704 11.053680218756197 7.9317848216742268 34.119392197579145
leaf_count=315 174 9198 81 87 303 79 100 349 85 262 117 174 67 56 97 167 588 2445 80 78 127 2501 69 1107 93 365 88 150 88 307
internal_value=0 0.000203564 0.00168524 -0.00170979 -0.0137168 0.0083684 -0.00125543 -0.00375872 -0.00218153 -0.00293827 0.00367619 -0.000878825 0.00588912 0.0243749 0.014484 0.00121487 0.0101675 -0.00614319 0.0223308 0.031382 -0.000512503 -0.00116485 0.00401221 0.00187858 -0.00409885 0.00483919 -0.00755395 0.00909922 0.0122962 -0.00727637
internal_weight=0 2704.79 1524.49 1180.31 40.907 16.6947 1139.4 565.404 507 495.591 161.659 134.07 94.3944 27.5887 61.4036 573.997 91.2574 333.933 42.7923 28.6387 482.74 471.1 170.145 160.32 300.956 140.071 35.4359 104.635 93.5816 317.721
internal_count=19797 19623 9279 10344 469 166 9875 4217 3868 3783 931 758 496 173 322 5658 755 2852 225 145 4903 4776 2182 2113 2594 1798 453 1345 1195 2752
is_linear=0
shrinkage=0.04


Tree=121
num_leaves=31
num_cat=0
split_feature=22 14 26 16 0 16 29 27 16 28 36 0 4 36 7 16 5 29 16 27 5 4 36 16 26 0 2 16 8 14
split_gain=4.67273 5.14209 5.29075 4.44847 5.84051 4.86303 7.86715 6.50812 6.66322 6.48896 5.60059 10.1135 6.33709 7.16505 5.39899 5.15313 6.43186 7.79204 5.38359 5.03053 4.7052 5.79674 4.16024 5.45557 5.10418 7.30678 6.55956 5.59115 4.65498 4.13855
threshold=0.11087121069431306 1.7005987167358401 1.0000000180025095e-35 84.581165313720717 8.1478662490844744 120.78115463256837 -0.98296290636062611 4.3611857891082773 110.541561126709 -0.6035533845424651 1.6093621850013735 7.5735280513763437 0.79452162981033336 1.1615874171257021 0.75000000000000011 143.57322692871097 0.11812742426991464 -0.91597560048103321 146.77368164062503 4.3444542884826669 0.14842927455902102 0.88686734437942516 1.4659474492073061 177.90467834472659 1.0000000180025095e-35 7.4241607189178476 597.50000000000011 185.96568298339847 2.5000000000000004 1.4978661537170412
decision_type=2 2 2 2 2 2 2 2 2 2 2 2 2 2 2 2 2 2 2 2 2 2 2 2 2 2 2 2 2 2
left_child=29 3 -3 -2 5 6 -5 8 14 -10 11 12 -9 20 -8 16 -7 -18 -17 -19 21 -14 24 -24 25 28 -26 -28 -20 -1
right_child=1 2 -4 4 -6 15 7 10 9 -11 -12 -13 13 -15 -16 18 17 19 22 -21 -22 -23 23 -25 26 -27 27 -29 -30 -31
leaf_value=-0.0028210798459759618 -0.00039764636519526165 0.026169095264297653 -0.0097757271947311892 0.038329363555041851 0.02177093286156211 -0.026144227803713678 -0.010691994720780763 -0.0061661056949011859 -0.0049982169012294294 0.03141902338778884 0.04023413180529916 -0.02846157435653288 -0.01868158548060303 0.053452473419495806 0.019826295824048223 0.025107278093561336 -0.02697038072841821 0.012310384056492185 0.023739882787074753 -0.0084250632293596944 0.028079048836255307 0.019397186901244777 -0.022119355176426263 0.0055010185328822746 0.030367733684486337 0.022765602828786743 0.014367019542705117 -0.020769865307678197 -0.0064859387526527562 -0.018800079377793173
leaf_weight=106.84707092680037 1987.6750327181071 21.904732272028927 7.8144595008343449 10.586355324834583 25.070925366133451 21.060521923005581 70.380492445081472 15.920294187963007 13.560446560382845 15.097679536789654 9.4490238204598409 7.9693952277302733 10.526123525574805 7.7457509376108638 8.7698294222354871 14.609156612306831 14.688850751146672 40.745693331584334 6.9045405760407439 31.461864903569221 17.322450902312994 11.074899526312945 22.624843291938305 20.166414879262447 21.561419181525707 16.97774912789464 17.485364012420181 9.543012533336876 99.912175515666604 32.659350616857409
leaf_count=856 13777 216 71 88 112 198 609 120 113 122 49 51 112 47 46 113 117 326 36 254 137 106 122 105 178 115 133 81 974 396
internal_value=0 0.000690717 0.0166972 0.000491141 0.00362923 0.00270313 0.0076395 0.00552402 -0.000919311 0.0149852 0.0140169 0.00949375 0.0150582 0.0222543 -0.00690528 -0.000224584 -0.00735476 -0.00231513 0.00315986 0.00329208 0.013737 0.000830829 0.00145226 -0.00943818 0.00423285 -0.00013962 0.0149379 0.00138484 -0.00413175 -0.00677471
internal_weight=0 2578.61 29.7192 2548.89 561.215 536.144 198.403 187.816 107.808 28.6581 80.0079 70.5589 62.5895 46.6692 79.1503 337.742 107.957 86.8964 229.785 72.2076 38.9235 21.601 215.176 42.7913 172.384 123.794 48.5898 27.0284 106.817 139.506
internal_count=19780 18528 287 18241 4464 4352 1600 1512 890 235 622 573 522 402 655 2752 895 697 1857 580 355 218 1744 227 1517 1125 392 214 1010 1252
is_linear=0
shrinkage=0.04


Tree=122
num_leaves=31
num_cat=0
split_feature=2 4 12 6 0 8 36 0 27 34 6 25 3 36 34 17 6 18 6 28 27 6 4 13 22 0 27 16 4 27
split_gain=4.4617 5.86138 5.71376 10.5395 6.35683 5.53923 5.45459 6.56417 5.84513 4.9601 8.27134 4.52958 8.60779 9.54417 6.63322 5.16995 9.62766 5.25555 13.7548 9.5925 10.7725 10.5703 9.44964 7.67952 10.1172 8.53473 6.88748 6.78042 6.30273 5.87948
threshold=523.50000000000011 0.67251640558242809 1.0000000180025095e-35 4.5271940231323251 7.7898664474487314 10.500000000000002 1.3651157617568972 6.9716575145721444 3.9386644363403325 48.500000000000007 6.2943427562713632 0.17500000447034839 1.5000000000000002 0.8961603343486787 4.5000000000000009 1.5000000000000002 5.7054464817047128 1.0000000180025095e-35 3.979637980461121 0.37940952181816107 4.6629672050476083 6.0672669410705575 0.70091852545738231 1.0000000180025095e-35 0.27539215981960302 7.5207726955413827 3.1376634836196904 41.084970474243171 0.63719540834426891 4.3181543350219735
decision_type=2 2 2 2 2 2 2 2 2 2 2 2 2 2 2 2 2 2 2 2 2 2 2 2 2 2 2 2 2 2
left_child=1 -1 5 -4 6 9 7 8 -5 11 -11 12 -2 14 -14 17 -17 22 -19 20 28 27 -13 25 -25 -21 -24 -22 -20 -30
right_child=2 -3 3 4 -6 -7 -8 -9 -10 10 -12 15 13 -15 -16 16 -18 18 19 23 21 -23 26 24 -26 -27 -28 -29 29 -31
leaf_value=0.012543255531044959 -0.010961534727868202 -0.0040073625130120048 -0.01390599139463085 -0.00098364864818882201 -0.0046103767748486109 0.020255869366940332 0.045021534135129146 0.0037778691598341508 0.035466390655078742 0.0030049775198047802 0.042096328753903497 -0.019534929907533499 0.01243520173768653 -0.0058334435600869228 -0.009368209846324747 0.010456852731831744 -0.027488763950547158 0.03905846467480549 0.015571299270095694 0.011141638568766488 0.025513267175785455 0.036816463931284904 0.026307011226384777 -0.013456671711537294 0.021232791265439321 0.040865155764165433 -0.00053184896036527983 -0.0027775812073291533 -0.00052714454875884154 -0.01152603849640812
leaf_weight=34.462432941421866 164.74164890870452 577.43773800507188 25.308822114020586 9.1647589579224569 22.936242982745171 19.9690164886415 9.4628732874989492 44.200622834265232 26.908795438706875 34.772521659731865 9.6922223120927793 39.699263963848352 110.26872432045639 176.26028938218951 26.298379153013229 16.297124188393354 25.046401532366872 15.324998140335081 28.310478515923023 49.942105282098055 16.602997545152903 20.732707235962152 13.650093719363211 30.485278304666281 20.963461175560951 22.048803929239511 679.22678013704717 48.764605585485697 304.51060558110476 102.52455662563443
leaf_count=273 1761 4680 140 71 96 171 46 261 186 370 66 188 1143 1236 292 121 220 104 254 396 108 153 58 225 160 118 3663 330 2218 749
internal_value=0 -0.0030374 0.00083584 0.00864541 0.0138651 0.000282353 0.0185849 0.0144498 0.0266408 5.79779e-05 0.0129711 -0.000255615 -0.00362124 0.00028939 0.00816196 0.000868631 -0.0127387 0.00129024 0.00387309 0.00291878 0.000527662 0.0132867 -0.00104168 0.0128501 0.000943608 0.0211037 7.1088e-05 0.00495224 -0.00204496 -0.00334037
internal_weight=0 611.9 2114.12 137.982 112.673 1976.13 89.7371 80.2742 36.0736 1956.16 44.4647 1911.7 477.569 312.827 136.567 1434.13 41.3435 1392.79 660.211 644.886 521.446 86.1003 732.576 123.44 51.4487 71.9909 692.877 65.3676 435.346 407.035
internal_count=19857 4953 14904 800 660 14104 564 518 257 13933 436 13497 4432 2671 1435 9065 341 8724 4815 4711 3812 591 3909 899 385 514 3721 438 3221 2967
is_linear=0
shrinkage=0.04


Tree=123
num_leaves=31
num_cat=0
split_feature=7 17 6 6 27 5 4 4 29 20 0 2 0 2 6 22 31 28 27 18 6 28 2 4 28 29 16 27 6 6
split_gain=4.42786 5.7623 5.07412 4.91574 5.22471 5.19142 7.21413 6.59445 7.91953 6.77177 6.97306 5.49471 5.427 6.23787 7.23686 5.40885 4.37364 4.20367 4.08816 4.00416 4.38217 5.53226 4.82166 3.93878 4.4956 3.59764 5.87816 7.71828 5.36943 8.40898
threshold=1.0000000180025095e-35 1.5000000000000002 5.2600927352905282 6.640528917312623 5.2211663722991952 0.2375874072313309 0.80402246117591869 0.75035211443901073 -0.91597560048103321 0.22857142984867099 7.4360234737396249 527.50000000000011 7.6088676452636728 607.50000000000011 5.6472105979919442 0.62784758210182201 0.92718276381492626 -0.37940952181816096 4.0208768844604501 1.0000000180025095e-35 4.7492611408233651 -0.91597560048103321 567.50000000000011 0.78906691074371349 -0.6035533845424651 0.91597560048103344 85.485794067382827 4.2158241271972665 5.6716020107269296 4.8162329196929941
decision_type=2 2 2 2 2 2 2 2 2 2 2 2 2 2 2 2 2 2 2 2 2 2 2 2 2 2 2 2 2 2
left_child=1 25 -3 4 5 6 16 8 -7 10 11 -10 -11 -14 -15 -8 17 18 -2 20 21 -9 -23 24 -21 -1 28 -28 29 -27
right_child=3 2 -4 -5 -6 7 15 19 9 12 -12 -13 13 14 -16 -17 -18 -19 -20 23 -22 22 -24 -25 -26 26 27 -29 -30 -31
leaf_value=-0.0016726673650434734 0.018775162910267464 0.010101911493108205 -0.023371842193473956 0.025252985910215013 -0.01310310360430289 -0.017496475910115713 0.00093907507089982902 0.033746648449298977 0.010284361619920334 0.020357049722764128 0.016090980482273105 -0.016404809261585666 -0.027012680743694482 -0.01365796356620296 0.034875781351958623 0.024071047990361884 -0.033611594302306397 -0.01865591102278014 -0.0096083422006846934 -0.0037282435595846083 0.035790500525220363 0.022713792519182183 -0.00092747096438615644 -0.013995914840577115 0.021933492976586377 -0.0085765076118151928 -0.0013753708153603802 0.053199749241775444 -0.016856702185502202 0.028073994388236961
leaf_weight=1064.3189256694168 12.731105323880913 8.0340033769607526 31.107605170458555 11.96870258823037 36.722072657197714 28.503981973975897 1077.6303508449346 14.189928963780401 14.970505200326441 51.41904041916132 20.457788195461035 47.012989539653063 8.2655258923769015 7.9582386426627663 8.1493702828884107 14.425683841109274 10.680172488093374 24.146486137062311 16.214674800634384 19.915745593607426 15.987149000167845 18.724648289382458 40.887532941997051 13.07587396353483 20.91921428963542 19.061297133564949 7.4232302680611593 7.1188193410634995 16.100412033498287 17.574189431965351
leaf_count=9335 87 72 386 90 206 217 6386 65 102 567 89 280 49 60 86 141 60 142 101 130 78 94 180 72 144 143 61 61 123 135
internal_value=0 -0.00163726 -0.0163441 0.00162627 0.00140772 0.00178338 0.000515462 0.0061886 0.00119876 0.00474285 -0.00317558 -0.00983876 0.0132161 -0.00225007 0.0120368 0.00128809 -0.012352 -0.00701043 0.00328207 0.0125674 0.0176609 0.012893 0.0069947 0.00375581 0.00982821 -0.00110062 0.00773606 0.0285429 0.00116523 0.00954804
internal_weight=0 1170.74 39.1416 1534.96 1522.99 1486.27 1155.83 330.438 186.737 158.233 82.4413 61.9835 75.7922 24.3731 16.1076 1092.06 63.7724 53.0923 28.9458 143.7 89.7893 73.8021 59.6122 53.9108 40.835 1131.6 67.2779 14.542 52.7359 36.6355
internal_count=19742 10316 458 9426 9336 9130 6917 2213 1450 1233 471 382 762 195 146 6527 390 330 188 763 417 339 274 346 274 9858 523 122 401 278
is_linear=0
shrinkage=0.04


Tree=124
num_leaves=31
num_cat=0
split_feature=26 0 4 25 34 15 29 8 2 2 29 2 0 2 0 12 0 27 20 8 6 0 25 27 27 6 28 2 27 27
split_gain=4.05991 10.142 6.82784 6.05703 5.69972 8.34222 5.6628 9.91405 5.34211 5.13959 3.92924 10.2479 4.94949 4.42523 6.46383 4.00569 6.04992 5.83902 4.29743 4.1773 6.70197 4.13859 4.74753 6.4493 7.51742 6.62101 6.28051 6.8111 6.8243 6.6276
threshold=1.0000000180025095e-35 7.8995227813720712 0.80919465422630321 0.14500000327825549 38.500000000000007 0.34925000369548803 0.12940952181816107 6.5000000000000009 468.50000000000006 659.50000000000011 0.91597560048103344 645.50000000000011 6.7638680934906015 597.50000000000011 7.5315487384796151 1.0000000180025095e-35 8.5765933990478533 4.7820603847503671 0.77741664648056041 10.500000000000002 5.800605535507203 6.8936436176300058 0.31000000238418585 4.7685635089874276 4.0404160022735605 4.5900437831878671 -0.6035533845424651 950.50000000000011 3.3724534511566167 4.1502518653869638
decision_type=2 2 2 2 2 2 2 2 2 2 2 2 2 2 2 2 2 2 2 2 2 2 2 2 2 2 2 2 2 2
left_child=4 3 -3 8 10 6 7 -6 -2 -4 15 13 -13 14 -12 16 18 -17 19 21 -21 -1 26 24 25 -24 27 28 -23 -29
right_child=1 2 9 -5 5 -7 -8 -9 -10 -11 11 12 -14 -15 -16 17 -18 -19 -20 20 -22 22 23 -25 -26 -27 -28 29 -30 -31
leaf_value=-0.00034357393789058167 0.018413872579466802 -0.032498588514112192 0.00810404496858101 0.0044439444184598111 -0.023648460850470916 0.021918259868669483 -0.023523480102749877 0.024485046408247703 -0.015266704291429987 -0.014313906875390142 -0.010323523465967089 -0.0039985723769387204 0.025831989050103546 -0.025581289440505684 0.0230504165836296 0.00087526521187727751 0.022962987652189272 0.025097909763230827 -0.02881367036016198 0.035607387103989238 -0.0086190934174656675 -0.028647356483686937 0.027365853463457074 0.020520790026690348 -0.0097469441168978356 0.00056834741842338261 -0.0025028171887889398 0.025263373588360238 -0.0091313884977851558 -0.011370484151449501
leaf_weight=539.38066270947456 7.3135145120322695 16.96356014534831 26.647568885236979 667.07470230385661 8.9760820083320159 37.903784023597836 13.094412202015517 16.48173013702035 42.360026007518172 36.669224463403225 26.750783555209637 11.005144719034432 35.760686095803976 12.26754844561219 11.71530472114682 104.40139717236161 12.373187355697153 16.822601906955242 8.3798863105475885 9.4274676367640513 9.3299101255834085 29.820594068616629 17.719456691294909 21.973684132099152 85.411212883889675 58.915419537574053 430.23220966011286 15.543297227472069 363.42368365265429 12.763509470969437
leaf_count=4843 77 70 144 4489 77 391 98 102 400 148 232 96 232 77 65 645 55 100 82 77 90 177 84 115 408 371 3122 86 2713 85
internal_value=0 0.00191478 -0.0113956 0.00343319 -0.00148054 0.00908161 -0.00399767 0.00702746 -0.00978709 -0.00491981 -0.00193041 0.0058069 0.018936 -0.00655461 0.000477785 -0.00237116 -0.00289877 0.00458951 -0.00312685 -0.00295587 0.0148983 -0.0031871 -0.00466431 0.00115164 -0.00169301 0.00730288 -0.00592055 -0.00938037 -0.0107488 0.00908491
internal_weight=0 797.029 80.2804 716.748 1909.87 76.456 38.5522 25.4578 49.6735 63.3168 1833.42 97.4995 46.7658 50.7336 38.4661 1735.92 1614.69 121.224 1602.32 1593.94 18.7574 1575.18 1035.8 184.02 162.046 76.6349 851.783 421.551 393.244 28.3068
internal_count=19751 5328 362 4966 14423 668 277 179 477 292 13755 702 328 374 297 13053 12308 745 12253 12171 167 12004 7161 978 863 455 6183 3061 2890 171
is_linear=0
shrinkage=0.04


Tree=125
num_leaves=31
num_cat=0
split_feature=25 0 35 16 4 29 30 36 5 10 2 2 36 36 2 36 28 5 30 0 36 4 36 30 32 2 0 2 2 6
split_gain=6.4643 8.20824 6.53698 7.89579 6.23521 5.18557 4.69566 4.67023 4.33855 3.97519 7.78403 9.00745 7.73086 5.69185 7.09936 8.26217 7.29147 5.63277 5.03933 7.0814 9.21421 5.36556 5.35252 4.85928 4.83097 6.91342 5.68222 5.01165 4.49613 8.82927
threshold=0.17500000447034839 6.6411609649658212 1.0000000180025095e-35 7.1223623752594003 0.85996615886688244 -0.91597560048103321 2.3502402305603032 0.216337725520134 0.19169481843709948 1.0000000180025095e-35 641.50000000000011 735.50000000000011 1.5198159813880923 0.97860512137413036 924.50000000000011 1.6424235701560976 -0.7865660786628722 0.34005814790725714 3.2769666910171513 8.0149955749511737 0.77899348735809337 0.70091852545738231 3.1371060609817509 2.8617925643920903 11.500000000000002 605.50000000000011 7.0264170169830331 480.50000000000006 1003.5000000000001 5.0720391273498544
decision_type=2 2 2 2 2 2 2 2 2 2 2 2 2 2 2 2 2 2 2 2 2 2 2 2 2 2 2 2 2 2
left_child=1 5 3 4 8 -1 -6 -2 -3 17 24 12 -12 -13 16 -16 -15 18 21 20 -20 -9 23 28 25 26 -11 -28 -23 -30
right_child=7 2 -4 -5 6 -7 -8 9 -10 10 11 13 -14 14 15 -17 -18 -19 19 -21 -22 22 -24 -25 -26 -27 27 -29 29 -31
leaf_value=-0.012143308937150297 -0.023683952793421253 0.021304001902993464 0.025362939547059839 -0.010406767377407233 -0.0070691265622280473 0.0092141228921280779 0.02117096759431409 -0.016348614516716705 0.002075015251474229 0.010238915186253899 0.015219366423034489 -0.0067542122785652125 0.05014002029587461 -0.0020696394416848426 0.01609942498939811 -0.030448393915065194 0.032151870941547943 0.0093791252376017459 0.013294109440732673 0.0096879310653122819 -0.025292789678912901 0.0003801161819674885 -0.015907015716022169 0.016256398511796812 0.019775782315786767 -0.020195545890863711 0.0073514563021002503 -0.013576504801811953 -0.0080032401626161914 0.024743547989360511
leaf_weight=19.934304803609848 9.9325530827045423 24.006162770092487 8.9705536961555463 290.50494671985507 157.41470032930374 109.71482245624065 8.0956398472189885 27.620365865528584 69.372300744056702 59.186841994524002 52.8345066010952 44.330160913988948 11.723943386226891 14.673738244920967 10.610545698553326 9.9843239858746511 27.575810924172401 107.39326278865337 11.260408345609902 20.062624540179968 43.862832792103291 1346.4942248966545 27.891136787831783 31.485830288380384 14.892867021262644 27.597765896469355 27.143856208771467 48.445568174123764 20.324286747723818 31.764708947390318
leaf_count=274 108 194 64 2678 1489 1331 48 161 476 313 290 300 60 74 73 56 155 758 84 89 281 9297 92 178 164 118 123 185 105 181
internal_value=0 -0.0032084 -0.00531233 -0.00590338 -0.000808982 0.0057957 -0.00545153 0.00127342 0.00736156 0.00141965 0.00528906 0.0113063 0.0228771 0.00404494 0.011636 -0.0071645 0.02071 0.00060476 -1.02176e-05 -0.00997556 -0.0172209 0.000506867 0.000848144 0.00119668 -0.000601401 -0.00268826 0.00113954 -0.00606558 0.000834921 0.0121428
internal_weight=0 688.013 558.364 549.394 258.889 129.649 165.51 2027.09 93.3785 2017.16 349 171.733 64.5584 107.175 62.8444 20.5949 42.2495 1668.16 1560.77 75.1859 55.1232 1485.58 1457.96 1430.07 177.267 162.374 134.776 75.5894 1398.58 52.089
internal_count=19799 6554 4949 4885 2207 1605 1537 13245 670 13137 1911 1008 350 658 358 129 229 11226 10468 454 365 10014 9853 9761 903 739 621 308 9583 286
is_linear=0
shrinkage=0.04


Tree=126
num_leaves=31
num_cat=0
split_feature=0 6 36 25 29 16 28 8 27 30 29 36 8 5 3 36 5 0 0 6 5 22 5 27 27 22 0 6 21 0
split_gain=3.09716 8.93178 4.54658 3.64594 3.3571 5.16235 3.10326 6.27876 6.61676 5.85 8.21711 6.16628 7.0331 5.2111 5.42006 5.13951 6.28474 6.18593 9.4722 9.89656 6.25 5.65554 5.54382 5.48912 5.28624 7.94147 5.21835 6.31351 5.11432 6.86076
threshold=6.0062773227691659 3.9019216299057011 0.23911438137292865 0.2100000008940697 -0.37940952181816096 70.495136260986342 -0.6035533845424651 9.5000000000000018 4.5003650188446054 3.8393944501876835 -0.12940952181816107 2.0964355468750004 6.5000000000000009 0.12772481888532641 1.5000000000000002 1.5928428769111636 0.13990316540002826 7.3172068595886239 7.3752508163452157 5.7853612899780282 0.17997344583272937 0.098082788288593306 0.16429833322763446 4.0280263423919687 4.5762560367584237 0.27539215981960302 7.5786535739898691 5.5816130638122567 22.500000000000004 7.2626225948333749
decision_type=2 2 2 2 2 2 2 2 2 2 2 2 2 2 2 2 2 2 2 2 2 2 2 2 2 2 2 2 2 2
left_child=1 -1 3 -3 5 -4 7 9 13 11 -11 15 -13 -9 -15 17 -17 21 19 -19 22 -2 -20 -22 25 26 -18 -28 -8 -30
right_child=6 2 4 -5 -6 -7 28 8 -10 10 -12 12 -14 14 -16 16 24 18 20 -21 23 -23 -24 -25 -26 -27 27 -29 29 -31
leaf_value=-0.02163938158215447 -0.025119535528135079 0.019537672201600936 -0.0085475883461036371 -0.015966899853924306 0.028980953274791738 0.028567529004144391 0.0018088722275253894 -0.012776507613274148 0.029938226267805991 -0.012026376726240075 0.030556915061469733 -0.00086544892619066507 -0.021096817542002259 0.034594588231827726 -0.0040385043074762069 -0.0054795801405996027 0.0078045676099495077 -0.040633410715955484 -0.0027462104577305711 0.00097240091235625055 -0.00052536596808887845 4.3855593851654083e-05 0.024962100194999799 -0.02937443636851211 -0.0052931602854234296 -0.0039769838309926028 0.051528343549581093 0.01048929176889069 0.012280219793574356 -0.032238689844238867
leaf_weight=11.567516101524232 12.604173330590127 5.1919275857508209 12.879504820331933 11.141119398176668 27.184899143874645 8.2362684942781907 1376.8331280499697 18.807121114805341 18.339719712734222 10.00340509042144 17.994528409093618 53.400884248316288 55.059233848005533 9.2991843074560183 11.197996344417332 46.2079285569489 16.108059711754322 23.665794689208269 143.03352597728372 14.070394139736889 17.860305298119783 665.63186671584845 10.554287001490591 24.054730735719204 18.876877434551716 17.67039767280221 16.691901810467247 10.659931018948553 7.2038912810385254 13.784922912716864
leaf_count=88 131 86 111 120 232 83 9832 182 166 100 178 223 277 90 93 259 81 155 943 106 114 5325 62 147 93 98 90 57 95 106
internal_value=0 0.00828817 0.0141331 -0.00378057 0.0201001 0.00714841 0.000210032 -0.00125268 0.0114124 -0.00189282 0.0155549 -0.00234538 -0.0113318 0.00173706 0.0150059 -0.00138612 0.00611776 -0.00243632 -0.00802567 -0.025852 -0.00435785 -0.000496255 -0.000545745 -0.0176654 0.0127861 0.0183597 0.027217 0.0373386 0.00149896 -0.0172197
internal_weight=0 76.2012 64.6337 16.333 48.3007 21.1158 2629.61 1231.79 57.644 1174.15 27.9979 1146.15 108.46 39.3043 20.4972 1037.69 126.215 911.475 233.239 37.7362 195.503 678.236 153.588 41.915 80.0072 61.1303 43.4599 27.3518 1397.82 20.9888
internal_count=19723 720 632 206 426 194 19003 8970 531 8439 278 8161 500 365 183 7661 678 6983 1527 261 1266 5456 1005 261 419 326 228 147 10033 201
is_linear=0
shrinkage=0.04


Tree=127
num_leaves=31
num_cat=0
split_feature=36 0 4 2 2 2 36 28 14 1 6 32 21 25 0 36 21 28 0 31 31 14 5 2 22 2 30 0 0 4
split_gain=6.25128 7.05531 4.54094 5.19391 10.1037 12.342 7.51522 4.27432 4.98182 4.08785 4.63466 4.50418 5.09063 5.59748 4.43289 3.86435 3.84131 3.68629 4.99069 3.29223 7.09139 4.97941 5.22098 5.08422 5.1733 4.29074 7.91099 6.95327 4.87263 4.28467
threshold=0.216337725520134 6.0062773227691659 0.67251640558242809 506.50000000000006 651.50000000000011 772.50000000000011 1.1014350056648257 -0.7865660786628722 0.89587974548339855 3.5000000000000004 4.8713660240173349 18.500000000000004 1.0000000180025095e-35 0.17500000447034839 7.0950558185577401 1.1851263642311098 20.500000000000004 -0.91597560048103321 6.9527173042297372 0.77608895301818859 0.79361054301261913 1.0000000180025095e-35 0.18336820602416995 751.50000000000011 0.42459596693515783 527.50000000000011 3.1984648704528813 7.1115038394927987 6.7979249954223642 0.86860337853431713
decision_type=2 2 2 2 2 2 2 2 2 2 2 2 2 2 2 2 2 2 2 2 2 2 2 2 2 2 2 2 2 2
left_child=-1 7 3 -3 6 15 -5 -2 -9 19 -11 12 -12 -14 -15 -6 17 -7 -19 -4 -21 22 -22 25 29 -23 27 28 -27 -25
right_child=1 2 9 4 5 16 -8 8 -10 10 11 -13 13 14 -16 -17 -18 18 -20 20 21 23 -24 24 -26 26 -28 -29 -30 -31
leaf_value=-0.026596175248561723 0.026060749872179025 0.021645039193782911 -0.00019306688612105868 0.0022236090042316416 0.017880912627662136 -0.026834613762866062 -0.028182086571595918 -0.002800955708845193 0.026788221095440341 -0.0054985746549189064 -0.0010226010024936101 -0.010427076042617358 -0.00027042755953899744 0.0095472665795403172 0.042403244278264633 0.048858247711863631 0.021391233261846793 -0.019264087344053993 0.0123457079864778 -0.03252666495126387 0.020265328573353801 -0.013743029993167993 -0.0063017815307569048 -0.042267193658844918 -0.0013307457114838687 -0.0065564770910284077 0.029464914926449169 -0.015619417807424374 0.024745972285358964 -0.0077444597160629671
leaf_weight=11.754580577835439 23.638043554499745 28.045490477234125 2165.8101464807987 30.508068593218923 22.297981521114707 8.7944275066256505 20.331911686807871 33.064679639413953 10.403007820248602 29.835687778890133 17.917024947702885 9.9744260571897012 11.324872154742478 11.226142838597296 20.856192871928215 10.41237850487232 7.5595589764416209 10.861738666892053 19.107936043292284 12.451731298118828 23.574894662946463 32.43074069544673 20.65952692180872 14.338558953255417 17.761214945465326 13.370350476354362 12.872718743979929 31.331081084907055 15.477877639234064 10.536892898380755
leaf_count=154 216 224 15844 252 175 64 116 269 103 156 97 76 88 79 125 84 109 91 141 66 110 218 119 86 153 107 135 162 95 54
internal_value=0 0.000438962 0.000107336 0.00663976 0.00312034 0.0119526 -0.0105427 0.0130552 0.00514739 -0.000315049 0.00748122 0.0129146 0.0169205 0.0240457 0.0321413 0.0299887 -0.00149721 -0.00679131 0.000401091 -0.000653677 -0.00547563 -0.00340783 0.0081214 -0.00691325 -0.0182355 -0.00208256 0.00332227 -0.00303767 0.0107537 -0.0293084
internal_weight=0 2696.78 2629.67 157.919 129.874 79.034 50.84 67.1057 43.4677 2471.75 101.134 71.2987 61.3242 43.4072 32.0823 32.7104 46.3237 38.7641 29.9697 2370.62 204.806 192.354 44.2344 148.119 42.6367 105.483 73.052 60.1793 28.8482 24.8755
internal_count=19768 19614 19026 1256 1032 664 368 588 372 17770 621 465 389 292 204 259 405 296 232 17149 1305 1239 229 1010 293 717 499 364 202 140
is_linear=0
shrinkage=0.04


Tree=128
num_leaves=31
num_cat=0
split_feature=3 2 2 36 5 5 2 4 4 2 4 16 8 2 36 8 27 4 4 20 10 16 4 0 34 4 16 34 0 2
split_gain=3.9227 4.22747 5.50535 11.3008 9.54735 7.40329 6.5389 6.49879 5.31151 5.63796 5.12183 5.07065 5.00416 4.79803 5.46193 4.78469 5.09466 4.82765 4.74552 8.35974 4.6819 9.34729 4.56968 4.46289 4.50266 4.34499 4.69281 4.69047 4.31511 4.29456
threshold=3.5000000000000004 613.50000000000011 563.50000000000011 1.3651157617568972 0.14691832661628726 0.1336498707532883 587.50000000000011 0.68592867255210888 0.80183705687522899 488.50000000000006 0.80622702836990368 77.47391510009767 7.5000000000000009 510.50000000000006 0.59510967135429393 9.5000000000000018 4.2099027633667001 0.8772488832473756 0.88140279054641735 0.22857142984867099 1.0000000180025095e-35 123.67082977294923 0.81269338726997387 8.3793091773986834 38.500000000000007 0.89221313595771801 74.332061767578139 16.500000000000004 5.8463344573974618 516.50000000000011
decision_type=2 2 2 2 2 2 2 2 2 2 2 2 2 2 2 2 2 2 2 2 2 2 2 2 2 2 2 2 2 2
left_child=1 2 7 6 5 -5 18 13 9 12 -10 29 -9 14 -1 20 17 -17 19 -4 28 25 -23 24 -12 26 27 -22 -3 -11
right_child=-2 15 3 4 -6 -7 -8 8 10 11 23 -13 -14 -15 -16 16 -18 -19 -20 -21 21 22 -24 -25 -26 -27 -28 -29 -30 -31
leaf_value=-0.0015616882634332141 0.004497739053169054 -0.025362033055787974 -0.024659959680519181 -0.016184026894431353 -0.034335520180960095 0.020793034761271947 0.0047817844221358799 -0.030172735693642032 0.024148396307413535 0.025761645866167689 -0.00047126020364796149 -0.0192100470360612 -0.002434284478319294 -0.001439912169742415 0.035906869240718307 0.016557436607157781 0.020931752608812949 -0.012003334819642624 0.001656304186827147 0.013519858962653364 -0.00219640931101707 0.0045067042746408876 -0.026291788772625484 -0.02180326048266816 0.023818878076408031 0.01749381030170221 0.022048224918111869 0.016912483467077938 -0.0001379523173040207 -0.0033926063805366368
leaf_weight=8.8265387788414973 330.01854868978262 8.9639562442898733 42.921764213591814 27.679463356733322 35.882987782359123 10.321770396083592 106.14196576178074 27.209759172052145 11.787549082189797 11.833945889025928 561.93505589477718 13.087277377024291 16.749432167038321 19.120371943339705 17.885743893682957 14.321528904139994 37.762196216732264 20.554938204586506 34.761634029448032 10.151595186442135 97.433843933045864 11.778939813375475 17.808471668511629 13.345928974449633 10.4806264154613 62.904342021793127 19.626776073127985 23.934814032167196 1058.6957668475807 18.49220185726881
leaf_count=79 2082 112 371 166 195 53 878 188 83 73 4750 119 151 140 133 106 310 170 307 75 472 82 94 49 69 263 114 334 7565 123
internal_value=0 -0.000144252 -0.00212239 -0.00700486 -0.0200945 -0.00560298 -0.00186492 -0.000318467 -0.0013103 -0.0104052 4.98212e-05 -6.52685e-05 -0.0201696 0.0139385 0.0242798 0.00129467 0.0111444 -1.33363e-05 -0.0098246 -0.0171314 0.000728532 0.00583377 -0.0145217 -0.000515646 5.48634e-05 0.00889987 0.00487468 0.00178509 -0.000396756 0.00887403
internal_weight=0 2372.4 998.616 267.861 73.8842 38.0012 193.977 730.754 684.922 87.3726 597.549 43.4134 43.9592 45.8327 26.7123 1373.79 72.6387 34.8765 87.835 53.0734 1301.15 233.487 29.5874 585.762 572.416 203.9 140.995 121.369 1067.66 30.3261
internal_count=19706 17624 8002 2045 414 219 1631 5957 5605 654 4951 315 339 352 212 9622 586 276 753 446 9036 1359 176 4868 4819 1183 920 806 7677 196
is_linear=0
shrinkage=0.04


Tree=129
num_leaves=31
num_cat=0
split_feature=23 2 8 4 36 4 14 2 34 2 0 28 14 36 4 4 5 2 22 2 2 31 3 5 0 8 36 7 30 5
split_gain=7.05274 7.19622 3.79263 5.53534 5.31589 5.91407 4.38227 3.72682 4.06858 5.68955 3.42681 6.86484 7.67 6.82584 3.92992 5.42216 4.81002 4.38439 4.81041 4.55191 6.32575 5.1894 4.19272 5.74187 4.66912 4.24011 4.23842 5.55178 4.02836 3.99147
threshold=1.0000000180025095e-35 990.50000000000011 3.5000000000000004 0.91573208570480358 1.1083049774169924 0.891168773174286 1.2424533367156985 1237.5000000000002 54.500000000000007 647.50000000000011 6.1653625965118417 -0.7865660786628722 0.89587974548339855 0.28243453800678259 0.87561962008476268 0.87594792246818554 0.2157714441418648 418.50000000000006 0.52642855048179638 506.50000000000006 468.50000000000006 0.15587044507265094 1.5000000000000002 0.12733646482229236 7.6806347370147714 6.5000000000000009 0.91173902153968822 1.0000000180025095e-35 1.4978661537170412 0.13837118446826938
decision_type=2 2 2 2 2 2 2 2 2 2 2 2 2 2 2 2 2 2 2 2 2 2 2 2 2 2 2 2 2 2
left_child=7 2 -2 4 6 -6 -4 8 10 -10 11 13 -13 -1 29 -16 17 22 19 20 28 -22 24 -24 26 -25 -17 -28 -19 -12
right_child=1 -3 3 -5 5 -7 -8 -9 9 -11 14 12 -14 -15 15 16 -18 18 -20 -21 21 -23 23 25 -26 -27 27 -29 -30 -31
leaf_value=-0.0082561934372288003 0.018635959962031396 0.032900506469056581 0.0034070805164375302 0.020054499338685371 -0.00140516843561427 -0.026557818516339444 0.026621708320254962 -0.022452312629674287 -0.0054922560588628322 0.030063102870112882 -0.012583143838349057 -0.0080192578475242002 0.019531907888876467 0.026806813898139232 0.029082808554313597 -0.0026885414068383755 0.019876973837334867 -0.0070265466941202516 0.025688542565475602 0.0001878487386555663 -0.021422158319252056 0.010841397324725293 -0.0058903857511128574 0.0092408930484512916 -0.01686166525510055 0.048957962061331052 0.047004235307940026 -7.3687553139772661e-05 0.01402084697885796 -0.0019860130822435579
leaf_weight=10.85598351061344 25.448431987315416 13.216647271066902 107.13583612255752 24.756721206009388 78.739785937592387 16.538757719099522 12.959025826305149 10.4186794757843 11.964351776987316 14.278070034459232 57.770578607916832 62.788935754448175 19.549254922196269 32.906401805579662 8.7831121869385225 18.931096965447068 18.202060334384441 34.390748977661133 8.9837955944240075 763.50205882452428 52.84377208724618 8.0739917643368226 7.9134649783372906 8.618340767920019 12.924272481352089 9.6556254997849447 6.5655199214816076 7.5206759050488472 22.26713833771646 1217.9122991934419
leaf_count=137 153 94 622 121 383 59 97 67 93 152 485 573 221 268 66 228 102 311 54 5838 480 60 71 55 95 98 81 55 220 8442
internal_value=0 0.00610061 0.00453096 0.00289456 0.000755692 -0.0062275 0.00630714 -0.000595044 -0.00048235 0.0146118 -0.000660093 0.00570588 -0.00116983 0.0181282 -0.00101925 0.000872056 0.000560629 0.000154743 -0.000622328 -0.000948176 -0.00820494 -0.0169373 0.00950177 0.0216538 0.00196055 0.0329861 0.00987055 0.024985 0.00144132 -0.00248486
internal_weight=0 278.795 265.579 240.13 215.373 95.2785 120.095 2427.62 2417.2 26.2424 2390.96 126.101 82.3382 43.7624 2264.86 989.176 980.393 962.191 890.062 881.078 117.576 60.9178 72.129 26.1874 45.9416 18.274 33.0173 14.0862 56.6579 1275.68
internal_count=19781 1529 1435 1282 1161 442 719 18252 18185 245 17940 1199 794 405 16741 7814 7748 7646 6963 6909 1071 540 683 224 459 153 364 136 531 8927
is_linear=0
shrinkage=0.04


Tree=130
num_leaves=31
num_cat=0
split_feature=16 0 27 27 27 22 34 16 6 29 6 26 2 2 6 16 29 4 2 0 2 1 36 36 7 2 2 4 22 5
split_gain=4.06492 3.97138 6.02405 8.29401 8.15121 6.87536 6.67515 10.2521 6.45187 7.65771 6.13812 5.9637 7.23059 7.32352 7.22203 5.80767 5.72791 5.51081 5.4299 5.16124 5.08372 8.01032 7.29977 8.4644 6.21272 5.06861 7.79304 5.08122 5.03909 6.32379
threshold=214.80000305175784 7.0527117252349862 4.1934351921081552 4.7608909606933603 4.132763385772706 0.85211241245269786 3.5000000000000004 22.971575736999515 5.7945356369018564 0.60355338454246532 3.3497501611709599 1.0000000180025095e-35 477.50000000000006 541.50000000000011 6.1431114673614511 176.54515075683597 -0.6035533845424651 0.93058109283447277 388.50000000000006 7.8995227813720712 639.50000000000011 1.5000000000000002 1.8443947434425356 1.2305698394775393 0.57499998807907116 737.50000000000011 661.50000000000011 0.88283523917198192 0.41571427881717687 0.24488214403390887
decision_type=2 2 2 2 2 2 2 2 2 2 2 2 2 2 2 2 2 2 2 2 2 2 2 2 2 2 2 2 2 2
left_child=1 -1 4 11 5 6 10 8 -8 -10 -3 15 -13 -14 -15 28 19 -12 -9 25 24 -22 23 -23 -18 26 27 -5 29 -4
right_child=-2 2 3 16 -6 -7 7 18 9 -11 17 12 13 14 -16 -17 20 -19 -20 -21 21 22 -24 -25 -26 -27 -28 -29 -30 -31
leaf_value=0.0011769701589190047 0.012337281762041631 0.01174006087629167 -0.012050357893454653 0.0036233263059785 0.01411398614603041 -0.023823299032237545 0.0063837572387674861 0.024887948285854576 0.0363170196984045 -0.00055934066713265117 -0.0045057568150715412 0.018400857254198575 -0.02636390859747836 0.0037355460683179591 -0.022003943553768748 0.011413030459316704 -0.017615729349978362 -0.025842632965186189 -0.0033820195068180849 -0.01058428637829022 0.027130705091577913 -0.010167704214441423 -0.027607619118875486 0.025845017276090013 0.0078641697905628052 0.032106267452104528 -0.020663710214169066 0.032764544451635548 -0.034398511142923062 0.0036831522540294306
leaf_weight=1132.874319431372 37.331332111731172 32.746514964848757 301.38888892903924 23.626174475997686 62.965539272874594 17.978449489921331 109.38287615962327 9.4811409674584848 27.259471666067839 12.932236976921557 270.01934706047177 24.626482926309109 18.606323279440403 102.60722462832928 18.932585079222918 17.964284796267748 50.055730521678925 19.039187829941511 205.76809724606574 13.925235472619532 16.935176450759172 22.43926789239049 12.400216817855833 16.371564976871014 20.327734299004078 17.980159565806389 10.264180321246384 14.78294252976775 12.459203001111744 46.302647437900305
leaf_count=9624 303 179 2051 159 431 188 645 71 171 73 1671 158 112 563 120 128 374 120 1444 66 106 158 50 90 90 116 68 110 62 253
internal_value=0 -0.000616925 -0.00194537 -0.00445995 0.000556032 -0.000692061 -1.89692e-05 0.0036758 0.0116465 0.0249875 -0.00420449 -0.00710368 -0.000738415 -0.00431315 -0.000565278 -0.00985902 0.00209547 -0.00607906 -0.00191915 0.0104415 -0.00283868 0.00488253 -0.00321801 0.00554564 -0.0102428 0.0150146 0.00768282 0.0159058 -0.0109772 -0.00994602
internal_weight=0 2662.44 1529.57 761.996 767.573 704.607 686.629 364.824 149.575 40.1917 321.805 542.888 164.773 140.146 121.54 378.115 219.108 289.059 215.249 80.5787 138.53 68.1462 51.211 38.8108 70.3835 66.6535 48.6733 38.4091 360.151 347.692
internal_count=19754 19451 9827 4834 4993 4562 4374 2404 889 244 1970 3447 953 795 683 2494 1387 1791 1515 519 868 404 298 248 464 453 337 269 2366 2304
is_linear=0
shrinkage=0.04


Tree=131
num_leaves=31
num_cat=0
split_feature=23 2 0 36 25 5 28 2 34 2 0 36 34 29 36 6 5 0 22 28 30 6 5 5 22 36 0 36 6 29
split_gain=3.11136 4.37171 4.18303 9.88308 4.78802 5.91347 4.73755 4.11152 4.52273 4.85881 3.92186 4.58983 3.67205 3.99505 3.57489 3.23416 2.9901 3.81702 2.88607 3.52059 4.39744 3.30858 2.68311 3.35437 2.70918 7.20289 5.15906 18.5932 5.73099 4.51297
threshold=1.0000000180025095e-35 1021.5000000000001 8.2702684402465838 2.1825598478317265 0.27500000596046453 0.13802370429039004 0.12940952181816109 1237.5000000000002 50.500000000000007 1172.0000000000002 7.6525430679321298 0.97124102711677562 4.5000000000000009 0.37940952181816107 0.57795819640159618 6.6814815998077401 0.22117014229297641 7.219635248184205 0.16398936510086062 -0.91597560048103321 1.4978661537170412 4.9938225746154794 0.072180762887001051 0.085591707378625884 0.13250000029802325 0.34348610043525701 7.8617253303527841 1.6093621850013735 5.4909996986389169 -0.37940952181816096
decision_type=2 2 2 2 2 2 2 2 2 2 2 2 2 2 2 2 2 2 2 2 2 2 2 2 2 2 2 2 2 2
left_child=7 2 3 4 5 12 14 8 9 15 11 -10 13 -2 -7 22 17 -16 -6 -20 21 -21 -1 -24 25 -25 27 -27 -29 -28
right_child=1 -3 -4 -5 18 6 -8 -9 10 -11 -12 -13 -14 -15 16 -17 -18 -19 19 20 -22 -23 23 24 -26 26 29 28 -30 -31
leaf_value=0.01938868572996998 -0.027378414337400278 0.026622538923730087 -0.018172458556381169 0.034658560263614545 -0.0092091165308850597 -0.011487658713955871 -0.012458483528052993 -0.022447380571184162 0.016662458690166162 0.02431371622835914 0.028480354669870051 -0.015883494802581149 0.0065888955919007541 0.00039995043331937354 0.034812068965833776 0.020775947512302669 0.001444393283115176 0.0053343371950767713 0.023782270179417676 -0.013499023876917586 0.017241710865778522 0.0075810918563874062 -0.011028147440987969 0.023797440890826155 0.00012171044090036481 -0.0068758068786736303 -0.032105287064840705 0.048307257740289655 0.0083189423707747505 -0.002569013052289874
leaf_weight=8.7713058292865735 26.457235477864742 11.40165908820927 12.026588998734949 14.071257073432205 11.89872959256172 9.1545473001897317 19.340508565306664 11.211703509092329 14.070379473268988 10.766916278749703 14.160650718957184 10.235822625458239 10.121791709214447 11.604976799339054 14.537008937448265 9.4537441786378604 19.144182657822967 13.704464040696619 22.478626538068056 19.902570813894272 30.288587559014559 24.210833758115768 46.545163873583078 12.287465531378983 2014.7811857601628 225.55165038630366 18.128437705338001 10.816329166293146 12.213748238980768 14.695418749004601
leaf_count=75 151 82 42 65 53 77 115 70 143 69 98 100 61 69 79 80 131 64 114 74 228 96 366 153 14516 2286 105 60 75 92
internal_value=0 0.0043144 0.00313561 0.00431115 0.00219764 -0.00315562 0.00380057 -0.000193751 -7.2325e-05 -0.000297164 0.0131882 0.00279114 -0.0138252 -0.0193118 0.00959787 -0.000429197 0.0139717 0.0218065 0.00824988 0.0105371 0.00601756 -0.00210257 -0.000531496 -0.000622078 -0.000402899 -0.00397828 -0.00535048 -0.00330126 0.0294592 -0.0197887
internal_weight=0 270.344 258.942 246.915 232.844 124.065 75.8807 2433.69 2422.48 2384.01 38.4669 24.3062 48.184 38.0622 56.5402 2373.24 47.3857 28.2415 108.779 96.8806 74.402 44.1134 2363.79 2355.02 2308.47 293.693 281.406 248.582 23.0301 32.8239
internal_count=19789 1501 1419 1377 1312 747 466 18288 18218 17877 341 243 281 220 351 17808 274 143 565 512 398 170 17728 17653 17287 2771 2618 2421 135 197
is_linear=0
shrinkage=0.04


Tree=132
num_leaves=31
num_cat=0
split_feature=3 36 1 2 36 0 36 25 26 28 27 13 6 27 31 34 6 13 4 14 6 0 27 0 36 28 25 31 36 33
split_gain=4.05492 4.40097 4.90385 7.3633 8.69995 5.69313 5.15281 6.74939 5.62751 5.15501 4.77324 4.22198 8.84876 6.01873 6.0833 4.47438 4.21704 4.06082 5.20051 4.0155 4.75426 3.93494 3.93302 4.42485 3.90691 3.8523 5.8271 6.74232 6.34727 5.90265
threshold=3.5000000000000004 2.0548903942108159 1.5000000000000002 798.50000000000011 0.79628494381904613 7.0783326625823983 0.82693207263946544 0.17500000447034839 1.0000000180025095e-35 -0.7865660786628722 4.312810182571412 1.5000000000000002 5.8847131729125985 4.0526537895202646 0.77608895301818859 39.500000000000007 4.6959142684936532 1.0000000180025095e-35 0.81505304574966442 1.4978661537170412 6.6599345207214364 7.1356794834136972 4.6076669692993173 8.2177076339721697 0.48668977618217474 -0.6035533845424651 0.31000000238418585 0.76043477654457103 0.79168120026588451 1.0000000180025095e-35
decision_type=2 2 2 2 2 2 2 2 2 2 2 2 2 2 2 2 2 2 2 2 2 2 2 2 2 2 2 2 2 2
left_child=11 2 6 5 -5 17 10 -8 9 -9 24 19 22 14 -14 -16 -3 18 -4 20 25 -6 23 -13 -2 26 27 -1 -28 -29
right_child=1 16 3 4 21 -7 7 8 -10 -11 -12 12 13 -15 15 -17 -18 -19 -20 -21 -22 -23 -24 -25 -26 -27 28 29 -30 -31
leaf_value=-0.0029716514587318095 0.0026817025942693839 -0.02160371416827089 -0.0017647441580487936 0.018343928876280155 -0.022718866668290146 0.037985920378325107 -0.011211885266248263 0.020351168314932271 0.028686656298024353 -0.0056941346542303661 0.0037239736662467867 0.015354949285976338 0.022525738739392828 -0.025474253946097949 0.0079558006020641232 -0.029568798159641009 0.0043658493461386132 0.029859527889127834 0.022519594943802498 -0.010856343421626105 0.022486577003545467 0.0027605366620779802 0.039332898008771586 -0.016120411206650503 -0.024940044034128476 0.00067750206591635893 -0.0062073816481320676 -0.0071369545860013317 0.0094199501138439168 -0.031519804008985707
leaf_weight=769.0251915063709 11.100440347567199 18.038643904030323 38.136850759387016 22.710638217628002 20.794579803943634 16.48621478676796 23.291816115379333 18.092129744589329 22.140134237706661 29.196872968226671 32.056716531515121 52.432445066049695 13.244762592017652 15.291825048625467 8.7666506264358777 8.2550823204219324 18.867197025567293 14.767802240326999 20.154493745416403 62.79077706951648 12.000732142478226 16.198341242969036 8.1693574562668783 6.5669133551418772 25.830443020910025 1158.935324087739 62.993526127189398 47.916778136044741 114.39748941734433 23.081480541266501
leaf_count=6105 92 76 246 162 141 102 164 95 108 157 228 509 102 131 81 61 96 111 116 638 91 91 70 35 198 8397 417 292 576 147
internal_value=0 0.00395264 0.00551094 0.0106886 -0.000232396 0.017816 0.000660046 0.00675869 0.0129325 0.0046919 -0.00749616 -0.000661075 0.00682512 -0.00661651 0.0038996 -0.0114381 -0.00878547 0.0123737 0.00710017 -0.00104168 -0.000750406 -0.0119927 0.0158698 0.0114379 -0.0169264 -0.000899066 -0.00269274 -0.00408306 0.00386318 -0.0157102
internal_weight=0 347.863 310.957 149.249 59.7036 89.5454 161.709 92.721 69.4291 47.289 68.9876 2363.87 112.727 45.5583 30.2665 17.0217 36.9058 73.0591 58.2913 2251.14 2188.35 36.9929 67.1687 58.9994 36.9309 2176.35 1017.41 840.023 177.391 70.9983
internal_count=19835 2183 2011 969 394 575 1042 524 360 252 518 17652 989 375 244 142 172 473 362 16663 16025 232 614 544 290 15934 7537 6544 993 439
is_linear=0
shrinkage=0.04


Tree=133
num_leaves=31
num_cat=0
split_feature=25 1 6 3 26 6 28 28 29 16 4 20 1 6 14 0 4 8 5 0 5 5 29 36 4 36 36 29 0 6
split_gain=3.57797 5.99608 6.62216 5.86299 5.69869 5.05839 4.92663 4.38772 3.77177 3.40138 3.38411 3.91138 3.40402 4.65545 4.95419 4.14483 3.14226 3.11302 3.04149 10.3075 5.68651 5.95067 6.79749 5.52262 4.92532 4.1388 4.84142 4.65151 3.81237 3.56475
threshold=0.34999999403953558 1.5000000000000002 5.4183177947998056 1.5000000000000002 1.0000000180025095e-35 4.4484992027282724 0.12940952181816109 -0.91597560048103321 1.0000000180025095e-35 71.389400482177749 0.47276067733764654 0.83317893743515026 3.5000000000000004 5.0720391273498544 1.2424533367156985 7.0867292881011972 0.84930801391601574 7.5000000000000009 0.2375874072313309 8.0602226257324237 0.19763556867837909 0.20085838437080386 -0.91597560048103321 3.9340357780456547 0.81924378871917736 1.821431636810303 1.4104573726654055 -0.12940952181816107 6.9334111213684091 5.8735244274139413
decision_type=2 2 2 2 2 2 2 2 2 2 2 2 2 2 2 2 2 2 2 2 2 2 2 2 2 2 2 2 2 2
left_child=10 3 5 17 6 -3 16 -4 -7 -9 -1 12 18 15 -15 -14 -5 -2 20 -20 23 29 -23 24 28 26 -24 -28 -12 -22
right_child=1 2 7 4 -6 8 -8 9 -10 -11 11 -13 13 14 -16 -17 -18 -19 19 -21 21 22 25 -25 -26 -27 27 -29 -30 -31
leaf_value=0.018566945190971147 -0.003967202951443048 0.015499039344463896 -0.00037710818966212798 -0.0045617651184435767 0.023509917282423416 -0.019711497397275388 -0.023746713154282496 0.034435858082905745 0.0065036238048710995 0.0091821104991182973 -0.00099793967436002029 -0.023557163802699094 -0.021614030448870378 0.017170211347693042 -0.011129154748289148 0.0068853739242908272 0.0194023031593572 -0.028420197706073208 0.0010585492359831501 0.030802723113308252 -0.030882795677313082 -0.018043332440504645 -0.00044209439430922858 -0.024951676625016708 -0.00039825894528890793 0.013249767802295422 -0.03471613188921565 -0.0012634709841039991 0.029078942845016414 -0.006114118756059609
leaf_weight=13.276319567114113 19.306073725223541 22.135815683752298 11.980878997594116 20.147381938993931 17.06118592992425 18.00246274471283 10.791504204273222 28.740070967003703 14.282559148967264 14.386957880109547 11.305879566818477 9.5340134073048812 12.690483070909979 57.84865353628993 10.421844843775032 16.804951053112745 12.732217092067001 13.761036682873963 521.73371274769306 17.339910332113504 21.393956929445267 43.610599908977747 154.50339757464826 12.434551067650316 1516.3005091156811 26.383318707346916 12.078270584344866 12.902448795735834 14.249034486711023 17.437338959425688
leaf_count=123 103 103 77 131 98 110 70 230 89 95 97 86 84 364 88 84 78 99 3517 83 142 284 1119 42 11928 115 67 70 89 126
internal_value=0 0.00528995 0.0115616 -0.00212192 0.00524735 0.00151893 -0.00260446 0.0210786 -0.00841134 0.0267917 -0.000202541 -0.000317485 -0.000209208 0.00702973 0.0126564 -0.00597043 0.00529845 -0.015184 -0.000512011 0.00212563 -0.00128515 -0.00642408 -0.00407056 -0.000324886 -9.42125e-05 -0.000965465 -0.00317803 -0.0188124 0.0166659 -0.0206046
internal_weight=0 203.328 109.529 93.7994 60.7323 54.4208 43.6711 55.1079 32.285 43.127 2502.25 2488.97 2479.44 97.7659 68.2705 29.4954 32.8796 33.0671 2381.67 539.074 1842.6 288.309 249.478 1554.29 1541.86 205.867 179.484 24.9807 25.5549 38.8313
internal_count=19791 1283 704 579 377 302 279 402 199 325 18508 18385 18299 620 452 168 209 202 17679 3600 14079 1923 1655 12156 12114 1371 1256 137 186 268
is_linear=0
shrinkage=0.04


end of trees

feature_importances:
weight_grams=385
gmv_log=365
gmv_vs_pin_median=290
checkout_seconds_log=286
channel_risk=250
pin_orders_log=214
addr_defect_score=199
pin_serviceability=192
pin_rto_rate=172
pin_tier=171
pay_switch_from_failed=167
addr_rto_rate=136
phone_first_seen_days=124
hour_cos=113
ring_rto_rate=109
hour_sin=99
entity_max_degree=90
items_count=84
addr_tokens=73
device_rto_rate=71
coupon_applied=70
ring_size_log=56
device_distinct_phones=50
phone_rto_rate=48
addr_distinct_phones=40
phone_orders_total_log=35
ring_phones=33
phone_orders_30d=25
addr_has_house_no=22
addr_junk=18
phone_distinct_devices=13
addr_landmark_only=12
device_orders_24h=4
entity_shared=3
ring_is_ring=1

parameters:
[boosting: gbdt]
[objective: binary]
[metric: binary_logloss]
[tree_learner: serial]
[device_type: cpu]
[data_sample_strategy: bagging]
[data: ]
[valid: ]
[num_iterations: 1200]
[learning_rate: 0.04]
[num_leaves: 31]
[num_threads: 4]
[seed: 7]
[deterministic: 1]
[force_col_wise: 0]
[force_row_wise: 1]
[histogram_pool_size: -1]
[max_depth: -1]
[min_data_in_leaf: 60]
[min_sum_hessian_in_leaf: 0.001]
[bagging_fraction: 0.85]
[pos_bagging_fraction: 1]
[neg_bagging_fraction: 1]
[bagging_freq: 1]
[bagging_seed: 17422]
[feature_fraction: 0.85]
[feature_fraction_bynode: 1]
[feature_fraction_seed: 7040]
[extra_trees: 0]
[extra_seed: 6516]
[early_stopping_round: 0]
[early_stopping_min_delta: 0]
[first_metric_only: 0]
[max_delta_step: 0]
[lambda_l1: 0]
[lambda_l2: 2]
[linear_lambda: 0]
[min_gain_to_split: 0]
[drop_rate: 0.1]
[max_drop: 50]
[skip_drop: 0.5]
[xgboost_dart_mode: 0]
[uniform_drop: 0]
[drop_seed: 15215]
[top_rate: 0.2]
[other_rate: 0.1]
[min_data_per_group: 100]
[max_cat_threshold: 32]
[cat_l2: 10]
[cat_smooth: 10]
[max_cat_to_onehot: 4]
[top_k: 20]
[monotone_constraints: ]
[monotone_constraints_method: basic]
[monotone_penalty: 0]
[feature_contri: ]
[forcedsplits_filename: ]
[refit_decay_rate: 0.9]
[cegb_tradeoff: 1]
[cegb_penalty_split: 0]
[cegb_penalty_feature_lazy: ]
[cegb_penalty_feature_coupled: ]
[path_smooth: 0]
[interaction_constraints: ]
[verbosity: -1]
[saved_feature_importance_type: 0]
[use_quantized_grad: 0]
[num_grad_quant_bins: 4]
[quant_train_renew_leaf: 0]
[stochastic_rounding: 1]
[linear_tree: 0]
[max_bin: 255]
[max_bin_by_feature: ]
[min_data_in_bin: 3]
[bin_construct_sample_cnt: 200000]
[data_random_seed: 61]
[is_enable_sparse: 1]
[enable_bundle: 1]
[use_missing: 1]
[zero_as_missing: 0]
[feature_pre_filter: 1]
[pre_partition: 0]
[two_round: 0]
[header: 0]
[label_column: ]
[weight_column: ]
[group_column: ]
[ignore_column: ]
[categorical_feature: ]
[forcedbins_filename: ]
[precise_float_parser: 0]
[parser_config_file: ]
[objective_seed: 15521]
[num_class: 1]
[is_unbalance: 0]
[scale_pos_weight: 1]
[sigmoid: 1]
[boost_from_average: 1]
[reg_sqrt: 0]
[alpha: 0.9]
[fair_c: 1]
[poisson_max_delta_step: 0.7]
[tweedie_variance_power: 1.5]
[lambdarank_truncation_level: 30]
[lambdarank_norm: 1]
[label_gain: ]
[lambdarank_position_bias_regularization: 0]
[eval_at: ]
[multi_error_top_k: 1]
[auc_mu_weights: ]
[num_machines: 1]
[local_listen_port: 12400]
[time_out: 120]
[machine_list_filename: ]
[machines: ]
[gpu_platform_id: -1]
[gpu_device_id: -1]
[gpu_use_dp: 0]
[num_gpu: 1]

end of parameters

pandas_categorical:null
