tree
version=v4
num_class=1
num_tree_per_iteration=1
label_index=0
max_feature_idx=36
objective=binary sigmoid:1
feature_names=gmv_log items_count weight_grams pin_tier pin_serviceability pin_rto_rate pin_orders_log addr_defect_score addr_tokens addr_has_house_no addr_landmark_only addr_state_mismatch addr_junk phone_orders_30d phone_orders_total_log phone_rto_rate phone_first_seen_days phone_distinct_devices device_distinct_phones device_orders_24h device_rto_rate addr_distinct_phones addr_rto_rate pay_switch_from_failed is_cod channel_risk coupon_applied checkout_seconds_log hour_sin hour_cos ring_size_log ring_rto_rate ring_phones ring_is_ring entity_max_degree entity_shared gmv_vs_pin_median
feature_infos=[5.0106353759765625:9.5134773254394531] [1:8] [120:1734] [1:4] [0.36233478784561157:0.98349058628082275] [0.063535913825035095:0.64867842197418213] [0:6.7592554092407227] [0:1] [1:12] [0:1] [0:1] none [0:1] [0:9] [0:2.397895336151123] [0.065999999642372131:0.81999999284744263] [0:245.58811950683594] [0:2] [0:18] [0:6] [0.065999999642372131:0.91653847694396973] [0:43] [0.023571427911520004:0.92109090089797974] [0:1] none [0.14000000059604645:0.37999999523162842] [0:1] [2.1972246170043945:6.359400749206543] [-1:1] [-1:1] [0:4.5951199531555176] [0:1] [0:50] [0:1] [0:119] [0:1] [0.097177378833293915:9.7446804046630859]
tree_sizes=3342 3427 3441 3438 3456 3434 3440 3451 3431 3441 3445 3441 3467 3445 3469 3461 3457 3447 3450 3457 3461 3464 3455 3453 3458 3476 3447 3449 3463 3460 3457 3451 3465 3467 3460 3458 3474 3460 3461 3455 3441 3435 3453 3460 3449 3478 3456 3454 3440 3453 3458 3464 3419 3469 3468 3448 3463 3462 3441 3464 3447 3472 3457 3462 3448 3447 3458 3465 3443 3442 3486 3454 3445 3449 3478 3457 3465 3464 3427 3460 3442 3451 3445 3462 3430 3428 3450 3447 3443 3455 3455 3466 3442 3439 3439 3427 3440 3450 3423 3441 3443 3462 3432 3461 3445 3430 3431 3446 3459 3433 3456 3439 3440 3438 3456 3430 3449 3415 3440 3434 3451 3429 3465 3419 3445 3433 3457 3435 3455 3428 3442 3430 3465

Tree=0
num_leaves=31
num_cat=0
split_feature=18 9 23 23 3 25 25 25 3 3 36 9 25 31 17 15 36 36 36 25 27 36 22 15 15 25 36 3 4 2
split_gain=3709.14 912.298 188.562 138.78 135.32 80.7619 75.7151 46.48 43.8094 35.5582 35.261 29.4951 29.4545 27.1087 24.9818 21.774 17.1954 15.4342 15.3205 15.1451 13.7793 13.1584 13.1368 13.0319 12.2299 12.0953 12.0251 11.4102 11.1848 10.7838
threshold=1.5000000000000002 1.0000000180025095e-35 1.0000000180025095e-35 1.0000000180025095e-35 2.5000000000000004 0.27500000596046453 0.27500000596046453 0.27500000596046453 2.5000000000000004 2.5000000000000004 1.0534320473670962 1.0000000180025095e-35 0.2100000008940697 0.47407408058643347 1.0000000180025095e-35 0.21374999731779101 0.84674265980720531 0.660405993461609 1.0174605250358584 0.17500000447034839 3.6309846639633183 1.4330188035964968 0.27539215981960302 0.19597221910953525 0.21374999731779101 0.14500000327825549 1.7556618452072146 3.5000000000000004 0.86172229051589977 589.50000000000011
decision_type=2 2 2 2 2 2 2 2 2 2 2 2 2 2 2 2 2 2 2 2 2 2 2 2 2 2 2 2 2 2
left_child=1 2 4 6 5 13 9 17 14 22 23 -2 -5 19 16 -4 -8 27 -15 28 -11 -10 -3 -7 -9 -19 -16 -6 -1 -21
right_child=11 3 15 12 7 10 8 24 21 20 -12 -13 -14 18 26 -17 -18 25 -20 29 -22 -23 -24 -25 -26 -27 -28 -29 -30 -31
leaf_value=-1.0849487753519673 -0.94230570289576454 -1.1219749585459597 -1.0441364610422958 -1.0965969863652716 -1.091932460816383 -1.0898601494742386 -1.1080949686537955 -1.0515515398278663 -1.0882237989839283 -1.0833674553930481 -1.0373859698793617 -0.97929915975373494 -1.059300437186911 -1.0796374176853352 -1.1173418181043546 -0.99223178995146444 -1.086092423071092 -1.0819021077771551 -1.0336992784330736 -1.0980094085824041 -1.1091756234694117 -1.0574749859882104 -1.1052225608821871 -1.0628933506995017 -1.0119717486785098 -1.0453823009242591 -1.0879242409795202 -1.0571622444981437 -1.108899788680493 -1.0786489610644971
leaf_weight=40.166633605957031 214.97634887695312 1246.6742477416992 23.571968078613281 52.235481262207031 32.246452331542969 45.823905944824219 112.01399230957031 23.006240844726562 120.6884765625 36.20654296875 70.338752746582031 82.97332763671875 90.327781677246094 37.149421691894531 270.79476928710938 55.064117431640625 112.95687103271484 17.537544250488281 15.463211059570311 78.447509765625 327.17891693115234 25.269149780273438 86.933418273925781 72.978813171386719 59.778511047363281 103.71665954589844 24.326271057128906 25.64630126953125 132.56874847412109 105.6024169921875
leaf_count=213 1140 6611 125 277 171 243 594 122 640 192 373 440 479 197 1436 292 599 93 82 416 1735 134 461 387 317 550 129 136 703 560
internal_value=-1.08712 -1.09847 -1.06488 -1.11107 -1.07041 -1.08095 -1.11338 -1.04654 -1.10189 -1.11787 -1.05948 -0.95182 -1.07291 -1.09096 -1.10731 -1.00634 -1.09714 -1.05854 -1.06467 -1.09493 -1.1066 -1.08257 -1.12091 -1.07317 -1.02187 -1.05049 -1.11494 -1.07604 -1.10337 -1.08693
internal_weight=0 3444.71 939.107 2505.61 860.471 598.539 2363.04 261.932 666.05 1696.99 189.141 297.95 142.563 409.398 520.092 78.6361 224.971 179.147 52.6126 356.785 363.385 145.958 1333.61 118.803 82.7848 121.254 295.121 57.8928 172.735 184.05
internal_count=19847 18267 4980 13287 4563 3174 12531 1389 3532 8999 1003 1580 756 2171 2758 417 1193 950 279 1892 1927 774 7072 630 439 643 1565 307 916 976
is_linear=0
shrinkage=1


Tree=1
num_leaves=31
num_cat=0
split_feature=18 7 25 23 23 3 3 31 25 25 25 23 25 7 16 22 31 36 7 36 4 36 3 36 8 22 29 36 36 4
split_gain=3131.9 908.953 155.605 129.015 77.5923 71.6812 55.7545 45.0322 36.2649 33.5497 29.9318 28.3275 24.5547 21.415 21.0468 20.8538 20.6985 19.7457 16.9625 13.5399 13.07 12.3013 12.095 12.1909 18.0594 12.0197 11.3032 11.2803 10.44 13.9369
threshold=1.5000000000000002 0.42499999701976782 0.27500000596046453 1.0000000180025095e-35 1.0000000180025095e-35 2.5000000000000004 2.5000000000000004 0.24404761940240863 0.27500000596046453 0.27500000596046453 0.17500000447034839 1.0000000180025095e-35 0.27500000596046453 0.25000000000000006 1.0000000180025095e-35 0.24637681245803836 0.50714287161827099 0.93118602037429821 0.57499998807907116 0.6421017348766328 0.86999163031578075 1.4330188035964968 2.5000000000000004 1.1330381631851199 4.5000000000000009 0.32601387798786169 0.37940952181816107 0.660405993461609 1.0223203301429751 0.87072545289993297
decision_type=2 2 2 2 2 2 2 2 2 2 2 2 2 2 2 2 2 2 2 2 2 2 2 2 2 2 2 2 2 2
left_child=1 3 4 5 6 8 10 11 15 -7 -3 14 20 -2 22 -1 -12 -10 -8 -9 -5 26 23 24 -4 -19 -11 -20 29 -16
right_child=13 2 7 12 -6 9 18 19 17 21 16 -13 -14 -15 28 -17 -18 25 27 -21 -22 -23 -24 -25 -26 -27 -28 -29 -30 -31
leaf_value=-0.033601143473241467 0.097454912910573482 -0.013381297501878244 0.04577773310697239 0.015484425907292709 0.066250323346117621 -0.018542422558456308 0.0045167431150604934 0.041250237066803364 -0.026609937218354644 -0.0087508555679193679 0.0055280724395641448 0.079151015207273842 0.033683343229916632 0.12901974669895652 0.02498567955817645 -0.013238159679628778 0.049939408595417747 -0.013385983547949318 0.015588789278220491 0.086801873856474365 -0.012778188984691076 0.026858241895039998 0.065806442686985211 0.056178951395300748 -0.0023078695282230843 0.022533928462784784 0.018115149343538778 0.042147794413869004 0.034895437547779309 -0.015289235529985781
leaf_weight=1281.1109359115362 86.3409823179245 161.83116954565048 21.967001333832741 47.580320611596107 37.966502502560616 369.94904348254204 41.646421372890472 20.091189205646515 304.49435777962208 94.278155863285065 166.53168086707592 23.6493771225214 53.579942464828491 224.59353598952293 26.283950641751289 89.592326015233994 16.77480161190033 220.90878340601921 40.573054403066635 54.059157207608223 53.473640769720078 27.56486003100872 31.478995680809021 24.719474405050278 25.731020227074623 14.189076319336889 31.887119650840759 87.332656234502792 30.233659386634827 24.887399449944496
leaf_count=6909 435 863 115 251 194 1980 218 104 1633 500 883 121 280 1113 138 479 88 1178 214 279 282 144 161 128 135 76 169 455 157 132
internal_value=0 -0.0112614 0.0249667 -0.0229683 0.0125316 -0.025219 0.00832794 0.0489835 -0.0288142 -0.0120443 -0.000930512 0.0388145 0.012328 0.120934 0.0328763 -0.0322914 0.0100874 -0.0198948 0.0269654 0.0758671 0.000571255 0.00363073 0.0447358 0.0340542 0.0207887 -0.0110463 -0.00178399 0.0340927 0.0170303 0.0055595
internal_weight=0 3424.37 835.758 2588.61 552.656 2433.97 514.69 283.101 1910.3 523.679 345.138 208.951 154.634 310.935 185.302 1370.7 183.306 539.592 169.552 74.1503 101.054 153.73 103.896 72.4175 47.698 235.098 126.165 127.906 81.405 51.1714
internal_count=19814 18266 4385 13881 2915 13068 2721 1470 10275 2793 1834 1087 813 1548 966 7388 971 2887 887 383 533 813 539 378 250 1254 669 669 427 270
is_linear=0
shrinkage=0.04


Tree=2
num_leaves=31
num_cat=0
split_feature=33 7 23 23 25 3 3 25 25 3 25 16 36 25 1 20 34 7 25 36 27 28 7 29 2 5 20 34 2 3
split_gain=2680.73 866.651 146.554 123.325 104.454 73.0947 57.7406 37.7055 36.9246 36.9176 32.0929 26.6831 25.1953 20.4274 21.2456 19.7534 19.0909 14.9854 12.8273 12.3455 11.6769 11.6655 11.5958 11.3508 11.259 11.2527 10.9545 11.5707 10.6602 10.4624
threshold=1.0000000180025095e-35 0.42499999701976782 1.0000000180025095e-35 1.0000000180025095e-35 0.27500000596046453 2.5000000000000004 2.5000000000000004 0.27500000596046453 0.23499999940395358 2.5000000000000004 0.23499999940395358 11.941490650177004 1.0174605250358584 0.17500000447034839 2.5000000000000004 0.22857142984867099 4.5000000000000009 0.75000000000000011 0.17500000447034839 1.4659474492073061 3.7762025594711308 -0.37940952181816096 0.57499998807907116 0.78656607866287243 724.50000000000011 0.1342478543519974 0.19597221910953525 8.5000000000000018 675.50000000000011 3.5000000000000004
decision_type=2 2 2 2 2 2 2 2 2 2 2 2 2 2 2 2 2 2 2 2 2 2 2 2 2 2 2 2 2 2
left_child=1 3 4 5 6 10 13 -7 25 12 26 16 22 -3 21 -2 -12 29 -4 23 -10 -15 -6 -9 -13 -5 -1 -28 -19 -8
right_child=15 2 18 8 9 7 17 19 20 -11 11 24 -14 14 -16 -17 -18 28 -20 -21 -22 -23 -24 -25 -26 -27 27 -29 -30 -31
leaf_value=-0.037199593902762985 0.059718983239193835 -0.011593461259062901 0.037678216372713534 -0.023115836564786631 -0.0064290025573085895 -0.018227511510283647 0.0076389907681035617 -0.0043040143841530524 0.063088397905349231 0.060788332295710443 -0.01567462054985113 -0.033448600548270861 0.046128394924636329 -0.0064162766371915923 0.042379561097444604 0.1103667066282101 0.024603629578552017 0.026325408536371837 0.085712165885300562 0.030584340190370873 0.022796073682897808 0.015544091830676563 0.023311081919251877 0.030938924605802103 -0.01768665265548475 0.0055630416343398553 -0.029981486155940346 -0.0021710344039442965 0.06593774598494917 0.031350106409358987
leaf_weight=508.07524505257607 20.833873182535172 158.34379130601883 15.921598017215727 34.560772150754929 28.973433420062065 362.2512650936842 64.463133275508881 108.43176151812077 14.237017497420309 87.470911294221878 318.45578020811081 267.65178680419922 70.302006185054779 93.520107060670853 22.835557952523232 313.14078678190708 18.250409349799156 28.587301343679428 59.578051492571831 24.252466514706612 57.541744604706764 63.139972686767578 67.646907225251198 14.853676423430441 110.19729253649712 53.089681535959244 623.71956461668015 25.226642459630966 21.826563224196434 56.241478458046913
leaf_count=2787 104 850 79 184 152 1957 334 576 73 437 1724 1456 355 494 120 1488 96 147 294 125 297 333 352 78 599 279 3417 136 112 290
internal_value=0 -0.0108867 0.0243262 -0.0225223 0.0189475 -0.0248022 0.00842167 -0.0113139 0.0114169 0.0397763 -0.0284602 -0.0216713 0.0281762 -0.00119692 0.00800117 0.107582 -0.013359 0.0272061 0.0768164 0.00567782 0.0322814 0.00251896 0.0144434 0.000368237 -0.0289691 -0.00600852 -0.0326083 -0.0289104 0.0453371 0.0190179
internal_weight=0 3379.65 838.851 2540.8 763.351 2381.37 508.958 509.789 159.429 254.393 1871.58 714.555 166.922 337.839 179.496 333.975 336.706 171.118 75.4996 147.538 71.7788 156.66 96.6203 123.285 377.849 87.6505 1157.02 648.946 50.4139 120.705
internal_count=19725 18133 4349 13784 3976 12951 2680 2736 833 1296 10215 3875 859 1797 947 1592 1820 883 373 779 370 827 504 654 2055 463 6340 3553 259 624
is_linear=0
shrinkage=0.04


Tree=3
num_leaves=31
num_cat=0
split_feature=33 7 25 23 3 3 31 25 23 25 14 25 21 36 25 7 23 20 20 2 36 25 3 21 36 16 4 30 20 4
split_gain=2453.71 791.734 141.26 107.285 71.4606 51.9502 37.1449 34.9754 29.3688 27.9636 25.9946 25.877 25.4998 21.1073 18.296 18.1441 15.8232 15.1968 15.0966 14.6197 14.0161 13.5984 16.1443 13.5384 13.5243 13.2606 12.777 10.5783 10.355 10.0357
threshold=1.0000000180025095e-35 0.42499999701976782 0.27500000596046453 1.0000000180025095e-35 2.5000000000000004 2.5000000000000004 0.060661764815449722 0.27500000596046453 1.0000000180025095e-35 0.27500000596046453 1.0000000180025095e-35 0.27500000596046453 1.5000000000000002 0.75740548968315136 0.17500000447034839 0.57499998807907116 1.0000000180025095e-35 0.28611111640930181 0.22857142984867099 593.50000000000011 0.61149898171424877 0.17500000447034839 3.5000000000000004 3.5000000000000004 1.1464493870735171 0.52925786375999462 0.86999163031578075 1.4978661537170412 0.21374999731779101 0.87461945414543163
decision_type=2 2 2 2 2 2 2 2 2 2 2 2 2 2 2 2 2 2 2 2 2 2 2 2 2 2 2 2 2 2
left_child=1 3 5 4 7 8 10 23 14 26 15 28 13 -9 -3 -4 17 21 -2 -16 -8 -7 -23 -1 -21 -15 -5 -13 -6 -12
right_child=18 2 6 9 11 16 20 12 -10 -11 29 27 -14 25 19 -17 -18 -19 -20 24 -22 22 -24 -25 -26 -27 -28 -29 -30 -31
leaf_value=-0.031894457159214719 0.057351492846908013 -0.010775387299015018 0.021957401125204425 0.012039680817331803 -0.02460416523511717 0.0060181614483013216 0.03527378545590474 -0.030355787602082837 0.04120753637626115 0.032316141968982033 0.029277697839241456 0.01192873177777137 0.019460508477798469 -0.0037929424814267584 -0.006067110259789457 0.057340074782969992 0.067396687516014936 0.049661467205570818 0.1024824333409088 0.0072259066514032974 0.076511023810280257 0.013050867036312024 0.052238479412304133 -0.01113995151318861 0.037819375551560397 -0.021050308629010625 -0.015620376431312696 -0.0097805408050904829 -0.010678463598924411 0.0015325399265905208
leaf_weight=1257.4845321029425 21.145794987678528 160.55119231343269 36.696076244115829 49.30897219479084 143.77833345532417 73.100244730710983 23.040601119399071 208.53467597067356 26.544179633259773 55.688547626137733 47.659423485398293 90.485594719648361 25.173456490039825 127.62808059155941 72.714241355657578 83.884060502052307 13.730962693691252 29.640624076128006 332.25626814365387 75.070605650544167 66.537220612168312 39.853426977992058 29.642483577132225 55.242870360612869 32.270539045333862 162.31738337874413 53.822406113147736 56.849579021334648 220.99426983296871 36.366034612059593
leaf_count=7010 103 867 184 257 784 374 115 1149 128 282 240 477 133 688 385 415 66 150 1515 393 323 204 150 301 168 891 287 299 1205 187
internal_value=0 -0.0104064 0.022985 -0.0216997 -0.0238509 0.0110014 0.0452899 -0.0275356 0.00223318 0.0100115 0.03527 -0.0105821 -0.0186677 -0.0206633 -0.001027 0.047106 0.0281042 0.0242341 0.10012 0.0076883 0.0669063 0.0183348 0.0307595 -0.0310393 0.0169469 -0.013532 -0.00241815 0.00353336 -0.0162716 0.0175845
internal_weight=0 3354.61 847.302 2507.31 2348.49 553.119 294.183 1836.38 367.151 158.82 204.606 512.108 523.654 498.48 340.607 120.58 185.968 172.237 353.402 180.055 89.5778 142.596 69.4959 1312.73 107.341 289.945 103.131 147.335 364.773 84.0255
internal_count=19730 18112 4349 13763 12937 2885 1464 10172 1941 826 1026 2765 2861 2728 1813 599 944 878 1618 946 438 728 354 7311 561 1579 544 776 1989 427
is_linear=0
shrinkage=0.04


Tree=4
num_leaves=31
num_cat=0
split_feature=18 9 23 3 23 3 25 25 25 36 25 31 9 25 16 2 15 5 15 34 2 25 14 2 27 36 5 36 12 4
split_gain=2252.19 692.215 137.402 97.6252 97.0448 65.0455 41.2993 36.4374 32.6594 30.0804 26.6691 24.2958 22.6975 22.576 17.435 16.9804 15.2324 14.6863 12.0819 12.055 11.1363 13.8711 10.3377 10.1428 9.86697 9.82996 9.58886 9.54211 9.05679 8.17418
threshold=1.5000000000000002 1.0000000180025095e-35 1.0000000180025095e-35 2.5000000000000004 1.0000000180025095e-35 2.5000000000000004 0.27500000596046453 0.23499999940395358 0.27500000596046453 1.0174605250358584 0.27500000596046453 0.47407408058643347 1.0000000180025095e-35 0.27500000596046453 11.941490650177004 633.50000000000011 0.21374999731779101 0.2375874072313309 0.21374999731779101 3.5000000000000004 872.50000000000011 0.17500000447034839 0.89587974548339855 555.50000000000011 4.5470111370086679 0.9371645748615266 0.13837118446826938 0.90622690320014965 1.0000000180025095e-35 0.87909165024757396
decision_type=2 2 2 2 2 2 2 2 2 2 2 2 2 2 2 2 2 2 2 2 2 2 2 2 2 2 2 2 2 2
left_child=1 2 3 6 5 7 11 28 17 -8 18 20 -2 26 19 -13 -4 23 -7 -9 29 -22 -15 -5 -12 -16 -6 -25 -3 -1
right_child=12 4 16 8 13 10 9 14 -10 -11 24 15 -14 22 25 -17 -18 -19 -20 -21 21 -23 -24 27 -26 -27 -28 -29 -30 -31
leaf_value=-0.0017752030338143512 0.10211947854138086 -0.033385991721823882 0.03522006947538428 -0.0079051065400478644 -0.01639592796133215 -0.025555752233082686 0.0061723997062090351 -0.015331562217048603 0.052259653136796369 0.037536310695667874 0.0097070359302147743 -0.0011984892011253205 0.074722132244015291 0.038623571984631226 -0.032443613269809421 0.043142976929589773 0.078111313557270759 0.033281931844782606 -0.010500971712023726 0.016650150067300768 -0.010564183760079971 0.038865677323515486 -0.00084883817638027441 0.0050834889113238859 -0.013361413516060999 -0.018451201265863838 0.0084614112863191874 0.038220299819196717 -0.018352405882810133 -0.014625157064723572
leaf_weight=140.93114022910595 258.14719903469086 996.81799226999283 23.617295473814011 30.320539072155952 43.414045572280884 153.55725951492786 120.33712211251259 298.78071659803391 92.76118503510952 81.592565640807152 103.68266312777996 26.503930523991585 98.148647904396057 40.885309934616089 197.49026390910149 26.63198684155941 58.568634212017059 97.861630842089653 199.95113532245159 18.514934733510017 16.640625432133675 16.370746403932571 13.995571777224539 31.379284411668777 39.320948272943497 153.68441528081894 52.907454252243042 24.04138320684433 77.169904291629791 180.68301719427109
leaf_count=757 1131 5659 114 155 234 848 617 1647 444 399 545 138 440 204 1112 138 275 492 1097 101 91 85 70 161 207 856 276 121 435 974
internal_value=0 -0.0104658 0.018041 0.0133672 -0.0220192 -0.024113 0.00439036 -0.0277531 0.0329973 0.0190893 -0.0112782 -0.00294641 0.0950316 0.00889539 -0.0203061 0.0217845 0.0669154 0.0228072 -0.0171475 -0.0133728 -0.00675339 0.0147686 0.0288815 0.0103657 0.00326722 -0.0264593 -0.00284791 0.0202887 -0.0323419 -0.00904009
internal_weight=0 3358.41 968.241 886.055 2390.17 2238.97 609.691 1742.46 276.364 201.93 496.512 407.761 356.296 151.202 668.47 53.1359 82.1859 183.603 353.508 317.296 354.626 33.0114 54.8809 85.7412 143.004 351.175 96.3215 55.4207 1073.99 321.614
internal_count=19823 18252 4961 4572 13291 12507 3199 9810 1373 1016 2697 2183 1571 784 3716 276 389 929 1945 1748 1907 176 274 437 752 1968 510 282 6094 1731
is_linear=0
shrinkage=0.04


Tree=5
num_leaves=31
num_cat=0
split_feature=18 7 23 25 25 3 23 31 3 21 7 4 7 3 25 0 7 31 7 6 5 25 0 2 6 25 29 27 25 0
split_gain=1994.85 693.207 150.441 83.1027 71.2298 47.5862 45.9376 44.123 33.9007 28.401 25.4612 22.0312 21.6727 20.0742 20.6734 19.1954 17.7605 16.0443 16.0377 14.9251 13.498 12.8778 12.8452 11.8991 11.7577 10.8878 10.6516 10.4022 9.91327 9.60184
threshold=1.5000000000000002 0.57499998807907116 1.0000000180025095e-35 0.27500000596046453 0.17500000447034839 2.5000000000000004 1.0000000180025095e-35 0.54342433810234081 2.5000000000000004 1.5000000000000002 1.0000000180025095e-35 0.85906165838241588 0.25000000000000006 1.5000000000000002 0.34999999403953558 7.5315487384796151 0.25000000000000006 0.24404761940240863 1.0000000180025095e-35 5.2390944957733163 0.2375874072313309 0.27500000596046453 7.4301097393035898 835.50000000000011 4.6298508644104013 0.2100000008940697 0.37940952181816107 3.6309846639633183 0.17500000447034839 7.568376064300538
decision_type=2 2 2 2 2 2 2 2 2 2 2 2 2 2 2 2 2 2 2 2 2 2 2 2 2 2 2 2 2 2
left_child=1 2 3 8 11 9 7 13 12 15 25 26 28 -6 19 -5 -2 -11 -7 -15 29 -12 -21 -13 -17 -4 -3 -22 -1 -10
right_child=16 4 10 5 6 18 -8 -9 20 17 21 23 -14 14 -16 24 -18 -19 -20 22 27 -23 -24 -25 -26 -27 -28 -29 -30 -31
leaf_value=-0.034651027216146282 0.071261992463086454 0.012447787432374444 -0.011007681350268708 -0.021536994776434379 0.0137435122710362 -0.00020649704870215219 0.074120773658351999 0.064882204158024981 -0.025426259198394478 -0.0030935580185301602 0.020261707050549839 -0.012008549106310568 -0.017660445424766035 0.040231245354317782 0.072951653273293449 0.019919545777746423 0.096009262115875987 0.050201950187504396 0.025035977127761826 0.0097561929623473116 0.016227444555347696 0.057114473258562899 0.049048674419677182 0.027034383657329204 -0.0097831998875492609 0.014236996022062416 0.043116460929172797 -0.011198455651040587 -0.026766290699738949 0.0085605519872818166
leaf_weight=575.87986917793751 98.391031742095947 69.153075262904167 41.24108150601387 412.44287084043026 127.43463557958603 114.98840104043484 47.148714482784271 55.983151093125343 172.77263344824314 21.312152832746506 40.689708724617958 80.216184169054031 255.30291025340557 99.474274575710297 18.903235122561455 25.20308792591095 258.80743363499641 13.42174009978771 59.950395718216896 74.607492461800575 23.234759390354156 26.31298166513443 14.660530149936674 12.795132234692572 97.218791484832764 72.903547629714012 24.007453069090843 189.68525493144989 562.71591174602509 13.454523116350172
leaf_count=3330 431 352 221 2300 650 604 215 268 951 111 205 432 1407 492 91 136 1103 67 300 374 126 126 72 69 532 368 122 1042 3241 74
internal_value=0 -0.00956914 -0.0182986 -0.0208136 0.0283781 -0.00954506 0.0371545 0.0323431 -0.0254769 -0.0151375 0.0167759 0.00754485 -0.0284287 0.026554 0.0342098 -0.0174246 0.0896273 0.0191127 0.00862915 0.0296054 -0.0150783 0.0359703 0.0171426 -0.00618158 -0.00344637 0.00508347 0.0210912 -0.00808246 -0.030808 -0.0229059
internal_weight=0 3343.11 2718.73 2537.58 624.384 744.537 438.212 391.063 1793.05 569.599 181.147 186.172 1393.9 335.08 207.646 534.865 357.198 34.7339 174.939 188.742 399.147 67.0027 89.268 93.0113 122.422 114.145 93.1605 212.92 1138.6 186.227
internal_count=19812 18278 15141 14221 3137 4050 2162 1947 10171 3146 920 975 7978 1679 1029 2968 1534 178 904 938 2193 331 446 501 668 589 474 1168 6571 1025
is_linear=0
shrinkage=0.04


Tree=6
num_leaves=31
num_cat=0
split_feature=18 7 23 23 31 15 4 5 30 16 36 7 7 6 1 4 36 1 2 7 21 36 7 6 7 20 27 30 20 29
split_gain=1823.81 621.742 105.612 87.2363 53.9916 43.9062 33.5087 31.1074 30.5241 24.8564 17.2356 15.3663 15.1624 14.9406 15.3839 15.5253 14.7953 13.0287 11.7336 11.0642 10.9566 9.86892 10.8863 9.67212 9.53356 9.47888 12.0355 9.33711 11.6222 9.01523
threshold=1.5000000000000002 0.42499999701976782 1.0000000180025095e-35 1.0000000180025095e-35 0.54342433810234081 0.21374999731779101 0.84512072801589977 0.1569853946566582 2.3502402305603032 7.6283526420593271 1.1014350056648257 0.57499998807907116 0.25000000000000006 5.6002705097198495 1.5000000000000002 0.93058109283447277 0.92616951465606701 2.5000000000000004 665.50000000000011 0.57499998807907116 1.5000000000000002 0.69909381866455089 1.0000000180025095e-35 5.5154407024383554 0.57499998807907116 0.19597221910953525 3.7669966220855717 1.7005987167358401 0.21374999731779101 -0.37940952181816096
decision_type=2 2 2 2 2 2 2 2 2 2 2 2 2 2 2 2 2 2 2 2 2 2 2 2 2 2 2 2 2 2
left_child=1 2 5 4 7 10 8 13 -7 -6 -1 23 -2 14 18 16 -16 -13 24 -11 21 -8 -23 -9 -3 29 -27 28 -15 -4
right_child=12 3 25 -5 9 6 20 11 -10 19 -12 17 -14 27 15 -17 -18 -19 -20 -21 -22 22 -24 -25 -26 26 -28 -29 -30 -31
leaf_value=-0.031809735106797604 0.067037038762371395 -0.014627249641839613 0.014870580139058181 0.059009921710228487 0.071193162380118441 -0.0092527499719418666 -0.028460473620713002 0.015269438993301424 0.048179157478126088 -0.0037923075762205699 -0.020496430788415915 0.021031935290865295 0.089488905474139832 -0.025142167720388003 0.01322996949268984 -0.0078625299582625284 0.053013836024483729 0.048477677046312895 -0.031957165426845 0.035597808611285836 -0.0013078911737650096 -0.022542606541283369 -0.0095962746125683781 -0.010482746324659566 0.014750380295095891 0.045149326301014238 0.01104650282652731 0.0062680217399195652 0.00062376547240037671 -0.014696256418562044
leaf_weight=727.21667312085629 103.45386655628681 23.505854368209839 28.447752580046654 78.296244412660599 31.74416284263134 347.91499035060406 289.55682748556137 62.636999949812889 13.491769984364508 14.039310514926909 329.66267111897469 214.74181361496449 266.4130467325449 55.111808702349663 32.387859225273132 18.443921282887459 28.983350440859795 31.896916136145592 13.529169157147406 51.556390076875687 41.643838539719582 390.50458790361881 147.44121067225933 34.785281643271446 56.424051120877266 19.714933976531029 79.371249720454216 66.544144734740257 54.784127160906792 34.034880682826042
leaf_count=4205 444 126 147 353 150 1931 1675 317 70 70 1890 1063 1111 292 170 96 147 156 70 249 224 2241 841 178 294 98 406 346 286 176
internal_value=0 -0.0098097 -0.0201224 0.0192191 0.0151421 -0.0223298 -0.017142 0.0111551 -0.00685539 0.0427625 -0.0283263 0.0196587 0.0836033 0.00272473 0.0110067 0.0236723 0.0330986 0.0249428 -7.93194e-05 0.0273045 -0.0213937 -0.022399 -0.0190429 0.00604854 0.00596481 0.0110197 0.0185909 -0.00544081 -0.012516 -0.00119105
internal_weight=0 3318.41 2449 869.411 791.115 2287.43 1230.55 693.775 361.407 97.3399 1056.88 344.061 369.867 349.714 173.274 79.8151 61.3712 246.639 93.4591 65.5957 869.146 827.503 537.946 97.4223 79.9299 161.569 99.0862 176.44 109.896 62.4826
internal_count=19822 18267 13904 4363 4010 13077 6982 3541 2001 469 6095 1714 1555 1827 903 413 317 1219 490 319 4981 4757 3082 495 420 827 504 924 578 323
is_linear=0
shrinkage=0.04


Tree=7
num_leaves=31
num_cat=0
split_feature=18 9 25 21 23 3 3 23 25 36 25 3 15 25 16 2 23 26 0 8 29 26 9 30 31 5 20 3 0 20
split_gain=1681.88 562.542 96.9787 85.7782 72.9161 59.2579 53.4509 36.3719 32.4254 24.559 23.8661 23.6262 20.6321 19.1145 15.7901 15.7209 13.7356 12.174 11.119 11.0615 10.9703 10.5732 10.3405 10.0754 9.60841 10.7389 8.72856 8.5069 9.17904 8.45096
threshold=1.5000000000000002 1.0000000180025095e-35 0.27500000596046453 1.5000000000000002 1.0000000180025095e-35 2.5000000000000004 2.5000000000000004 1.0000000180025095e-35 0.23499999940395358 1.0907711982727053 0.27500000596046453 2.5000000000000004 0.17522221803665164 0.2100000008940697 25.127408981323246 792.50000000000011 1.0000000180025095e-35 1.0000000180025095e-35 6.9994120597839364 4.5000000000000009 0.78656607866287243 1.0000000180025095e-35 1.0000000180025095e-35 1.4978661537170412 0.32666666805744177 0.11760171502828599 0.21374999731779101 3.5000000000000004 6.5875263214111337 0.21374999731779101
decision_type=2 2 2 2 2 2 2 2 2 2 2 2 2 2 2 2 2 2 2 2 2 2 2 2 2 2 2 2 2 2
left_child=1 2 6 4 5 8 12 9 29 11 26 19 -1 -6 -10 18 17 27 -14 -4 -20 -21 -2 -12 25 -11 -7 28 -8 -3
right_child=22 3 7 -5 13 10 16 -9 14 24 23 -13 15 -15 -16 -17 -18 -19 20 21 -22 -23 -24 -25 -26 -27 -28 -29 -30 -31
leaf_value=-0.010932358758399461 0.084325891617541324 -0.034747662298259374 0.022550205647622411 0.085600433024436151 -0.012194662894968816 -0.023792936983591147 -0.014645322527875685 0.068460751924197302 -0.012761591206982571 0.0036887404612108553 0.011478136817778097 0.039196446094934355 -0.0088432540336310112 0.016926525777783988 -0.025361922118692464 0.027374363569616974 0.057881658224668869 0.036989822565605901 0.0050729915180647827 -0.011784934466598958 0.041308687187066775 0.019306724296705338 0.064783130964193816 -0.010244191918106786 0.063492124014759427 0.041719193535821361 -0.010449911939874349 0.02457742925750666 0.014387006074668312 -0.026887161193542251
leaf_weight=181.83447137475014 279.48914104700089 439.31120112538338 54.616502463817596 10.358525246381758 55.032381609082222 129.69080889225006 24.69017331302166 41.008674383163452 342.70881916582584 15.117099240422247 92.899990260601044 62.463115513324738 88.319043681025505 96.783469378948212 309.25060594081879 45.507095485925674 16.194057211279869 50.863348826766014 112.2194622606039 48.231843963265419 13.313817441463469 24.861091464757919 102.4885409027338 51.520597547292709 30.017959535121918 61.567443355917931 209.66057363152504 62.12137196958065 48.575612440705299 567.57418248057365
leaf_count=972 1147 2632 271 51 294 744 126 180 1949 73 489 288 466 483 1805 233 72 251 591 248 69 127 433 275 135 291 1174 302 240 3366
internal_value=0 -0.00902094 0.0163166 -0.019816 -0.0203661 -0.0222631 0.00716382 0.033607 -0.0258553 0.0283666 -0.00988971 0.0194099 -0.000667776 0.00634896 -0.0187977 0.00655722 0.024071 0.0205476 0.0019148 0.00927715 0.00950362 -0.00097718 0.0794471 0.00369483 0.043679 0.0345064 -0.0156588 0.0139219 0.00447408 -0.0303788
internal_weight=0 3286.31 981.522 2304.79 2294.43 2142.62 643.638 337.884 1658.84 296.875 483.772 190.173 441.194 151.816 651.959 259.359 202.445 186.251 213.852 127.709 125.533 73.0929 381.978 144.421 106.703 76.6845 339.351 135.387 73.2658 1006.89
internal_count=19777 18197 4935 13262 13211 12434 3322 1613 9752 1433 2682 934 2331 777 3754 1359 991 919 1126 646 660 375 1580 764 499 364 1918 668 366 5998
is_linear=0
shrinkage=0.04


Tree=8
num_leaves=31
num_cat=0
split_feature=18 7 25 23 23 3 15 3 15 30 27 3 31 25 25 25 20 21 7 0 7 7 2 2 7 20 31 7 2 0
split_gain=1525.06 570.397 91.0206 90.1357 56.7254 45.7572 37.638 33.1661 29.597 23.4872 22.1235 20.349 19.5399 17.8584 16.0126 14.6585 13.3878 12.383 11.9592 10.5373 13.3875 10.3525 10.1442 9.18422 8.33025 8.28632 8.16053 7.70156 7.6913 7.37147
threshold=1.5000000000000002 0.42499999701976782 0.17500000447034839 1.0000000180025095e-35 1.0000000180025095e-35 2.5000000000000004 0.19597221910953525 2.5000000000000004 0.21374999731779101 2.2499048709869389 3.1376634836196904 2.5000000000000004 0.28991597890853887 0.27500000596046453 0.27500000596046453 0.17500000447034839 0.41083332896232611 10.500000000000002 1.0000000180025095e-35 7.5153408050537118 0.57499998807907116 0.57499998807907116 767.50000000000011 681.50000000000011 0.75000000000000011 0.21374999731779101 0.47407408058643347 0.25000000000000006 845.50000000000011 6.6012070178985605
decision_type=2 2 2 2 2 2 2 2 2 2 2 2 2 2 2 2 2 2 2 2 2 2 2 2 2 2 2 2 2 2
left_child=1 3 7 5 6 8 21 26 17 15 -8 16 -11 25 28 -10 19 -1 -15 20 23 -4 -17 -12 -9 -7 -3 -2 -5 -13
right_child=27 2 4 14 -6 13 10 24 9 12 11 29 -14 18 -16 22 -18 -19 -20 -21 -22 -23 -24 -25 -26 -27 -28 -29 -30 -31
leaf_value=-0.030650411306898481 0.062362561010182782 -0.015275600535314111 -0.007003459837801004 -0.0040169552503733193 0.061836731231976909 -0.023100846283761491 0.076058496657977037 0.0091717426363278603 -0.027779942664832122 -0.0075772271663393726 -0.020366810438078402 0.026516666825415227 0.046706691808364134 -0.0052091671912616452 0.025972167370856659 -0.019475370166389068 0.04568419828535733 0.0001340340959873367 0.020679176090871217 0.0331567728823602 0.018953945345742171 0.013807839377833529 -0.0059109548375480001 0.013902675419384945 0.03427999818436607 -0.010258846539035152 0.0084059298240990194 0.08014296712912837 0.027135325937630555 0.04854948472879328
leaf_weight=783.5939699858427 100.60484245419502 142.78507375717163 51.493623778223991 93.125260025262833 65.746633142232895 134.67028000950813 14.806220725178717 67.813380032777786 308.61786685883999 38.300892531871796 28.403777718544006 48.528301626443863 12.460112571716307 115.99360433220863 58.283227324485779 438.52910350263119 27.290252223610878 21.460330292582512 35.669612497091293 43.221292018890381 100.89901997148991 135.89693462848663 113.07910659909248 19.46006977558136 30.314791604876518 210.922119140625 26.410421684384346 278.31919007003307 12.631036683917044 78.224000513553619
leaf_count=4727 419 775 265 488 285 782 68 334 1860 209 148 228 64 614 280 2558 129 121 184 209 503 676 660 100 145 1185 136 1129 66 360
internal_value=0 -0.00880723 0.0186504 -0.0189931 0.0271093 -0.021113 0.022735 -0.000834689 -0.0242103 -0.0191883 0.0302616 0.0278761 0.00701304 -0.0103699 0.00951936 -0.020747 0.0201874 -0.0298315 0.0010694 0.0161295 0.0108081 0.00807547 -0.0167261 -0.00643503 0.0174582 -0.0153672 -0.011524 0.0757745 0.000138312 0.040657
internal_weight=0 3258.63 881.294 2377.34 613.97 2213.3 548.223 267.324 1716.04 910.987 360.833 346.027 50.761 497.256 164.04 860.226 219.274 805.054 151.663 191.984 148.763 187.391 551.608 47.8638 98.1282 345.592 169.195 378.924 105.756 126.752
internal_count=19707 18159 4361 13798 2971 12964 2686 1390 10199 5351 1745 1677 273 2765 834 5078 1089 4848 798 960 751 941 3218 248 479 1967 911 1548 554 588
is_linear=0
shrinkage=0.04


Tree=9
num_leaves=31
num_cat=0
split_feature=18 7 25 25 3 3 31 27 31 14 31 15 26 34 3 25 36 36 2 16 27 20 2 3 5 7 2 34 7 2
split_gain=1372.92 544.111 78.0423 71.0612 36.7753 33.2689 25.5231 36.2184 21.5217 21.4078 20.0924 16.8637 16.7378 16.4738 14.9871 14.8421 12.4973 11.8502 11.834 11.911 13.1668 11.5629 10.3578 9.63711 9.49022 9.29349 9.26697 9.0603 9.00635 8.93286
threshold=1.5000000000000002 0.42499999701976782 0.27500000596046453 0.27500000596046453 2.5000000000000004 1.5000000000000002 0.4083333313465119 3.7762025594711308 0.36602871119976049 0.89587974548339855 0.50714287161827099 0.21374999731779101 1.0000000180025095e-35 8.5000000000000018 2.5000000000000004 0.17500000447034839 1.0174605250358584 0.70309320092201244 447.50000000000006 1.9231573939323428 3.7049980163574223 0.19597221910953525 751.50000000000011 1.5000000000000002 0.15379308164119723 1.0000000180025095e-35 733.50000000000011 4.5000000000000009 0.67499998211860668 533.50000000000011
decision_type=2 2 2 2 2 2 2 2 2 2 2 2 2 2 2 2 2 2 2 2 2 2 2 2 2 2 2 2 2 2
left_child=1 3 5 4 11 15 9 -8 18 14 12 -1 22 -13 17 -3 -12 -5 -4 23 -21 -6 -7 -20 -14 -16 -19 -24 -17 -30
right_child=-2 2 8 6 21 10 7 -9 -10 -11 16 13 24 -15 25 28 -18 26 19 20 -22 -23 27 -25 -26 -27 -28 -29 29 -31
leaf_value=-0.030317234338562194 0.071753455956390252 -0.014125348543572747 0.0043926115686403581 -0.018038577616337068 -0.019918999802621261 0.0028790579152258035 0.066082699364184677 -0.0015827347581052907 0.054506262566929697 -0.021620743972519545 0.024102960001772984 -0.022277195469283875 0.003775227134272599 0.0076368835769715891 0.0013917868160704312 -0.0010707825268522807 0.068366746523602237 -0.0079663553693315788 0.024386010775375746 -0.01577239855469724 0.02648351887386223 -0.0052503888661221791 0.010541598824585311 0.049628892714961181 0.035671270142546486 0.028632017417672531 0.0099088337744341823 0.042930730750625257 -0.0062217451238495945 0.033894859247507583
leaf_weight=607.34532406926155 389.12020599842072 94.397653326392174 28.672456800937653 134.27500748634338 139.15660099685192 174.33127865195274 15.642519131302832 44.467225313186646 70.814662650227547 164.8397810459137 32.234859183430672 648.30252151191235 19.780942603945732 29.926383271813393 77.103950873017311 76.461523830890656 16.136811047792435 168.57272443175316 45.688569247722626 12.385406911373137 81.347158268094063 225.34994103014469 43.6521857380867 73.803380712866783 65.945028722286224 25.183089882135391 61.860552683472633 19.641463682055473 11.915821269154547 27.523679330945015
leaf_count=3727 1576 514 136 777 814 881 79 245 312 950 154 3902 103 161 402 392 74 951 218 60 390 1264 217 335 322 128 345 96 62 139
internal_value=0 -0.00758513 0.0189203 -0.0177186 -0.0222278 0.0102008 -0.00693246 0.0175869 0.0349812 -0.00931325 0.0173632 -0.0254096 0.0135974 -0.0209387 -0.00489528 -0.00250376 0.0409976 -0.00868338 0.0288652 0.0320847 0.0206871 -0.0109285 0.00800417 0.0405374 0.0285652 0.00851882 -0.00312373 0.0215998 0.00704069 0.0220592
internal_weight=0 3236.76 894.733 2342.03 1650.08 582.021 691.945 60.1097 312.712 631.835 371.723 1285.57 323.351 678.229 466.995 210.299 48.3717 364.708 241.897 213.225 93.7326 364.507 237.625 119.492 85.726 102.287 230.433 63.2936 115.901 39.4395
internal_count=19726 18150 4405 13745 9868 2954 3877 324 1451 3553 1847 7790 1619 4063 2603 1107 228 2073 1139 1003 450 2078 1194 553 425 530 1296 313 593 201
is_linear=0
shrinkage=0.04


Tree=10
num_leaves=31
num_cat=0
split_feature=22 7 23 25 25 5 27 18 16 3 16 23 36 23 25 4 3 36 3 34 13 25 36 16 27 4 2 9 15 0
split_gain=1282.74 425.008 96.73 67.3556 54.1859 38.5572 29.1398 26.7762 23.3103 23.0156 21.1546 18.3867 19.2595 18.1002 17.8929 15.9538 13.381 12.7118 12.607 11.9991 11.7625 11.5479 11.4177 11.1551 10.5906 10.105 9.42745 9.35852 9.33795 9.2342
threshold=0.41571427881717687 0.42499999701976782 1.0000000180025095e-35 0.27500000596046453 0.27500000596046453 0.15534830838441852 4.083451747894288 1.5000000000000002 93.006145477294936 2.5000000000000004 1.3796312808990481 1.0000000180025095e-35 1.0174605250358584 1.0000000180025095e-35 0.17500000447034839 0.88318002223968517 3.5000000000000004 0.75740548968315136 2.5000000000000004 11.500000000000002 1.0000000180025095e-35 0.17500000447034839 0.660405993461609 1.3796312808990481 4.5648686885833749 0.86526721715927135 806.50000000000011 1.0000000180025095e-35 0.25690476596355444 7.0440235137939462
decision_type=2 2 2 2 2 2 2 2 2 2 2 2 2 2 2 2 2 2 2 2 2 2 2 2 2 2 2 2 2 2
left_child=1 2 4 5 9 14 27 10 -8 19 17 12 20 16 -3 24 22 -6 -12 -1 28 -18 -7 -17 -4 -19 -14 -2 29 -5
right_child=6 3 15 11 7 13 8 -9 -10 -11 18 -13 26 -15 -16 23 21 25 -20 -21 -22 -23 -24 -25 -26 -27 -28 -29 -30 -31
leaf_value=-0.027772013548184888 0.073633633956181374 -0.016171209475081744 0.029694799622804351 0.022729370787271438 -0.013527833331898267 -0.0060863538282801832 0.050729947829441874 0.045501421600778746 -0.0072820169768951469 -0.014898592274971811 -0.022169687718374333 0.05602926130868266 0.031617326027527579 0.049288896435918814 0.0047178483830857335 0.011002013234457073 0.011253740805636297 0.016601479190022299 -0.0039222523423502013 -0.0080787151285480977 -0.0060500656090662032 0.04181008137856819 0.014400596766031922 -0.021726311991687668 0.0011072810372088741 -0.0036410431057678082 0.062512347763258647 0.055152504677551062 0.052079186557249316 -0.0071909262748753276
leaf_weight=1128.5916765332222 272.60943180322647 113.40216717123985 70.541300922632217 88.552350655198097 112.53639043867588 63.633823350071907 40.098289087414742 11.543660715222357 14.420199751853941 338.13715410232544 268.06243397295475 38.346600279211998 87.399991884827614 23.183242097496986 150.51251055300236 34.804135367274284 41.153122991323471 60.001341372728348 79.362198695540428 53.855207487940788 29.072111442685127 40.104409366846085 129.68961614370346 28.542637944221497 29.255423322319984 107.02940703928471 21.978860333561897 95.059895992279053 12.983219325542448 19.181047707796097
leaf_count=7030 1104 622 354 419 644 326 174 47 71 1952 1603 161 395 100 765 178 197 320 423 301 140 186 646 150 149 597 97 398 59 95
internal_value=0 -0.00900682 -0.0178959 0.0150047 -0.0201399 0.00680805 0.0650411 -0.0103151 0.035671 -0.0242467 -0.0114841 0.0303303 0.026128 0.0166271 -0.00431214 0.0116871 0.013533 -0.00325711 -0.0180477 -0.0268902 0.0164585 0.0269768 0.0076639 -0.00395826 0.0215008 0.00374094 0.0388365 0.0691796 0.0218895 0.0173683
internal_weight=0 3181.46 2322.26 859.193 2159.12 561.679 422.188 638.535 54.5185 1520.58 626.992 297.514 259.168 297.764 263.915 163.143 274.581 279.567 347.425 1182.45 149.789 81.2575 193.323 63.3468 99.7967 167.031 109.379 367.669 120.717 107.733
internal_count=19703 17956 13748 4208 12917 2842 1747 3634 245 9283 3587 1366 1205 1455 1387 831 1355 1561 2026 7331 713 383 972 328 503 917 492 1502 573 514
is_linear=0
shrinkage=0.04


Tree=11
num_leaves=31
num_cat=0
split_feature=18 7 23 25 3 5 25 15 21 23 7 2 22 25 25 34 15 4 25 0 7 16 25 22 25 7 30 4 0 14
split_gain=1142.57 440.671 87.0972 65.3845 57.1343 35.3142 32.0007 23.099 20.4012 18.3807 17.3864 21.1971 16.7471 15.3957 14.9962 13.0734 12.0026 15.1476 13.0809 11.8734 11.4365 11.3496 11.0755 10.9103 10.2604 10.2537 10.0843 9.58216 9.16593 11.227
threshold=1.5000000000000002 0.42499999701976782 1.0000000180025095e-35 0.27500000596046453 2.5000000000000004 0.14058018475770953 0.27500000596046453 0.19597221910953525 1.5000000000000002 1.0000000180025095e-35 0.57499998807907116 861.50000000000011 0.24637681245803836 0.27500000596046453 0.27500000596046453 5.5000000000000009 0.17522221803665164 0.784165918827057 0.17500000447034839 6.786701202392579 0.25000000000000006 0.99304834008216869 0.17500000447034839 0.11974025890231134 0.31000000238418585 0.57499998807907116 2.3502402305603032 0.86999163031578075 6.4707694053649911 1.2424533367156985
decision_type=2 2 2 2 2 2 2 2 2 2 2 2 2 2 2 2 2 2 2 2 2 2 2 2 2 2 2 2 2 2
left_child=1 2 4 5 6 22 12 23 19 10 -7 16 -1 27 28 25 -12 -18 -19 -8 -2 -21 -3 -5 -10 -9 -14 -4 -6 -30
right_child=20 3 13 7 14 9 8 15 24 -11 11 -13 26 -15 -16 -17 17 18 -20 21 -22 -23 -24 -25 -26 -27 -28 -29 29 -31
leaf_value=-0.027685678883152206 0.05161381076256899 -0.015032463674868702 0.013951070055636687 -0.018253078923558114 -0.02168806800565546 -0.0026550438495716215 -0.026737905877379446 0.014609791595364099 -0.003134507025917309 0.045159297143130148 0.00024236057120981987 0.049511248166365797 -0.013996825922149609 0.026351854095043706 0.0033238961141434653 0.054965519533326845 0.040558573912368355 -0.0031715185378737355 0.024505998005269727 -0.0037099625647428898 0.070360511106474247 -0.018536562233160001 0.0029781990779905042 0.018792854516080378 0.04388761347838542 0.037152699096447556 0.025832580076394371 -0.010186627066712908 -0.003823237502587209 -0.029296053211283694
leaf_weight=1086.3847856521606 103.47195421159267 95.674470588564873 47.959339216351509 13.250987544655798 102.75063759088516 88.672113686800003 121.81974978744984 48.215505868196487 15.721506774425508 28.552928641438484 73.696520298719406 28.173140630125999 72.288729205727577 61.841491386294365 150.37827418744564 52.606558412313461 39.705099284648895 50.034561827778816 57.12163919210434 148.16627140343189 274.89797604084015 188.24848096072674 122.74159145355225 85.251650854945183 11.663517266511915 125.90304851531982 9.9094607979059202 53.622999042272568 203.62669171392918 30.21091715991497
leaf_count=6872 419 530 245 64 599 457 741 224 82 123 368 134 443 293 791 228 187 253 274 843 1100 1138 622 403 60 559 53 290 1182 178
internal_value=0 -0.00777918 -0.0170804 0.0157725 -0.0192286 0.00772511 -0.022772 0.0300964 -0.0140483 0.0152914 0.0125126 0.0178979 -0.0263671 0.010958 -0.00714806 0.0371059 0.0134511 0.0199871 0.0117612 -0.0160665 0.0655322 -0.012067 -0.00497597 0.0135452 0.0185166 0.0311471 -0.00869561 0.00125867 -0.0118186 -0.00733476
internal_weight=0 3214.19 2304.59 909.6 2141.17 584.372 1654.2 325.228 485.62 365.956 337.403 248.731 1168.58 163.424 486.967 226.725 220.558 146.861 107.156 458.235 378.37 336.415 218.416 98.5026 27.385 174.119 82.1982 101.582 336.588 233.838
internal_count=19755 18236 13810 4426 12982 2948 10232 1478 2864 1796 1673 1216 7368 828 2750 1011 1082 714 527 2722 1519 1981 1152 467 142 783 496 535 1959 1360
is_linear=0
shrinkage=0.04


Tree=12
num_leaves=31
num_cat=0
split_feature=18 9 23 25 25 5 5 23 36 4 15 26 25 2 15 5 14 15 0 23 9 23 36 5 25 31 29 27 22 36
split_gain=1079.76 380.249 64.8863 54.1252 40.2898 36.248 23.3762 21.2343 22.5047 17.5449 16.6181 17.8686 16.5975 16.1982 14.8824 12.8624 12.9723 12.7663 12.0738 11.3487 10.2946 9.87254 9.75924 8.41584 8.25096 8.44563 8.2108 8.20374 7.84893 7.66606
threshold=1.5000000000000002 1.0000000180025095e-35 1.0000000180025095e-35 0.27500000596046453 0.27500000596046453 0.14058018475770953 0.2601724117994309 1.0000000180025095e-35 1.0341922044754031 0.86317351460456859 0.17522221803665164 1.0000000180025095e-35 0.2100000008940697 1028.5000000000002 0.21374999731779101 0.19005208462476733 1.0000000180025095e-35 0.33224999904632574 7.5261752605438241 1.0000000180025095e-35 1.0000000180025095e-35 1.0000000180025095e-35 1.2232594490051272 0.22370029240846637 0.17500000447034839 0.64495798945426952 0.78656607866287243 3.6951092481613164 0.16398936510086062 0.9371645748615266
decision_type=2 2 2 2 2 2 2 2 2 2 2 2 2 2 2 2 2 2 2 2 2 2 2 2 2 2 2 2 2 2
left_child=1 3 4 5 6 17 18 8 9 -5 22 19 -4 15 27 16 -6 21 24 26 -2 -1 -7 -13 -3 -26 -12 -8 -14 -18
right_child=20 2 12 7 13 10 14 -9 -10 -11 11 23 28 -15 -16 -17 29 -19 -20 -21 -22 -23 -24 -25 25 -27 -28 -29 -30 -31
leaf_value=-0.010767989464889206 0.06784950275340472 -0.030419130908571092 -0.0094526998260356723 0.024815630492977869 -0.0073046318532673238 -0.0042766988833086153 0.0099385461284395536 0.051966750195724595 0.034994885080084685 0.00070780327787203366 0.0058245592107915838 0.022110229631516987 -0.010444213747328296 0.03022688383896829 0.00017592569748583434 -0.0026828246182441602 -0.028872870049278569 0.024717288251303735 -0.016620121719281605 0.044579102005711704 0.050024053755568766 0.019019100665700429 0.019165776053646017 0.050636301206988768 -0.023699809980391617 0.0036797179422367638 0.032223064622432747 -0.026556712902491241 0.021689292032720728 -0.013128946482385251
leaf_weight=217.01735424995422 280.69528390467167 484.20788012444973 55.45641516149044 95.233554303646088 181.73795059323311 100.68847173452377 10.27324168384075 41.474632561206818 121.00285445153713 96.218640506267548 149.00016838312149 42.207440942525864 12.849659606814383 13.695640191435812 111.22428698837757 195.50016303360462 116.08646267652512 18.293579369783401 259.4543890953064 14.216814517974852 103.72491833567619 17.564952328801155 37.318067014217377 33.188014671206474 461.72549198567867 18.234980091452599 19.859669387340546 73.828341290354729 87.751382261514664 95.285939633846283
leaf_count=1188 1124 3091 300 433 1047 513 63 172 539 476 740 209 64 76 652 1076 725 92 1653 61 418 79 187 153 2916 110 96 462 426 572
internal_value=0 -0.00748351 -0.0168672 0.0128739 -0.0187853 0.00598104 -0.022466 0.0254155 0.0215831 0.0128323 0.0135025 0.0194495 0.0078986 -0.0100683 -0.00948611 -0.011105 -0.0152588 -0.00582506 -0.0245191 0.0124642 0.0633236 -0.00839568 0.00224556 0.035651 -0.0266059 -0.0226486 0.00927014 -0.0219714 0.0174613 -0.0219652
internal_weight=0 3180.6 2177.31 1003.28 2021.25 649.355 1418.95 353.93 312.455 191.452 396.479 258.472 156.057 602.306 195.326 588.611 393.11 252.876 1223.62 183.077 384.42 234.582 138.007 75.3955 964.168 479.96 168.86 84.1016 100.601 211.372
internal_count=19713 18171 13233 4938 12443 3318 8947 1620 1448 909 1959 1259 790 3496 1177 3420 2344 1359 7770 897 1542 1267 700 362 6117 3026 836 525 490 1297
is_linear=0
shrinkage=0.04


Tree=13
num_leaves=31
num_cat=0
split_feature=33 7 25 25 31 3 3 3 4 20 20 1 22 2 20 15 36 34 7 22 27 18 26 0 7 36 4 30 27 16
split_gain=1006.77 390.113 55.3615 48.5575 30.6096 29.8001 21.4593 19.6653 18.3377 15.6178 15.306 20.0319 13.1292 12.8677 11.9587 11.0865 11.7158 11.0766 10.7353 10.26 10.1828 12.6466 10.1049 9.91059 9.5625 8.58624 8.16765 8.13303 9.34205 7.93537
threshold=1.0000000180025095e-35 0.42499999701976782 0.27500000596046453 0.17500000447034839 0.54342433810234081 2.5000000000000004 2.5000000000000004 2.5000000000000004 0.84628677368164074 0.25690476596355444 0.19597221910953525 1.5000000000000002 0.32601387798786169 613.50000000000011 0.19597221910953525 0.21374999731779101 0.69001945853233349 8.5000000000000018 1.0000000180025095e-35 0.41083332896232611 4.083451747894288 2.5000000000000004 1.0000000180025095e-35 6.0775766372680673 0.57499998807907116 0.9371645748615266 0.79976955056190502 1.7005987167358401 4.7608909606933603 48.595153808593757
decision_type=2 2 2 2 2 2 2 2 2 2 2 2 2 2 2 2 2 2 2 2 2 2 2 2 2 2 2 2 2 2
left_child=1 2 5 8 6 9 15 10 -3 17 25 -12 -13 -6 -7 27 -17 29 23 -10 -2 -22 24 -9 -8 -4 -26 28 -5 -1
right_child=20 3 7 4 13 14 22 18 19 -11 11 12 -14 -15 -16 16 -18 -19 -20 -21 21 -23 -24 -25 26 -27 -28 -29 -30 -31
leaf_value=-0.022930948744022645 0.061626992913281303 0.012211615388790597 -0.026375827366709858 -0.0089488064495480066 0.022491010641558177 -0.020089028993530125 0.0027731039693186833 0.029253016062548681 -0.012127323130568454 -0.007564453665005637 -0.014274131869396156 0.0015013726908526955 0.039679681537121418 0.057764438552145601 -0.0048926335933966785 0.0041814759189886634 0.023468232654815149 -0.0063506810065401343 0.022353802323880064 0.02329852231686512 0.0063838519569928724 0.053233782155990554 0.044334272807445722 -0.0050240592283567797 0.014528070090345799 -0.0097974404495112105 0.039080837253173233 0.016015436374222775 0.021483010655160423 -0.030336062943909142
leaf_weight=657.12253122031689 362.04143495857716 113.09261314570904 117.00673972070217 83.303846970200539 31.728935286402702 129.77721655368805 31.301954850554466 13.312449917197226 138.66620837152004 91.059927642345428 174.89131166040897 127.96119628846645 14.267747193574904 44.745911151170731 228.18905578553677 75.455301553010941 156.07357190549374 50.297863587737083 40.11798594892025 12.573876097798346 15.014090940356253 24.6722012758255 48.612256780266762 111.89878644049168 42.809572905302048 92.418976575136185 51.109128326177597 51.27073435485363 17.940500810742378 416.22871470451355
leaf_count=4222 1459 551 727 419 140 788 144 71 761 557 1006 727 77 190 1308 368 735 288 202 64 67 99 214 586 191 551 227 252 89 2731
internal_value=0 -0.00771821 -0.0165637 0.0145583 0.0205442 -0.0207099 0.0171725 -0.00710664 0.000146854 -0.0237015 -0.0108757 -0.00527811 0.00582837 0.0440759 -0.0104829 0.0117908 0.0172723 -0.0249934 0.00488377 -0.00891643 0.059355 0.0366662 0.028793 -0.000977106 0.0221575 -0.0192217 0.0284256 0.00335351 -0.00324459 -0.0258536
internal_weight=0 3163.23 2264.55 898.684 634.352 1572.68 557.877 691.875 264.333 1214.71 526.546 317.12 142.229 76.4748 357.966 384.044 231.529 1123.65 165.329 151.24 401.728 39.6863 173.833 125.211 125.221 209.426 93.9187 152.515 101.244 1073.35
internal_count=19811 18186 13841 4345 2969 9894 2639 3947 1376 7798 3088 1810 804 330 2096 1863 1103 7241 859 825 1625 166 776 657 562 1278 418 760 508 6953
is_linear=0
shrinkage=0.04


Tree=14
num_leaves=31
num_cat=0
split_feature=33 9 23 23 3 25 31 25 36 3 25 25 14 36 0 3 0 36 15 36 4 22 27 25 31 29 36 5 27 29
split_gain=920.073 336.895 61.4312 61.1373 51.2243 35.4236 28.8778 21.0303 20.7182 18.4308 14.8858 13.9832 12.3458 10.3059 9.52186 9.32395 11.096 9.23998 9.11137 8.6993 8.68621 8.33947 7.89067 7.56077 7.38796 7.21441 7.1549 7.08917 15.6819 13.341
threshold=1.0000000180025095e-35 1.0000000180025095e-35 1.0000000180025095e-35 1.0000000180025095e-35 2.5000000000000004 0.27500000596046453 0.64495798945426952 0.27500000596046453 1.6424235701560976 2.5000000000000004 0.2100000008940697 0.2100000008940697 1.0000000180025095e-35 0.80839002132415783 7.8617253303527841 2.5000000000000004 6.1653625965118417 1.0280539989471438 0.21374999731779101 0.92074358463287365 0.8854847550392152 0.20726351439952853 4.3033890724182138 0.17500000447034839 0.47407408058643347 -0.37940952181816096 0.70309320092201244 0.14058018475770953 3.9806153774261479 0.60355338454246532
decision_type=2 2 2 2 2 2 2 2 2 2 2 2 2 2 2 2 2 2 2 2 2 2 2 2 2 2 2 2 2 2
left_child=1 2 4 5 6 9 7 27 12 23 -6 -5 26 -9 -10 -14 -17 22 -11 -8 -13 -4 25 -3 -25 -12 -7 -1 -29 -30
right_child=-2 3 21 11 10 8 19 13 14 18 17 20 15 -15 -16 16 -18 -19 -20 -21 -22 -23 -24 24 -26 -27 -28 28 29 -31
leaf_value=-0.011359383963007704 0.056570693197517397 -0.028261853120441396 0.022447564428409509 -0.0089474569459131754 0.010107274485847743 -0.014672155926172843 0.011826270053544481 -0.0012314051364578126 0.026494529685764316 -0.021593546830133484 0.024033285072255949 0.024782067666337566 -0.022662764768183991 0.017727716202733626 -0.0031405229559536693 0.025928045500079714 -0.01321510392847805 0.039939837117986862 -0.0078389095677020345 0.046743409676706323 0.00047776702483158051 0.049361795034992079 0.032249426856291195 -0.022423650354863739 -0.0028663358352235303 -0.0033525239314747906 -0.00053354706729651026 0.021092645879501354 -0.013744686145393035 0.021464742744200543
leaf_weight=219.17902417480946 397.85030044615269 535.53372134268284 32.830148935317993 53.463175445795059 115.49871878325939 94.74040324985981 23.662811905145645 79.607486292719841 29.287946909666061 134.31986555457115 28.33991065621376 63.560502946376801 221.92085230350494 105.47795654833317 38.097065195441246 12.43850691616535 57.767348080873489 71.886265859007835 186.04381112754345 23.88855405151844 36.822402283549309 65.461241438984871 49.118225663900375 491.92727853357792 33.642066642642021 30.369510591030121 140.74013568460941 39.050837844610214 95.864823445677757 19.031237363815308
leaf_count=1211 1612 3583 143 294 551 557 113 395 157 831 126 307 1401 486 220 66 311 313 1081 105 183 274 221 3244 208 136 782 204 510 100
internal_value=0 -0.00786347 0.0112835 -0.0168469 0.00795809 -0.0187367 0.00128041 -0.00131277 -0.0105238 -0.0222537 0.0215596 0.00735994 -0.0131903 0.00964718 0.0101324 -0.0186659 -0.00575396 0.0287275 -0.013704 0.0305464 0.0160503 0.0409991 0.0206613 -0.0248043 -0.0211874 0.0102233 -0.00629756 -0.0067718 -0.000178397 -0.00764518
internal_weight=0 3129.57 999.267 2130.31 900.975 1976.46 605.763 558.211 594.992 1381.47 295.213 153.846 527.607 185.085 67.385 292.127 70.2059 179.714 320.364 47.5514 100.383 98.2914 107.828 1061.1 525.569 58.7094 235.481 373.126 153.947 114.896
internal_count=19725 18113 4888 13225 4471 12441 3124 2906 3494 8947 1347 784 3117 881 377 1778 377 796 1912 218 490 417 483 7035 3452 262 1339 2025 814 610
is_linear=0
shrinkage=0.04


Tree=15
num_leaves=31
num_cat=0
split_feature=22 9 23 23 3 25 34 25 32 3 22 25 15 25 36 2 36 2 36 31 3 4 31 27 22 3 29 4 2 12
split_gain=891.183 282.089 62.1081 50.9121 42.6547 37.9661 28.8163 23.2289 20.9886 20.9655 18.8102 18.5661 17.6111 13.6043 12.9014 11.6736 11.3622 15.471 11.0459 11.0362 11.0926 9.31468 10.973 8.868 8.68284 8.66584 8.44263 8.37191 8.25605 8.23132
threshold=0.41571427881717687 1.0000000180025095e-35 1.0000000180025095e-35 1.0000000180025095e-35 2.5000000000000004 0.27500000596046453 8.5000000000000018 0.17500000447034839 3.5000000000000004 3.5000000000000004 0.11974025890231134 0.27500000596046453 0.21374999731779101 0.27500000596046453 1.0067390799522402 631.50000000000011 0.91173902153968822 591.50000000000011 1.6424235701560976 0.56066176295280468 1.5000000000000002 0.8679887354373933 0.32666666805744177 3.6309846639633183 0.19014285504817965 2.5000000000000004 -0.6035533845424651 0.77634596824646007 816.50000000000011 1.0000000180025095e-35
decision_type=2 2 2 2 2 2 2 2 2 2 2 2 2 2 2 2 2 2 2 2 2 2 2 2 2 2 2 2 2 2
left_child=1 3 4 5 6 9 7 -3 15 16 -7 23 14 25 -9 -2 29 -18 28 20 -12 -19 -23 27 -5 26 -4 -6 -14 -1
right_child=8 2 13 24 11 10 -8 12 -10 -11 19 -13 18 -15 -16 -17 17 21 -20 -21 -22 22 -24 -25 -26 -27 -28 -29 -30 -31
leaf_value=-0.0093863307037225681 0.0049477855892068523 -0.028205725162749853 0.0091713513578520062 0.019291085564556162 0.033204285148667884 -0.013987456588331922 0.037606092254732632 -0.02897666351780416 0.057943550328664752 0.01936139463099085 0.0068302709052948524 0.0048695253723034498 -0.016782121989456868 0.023438892303767118 -0.014524998974090285 0.045890628545646246 -0.0076845298859564938 0.025570863725260688 0.0036881392042437885 0.042526621580136544 0.024674100886072938 -0.0028925498828794296 0.035799334414711392 -0.014608855669130656 0.047282865922124585 0.019105372324225999 -0.017919053090508518 -0.0070598679419222902 -0.0013979923640696839 0.014919561744215326
leaf_weight=250.7146333605051 21.597177520394325 521.64933262765408 28.480805039405823 30.631785482168198 10.551401346921919 24.532804697751999 11.627476468682287 269.63731510937214 372.44954296946526 85.849671378731728 88.425079464912415 145.36789673566818 397.06220987439156 58.441163167357445 166.84058402478695 22.272488117218018 91.775963738560677 56.181127727031708 58.647176250815392 34.60334700345993 158.58163380622864 63.46338826417923 12.320305556058882 283.63056080043316 60.439586415886879 24.365825638175011 45.432061150670052 22.660392850637436 65.335297122597694 22.663978531956673
leaf_count=1336 105 3556 153 133 61 123 50 1811 1513 394 420 763 2485 272 1083 103 489 274 357 145 709 343 60 1712 251 124 247 133 402 118
internal_value=0 -0.00739886 -0.0156322 0.0103182 -0.0175759 0.00735323 -0.0208659 -0.0213757 0.0548088 0.00134575 0.0187099 -0.00692028 -0.0176037 0.00850565 -0.0235441 0.0268289 -0.00183056 0.0048304 -0.0125564 0.0216369 0.0183924 0.0135188 0.00415641 -0.0123261 0.0384847 -0.000664733 -0.00751371 0.00689147 -0.0146238 -0.00727757
internal_weight=0 3089.91 2109.73 980.183 1953.01 889.112 1490.8 1479.17 416.319 582.969 306.143 462.21 957.523 156.72 436.478 43.8697 497.119 223.741 521.045 281.61 247.007 131.965 75.7837 316.842 91.0714 98.2787 73.9129 33.2118 462.398 273.379
internal_count=19725 18004 13209 4795 12413 4411 9744 9694 1721 3014 1397 2669 6138 796 2894 208 2620 1166 3244 1274 1129 677 403 1906 384 524 400 194 2887 1454
is_linear=0
shrinkage=0.04


Tree=16
num_leaves=31
num_cat=0
split_feature=22 8 3 25 23 31 16 5 23 25 32 25 10 13 27 36 16 15 36 1 5 27 34 20 36 36 15 22 1 21
split_gain=776.711 217.059 63.5103 43.9204 43.3197 37.6096 43.6139 28.979 25.2786 20.4498 19.7241 19.6487 17.601 16.5334 15.5815 14.0262 13.5031 12.7565 14.4918 12.6667 12.6036 12.5159 10.6652 10.5358 10.4982 10.1271 9.99338 9.38079 9.19956 9.30035
threshold=0.41571427881717687 5.5000000000000009 2.5000000000000004 0.17500000447034839 1.0000000180025095e-35 0.36602871119976049 21.480905532836918 0.2375874072313309 1.0000000180025095e-35 0.2100000008940697 3.5000000000000004 0.17500000447034839 1.0000000180025095e-35 1.0000000180025095e-35 4.5824129581451425 1.4659474492073061 22.971575736999515 0.12099999934434892 0.99038767814636242 2.5000000000000004 0.21038094162940982 3.9598599672317509 39.500000000000007 0.21374999731779101 0.67649671435356151 1.6424235701560976 0.19597221910953525 0.16398936510086062 1.5000000000000002 1.5000000000000002
decision_type=2 2 2 2 2 2 2 2 2 2 2 2 2 2 2 2 2 2 2 2 2 2 2 2 2 2 2 2 2 2
left_child=1 4 3 22 7 8 -7 11 12 23 21 -1 16 19 17 -14 25 -11 -19 24 -20 -2 -3 -4 -13 28 -9 -10 -5 -30
right_child=10 2 9 5 -6 6 -8 26 27 14 -12 13 15 -15 -16 -17 -18 18 20 -21 -22 -23 -24 -25 -26 -27 -28 -29 29 -31
leaf_value=-0.007214665915920032 0.050703819821710239 -0.025409345314719931 -0.021273966931259065 -0.019471984306070549 0.043438641455366273 0.050066324867596594 -0.005929865093649408 0.0098333793663234175 -0.021004987344988516 -0.020129076947128302 0.054255491286769555 -0.001614771499188038 -0.0049796019303346255 -0.007599491514296613 -0.0092519283516162253 0.039215811408399602 -0.022009576653687885 0.0046581602195627063 -0.00079804003276641737 0.037796647066922061 0.032820608536652175 0.0070361152705764735 0.011895837305485053 -0.0034453913575803463 0.017000581826695473 0.0030422874679549307 0.032595033570581994 0.013032641173168984 -0.010065809704978947 0.024472544843990442
leaf_weight=146.01048876345158 15.585700601339338 609.9086966663599 82.398073256015778 250.42746618390083 66.307145342230797 30.445063441991806 69.740244969725609 48.182219505310059 13.872036039829252 18.67342121899128 374.59775638580322 69.259505644440651 50.865567848086357 64.194759041070938 85.769620448350906 12.717288762331007 436.0936436355114 144.26502048969269 23.399648502469063 31.981887072324753 71.887046113610268 28.018951773643494 11.422849953174589 145.34053158760071 157.01147772371769 59.890905261039734 96.938823506236076 71.103101134300232 189.29736171662807 11.46226944029331
leaf_count=811 70 4104 502 1574 279 139 406 233 70 107 1529 351 252 322 463 60 2890 772 123 151 372 136 64 824 758 362 438 343 1189 60
internal_value=0 -0.00673412 -0.0124078 -0.0160625 0.01318 -0.0115477 0.0117335 0.00977958 -0.0136938 -0.000776021 0.05125 0.00489253 -0.0154543 0.0103856 0.00536973 0.00478633 -0.0168203 0.0102601 0.012776 0.0148802 0.0247182 0.0241835 -0.0246875 -0.010025 0.0113384 -0.0123238 0.0252743 0.00712082 -0.014368 -0.00787192
internal_weight=0 3068.87 2388.98 1817.25 679.886 1195.91 100.185 613.579 1095.73 571.733 418.202 468.458 1010.75 322.448 343.995 63.5829 947.172 258.225 239.552 258.253 95.2867 43.6047 621.332 227.739 226.271 511.078 145.121 84.9751 451.187 200.76
internal_count=19754 18019 14676 11513 3343 7345 545 3064 6800 3163 1735 2393 6387 1582 1837 312 6075 1374 1267 1260 495 206 4168 1326 1109 3185 671 413 2823 1249
is_linear=0
shrinkage=0.04


Tree=17
num_leaves=31
num_cat=0
split_feature=18 7 23 25 25 3 23 3 3 15 16 31 23 7 3 20 0 25 30 2 5 27 0 1 0 1 7 26 0 0
split_gain=772.034 281.162 55.5029 49.9337 36.1976 26.2592 24.522 21.0683 16.9265 15.8961 15.564 27.8205 15.0151 13.8132 13.6856 13.1667 12.9365 11.3217 10.8818 10.6908 10.573 9.33934 9.32368 8.54479 8.39154 8.42384 8.32654 7.82078 9.43378 7.73042
threshold=1.5000000000000002 0.42499999701976782 1.0000000180025095e-35 0.27500000596046453 0.23499999940395358 3.5000000000000004 1.0000000180025095e-35 3.5000000000000004 2.5000000000000004 0.17522221803665164 13.838039398193361 0.24404761940240863 1.0000000180025095e-35 0.25000000000000006 2.5000000000000004 0.21374999731779101 7.0783326625823983 0.31000000238418585 1.0000000180025095e-35 593.50000000000011 0.22954993695020678 3.8010908365249638 7.0783326625823983 2.5000000000000004 7.6666874885559091 2.5000000000000004 0.57499998807907116 1.0000000180025095e-35 6.6411609649658212 7.3434212207794198
decision_type=2 2 2 2 2 2 2 2 2 2 2 2 2 2 2 2 2 2 2 2 2 2 2 2 2 2 2 2 2 2
left_child=1 2 4 5 7 6 9 15 10 -3 11 -6 14 -2 23 -1 27 -4 -18 -20 -9 -16 -22 26 25 -12 29 -11 -29 -5
right_child=13 3 17 12 8 -7 -8 20 -10 16 24 -13 -14 -15 21 -17 18 -19 19 -21 22 -23 -24 -25 -26 -27 -28 28 -30 -31
leaf_value=-0.027705962340370621 0.039584926039286795 -0.010840113748572482 0.0032601717040005159 -0.016373377933020964 -0.0090686407719957861 0.024477447478708565 0.030137974441417612 -0.024475430161370885 0.00032468549743924416 -0.0091801380715016024 -0.025114123074454851 0.050368520816349356 0.047192946918137031 0.058505059684789765 0.053282587836716647 -0.018567501289372897 0.0018652269146891066 0.031616757623421622 0.0041745765691255056 0.036959403131098266 -0.0049815843511312298 0.024397027558983018 0.024317598364043173 0.035096998040003741 -0.0048018518437879208 -0.0032803646864802516 0.0162040151736535 -0.0097677933669118918 0.02795939648068755 0.01675312366350511
leaf_weight=457.64011985063553 105.7800085246563 173.66398322582245 135.945735886693 27.992501094937325 295.59281377494335 91.240266531705856 41.209920108318329 29.869815826416016 200.54510635137558 108.60435670614243 223.23349241912365 11.183668434619902 40.338262185454369 275.68911276757717 26.24236860871315 620.20456835627556 67.175381109118462 25.151418939232826 26.32037028670311 40.555835381150246 68.314265236258507 72.347115680575371 21.104193404316902 25.380837067961693 54.038615584373474 33.078494921326637 113.68108460307121 17.854278430342674 21.554945543408394 16.131243959069252
leaf_count=3192 425 926 696 139 1794 410 173 185 1086 558 1482 54 163 1137 109 4123 349 115 132 193 410 306 125 113 340 216 513 90 107 73
internal_value=0 -0.00668446 -0.0144899 0.0119639 -0.0162959 0.00499798 0.00133768 -0.0207283 -0.00977178 -0.00138693 -0.0130432 -0.00658962 0.0245744 0.0534924 0.0210266 -0.0224917 0.00446862 0.00802078 0.013378 0.0245522 -0.00468689 0.0329923 0.00231422 0.0143 -0.0193395 -0.0223436 0.0105577 -0.00367109 0.0112209 -0.00406133
internal_weight=0 3086.2 2175.9 910.293 2014.81 588.179 496.939 1197.13 817.672 455.729 617.127 306.776 322.113 381.469 281.775 1077.84 282.065 161.097 134.052 66.8762 119.288 98.5895 89.4185 183.186 310.351 256.312 157.805 148.014 39.4092 44.1237
internal_count=19734 18172 13818 4354 13007 2938 2528 8035 4972 2355 3886 1848 1416 1562 1253 7315 1429 811 674 325 720 415 535 838 2038 1698 725 755 197 212
is_linear=0
shrinkage=0.04


Tree=18
num_leaves=31
num_cat=0
split_feature=18 7 23 25 5 25 31 27 2 7 16 26 25 27 36 7 16 6 31 36 5 2 27 4 36 22 2 2 5 36
split_gain=703.046 266.606 64.4549 46.8083 25.0221 24.1318 18.0354 26.3065 15.8077 15.7857 14.8579 13.7301 13.5091 13.0427 12.2651 12.1587 12.0115 10.1796 9.53745 9.53724 9.47505 11.5051 9.11457 9.08392 8.67559 8.37827 8.33707 8.27847 8.11813 9.10636
threshold=1.5000000000000002 0.57499998807907116 1.0000000180025095e-35 0.27500000596046453 0.249743327498436 0.17500000447034839 0.36602871119976049 3.8077723979949956 822.50000000000011 1.0000000180025095e-35 1.3796312808990481 1.0000000180025095e-35 0.2100000008940697 3.8867046833038335 1.1330381631851199 0.25000000000000006 0.52925786375999462 5.9801499843597421 1.0000000180025095e-35 1.4330188035964968 0.13837118446826938 613.50000000000011 3.9880572557449345 0.85664737224578869 0.92616951465606701 0.16398936510086062 679.50000000000011 857.50000000000011 0.19169481843709948 0.84674265980720531
decision_type=2 2 2 2 2 2 2 2 2 2 2 2 2 2 2 2 2 2 2 2 2 2 2 2 2 2 2 2 2 2
left_child=1 2 3 4 9 8 11 -8 23 -1 13 17 20 -7 18 -2 -6 28 -11 -13 -4 -22 -16 -3 -10 -14 -9 -15 29 -5
right_child=15 5 12 6 16 10 7 26 24 14 -12 19 25 27 22 -17 -18 -19 -20 -21 21 -23 -24 -25 -26 -27 -28 -29 -30 -31
leaf_value=-0.023826873279841489 0.038864775277294872 0.0084130326272046224 -0.022344336727617996 -0.02080295562400699 0.0033799400552265348 0.042046960402128547 0.051722365827908963 -0.01397565830425773 0.0092941520424938574 -0.022377824218284884 0.013952484788431281 -0.0029549986073166968 -0.0087151751642799858 0.017507037872820458 0.010630996316921553 0.056829190773756394 -0.014168099220008452 -0.022446281539620284 -0.0056718986725200551 0.020341553623615834 -0.012200959308696378 0.029987186404860137 -0.011171470780321671 -0.010160754053352497 0.051960052216294308 0.021256108132827828 0.018176882711687218 0.047608477211387105 0.0010624284406815137 -0.0046535339590220055
leaf_weight=820.14752750098705 106.04438006877899 82.766606628894806 26.738996714353561 106.19857209920883 108.78335945308208 74.988683506846428 18.47537237405777 32.165089771151543 17.562153667211536 251.03076918423176 245.61276219785213 154.00029395520687 16.101408943533897 137.26102943718433 42.606907889246941 264.81836459040642 142.41682402789593 105.2611199170351 71.862581014633179 32.306606277823448 20.329298689961433 17.49592587351799 97.112412452697754 81.775391638278961 13.135369077324865 110.02892090380192 18.751463368535042 15.558788850903509 104.37621945142746 118.6149083673954
leaf_count=5682 427 395 152 668 637 325 88 177 90 1646 1132 910 79 620 266 1104 902 644 418 176 106 90 610 453 63 511 101 68 554 697
internal_value=0 -0.0062216 -0.01241 -0.0143237 -0.0182134 0.0160977 -0.00565067 0.0134294 0.00420895 -0.0204734 0.0209624 -0.00781984 0.00982683 0.0283329 -0.0144513 0.0519285 -0.00660217 -0.0117006 -0.0187176 0.00125789 -0.00495709 0.00783898 -0.00446668 -0.000829082 0.0296123 0.0173538 -0.00189511 0.0211471 -0.00814977 -0.0123985
internal_weight=0 3083.47 2414.8 2224.11 1533.96 668.661 690.15 69.3919 195.24 1282.76 473.421 620.758 190.695 227.809 462.613 370.863 251.2 434.451 322.893 186.307 64.5642 37.8252 139.719 164.542 30.6975 126.13 50.9166 152.82 329.19 224.813
internal_count=19791 18260 15114 14176 10161 3146 4015 366 1001 8622 2145 3649 938 1013 2940 1531 1539 2563 2064 1086 348 196 876 848 153 590 278 688 1919 1365
is_linear=0
shrinkage=0.04


Tree=19
num_leaves=31
num_cat=0
split_feature=18 7 23 3 25 1 25 4 23 3 16 31 7 7 7 27 25 4 2 16 25 31 22 20 27 12 3 29 22 16
split_gain=636.037 257.224 47.458 38.4928 38.485 29.4582 26.3859 20.154 20.0806 18.3904 15.4855 18.3218 14.2947 13.7413 11.1465 10.2493 10.1393 10.098 9.57445 9.0358 8.98636 8.42824 7.73711 7.07747 7.06986 7.80548 8.4276 9.64187 6.9772 7.78954
threshold=1.5000000000000002 0.42499999701976782 1.0000000180025095e-35 2.5000000000000004 0.17500000447034839 2.5000000000000004 0.23499999940395358 0.84628677368164074 1.0000000180025095e-35 1.5000000000000002 25.127408981323246 0.32666666805744177 1.0000000180025095e-35 0.25000000000000006 0.57499998807907116 4.6016638278961191 0.34999999403953558 0.77180543541908275 813.50000000000011 7.1223623752594003 0.2100000008940697 0.32666666805744177 0.18279032409191134 0.19597221910953525 4.9777677059173593 1.0000000180025095e-35 1.5000000000000002 -0.6035533845424651 0.20726351439952853 127.96153259277345
decision_type=2 2 2 2 2 2 2 2 2 2 2 2 2 2 2 2 2 2 2 2 2 2 2 2 2 2 2 2 2 2
left_child=1 2 3 6 7 8 12 -3 9 21 11 24 23 -2 -11 17 -16 28 20 -20 -4 -6 -10 -1 25 26 -8 -28 29 -5
right_child=13 4 18 15 5 -7 10 -9 22 14 -12 -13 -14 -15 16 -17 -18 -19 19 -21 -22 -23 -24 -25 -26 -27 27 -29 -30 -31
leaf_value=-0.031233337961266063 0.035892602319896778 0.011655443890739104 -0.011133223832277092 -0.015174949148813411 -0.0034614892477035685 0.037295283062137918 -0.017406712069031448 -0.010310355311175183 0.010688470082610623 0.0037799739145652888 -0.018681855292129863 0.039076672466156592 -0.014908617393780235 0.054219774058705462 0.017911259973185659 -0.015580028470514163 0.046342124826394597 -0.0062506349145833419 0.048286942147849364 0.0022022434259350043 0.0098997493147504178 0.018719828980938033 0.044005879070744575 -0.02212559851639789 0.014246024182979308 0.017918163800268526 0.010008963137328734 -0.011871482216572518 0.017163595332894969 0.016819192893097891
leaf_weight=266.15696918964386 111.39772935211658 114.18601055443287 47.810640335083008 29.891132727265358 151.05346290767193 95.712556809186935 147.72393092513084 155.35673820972443 17.039687126874924 83.508218705654144 284.11294196546078 11.948311045765875 271.69194829463959 266.15625178813934 212.5112192183733 111.43626770377159 21.451775550842285 242.70262025296688 13.811473771929743 12.304576084017752 91.787025198340416 31.388738065958023 42.093594595789909 353.81896643340588 19.952422022819519 14.119056344032286 50.537334442138672 81.672004878520966 60.312741607427597 17.740914270281792
leaf_count=1967 450 545 266 180 753 422 911 859 70 396 1905 60 1870 1123 953 657 91 1422 67 62 437 142 170 2501 123 87 310 505 337 106
internal_value=0 -0.00587197 -0.0135166 -0.0152506 0.0117319 0.0169553 -0.0183548 -0.000987706 0.0133524 0.0106541 -0.0118814 -0.00587601 -0.0227473 0.0490299 0.0164403 -0.00512687 0.0208887 -0.00173532 0.00696964 0.0282753 0.00264069 0.00051636 0.035069 -0.0261234 -0.00782301 -0.00940659 -0.0109021 -0.00348311 0.00834592 -0.00306093
internal_weight=0 3053.83 2129.53 1963.82 924.302 654.759 1501.73 269.543 559.047 499.913 610.066 325.953 891.668 377.554 317.471 462.084 233.963 350.647 165.714 26.116 139.598 182.442 59.1333 619.976 314.005 294.052 279.933 132.209 107.945 47.632
internal_count=19747 18174 13773 12941 4401 2997 10239 1404 2575 2335 3901 1996 6338 1573 1440 2702 1044 2045 832 129 703 895 240 4468 1936 1813 1726 815 623 286
is_linear=0
shrinkage=0.04


Tree=20
num_leaves=31
num_cat=0
split_feature=22 9 3 23 3 34 25 23 23 27 36 2 25 36 9 25 22 2 26 22 36 2 22 0 16 5 27 27 27 2
split_gain=581.194 209.235 45.8478 37.6898 32.5094 29.3092 23.6501 21.6336 16.5032 16.3993 16.3033 15.0858 13.9585 13.906 12.1579 12.1069 10.8541 10.283 10.1355 8.28283 8.25148 7.92092 7.88911 7.80005 7.43623 7.28984 7.05077 6.94141 6.85458 6.80716
threshold=0.43935896456241613 1.0000000180025095e-35 2.5000000000000004 1.0000000180025095e-35 2.5000000000000004 8.5000000000000018 0.2100000008940697 1.0000000180025095e-35 1.0000000180025095e-35 4.2217109203338632 0.80839002132415783 551.50000000000011 0.34999999403953558 0.93118602037429821 1.0000000180025095e-35 0.27500000596046453 0.41083332896232611 730.50000000000011 1.0000000180025095e-35 0.52642855048179638 0.74171042442321788 857.50000000000011 0.18933333456516269 7.27655053138733 115.807674407959 0.08996195346117021 3.8144096136093144 5.0009214878082284 4.7685635089874276 956.50000000000011
decision_type=2 2 2 2 2 2 2 2 2 2 2 2 2 2 2 2 2 2 2 2 2 2 2 2 2 2 2 2 2 2
left_child=1 3 5 4 10 6 -3 15 13 14 29 -12 21 18 -2 20 -13 25 24 -11 -4 -6 -5 -19 -8 -15 -22 -17 -27 -1
right_child=9 2 7 22 12 -7 8 -9 -10 19 11 16 -14 17 -16 27 -18 23 -20 -21 26 -23 -24 -25 -26 28 -28 -29 -30 -31
leaf_value=-0.0075219707289942888 0.053005124552255735 -0.023104668750981855 -0.017408136296228921 0.0145701865840783 0.012331239472331106 0.037848249294679927 -0.019675341347184058 0.025318469347976651 0.0051718729762923396 -0.0032811262781002846 -0.0056445934070083982 0.01008333562109928 0.050306216457265539 0.013649589937239907 0.034893613911704743 0.0070571517497565609 0.041814030124582284 0.028031851961335189 -0.0092956439804311678 0.033219707096831079 0.011564841908524779 0.033037806033819332 0.040521831478332597 -0.0024959268653623086 -0.035293473739884729 -0.017280752788581346 -0.0079240262221969421 -0.022638481204643627 0.0013457606903376517 0.020395888178632242
leaf_weight=255.56624862551689 259.52803924679756 630.09069828689098 124.71901705861092 30.31123985350132 246.53743785619736 13.830849960446356 251.99682854115963 38.894659817218781 73.304096564650536 15.277699306607245 101.04413531720638 213.95704571902752 17.6704031676054 14.132575109601019 100.00294390320778 134.33224159479141 17.126134365797043 13.725802272558211 121.77794913947582 24.831987991929054 35.307241141796112 32.894510164856911 65.69443541765213 88.61909493803978 65.166116967797279 208.28149744868279 145.76636712253094 11.928182676434515 36.878074705600739 12.879650086164473
leaf_count=1355 1108 4559 780 129 1113 58 1712 186 352 72 524 1079 73 93 414 703 75 90 828 110 211 145 269 568 469 1363 902 64 240 65
internal_value=0 -0.00577856 -0.0132011 0.00922261 0.0066345 -0.0166343 -0.0171849 -0.00256254 -0.0128736 0.0454542 0.00126415 0.00716992 0.0174093 -0.0145347 0.0481883 -0.00506238 0.0127736 -0.00865328 -0.0193191 0.0198211 -0.00956941 0.0149863 0.0327928 0.00205707 -0.0230854 -0.0128641 -0.0040391 0.00436262 -0.0144906 -0.00604159
internal_weight=0 3002.43 2008.75 993.681 897.676 1517.8 1503.97 490.948 873.882 399.641 600.573 332.127 297.102 800.578 359.531 452.053 231.083 361.637 438.941 40.1097 305.793 279.432 96.0057 102.345 317.163 259.292 181.074 146.26 245.16 268.446
internal_count=19709 18005 13178 4827 4429 10332 10274 2846 5715 1704 3098 1678 1331 5363 1522 2660 1154 2354 3009 182 1893 1258 398 658 2181 1696 1113 767 1603 1420
is_linear=0
shrinkage=0.04


Tree=21
num_leaves=31
num_cat=0
split_feature=22 7 25 25 23 3 15 27 3 23 36 5 36 3 7 27 31 7 28 4 36 25 2 5 16 21 16 36 25 7
split_gain=530.731 197.635 47.6078 33.2521 30.9687 23.8704 23.2761 20.117 19.6877 15.806 14.9349 13.775 12.6207 11.9385 11.6212 11.0508 10.9629 10.8974 10.5762 10.7584 11.9158 9.46159 11.0838 9.32634 9.17378 10.4769 8.68184 8.33298 8.62008 8.20679
threshold=0.41571427881717687 0.42499999701976782 0.23499999940395358 0.17500000447034839 1.0000000180025095e-35 1.5000000000000002 0.19597221910953525 4.083451747894288 2.5000000000000004 1.0000000180025095e-35 1.49129194021225 0.22736801207065585 0.86043301224708568 2.5000000000000004 0.42499999701976782 3.7483261823654179 0.78221344947814953 1.0000000180025095e-35 0.37940952181816107 0.87242266535758983 0.44168551266193395 0.31000000238418585 838.50000000000011 0.27697470784187322 36.762264251708991 1.0000000180025095e-35 0.52925786375999462 1.1083049774169924 0.17500000447034839 1.0000000180025095e-35
decision_type=2 2 2 2 2 2 2 2 2 2 2 2 2 2 2 2 2 2 2 2 2 2 2 2 2 2 2 2 2 2
left_child=1 2 8 11 5 21 18 14 17 10 13 -3 -7 -8 -2 -6 -9 -1 19 20 -5 -4 -23 -13 25 29 -10 -19 -29 -14
right_child=7 3 4 6 15 12 9 16 26 -11 -12 23 24 -15 -16 -17 -18 27 -20 -21 -22 22 -24 -25 -26 -27 -28 28 -30 -31
leaf_value=-0.023319424792799893 0.033850572169706911 -0.0073901196478718002 -0.020501421037220607 -0.023608659393646866 0.043514203562855472 -0.0085860240686099817 0.007669634265159272 -0.0016548091734816203 -0.00033494807371808356 0.041877891659880956 0.035214223901307719 0.029410228656858779 -0.0018514197072776835 0.024217697956791209 0.05171183456370132 0.0092004817828955122 0.034527731541400083 -0.018370107665095853 0.022060602435715063 -0.010891290345984597 0.014808457562507512 -0.011352746471590775 0.023750185609147073 0.00010380216758025721 -0.0045077305526492672 0.029380552465991101 -0.014407786230523618 -0.014102925573381138 0.01031153567089141 0.024593307865301423
leaf_weight=644.99958029389381 99.266846641898155 193.72500793635845 229.28013956546783 13.475516170263289 18.327022194862366 236.40497368574142 196.32018196582794 23.001534283161163 124.03420433402061 47.87204797565937 61.908892199397087 29.5345688611269 78.815752163529396 108.87373650074005 246.41248019039631 63.924533188343048 29.515375837683678 193.29299288988113 40.589764773845673 79.247936546802521 80.182399451732635 85.829120814800262 15.286321565508841 38.723414465785027 104.32426930963993 34.988813400268555 159.71665625274181 51.427795335650444 38.946326866745949 22.551331028342247
leaf_count=4712 413 1049 1510 63 80 1462 934 106 731 193 267 137 452 465 1065 297 130 1348 194 392 370 547 88 181 639 194 1010 356 257 125
internal_value=0 -0.00576515 -0.0124521 0.0100137 -0.00540787 -0.00779935 0.0149912 0.0432802 -0.0176041 0.0204933 0.0174928 -0.00194999 -0.00205664 0.0136922 0.0468069 0.0176976 0.019201 -0.0204224 0.00420565 -0.000190139 0.00890296 -0.0160295 -0.00568827 0.0132606 0.00437467 0.0111374 -0.00830162 -0.0137181 -0.00358616 0.0043938
internal_weight=0 2992.6 2102.15 890.453 889.732 807.481 628.47 398.196 1212.42 414.975 367.103 261.983 477.085 305.194 345.679 82.2516 52.5169 928.667 213.496 172.906 93.6579 330.396 101.115 68.258 240.68 136.356 283.751 283.667 90.3741 101.367
internal_count=19767 18053 13808 4245 5394 5017 2878 1714 8414 1859 1666 1367 2872 1399 1478 377 236 6673 1019 825 433 2145 635 318 1410 771 1741 1961 613 577
is_linear=0
shrinkage=0.04


Tree=22
num_leaves=31
num_cat=0
split_feature=18 7 23 25 3 3 15 25 7 36 2 7 26 4 1 25 25 0 14 2 15 1 27 2 3 25 36 3 28 23
split_gain=509.227 203.783 52.1192 37.4436 31.2543 24.4051 22.364 21.9889 15.3204 15.3517 15.1992 14.2328 12.3758 11.8072 11.6882 11.0262 10.4003 10.2374 9.67288 10.0013 9.33737 8.70286 8.06726 8.27851 7.30979 10.7367 7.12709 7.0868 6.94083 7.25594
threshold=1.5000000000000002 0.57499998807907116 1.0000000180025095e-35 0.17500000447034839 3.5000000000000004 1.5000000000000002 0.21374999731779101 0.34999999403953558 1.0000000180025095e-35 0.80839002132415783 841.50000000000011 0.25000000000000006 1.0000000180025095e-35 0.84725886583328258 1.5000000000000002 0.27500000596046453 0.17500000447034839 7.0867292881011972 1.0000000180025095e-35 561.50000000000011 0.19597221910953525 2.5000000000000004 3.857566356658936 450.50000000000006 3.5000000000000004 0.27500000596046453 0.92074358463287365 1.5000000000000002 0.37940952181816107 1.0000000180025095e-35
decision_type=2 2 2 2 2 2 2 2 2 2 2 2 2 2 2 2 2 2 2 2 2 2 2 2 2 2 2 2 2 2
left_child=1 2 3 13 6 16 21 10 -8 -10 12 -2 22 20 27 18 -3 -6 19 -4 -1 -5 -7 -24 25 -25 -23 -11 29 -18
right_child=11 5 15 4 17 7 8 -9 9 14 -12 -13 -14 -15 -16 -17 28 -19 -20 -21 -22 26 23 24 -26 -27 -28 -29 -30 -31
leaf_value=-0.021182134971802019 0.031467135457155661 -0.010644185921164496 -0.0084256490595418423 -0.018996528334320504 0.0016933685718223688 0.021598647300154344 -0.011014960716103424 0.051497711743962865 -0.0089561105612950068 -0.013560047554841224 0.036113761289779722 0.050363293124523915 0.025193320083301149 -0.0236777250374898 0.020673571807290445 0.020796911671331839 0.00067432267025164334 0.024534141530881577 -0.0092334626225667755 0.026357737269083536 -0.0052087572064330959 -0.014728917496202518 -0.015485974080902954 -0.0038524299855674689 0.021794146248274186 0.02266628218361702 0.010558419999804647 0.010034083191650774 0.024071770956913398 0.028438083589070261
leaf_weight=107.66168449819088 104.21274954080582 59.813013330101967 19.868603616952896 474.58923624455929 122.65297734737396 58.851973757147789 434.28469838202 30.54083976149559 132.69222873449326 37.265898793935776 56.104519456624985 254.31764541566372 105.8861842751503 480.35752269625664 74.163852170109749 75.402977541089058 117.74298284947872 40.356812551617622 62.754194930195808 33.407750397920609 129.43780271708965 38.324540302157402 25.825514405965805 93.183746561408043 43.628438502550125 30.907296761870384 30.100993424654007 40.350835502147675 34.284948691725731 15.288182586431502
leaf_count=739 426 338 100 3263 684 263 2797 127 785 221 245 1117 472 3526 399 333 561 209 334 169 803 266 122 457 189 132 200 220 159 62
internal_value=0 -0.00523114 -0.0108196 -0.0126067 -0.00883328 0.0141488 -0.010962 0.0195763 -0.00630572 0.00091026 0.0169876 0.0450758 0.0138087 -0.0200549 0.00954011 0.00910312 0.00343859 0.00757695 0.00128022 0.0135503 -0.0125784 -0.0170794 0.00887214 0.00482101 0.00809353 0.00300733 -0.00362086 -0.00135016 0.00853924 0.00423893
internal_weight=0 3005.73 2333.67 2142.24 1424.78 672.058 1261.77 444.929 718.758 284.473 414.388 358.53 358.283 717.457 151.781 191.434 227.129 163.01 116.031 53.2764 237.099 543.015 252.397 193.545 167.719 124.091 68.4255 77.6167 167.316 133.031
internal_count=19718 18175 15048 14112 9044 3127 8151 2007 4422 1625 1880 1543 1635 5068 840 936 1120 893 603 269 1542 3729 1163 900 778 589 466 441 782 623
is_linear=0
shrinkage=0.04


Tree=23
num_leaves=31
num_cat=0
split_feature=18 7 23 15 25 25 15 27 34 29 7 5 23 36 25 4 36 2 30 30 2 36 36 27 1 4 36 0 7 27
split_gain=489.095 196.123 42.3071 35.7265 29.9231 23.8235 22.3036 17.25 16.6599 15.6485 15.101 14.7903 14.506 12.0774 11.5756 11.0916 10.9191 9.85352 9.82085 8.71036 8.61529 12.0043 8.01589 7.80363 8.068 7.6636 7.77027 7.27544 7.2402 8.66603
threshold=1.5000000000000002 0.42499999701976782 1.0000000180025095e-35 0.19597221910953525 0.31000000238418585 0.17500000447034839 0.21374999731779101 3.1376634836196904 7.5000000000000009 0.60355338454246532 0.25000000000000006 0.1508942395448685 1.0000000180025095e-35 0.94857603311538707 0.31000000238418585 0.80622702836990368 1.7800819873809817 995.50000000000011 1.4978661537170412 2.3502402305603032 593.50000000000011 0.67649671435356151 0.29378509521484381 4.1658892631530771 1.5000000000000002 0.8679887354373933 1.127008378505707 6.3385550975799569 1.0000000180025095e-35 4.1502518653869638
decision_type=2 2 2 2 2 2 2 2 2 2 2 2 2 2 2 2 2 2 2 2 2 2 2 2 2 2 2 2 2 2
left_child=1 2 4 17 6 9 13 -7 16 15 -2 28 20 -1 -4 -5 18 25 23 22 -9 27 -13 -6 -25 26 -3 -22 -8 -30
right_child=10 3 14 5 8 7 11 12 -10 -11 -12 19 -14 -15 -16 -17 -18 -19 -20 -21 21 -23 -24 24 -26 -27 -28 -29 29 -31
leaf_value=-0.025243693350406278 0.030524639078456827 -0.0023919886419387047 0.0026172176467186992 0.016317125320699413 -0.01112664465125595 0.056707480208739905 -0.020022789895984956 0.0082017090350392716 0.040089657773519499 0.028264416860280112 0.049768294446337055 -0.034505342214831633 0.038875146613383968 -0.014714730539343001 0.031016306792667803 -0.0092675476270590845 0.022903794511707463 0.031650826660850645 -0.017887213087384751 0.022022085315357012 0.021040020123812949 0.027089034895877544 -0.0062850283940397858 -0.0034367702714339994 0.020915481664673136 -0.0091227094829201272 0.015886741835627799 -0.0040687726699142604 0.0020785780820248819 -0.017332788204787935
leaf_weight=423.24950270354748 106.17517197132111 114.16765023767948 140.27186019718647 34.408831879496574 56.991681709885597 18.779447391629219 307.55576854944229 146.15323901176453 13.064161688089369 29.85225236415863 250.82923230528831 14.868624389171599 49.698307231068611 316.43889471888542 25.57111918926239 104.53289878368378 21.070667639374733 12.365860238671301 71.913419902324677 14.832008779048918 30.990606740117073 153.41408064961433 433.98917870223522 46.647339046001434 38.045206338167191 138.82169556617737 52.90502056479454 40.734713435173035 63.585868433117867 84.10165923833847
leaf_count=3136 436 549 716 157 349 78 2205 667 65 147 1119 96 200 2250 113 557 118 58 465 78 138 671 2760 286 224 728 245 192 423 567
internal_value=0 -0.00515482 -0.0119924 0.0101257 -0.0136779 0.0157896 -0.0156125 0.0206748 -0.0007039 0.00296892 0.0442471 -0.0114078 0.0188069 -0.0207912 0.00731345 -0.00278989 -0.0032945 -0.000735633 -0.00606736 -0.00633809 0.0159268 0.0208254 -0.00736876 9.74051e-05 0.00773279 -0.00224195 0.00351559 0.00705653 -0.0165212 -0.00905925
internal_weight=0 2999.02 2072.2 926.825 1906.35 608.564 1658.62 439.77 247.732 168.794 357.004 918.933 420.991 739.688 165.843 138.942 234.668 318.26 213.598 463.69 371.293 225.139 448.858 141.684 84.6925 305.894 167.073 71.7253 455.243 147.688
internal_count=19793 18238 13851 4387 13022 2807 11515 1946 1507 861 1555 6129 1868 5386 829 714 1442 1580 1324 2934 1668 1001 2856 859 510 1522 794 330 3195 990
is_linear=0
shrinkage=0.04


Tree=24
num_leaves=31
num_cat=0
split_feature=31 7 32 3 3 23 26 3 36 23 7 36 2 21 7 16 36 0 21 23 0 4 0 0 30 6 0 16 6 5
split_gain=470.985 142.311 88.2218 33.5928 24.3848 20.3338 16.4813 14.547 14.3635 13.8835 13.4947 10.9176 10.0561 9.43295 9.03606 9.00969 8.18683 9.96486 8.2246 7.67854 8.21842 8.67859 7.66514 7.19577 7.08775 8.6823 7.02595 6.97987 6.81923 6.79634
threshold=0.54342433810234081 0.42499999701976782 1.5000000000000002 3.5000000000000004 1.5000000000000002 1.0000000180025095e-35 1.0000000180025095e-35 1.5000000000000002 1.7154432535171511 1.0000000180025095e-35 0.57499998807907116 0.59510967135429393 819.50000000000011 13.500000000000002 0.57499998807907116 44.483053207397468 0.77899348735809337 6.3732833862304696 1.0000000180025095e-35 1.0000000180025095e-35 7.0527117252349862 0.8051556944847108 7.5315487384796151 7.5735280513763437 1.7005987167358401 5.5154407024383554 7.4360234737396249 2.9694546461105351 5.7054464817047128 0.30505102872848516
decision_type=2 2 2 2 2 2 2 2 2 2 2 2 2 2 2 2 2 2 2 2 2 2 2 2 2 2 2 2 2 2
left_child=1 3 10 5 9 7 14 13 12 -3 -2 -8 15 22 -6 28 17 18 -16 20 29 26 -1 -24 25 -18 -22 -13 -9 -5
right_child=2 4 -4 19 6 -7 11 8 -10 -11 -12 27 -14 -15 16 -17 24 -19 -20 -21 21 -23 23 -25 -26 -27 -28 -29 -30 -31
leaf_value=-0.023120297437414648 -0.0016562216009120452 -0.0051272925891580542 0.043131590700910979 -0.009079307334527522 -0.0027922396252421117 3.2738748070720653e-07 0.0038559252648724348 -0.014315925499007592 0.0032593421305183836 0.023619792579451793 0.022445697384282939 0.037568697820004451 -0.0027542533964535622 0.014131191951670443 0.031518029465451847 -0.021514444494051689 0.018544416416140411 -0.0076045561520486221 -4.4294909582238738e-05 0.027570004140815643 0.041266572124636761 -0.0079713925853567152 0.0087322131985730651 -0.016191088542304659 0.031616287423108139 -0.0059930302590232437 0.0012858049637577578 0.016908158134323614 -0.00050816815073412758 0.012663374529893488
leaf_weight=534.95354051142931 97.256480649113655 263.41325511038303 399.82557724416256 110.96475414931774 98.899904832243919 139.38347285985947 37.006425231695175 326.69264408200979 84.766436606645584 27.923952639102936 57.911469638347626 66.154507741332054 110.10234208405018 11.459907695651053 24.663965120911598 270.22271349281073 81.37124964594841 61.966519802808762 26.168611124157906 15.988636285066603 17.957901597023014 16.592370897531509 19.22555386275053 193.77381414175034 39.545146971940994 30.780065700411797 11.063188701868055 51.662297815084457 69.474725872278214 27.028983891010284
leaf_count=3942 575 1368 1756 667 478 701 174 2208 557 115 251 291 759 68 111 1944 365 295 121 75 103 95 135 1362 179 144 62 236 449 158
internal_value=0 -0.0070745 0.0332351 -0.0128989 0.0070214 -0.0146609 0.0122108 -0.0159202 -0.0123075 -0.0022297 0.00751021 0.0230719 -0.0140108 -0.0199744 0.00748257 -0.0158569 0.0113166 0.00307242 0.0158832 0.00262949 0.000183974 0.0145376 -0.0205333 -0.0138812 0.0173272 0.0118231 0.027091 0.0289426 -0.0119092 -0.00470047
internal_weight=0 2769.21 554.994 1959.65 809.556 1760.06 518.219 1620.67 861.259 291.337 155.168 154.823 776.492 759.413 363.395 666.39 264.496 112.799 50.8326 199.596 183.607 45.6135 747.953 212.999 151.696 112.151 29.0211 117.817 396.167 137.994
internal_count=19744 17162 2582 13285 3877 12125 2394 11424 5917 1483 826 701 5360 5507 1693 4601 1215 527 232 1160 1085 260 5439 1497 688 509 165 527 2657 825
is_linear=0
shrinkage=0.04


Tree=25
num_leaves=31
num_cat=0
split_feature=18 7 23 25 7 2 25 2 20 27 22 20 4 7 27 4 26 7 26 22 26 29 15 8 4 25 27 6 13 0
split_gain=429.03 165.383 47.1228 34.6133 21.3175 14.6772 14.319 14.1016 14.4697 11.7701 17.9222 11.571 11.1896 10.7884 10.2764 10.9937 9.92799 9.21216 8.84061 10.0111 8.83561 8.51124 8.09754 7.83275 7.41859 7.33369 7.332 7.30797 7.30297 6.80022
threshold=1.5000000000000002 0.57499998807907116 1.0000000180025095e-35 0.17500000447034839 1.0000000180025095e-35 857.50000000000011 0.27500000596046453 720.50000000000011 0.28611111640930181 3.6415249109268193 0.32601387798786169 0.19597221910953525 0.83033692836761486 0.25000000000000006 4.5470111370086679 0.87419614195823681 1.0000000180025095e-35 1.0000000180025095e-35 1.0000000180025095e-35 0.21589706093072894 1.0000000180025095e-35 0.60355338454246532 0.21374999731779101 7.5000000000000009 0.90659204125404369 0.27500000596046453 4.8239037990570077 4.4829866886138925 1.0000000180025095e-35 7.568376064300538
decision_type=2 2 2 2 2 2 2 2 2 2 2 2 2 2 2 2 2 2 2 2 2 2 2 2 2 2 2 2 2 2
left_child=1 2 3 11 7 6 16 18 -9 10 27 -1 -13 -2 15 -4 26 -14 19 -5 -11 -19 -7 -16 -18 -17 -3 -6 -8 -21
right_child=13 5 14 4 9 22 28 8 -10 20 -12 12 17 -15 23 25 24 21 -20 29 -22 -23 -24 -25 -26 -27 -28 -29 -30 -31
leaf_value=-0.025106886973122675 0.029977633187194014 -0.0012339062294346296 0.026017989064254322 -0.025266792533498946 0.027880774123769138 0.0098463674470793006 0.021960367828854518 -0.0066597315402541213 0.028538040861719609 -0.0073242213260441081 0.052719558173838665 -0.0040982359470747047 -0.023951855890966378 0.046738315627838131 0.010542516893747392 -0.0086935150058542205 0.020230672876606164 -0.014110662047489755 -0.0072271046614826185 -0.015929461582902975 0.0048194179042824322 0.014723534366156806 0.037443092531176961 -0.018817292532313019 -0.01054217859029539 0.01830973404193826 0.016806781089652154 -0.0070898770921239895 0.0021378062757464807 0.00067837093341491142
leaf_weight=287.43629322946072 103.49945865571499 230.73270690441132 69.052549973130226 183.02695023268461 11.054979041218756 27.257536932826042 176.20577099919319 249.78075017780066 18.216574966907501 317.04482650756836 13.190276473760603 119.74338530749083 189.9822645559907 244.81882159411907 25.571051135659218 35.944865822792053 88.946379348635674 92.15436989814043 169.71589907258749 211.48850595206022 135.41738223284483 18.122423946857452 53.01821494102478 29.028609335422516 13.266730621457098 26.007570251822472 40.670727148652077 33.846088908612728 36.245042711496353 48.192825078964233
leaf_count=2191 430 1134 322 1325 63 128 748 1687 110 1914 59 748 1460 1127 123 194 418 630 1146 1397 800 121 230 148 68 114 200 205 159 313
internal_value=0 -0.00486125 -0.00997563 -0.0116848 -0.00800188 0.0126467 0.0103801 -0.011766 -0.00407356 -0.00149022 0.0151546 -0.0188831 -0.014525 0.0419576 0.00926616 0.0152745 0.00561463 -0.0186285 -0.0151081 -0.0180832 -0.00368454 -0.00919431 0.0285398 -0.00518035 0.0161109 0.00286051 0.00157272 0.00234192 0.01863 -0.0128657
internal_weight=0 2950.36 2284.02 2098.41 1390.98 666.343 586.067 880.422 267.997 510.554 58.0913 707.439 420.002 348.318 185.605 131.005 373.617 300.259 612.424 442.708 452.462 110.277 80.2758 54.5997 102.213 61.9524 271.403 44.9011 212.451 259.681
internal_count=19712 18155 15070 14169 9019 3085 2727 5978 1797 3041 327 5150 2959 1557 901 630 1820 2211 4181 3035 2714 751 358 271 486 308 1334 268 907 1710
is_linear=0
shrinkage=0.04


Tree=26
num_leaves=31
num_cat=0
split_feature=18 7 23 15 3 23 15 7 36 7 2 7 3 3 7 27 27 2 36 6 6 27 4 0 0 6 0 6 6 27
split_gain=388.805 148.23 36.0068 28.7345 27.5428 23.6458 19.7307 19.2545 18.0168 12.102 11.6286 10.0232 9.39527 9.34046 10.1574 8.94248 8.84609 8.81384 10.7695 8.25276 8.85038 13.2909 7.47628 7.35279 6.76089 6.71695 6.19411 6.01064 10.9202 6.28539
threshold=1.5000000000000002 0.42499999701976782 1.0000000180025095e-35 0.19597221910953525 1.5000000000000002 1.0000000180025095e-35 0.21374999731779101 1.0000000180025095e-35 0.91688340902328502 0.25000000000000006 589.50000000000011 0.25000000000000006 3.5000000000000004 2.5000000000000004 0.57499998807907116 5.2493896484375009 3.7123510837554936 691.50000000000011 1.6728793978691103 5.6542406082153329 4.5900437831878671 4.0595800876617441 0.88063490390777599 7.5261752605438241 7.5735280513763437 3.5114340782165532 7.2341706752777108 5.8735244274139413 6.0100402832031259 4.7608909606933603
decision_type=2 2 2 2 2 2 2 2 2 2 2 2 2 2 2 2 2 2 2 2 2 2 2 2 2 2 2 2 2 2
left_child=1 2 4 19 11 8 12 17 13 -2 -10 15 26 14 -5 23 -12 18 -8 20 -3 -22 -4 -1 -25 -18 -6 -21 -29 -30
right_child=9 3 22 5 6 -7 7 -9 10 -11 16 -13 -14 -15 -16 -17 25 -19 -20 27 21 -23 -24 24 -26 -27 -28 28 29 -31
leaf_value=-0.023509795865039804 0.028206602907258477 -0.015977459192780225 0.013876631530869096 -0.015986033691614686 -0.020387628171048829 0.03657547641332725 -0.014270678535822947 0.0083808218926642725 0.0073256036727784492 0.045877282581429854 0.042297757038248389 -0.0074863580568333248 -0.0017125550208515897 0.013102474392122089 0.0045348558858991344 0.0093969646805379201 -0.0038097634101564915 -4.3571360309488571e-05 0.0089092455342663045 -0.019985662261213216 -0.0083244255167788644 0.019312208672941908 -0.003251786538232731 0.0083909959172352618 -0.016264780807846487 0.023016325158366921 -0.0091618735436319858 0.0188518993787898 -0.013095109294056072 0.01342139226514542
leaf_weight=446.2283705547452 102.54188960790634 23.118787780404091 101.20889434218407 52.141545251011848 260.6746476367116 62.936765134334564 268.33105292916298 162.21810685098171 95.743258714675903 235.23294104635715 36.47810772061348 125.93387512862682 78.874302968382835 113.96502846479416 132.49381485581398 15.099313780665396 16.60584944486618 163.4318837299943 35.022734582424164 41.493517637252808 40.466652452945709 81.118337377905846 66.341706067323685 18.742093324661255 160.86767139285803 111.08909659087658 119.69484432786703 27.33920656144619 84.994646579027176 15.430019244551657
leaf_count=3405 429 111 487 279 1947 256 1777 994 444 1102 155 851 494 498 645 114 76 1053 217 211 194 394 344 134 1165 498 862 137 434 77
internal_value=0 -0.00446746 -0.0105536 0.00868713 -0.0121572 0.013657 -0.00804189 -0.00342136 0.0109531 0.0407104 0.018615 -0.0179611 -0.0143281 0.00420435 -0.00136951 -0.0199896 0.0250314 -0.00754112 -0.0115537 -0.00117439 0.0057964 0.0101282 0.00713627 -0.0207262 -0.0136279 0.0195228 -0.0169215 -0.00713205 -0.00271393 -0.00883839
internal_weight=0 2958.08 2022.67 935.415 1855.12 621.453 1088.25 629.004 558.517 337.775 259.916 766.871 459.244 298.6 184.635 640.937 164.173 466.786 303.354 313.961 144.704 121.585 167.551 625.838 179.61 127.695 380.369 169.257 127.764 100.425
internal_count=19784 18253 13844 4409 13013 2851 7344 4041 2595 1531 1173 5669 3303 1422 924 4818 729 3047 1994 1558 699 588 831 4704 1299 574 2809 859 648 511
is_linear=0
shrinkage=0.04


Tree=27
num_leaves=31
num_cat=0
split_feature=18 7 25 25 3 1 20 21 7 3 5 3 31 16 7 1 27 0 16 31 0 28 36 15 2 13 25 36 36 6
split_gain=362.392 145.276 38.2154 27.0078 24.326 18.7706 15.7502 14.9877 13.4136 13.0195 12.7503 12.5415 11.5664 11.5194 10.5189 12.9904 10.4048 9.83089 9.80178 9.10055 8.90892 8.74088 9.76713 9.78827 8.8132 8.71836 8.67088 8.59209 8.57388 7.96458
threshold=1.5000000000000002 0.42499999701976782 0.31000000238418585 0.17500000447034839 1.5000000000000002 2.5000000000000004 0.21374999731779101 1.5000000000000002 0.25000000000000006 2.5000000000000004 0.15534830838441852 2.5000000000000004 0.10818713530898096 91.53562164306642 1.0000000180025095e-35 2.5000000000000004 4.7531590461730966 7.4593348503112802 12.439978599548342 0.4083333313465119 6.8200013637542733 0.37940952181816107 0.61514970660209667 0.21374999731779101 704.50000000000011 1.0000000180025095e-35 0.23499999940395358 1.7556618452072146 0.70309320092201244 3.5694335699081425
decision_type=2 2 2 2 2 2 2 2 2 2 2 2 2 2 2 2 2 2 2 2 2 2 2 2 2 2 2 2 2 2
left_child=1 2 4 10 12 9 18 11 26 21 -3 28 17 -7 15 27 -17 -1 -6 -12 -11 22 24 -24 -5 -19 -2 -8 -4 -25
right_child=8 3 7 5 6 13 14 -9 -10 20 19 -13 -14 -15 -16 16 -18 25 -20 -21 -22 -23 23 29 -26 -27 -28 -29 -30 -31
leaf_value=-0.023323652460797598 0.0053502459658436056 -0.011851788940015935 -0.015838746175239872 -0.00081494077079996737 0.015417419370101189 0.036538700357676958 -0.012033276547444946 0.038726167614114668 0.045311869820201044 0.010207099214116113 0.00092883195778497532 0.015609447726988255 -0.0036271555339388497 0.0029427724587549691 0.0042267255347557039 0.0013968588043336868 0.042548319996714865 -0.0081961918502166629 -0.015961832661533525 0.025455122723932796 0.027886282111984455 0.018156599130570196 -0.0037655935305440373 -0.012136105517347458 -0.030141871854572622 -0.027900478298571344 0.033187593990724115 0.0069359602321713426 0.0022100325644180386 0.016868538687395417
leaf_weight=430.4902181327343 24.290764629840851 114.60563807189465 63.709069542586803 59.747681051492691 15.0970511585474 75.04243765771389 366.34104037284851 16.369927793741226 229.24922180175781 98.058830708265305 127.56376972794533 68.290352359414101 80.293460138142109 21.191655576229095 162.86280988901854 49.488118961453438 10.3134194239974 167.32356239855289 379.25749582797289 27.923300519585609 89.735069170594215 73.376357302069664 81.629041388630867 15.742687001824377 20.656958803534508 44.915570713579655 76.777214050292969 41.327733427286148 116.13293914496899 125.53758238255978
leaf_count=3287 102 660 435 295 107 322 2421 78 1093 419 618 355 548 94 993 314 67 1202 2749 125 375 340 401 72 101 336 323 258 730 564
internal_value=0 -0.00424291 -0.0102843 0.00881129 -0.012427 0.0131567 -0.008436 0.00386083 0.0398217 0.010302 -0.00183739 0.00126942 -0.0180443 0.0293511 -0.00448998 -0.00753188 0.00964113 -0.0198285 -0.0146888 0.00560074 0.0188597 0.00595861 0.00290812 0.00720794 -0.00889809 -0.0125877 0.0267308 -0.0100858 -0.00428763 0.0135123
internal_weight=0 2943.02 2012.21 930.811 1747.71 660.718 1024.69 264.502 330.317 564.484 270.093 248.132 723.023 96.2341 630.333 467.47 59.8015 642.729 394.355 155.487 187.794 376.69 303.314 222.909 80.4046 212.239 101.068 407.669 179.842 141.28
internal_count=19784 18266 13880 4386 12282 2983 6909 1598 1518 2567 1403 1520 5373 416 4053 3060 381 4825 2856 743 794 1773 1433 1037 396 1538 425 2679 1165 636
is_linear=0
shrinkage=0.04


Tree=28
num_leaves=31
num_cat=0
split_feature=22 7 25 25 23 5 1 1 23 3 2 8 36 3 23 36 31 5 0 4 2 23 25 7 23 5 16 36 28 5
split_gain=372.709 135.077 35.5443 29.6767 19.6973 18.9604 18.3007 16.0821 14.8669 12.7055 11.3293 11.0537 10.8398 10.5274 9.5541 9.32776 9.13261 8.78649 7.68421 7.61337 8.02466 7.52129 7.60389 7.13507 6.91559 6.88254 7.73824 6.69 6.64133 6.75812
threshold=0.43935896456241613 0.42499999701976782 0.27500000596046453 0.17500000447034839 1.0000000180025095e-35 0.249743327498436 2.5000000000000004 3.5000000000000004 1.0000000180025095e-35 1.5000000000000002 739.50000000000011 7.5000000000000009 1.1330381631851199 2.5000000000000004 1.0000000180025095e-35 1.6424235701560976 0.47407408058643347 0.34005814790725714 7.3498685359954843 0.85602489113807689 798.50000000000011 1.0000000180025095e-35 0.31000000238418585 1.0000000180025095e-35 1.0000000180025095e-35 0.16074434667825702 118.67515182495119 2.0964355468750004 -0.6035533845424651 0.11869595199823381
decision_type=2 2 2 2 2 2 2 2 2 2 2 2 2 2 2 2 2 2 2 2 2 2 2 2 2 2 2 2 2 2
left_child=1 2 5 19 7 10 8 9 12 18 16 -2 13 -5 25 17 23 -11 -4 -3 28 22 -13 -1 -25 26 -12 -17 -21 -30
right_child=11 3 4 6 -6 -7 -8 -9 -10 15 14 21 -14 -15 -16 27 -18 -19 -20 20 -22 -23 -24 24 -26 -27 -28 -29 29 -31
leaf_value=-0.022278727691715301 0.041227623370301954 0.0039760795978940177 -0.019621432836410442 -0.0012169161593034894 0.017629727920143497 -0.0035716373322999041 0.029808471363638345 0.032039156812165744 0.029350423859437872 -0.0059009543182971533 -0.011222573123905719 0.0017865664976836895 0.016656497810600811 0.013948406321704569 0.014620135019088147 0.028112162368897572 -0.0025616750351706847 0.018145241703598276 -0.004600480951658349 -0.0246769151883907 0.011647979670313027 0.045451731438865536 0.032909680013950449 -0.015643121258979212 0.0090566587844981093 -0.0018889870406098149 -0.030780856103044842 -0.0029929369266986127 -0.023240172826865583 0.0049331892893256166
leaf_weight=531.16098112612963 305.31627623736858 125.68329490721226 130.8562084287405 220.42720091342926 67.384404703974724 234.91472271829844 89.165148794651031 16.289505913853645 56.845913544297218 267.33089884370565 156.29963457584381 32.97678354382515 153.80407127737999 107.47082860767841 22.717357143759727 25.533176183700562 53.902024671435356 24.784261867403984 95.008272841572762 49.593968152999878 21.652847617864609 15.094560772180555 18.535553589463234 210.32990514487028 18.549607887864113 85.092702634632587 40.678192794322968 17.90461391210556 18.598015114665031 38.699617609381676
leaf_count=4111 1438 597 923 1084 298 1530 387 93 231 1648 1209 149 682 460 120 138 363 145 606 286 118 64 80 1555 97 606 324 97 110 216
internal_value=0 -0.00451 -0.0102607 0.00851658 -0.00252324 -0.0139389 0.0131744 -0.00492661 0.0103202 -0.0061091 -0.0161056 0.0379361 0.00796238 0.00380805 -0.0094311 -0.00115199 -0.0185757 -0.00375126 -0.0133988 -0.002997 -0.00977134 0.0220865 0.0137969 -0.0197018 -0.0135802 -0.0114574 -0.0155304 0.0157236 -0.0142445 -0.00468691
internal_weight=0 2880.68 1998.74 881.941 645.091 1353.65 627.713 577.707 538.548 561.417 1118.73 371.923 481.702 327.898 304.788 335.553 813.943 292.115 225.864 254.228 128.544 66.6069 51.5123 760.04 228.88 282.071 196.978 43.4378 106.892 57.2976
internal_count=19765 18034 13863 4171 3948 9915 2844 3650 2457 3557 8385 1731 2226 1544 2259 2028 6126 1793 1529 1327 730 293 229 5763 1652 2139 1533 235 612 326
is_linear=0
shrinkage=0.04


Tree=29
num_leaves=31
num_cat=0
split_feature=33 7 25 23 22 25 23 5 5 22 5 22 2 6 16 15 2 20 26 20 7 0 27 22 0 6 16 5 16 5
split_gain=346.678 130.967 32.0743 28.3497 21.0703 19.5867 19.0044 12.2975 10.2521 10.2446 9.90253 9.93493 9.29676 8.86144 10.5715 9.14357 7.64017 6.58828 6.4483 8.88266 7.33186 6.69082 7.41475 6.60515 7.0798 6.40508 7.15435 6.51095 6.35671 6.17086
threshold=1.0000000180025095e-35 0.25000000000000006 0.17500000447034839 1.0000000180025095e-35 0.16398936510086062 0.27500000596046453 1.0000000180025095e-35 0.1569853946566582 0.34005814790725714 0.3828947395086289 0.18615451455116275 0.20726351439952853 767.50000000000011 4.1510088443756112 1.9231573939323428 0.39333333075046545 861.50000000000011 0.21374999731779101 1.0000000180025095e-35 0.16550000011920932 0.57499998807907116 7.2413599491119394 3.9731177091598515 0.1782820522785187 7.5422098636627206 5.4094088077545175 104.87001037597658 0.36983899772167211 10.206943035125734 0.14959898591041568
decision_type=2 2 2 2 2 2 2 2 2 2 2 2 2 2 2 2 2 2 2 2 2 2 2 2 2 2 2 2 2 2
left_child=1 2 10 5 25 7 8 13 12 16 -1 -12 29 -3 -15 -16 -7 -14 21 -20 -21 -9 -23 -24 -25 26 -4 -27 -11 -6
right_child=-2 3 4 -5 6 9 -8 18 -10 28 11 -13 17 14 15 -17 -18 -19 19 20 -22 22 23 24 -26 27 -28 -29 -30 -31
leaf_value=-0.023103420296548719 0.037760915996751056 -0.024382307134882836 -0.017969376514060789 0.02537424155851976 -0.014134746202170159 0.0064668057316531807 0.011605930015382369 -0.0020673896252335457 0.010807196208035981 0.047181789940529156 -0.023569258453312626 -0.0053868098127528427 -0.011267535302876877 0.006772984597969137 -0.01167636621596032 0.014140074957433187 0.026204562533523372 0.0045526270118545391 -0.0043817341172932645 0.0026167770388940493 0.031729537765331418 0.032454816241585291 0.02375554664584521 0.011869280016383266 -0.025615638935715671 -0.025691845760547484 0.014719344373413967 0.0085462768587698714 0.01513351284169155 -0.0064524147687377159
leaf_weight=371.25035727024078 341.78747357428074 33.277617864310741 25.834524028003216 106.90095061063766 338.72062829881907 267.49350632727146 93.745567232370377 176.53869563341141 46.645787991583347 17.314408004283905 74.265107616782188 134.64368039369583 59.066911526024342 108.8887879550457 178.32041464745998 23.277194797992706 34.025859728455544 133.74715757369995 27.438791587948799 20.741334050893784 42.055833756923676 19.085171729326248 14.291388079524038 13.90129739046097 14.690328061580656 141.02426961064339 15.562183700501917 8.5536066293716413 26.460811331868172 340.8319898173213
leaf_count=3046 1604 196 184 452 2493 1248 439 855 287 73 553 884 431 622 1083 119 154 855 139 106 183 91 74 68 73 1055 100 55 111 2213
internal_value=0 -0.00471295 -0.0114476 0.00597028 -0.00770258 0.00388649 -0.0053818 -9.68996e-05 -0.0071361 0.0116005 -0.0191648 -0.0120127 -0.00811806 -0.0053712 -0.0031906 -0.00858589 0.00885217 -0.000359663 0.00541753 0.0144021 0.0224914 0.00192685 0.0130147 0.00330224 -0.00780594 -0.0198266 -0.00556875 -0.023647 0.0293172 -0.0103119
internal_weight=0 2908.59 1783.89 1124.7 1203.73 1017.8 1012.76 672.507 919.012 345.295 580.159 208.909 872.367 343.764 310.486 201.598 301.519 192.814 328.743 90.236 62.7972 238.507 61.9682 42.883 28.5916 190.975 41.3967 149.578 43.7752 679.553
internal_count=19846 18242 12595 5647 8112 5195 6718 3609 6279 1586 4483 1437 5992 2020 1824 1202 1402 1286 1589 428 289 1161 306 215 141 1394 284 1110 184 4706
is_linear=0
shrinkage=0.04


Tree=30
num_leaves=31
num_cat=0
split_feature=18 7 25 3 7 23 1 15 36 31 36 27 28 16 3 6 34 16 16 26 34 36 27 8 29 31 4 2 2 16
split_gain=293.069 120.609 36.7912 26.9875 19.1296 17.6307 16.2091 15.3003 14.6795 14.4852 12.77 10.9932 9.91007 9.67161 9.21592 8.01597 7.95747 7.49806 7.28213 7.25812 7.2154 7.17991 8.93747 10.495 7.51501 12.3036 9.34867 7.40107 7.86126 7.52292
threshold=1.5000000000000002 0.57499998807907116 0.27500000596046453 1.5000000000000002 0.25000000000000006 1.0000000180025095e-35 3.5000000000000004 0.21374999731779101 1.0341922044754031 0.54342433810234081 1.6937969923019411 3.5596235990524296 -0.7865660786628722 12.439978599548342 2.5000000000000004 4.2555875778198251 39.500000000000007 71.389400482177749 28.401596069335941 1.0000000180025095e-35 6.5000000000000009 0.66885957121849071 4.5824129581451425 3.5000000000000004 1.0000000180025095e-35 0.15587044507265094 0.87909165024757396 589.50000000000011 617.50000000000011 40.24903869628907
decision_type=2 2 2 2 2 2 2 2 2 2 2 2 2 2 2 2 2 2 2 2 2 2 2 2 2 2 2 2 2 2
left_child=1 2 3 16 -2 9 8 13 14 21 -9 18 -12 -5 17 -16 -1 20 -10 -13 -4 22 -3 -24 27 26 -26 -23 -29 -30
right_child=4 5 6 7 -6 -7 -8 10 11 -11 12 19 -14 -15 15 -17 -18 -19 -20 -21 -22 24 23 -25 25 -27 -28 28 29 -31
leaf_value=-0.019309308167491959 0.021108165844100964 -0.0064430114223610483 -0.0081092897288811364 0.015922100179667983 0.043003127344943569 0.030540546318864097 0.033157473421271628 -0.0054439876972642767 0.043800379866058357 0.023586549665639906 -0.0061177008539985622 -0.0025155832784996357 0.027293274218405997 -0.015375032555496047 0.023475639515056677 -0.002311345704430584 0.010543039511582135 -0.019354562575320682 0.0017123516547539778 0.012064033253984608 0.017860627954020439 -0.0037848969591780623 0.034999857732307058 -0.0011978859452324933 0.019460413926490231 0.040697691815040002 -0.0052624491371006188 0.036355499817623843 0.014806655187741253 -0.0047614259738487626
leaf_weight=596.03586237132549 99.13436384499073 123.65123365819454 213.71736027300358 14.992946967482565 218.38366791605949 62.656877279281616 19.341154456138611 463.53048498183489 16.227219521999363 85.975208163261414 22.305181860923767 163.65528902411461 34.327601030468941 343.02290842682123 22.291991919279099 92.26178677380085 13.451467916369436 96.758500836789608 10.554571613669394 79.627994760870934 16.721432574093342 93.360820546746254 19.139735251665115 32.224607884883881 63.516318470239639 25.795702755451202 37.937171459197998 14.879650384187697 77.227354109287262 50.824146881699562
leaf_count=4614 426 601 1375 108 1096 257 101 3027 83 364 140 945 211 2560 112 479 78 687 61 437 84 448 92 156 285 117 187 70 349 237
internal_value=0 -0.00401634 -0.00855039 -0.0121574 0.0363421 0.0106057 -0.00119817 -0.0076413 -0.00222195 0.00851463 -0.00323948 0.00510135 0.0143743 -0.0139832 -0.00670188 0.00302348 -0.0186181 -0.0101045 0.0284853 0.00231587 -0.00608736 0.00603019 -0.000625266 0.0130966 0.00922014 0.0169907 0.0102926 0.00492803 0.0105929 0.00708622
internal_weight=0 2906.01 2218.82 1487.67 317.518 687.189 731.157 878.179 711.816 624.532 520.163 270.065 56.6328 358.016 441.751 114.554 609.487 327.197 26.7818 243.283 230.439 538.557 175.016 51.3643 363.541 127.249 101.453 236.292 142.931 128.052
internal_count=19787 18265 15102 10738 1522 3163 4364 6046 4263 2906 3378 1526 351 2668 2737 591 4692 2146 144 1382 1459 2542 849 248 1693 589 472 1104 656 586
is_linear=0
shrinkage=0.04


Tree=31
num_leaves=31
num_cat=0
split_feature=22 7 3 20 2 7 20 2 7 23 15 23 8 27 0 6 29 23 27 0 5 3 27 1 5 2 27 26 0 27
split_gain=297.654 107.187 38.1106 28.8117 17.7016 13.8784 13.1978 12.6712 10.9348 10.1201 9.25922 8.52726 8.46757 8.31375 8.12871 8.25375 7.11274 6.88277 6.84452 6.82303 8.08474 6.71086 6.52931 6.12668 6.0964 5.91839 6.42084 5.78686 8.97869 6.70801
threshold=0.51148718595504772 0.57499998807907116 3.5000000000000004 0.19597221910953525 724.50000000000011 0.42499999701976782 0.28611111640930181 854.50000000000011 1.0000000180025095e-35 1.0000000180025095e-35 0.19597221910953525 1.0000000180025095e-35 6.5000000000000009 3.3516553640365605 6.9527173042297372 4.7833075523376474 -0.91597560048103321 1.0000000180025095e-35 3.9806153774261479 7.219635248184205 0.16255237162113192 1.5000000000000002 4.0333549976348886 2.5000000000000004 0.30505102872848516 649.50000000000011 3.9170099496841435 1.0000000180025095e-35 6.6280195713043222 3.8867046833038335
decision_type=2 2 2 2 2 2 2 2 2 2 2 2 2 2 2 2 2 2 2 2 2 2 2 2 2 2 2 2 2 2
left_child=1 2 3 9 8 17 13 10 -5 19 -3 14 -8 -6 24 -16 -9 -2 25 20 -1 -12 -18 -22 -4 26 -10 29 -29 -23
right_child=5 7 11 4 6 -7 12 16 18 -11 21 -13 -14 -15 15 -17 22 -19 -20 -21 23 27 -24 -25 -26 -27 -28 28 -30 -31
leaf_value=-0.025297620638108486 0.015998424977183793 0.00095286792971585848 -0.0053450691201868432 -0.013025573737746137 0.029642410685361331 0.04224048551101376 0.040566647477750586 0.00038815354436393177 0.0051041642105074756 -0.0011333858692841496 0.0037946888341940151 0.030272221856348796 0.0074844914831326869 -0.0035095913810350167 0.0017498710780980426 0.028104764412383888 0.04491207117444472 0.040927028270230807 -0.0074969774603965015 -0.012771476482405909 -0.016118749018435977 0.022804699392727973 0.018225607969461328 0.0089412090210527918 0.013290832975818923 -0.011932058110921049 0.036260046016418024 0.0035932943134999308 0.032364215186742928 0.0056264358595853395
leaf_weight=259.72204931825399 70.940950497984886 202.38097028434277 122.44915387034416 516.72973117977381 10.642291650176047 221.93823537230492 17.204778291285038 15.925335496664045 66.210090957581997 65.204727247357368 123.34201973676682 19.83137258887291 38.268531948328018 286.37501411139965 39.021741390228271 35.613361775875092 27.218514427542686 24.434818908572197 225.5750887170434 288.14462046325207 131.85520097613335 50.873137012124062 39.478006675839424 16.382118165493011 34.284809991717339 23.491323977708817 10.826488018035887 25.256804630160332 57.582568943500519 123.044079169631
leaf_count=2136 316 983 733 3663 61 1113 92 73 394 337 590 91 224 1895 213 197 118 107 1380 2184 971 223 177 119 190 138 68 109 245 552
internal_value=0 -0.00404133 -0.00828105 -0.0101635 -0.00627288 0.0366664 0.00125005 0.0100152 -0.00941464 -0.0162397 0.00788047 0.00634615 0.0187994 -0.00213142 0.00405351 0.0147308 0.024523 0.0230944 -0.00364838 -0.0176474 -0.0210122 0.0115447 0.0301067 -0.0132671 -0.00115246 0.00496529 0.0102895 0.0152096 0.0238838 0.0108534
internal_weight=0 2872.93 2207.83 1956.63 1195.32 317.314 352.491 665.101 842.833 761.309 582.48 251.2 55.4733 297.017 231.369 74.6351 82.6219 95.3758 326.103 696.104 407.959 380.099 66.6965 148.237 156.734 100.528 77.0366 256.757 82.8394 173.917
internal_count=19692 18156 15086 13662 7915 1536 2272 3070 5643 5747 2702 1424 316 1956 1333 410 368 423 1980 5410 3226 1719 295 1090 923 600 462 1129 354 775
is_linear=0
shrinkage=0.04


Tree=32
num_leaves=31
num_cat=0
split_feature=18 9 25 25 3 5 36 13 36 36 23 5 31 25 16 1 9 25 2 20 2 20 22 3 27 29 29 4 36 14
split_gain=275.46 96.5575 32.2501 22.3242 17.7584 13.5049 11.7171 11.4601 11.1379 10.857 12.4764 10.5679 9.48658 9.80183 9.03899 9.97365 9.03443 9.09272 8.47726 8.33135 8.07176 7.79966 7.60371 7.1536 8.57992 7.13954 6.86303 6.6723 8.35502 6.45143
threshold=1.5000000000000002 1.0000000180025095e-35 0.27500000596046453 0.27500000596046453 1.5000000000000002 0.14002618193626407 1.7154432535171511 1.0000000180025095e-35 1.3535265922546389 1.7800819873809817 1.0000000180025095e-35 0.30852118134498602 0.24404761940240863 0.31000000238418585 72.143795013427749 1.5000000000000002 1.0000000180025095e-35 0.23499999940395358 611.50000000000011 0.19597221910953525 655.50000000000011 0.25690476596355444 0.32601387798786169 3.5000000000000004 3.9731177091598515 0.37940952181816107 0.12940952181816107 0.8029385805130006 0.59510967135429393 1.2424533367156985
decision_type=2 2 2 2 2 2 2 2 2 2 2 2 2 2 2 2 2 2 2 2 2 2 2 2 2 2 2 2 2 2
left_child=1 3 4 5 21 -1 11 9 23 10 14 19 29 -14 15 -4 -2 -18 -13 -6 -11 -3 -9 24 -7 -26 -23 28 -21 -5
right_child=16 2 7 12 6 8 -8 22 -10 20 -12 18 13 -15 -16 -17 17 -19 -20 27 -22 26 -24 -25 25 -27 -28 -29 -30 -31
leaf_value=-0.005599097229610839 0.040822714023348132 -0.019781498576347631 -0.0062975056127173587 0.011610307420701746 -0.018486572615744015 0.011124600682565038 0.0062560705451421127 -0.016418807001557484 0.018730143174821991 0.0030246764004079169 0.01797365444873851 -0.0094330908913573212 0.013003103671242675 0.038706604008916227 -0.012640236221452533 0.0088831471268618484 0.003465327932974428 0.03188671829588878 0.015064715175540283 0.020535035107586336 0.035621802493741812 0.012033634772791253 0.011856731439876247 0.013188208100960304 -0.0095650765368127961 0.0083453188223647952 -0.023167125672328877 -0.011516408046554528 -0.0067240773109302132 -0.012618932222579975
leaf_weight=248.14399507641792 211.51908214390278 480.40898476541042 147.22772392630577 251.08843789994717 219.88554792106152 70.974187046289444 73.843563482165337 103.75916626304388 86.74557001888752 25.354633927345276 48.426124796271324 44.473691247403622 57.716828361153603 42.544729232788086 112.05284449458122 127.21346861869097 24.409460186958313 72.878761827945709 42.077029407024384 23.762255318462849 22.089846938848495 23.465912275016308 16.296836599707603 78.139450490474701 138.37853260338306 45.998173356056213 11.592104524374006 264.70547914505005 57.703926667571068 17.284539997577667
leaf_count=1379 1104 3950 947 1115 1763 339 507 700 398 141 213 303 243 178 790 771 105 318 281 153 119 172 91 340 694 227 86 1913 360 84
internal_value=0 -0.00361346 -0.00910062 0.00614422 -0.0127797 0.00177238 -0.00871124 -0.00149877 0.00613105 0.00126683 -0.000749 -0.0104188 0.0140186 0.0244538 -0.00317533 0.000752637 0.036021 0.0249693 0.00254789 -0.0124034 0.0190287 -0.0184576 -0.0124492 0.00276173 -0.000506556 -0.0050552 -0.000227819 -0.00845535 0.00152846 0.00996802
internal_weight=0 2881.35 1844.34 1037.01 1241.92 668.38 726.451 602.421 420.236 482.365 434.92 652.608 368.635 100.262 386.494 274.441 308.807 97.2882 86.5507 566.057 47.4445 515.467 120.056 333.49 255.351 184.377 35.058 346.172 81.4662 268.373
internal_count=19784 18257 13260 4997 9488 3377 5280 3772 1998 2981 2721 4773 1620 421 2508 1718 1527 423 584 4189 260 4208 791 1600 1260 921 258 2426 513 1199
is_linear=0
shrinkage=0.04


Tree=33
num_leaves=31
num_cat=0
split_feature=18 7 25 26 23 27 7 34 14 25 1 15 31 2 23 5 27 3 34 0 2 20 2 18 29 29 26 31 2 25
split_gain=247.148 98.7285 31.5328 21.2419 18.3168 14.8154 14.1319 12.6171 12.5529 11.325 11.2051 10.5221 10.5075 10.4197 10.1734 11.6056 9.79937 8.13655 9.64612 10.5774 8.06491 9.13114 12.7411 8.82313 7.59248 7.26538 7.00159 7.64995 6.87386 7.84503
threshold=1.5000000000000002 0.42499999701976782 0.2100000008940697 1.0000000180025095e-35 1.0000000180025095e-35 3.1759661436080937 0.25000000000000006 8.5000000000000018 0.89587974548339855 0.31000000238418585 2.5000000000000004 0.19597221910953525 0.37980769574642187 835.50000000000011 1.0000000180025095e-35 0.10794202983379365 4.1766920089721689 3.5000000000000004 3.5000000000000004 6.980994939804078 739.50000000000011 0.25690476596355444 579.50000000000011 1.0000000180025095e-35 0.12940952181816107 0.12940952181816107 1.0000000180025095e-35 0.64495798945426952 716.50000000000011 0.17500000447034839
decision_type=2 2 2 2 2 2 2 2 2 2 2 2 2 2 2 2 2 2 2 2 2 2 2 2 2 2 2 2 2 2
left_child=1 2 7 5 8 -3 -2 20 9 26 14 -7 -10 -11 15 -5 -9 18 28 -20 21 -1 24 -22 -23 -21 27 -4 -13 -30
right_child=6 3 4 10 -6 11 -8 16 12 13 -12 17 -14 -15 -16 -17 -18 -19 19 25 23 22 -24 -25 -26 -27 -28 -29 29 -31
leaf_value=-0.020221146459653606 0.020790152028867595 0.036903957844920052 -0.010040964236721807 -0.017616164815376766 0.010671065410987808 -0.0048534157934498204 0.040004000423544801 0.030537279836109443 -0.016614829790360653 0.001321093306580849 0.035426285746812121 -0.0067912922252968688 0.003775306148769243 0.028457179363119981 0.03532718220856778 0.012760665239281101 -0.0096586461622487092 0.018340938274882774 -0.00043785065164004145 0.01157366963919941 -3.2460224970756221e-05 0.032664652790912602 -0.021399972742475574 -0.01710958694864342 -0.01070661932801998 0.038672362855124869 0.0008349624282106763 0.01493130848883242 -0.012628542809170451 0.016906469991229262
leaf_weight=495.50360064208508 97.09775997698307 18.15343251824379 400.68125086277723 20.689196184277534 112.57021887600422 225.71853698790073 209.75958599150181 14.986403860151766 241.47452928870916 147.27955688536167 40.300386667251587 145.92783580720425 47.701082140207291 24.801371201872826 26.593904480338097 193.04225599765778 21.027787819504738 67.601768866181374 61.006265744566917 44.231687247753143 93.200077146291733 15.892199501395227 25.175659157335758 98.739074014127254 8.8669021874666196 25.234978809952736 166.18423720449209 18.909537494182587 18.535946622490883 47.938779234886169
leaf_count=3992 425 79 2832 108 522 1125 1116 95 1833 920 178 702 297 141 109 892 134 286 284 202 699 111 179 810 61 111 1138 115 98 211
internal_value=0 -0.00355955 -0.00871826 0.00710158 -0.00453325 0.0031327 0.0340982 -0.0149653 -0.00618515 -0.0034622 0.0162684 0.00205642 -0.0132485 0.00551412 0.0127899 0.00968413 0.00779449 0.00586121 0.00330859 0.0117815 -0.016095 -0.0185839 -0.00218473 -0.00890328 0.0174929 0.0222245 -0.00610893 -0.00885005 -0.0019574 0.00854256
internal_weight=0 2867.97 1932.99 934.975 1159.6 654.349 306.857 773.392 1047.03 757.856 280.626 636.196 289.176 172.081 240.325 213.731 36.0142 410.477 342.875 130.473 737.378 545.438 49.9348 191.939 24.7591 69.4667 585.775 419.591 212.403 66.4747
internal_count=19805 18264 13879 4385 7798 3098 1541 6081 7276 5146 1287 3019 2130 1061 1109 1000 229 1894 1608 597 5852 4343 351 1509 172 313 4085 2947 1011 309
is_linear=0
shrinkage=0.04


Tree=34
num_leaves=31
num_cat=0
split_feature=18 7 23 25 15 2 36 5 7 1 25 36 5 27 4 5 7 36 30 0 30 0 23 4 16 12 6 23 16 14
split_gain=235.413 90.2253 44.7599 22.4782 15.4294 14.9692 14.3941 13.1222 12.1015 10.1235 9.13259 9.8986 8.51469 8.42295 8.31553 7.57206 7.26098 9.00596 7.75744 7.51145 11.3873 8.7865 7.12956 7.46998 7.00729 6.9059 6.90585 6.87454 6.67952 6.62099
threshold=1.5000000000000002 0.57499998807907116 1.0000000180025095e-35 0.27500000596046453 0.17522221803665164 1060.5000000000002 1.0067390799522402 0.25029137730598455 0.25000000000000006 2.5000000000000004 0.2100000008940697 0.5568453073501588 0.13104581832885745 3.5596235990524296 0.92549723386764537 0.1569853946566582 1.0000000180025095e-35 1.1538783907890322 2.8617925643920903 7.8995227813720712 1.8688347935676577 7.2970852851867685 1.0000000180025095e-35 0.7869967818260194 172.87823486328128 1.0000000180025095e-35 5.5234570503234872 1.0000000180025095e-35 24.615055084228519 1.0000000180025095e-35
decision_type=2 2 2 2 2 2 2 2 2 2 2 2 2 2 2 2 2 2 2 2 2 2 2 2 2 2 2 2 2 2
left_child=1 2 3 7 24 6 12 16 27 14 11 -4 -5 -8 22 -13 -1 18 -18 20 21 -19 23 -6 -3 -14 -23 -2 -11 -9
right_child=8 4 10 5 9 -7 13 29 -10 28 -12 15 25 -15 -16 -17 17 19 -20 -21 -22 26 -24 -25 -26 -27 -28 -29 -30 -31
leaf_value=-0.016285904183438404 0.01469416637209893 -0.0018394556592098883 -0.027960881931226051 -0.017382184689823894 0.022644609466320655 0.039635152071616372 0.024601428672080022 0.0043838967039372288 0.03925053377904994 0.034194039372105675 0.017092727625334057 -0.0071087743935810315 -0.0058977906704071083 0.0010967327633038062 -0.0074504530400235471 0.023462008311354088 -0.0146093775737038 -0.021276246573144784 0.018727193255189203 -0.016250616227875252 -0.01938835708410434 0.0055747375241942719 0.030311117967956328 0.0076643133777580166 0.018310941367073851 0.025128218619945849 0.032190435281243171 0.039805870242092478 0.0042590841911179633 -0.0092107459133357796
leaf_weight=688.91573552042246 74.2191541492939 198.89395858347416 14.750510677695273 119.80992724001408 66.945297092199326 11.012904062867163 25.297358095645905 101.43248841166496 206.97972199320793 53.394557759165764 129.99287289381027 25.869351863861084 250.19002220779657 231.45655162632465 34.19978791475296 22.648360714316368 280.61307659000158 8.7308656275272352 9.9735260307788831 33.323488473892212 20.905461519956589 34.196518965065479 32.51396718621254 253.93945115804672 30.018129780888557 10.072090327739714 28.360286697745323 23.055646419525146 15.992209315299986 127.12352765351534
leaf_count=5730 325 956 84 850 283 60 139 615 1125 230 592 154 1552 1359 166 116 2025 50 59 233 127 232 134 1157 146 68 206 103 68 890
internal_value=0 -0.00320103 -0.00718987 -0.00898348 0.00942994 -0.00285913 -0.00371579 -0.0119499 0.0336971 0.0136608 0.0111028 -0.00135098 -0.00864061 0.00358485 0.0110352 0.00752574 -0.0137523 -0.00949984 -0.013345 -0.000528114 0.00537922 0.0129733 0.012856 0.0109105 0.000938654 -0.00451462 0.0182645 0.0213281 0.0276073 -0.00319179
internal_weight=0 2860.57 2174.67 1981.41 685.897 647.839 636.826 1333.57 304.255 456.985 193.261 63.2682 380.072 256.754 387.599 48.5177 1105.02 416.103 290.587 125.517 92.1931 71.2877 353.399 320.885 228.912 260.262 62.5568 97.2748 69.3868 228.556
internal_count=19834 18281 15141 14195 3140 4028 3968 10167 1553 2038 946 354 2470 1498 1740 270 8662 2932 2084 848 615 488 1574 1440 1102 1620 438 428 298 1505
is_linear=0
shrinkage=0.04


Tree=35
num_leaves=31
num_cat=0
split_feature=18 7 23 3 15 36 0 31 3 7 7 36 2 0 22 12 4 27 36 36 28 23 36 5 2 31 27 27 2 15
split_gain=237.355 89.3107 28.7368 26.8922 16.3575 14.3351 12.3161 14.3782 11.9811 11.9281 9.41306 8.93097 10.0066 8.44247 8.65051 8.36914 8.22768 7.62005 7.4812 7.46733 7.08312 8.24264 7.0481 8.34024 7.03209 6.89431 10.0591 6.46349 6.35074 6.34464
threshold=1.5000000000000002 0.57499998807907116 1.0000000180025095e-35 1.5000000000000002 0.19597221910953525 1.1538783907890322 7.5261752605438241 0.61721614003181469 1.5000000000000002 1.0000000180025095e-35 1.0000000180025095e-35 0.69001945853233349 776.50000000000011 7.5579915046691903 0.18279032409191134 1.0000000180025095e-35 0.63320410251617443 4.5533502101898202 0.29378509521484381 1.3430752754211428 0.12940952181816109 1.0000000180025095e-35 0.47716680169105535 0.16620866209268573 861.50000000000011 0.37980769574642187 4.312810182571412 3.6415249109268193 735.50000000000011 0.33224999904632574
decision_type=2 2 2 2 2 2 2 2 2 2 2 2 2 2 2 2 2 2 2 2 2 2 2 2 2 2 2 2 2 2
left_child=1 2 3 6 5 16 15 13 20 18 -4 -10 -13 -8 -15 -1 -5 -14 -6 25 21 24 -12 -24 -3 -11 -27 -16 -20 -2
right_child=29 8 10 4 9 -7 7 -9 11 19 22 12 17 14 27 -17 -18 -19 28 -21 -22 -23 23 -25 -26 26 -28 -29 -30 -31
leaf_value=-0.019423008040080982 0.026333587840105165 -0.0087799898575899975 0.0003431646244589505 0.0083710276831663721 -0.033446104892204807 0.00022220354475521107 0.018412571296280978 0.033036299934909787 0.0050552326041462614 -0.001617002828920032 -0.0074112695474771711 0.012900292755311437 0.03774681654997495 -0.020377630698931001 0.021513609655016787 -0.0033013387116006994 -0.016783074302411712 0.0046379200876120194 -0.0070466812275488044 0.018452244841365005 0.013301808467023149 0.021885555621656918 0.01053180883542558 0.041024481669864638 0.016270691391384734 0.033504320811586462 -0.0060388651864285992 -0.0072354555609174765 0.0038020711990055214 0.039480736058700949
leaf_weight=499.06632016599178 121.19493626058102 133.65161982178688 120.26981395483017 21.10640974342823 12.397483862936495 136.31131595373154 14.79097994416952 11.807153575122355 153.5928700119257 161.04438143968582 12.963644817471502 232.29871651530266 51.078034520149231 90.390227004885674 12.25889280438423 58.442909888923168 312.96189551055431 14.84479185938835 312.05297230184078 55.724052153527737 60.403835132718086 17.828730642795563 35.128568097949028 24.780230507254601 18.787572860717773 21.953505828976631 17.124231457710266 102.55243375897408 117.60099168121815 172.5982062369585
leaf_count=4016 620 671 610 144 89 965 105 69 694 939 60 1024 216 700 84 442 2419 64 2141 294 294 73 164 107 87 113 94 746 760 906
internal_value=0 -0.00338222 -0.00738193 -0.00883453 -0.00496733 -0.0107157 -0.0145315 -0.00670281 0.00920689 -0.00107342 0.00728051 0.0129805 0.0170014 -0.00911406 -0.0112568 -0.0177508 -0.0151535 0.0306473 -0.0050441 0.00577303 0.00176753 -0.00243126 0.018415 0.0240624 -0.00552186 0.00209484 0.0167258 -0.00385001 -0.0040734 0.034272
internal_weight=0 2833.21 2150.73 1957.59 1168.28 470.38 789.309 231.8 682.486 697.898 193.142 451.814 298.222 219.993 205.202 557.509 334.068 65.9228 442.051 255.846 230.672 170.268 72.8724 59.9088 152.439 200.122 39.0777 114.811 429.654 293.793
internal_count=19710 18184 15061 14120 7958 3528 6162 1704 3123 4430 941 1998 1304 1635 1530 4458 2563 280 2990 1440 1125 831 331 271 758 1146 207 830 2901 1526
is_linear=0
shrinkage=0.04


Tree=36
num_leaves=31
num_cat=0
split_feature=22 7 25 26 15 36 25 5 5 3 3 1 27 2 22 7 18 2 26 22 2 2 28 2 28 18 20 27 0 6
split_gain=222.592 68.2832 33.5804 29.8744 16.3185 19.0032 16.0951 13.5032 11.3463 11.2525 11.1063 9.38161 8.63982 8.56192 8.03122 7.95527 7.80021 7.60493 9.35125 7.48863 7.47047 9.11531 7.28927 7.28454 7.22572 6.96665 6.84553 6.79042 6.69737 6.65297
threshold=0.46619999408721929 0.57499998807907116 0.17500000447034839 1.0000000180025095e-35 0.21374999731779101 1.6424235701560976 0.27500000596046453 0.38010956346988684 0.14741823822259906 3.5000000000000004 3.5000000000000004 1.5000000000000002 3.3894608020782475 841.50000000000011 0.15025933086872104 0.42499999701976782 1.0000000180025095e-35 655.50000000000011 1.0000000180025095e-35 0.18933333456516269 456.50000000000006 798.50000000000011 -0.91597560048103321 1003.5000000000001 -0.37940952181816096 1.0000000180025095e-35 0.25690476596355444 4.1034691333770761 7.9710843563079843 6.0946972370147714
decision_type=2 2 2 2 2 2 2 2 2 2 2 2 2 2 2 2 2 2 2 2 2 2 2 2 2 2 2 2 2 2
left_child=1 2 8 4 7 11 13 9 26 23 20 22 -13 17 -8 -2 28 18 -3 -10 -5 -22 25 -4 -19 -6 -1 -20 -7 -23
right_child=15 6 3 10 5 16 14 -9 19 -11 -12 12 -14 -15 -16 -17 -18 24 27 -21 21 29 -24 -25 -26 -27 -28 -29 -30 -31
leaf_value=-0.021157153962829429 0.022121305744947896 0.00017070083338602333 -0.017584515887469503 0.01718671226622041 -0.0052578580610705451 0.017700120181787262 -0.003248347024773595 0.025367263838042043 -0.016797521074797529 0.004284051621233873 0.023198407746368686 0.027848188738659109 -0.0018645036956854435 0.017216443926080367 0.018759486954392064 0.03696172307696427 0.034543889737900728 -0.014489780567797825 0.0014646639188959417 -0.0045966607645033675 -0.0026336921616640042 0.019381275582071769 -0.013821537395502844 0.014417839212167601 0.0040648463793109286 0.026368347258416854 -0.00028052396921357623 0.027817602109112504 -0.0092603663739645441 -0.0097435866492007351
leaf_weight=305.96025307476521 96.807541728019714 170.41775161027908 360.43820036202669 49.972103282809258 49.639076195657253 34.451928734779358 29.707664951682091 12.407931439578531 125.71663407236338 45.500727355480194 47.814627826213837 14.793934196233748 229.53521970659494 57.198019653558731 210.0202405154705 208.92463855445385 21.69292064756155 77.632424846291542 25.512080311775208 223.87172659486532 259.53444121778011 56.802807733416557 224.90589873492718 10.322180040180681 56.842442810535431 12.219385683536528 27.422767877578735 39.423589244484901 23.115902423858643 14.617325231432913
leaf_count=2637 443 839 2739 335 321 197 131 78 990 271 257 78 1427 256 890 1140 113 372 120 1535 1719 348 1474 72 270 75 203 186 140 96
internal_value=0 -0.00339104 -0.0068573 -0.00343902 -0.00710106 -0.00288348 0.00777705 -0.0130649 -0.014172 -0.0143263 0.00542741 -0.00562148 0.000146074 0.00309198 0.0160279 0.0324369 0.0151496 0.000826623 0.00514858 -0.00905485 0.00308725 0.000867866 -0.0105025 -0.016621 -0.00670212 0.00161969 -0.0194518 0.0178171 0.00692691 0.0133173
internal_weight=0 2817.49 2150.74 1467.76 1039.02 610.354 666.754 428.669 682.971 416.261 428.741 531.094 244.329 427.026 239.728 305.732 79.2608 369.828 235.353 349.588 380.927 330.955 286.764 370.76 134.475 61.8585 333.383 64.9357 57.5678 71.4201
internal_count=19752 18169 15105 9740 6985 3825 3064 3160 5365 3082 2755 3375 1505 2043 1021 1583 450 1787 1145 2525 2498 2163 1870 2811 642 396 2840 306 337 444
is_linear=0
shrinkage=0.04


Tree=37
num_leaves=31
num_cat=0
split_feature=18 7 3 2 20 25 25 7 12 0 4 27 23 20 26 25 27 23 31 29 36 34 36 4 2 4 4 31 0 36
split_gain=197.453 76.6245 27.7717 17.3573 21.0548 14.3143 13.7012 13.0603 12.0697 11.5094 10.9834 10.2316 10.2289 9.01367 8.48101 9.32566 7.95648 7.68056 7.90431 7.39123 7.16639 7.12587 7.1005 6.9508 6.71544 10.6741 6.42647 6.19379 6.15533 6.11774
threshold=1.5000000000000002 0.57499998807907116 2.5000000000000004 737.50000000000011 0.19597221910953525 0.17500000447034839 0.2100000008940697 0.25000000000000006 1.0000000180025095e-35 7.5261752605438241 0.85193654894828807 3.1376634836196904 1.0000000180025095e-35 0.19597221910953525 1.0000000180025095e-35 0.2100000008940697 3.6095646619796757 1.0000000180025095e-35 0.77608895301818859 0.37940952181816107 0.9371645748615266 5.5000000000000009 1.1922399401664736 0.89615285396575939 465.50000000000006 0.88730815052986156 0.77634596824646007 0.12916667014360431 7.0950558185577401 0.78760588169097911
decision_type=2 2 2 2 2 2 2 2 2 2 2 2 2 2 2 2 2 2 2 2 2 2 2 2 2 2 2 2 2 2
left_child=1 2 3 8 20 10 13 -2 9 14 19 -7 16 -4 -1 27 26 18 -13 -3 -5 -6 24 -22 25 -17 -8 -16 29 -26
right_child=7 5 6 4 21 11 12 -9 -10 -11 -12 17 -14 -15 15 22 -18 -19 -20 -21 23 -23 -24 -25 28 -27 -28 -29 -30 -31
leaf_value=-0.018029061443489699 0.018895875552504552 0.0022888764312458095 -0.018339947082053356 -0.020709603598199868 0.0020140633889871979 0.042250410881895295 0.041651861883944791 0.037601075266318132 0.0036538841751831037 -0.0056027581007890527 -0.009797093561342762 0.0073136051760858576 0.02581059010509161 -0.0012229868132097865 -0.02428726264153681 -0.0066444820688714981 0.0010616805511785897 0.025947597771609932 0.025092173510231377 0.027180119114500745 0.0035483937206801509 0.022669740675631277 -0.029362738364754299 -0.022720224609061798 -0.0023495919097412379 0.039790291063392255 0.0065783091628354795 0.004979869473327566 -0.017774831370396888 0.030764083232382396
leaf_weight=589.1908940076828 96.403029307723045 72.174375340342522 72.441354759037495 95.797314286231995 234.8046543225646 15.741087347269056 12.545947670936583 192.73586554825306 71.811341740190983 248.5268816575408 99.563077092170715 382.16192914545536 34.386510610580444 146.23399429023266 67.58710727840662 14.976374223828318 278.6781068816781 48.113502517342567 43.334042742848396 24.16323609650135 54.093497306108475 28.235502198338509 12.368886463344095 20.709302641451359 61.125837065279484 13.72648999840021 21.850616924464703 13.144896380603312 34.768827706575394 8.4109977632760984
leaf_count=4621 435 329 526 798 1634 67 66 1109 517 1797 547 1701 149 880 582 105 1590 199 179 106 411 150 77 161 438 93 118 95 238 57
internal_value=0 -0.00306142 -0.00679526 -0.00953214 -0.00270841 0.00856005 0.000797998 0.0315371 -0.0121284 -0.0131986 -0.000576689 0.0122052 0.00572284 -0.00700821 -0.0154947 -0.00879053 0.00336667 0.0110331 0.00923316 0.00895787 -0.0135705 0.00438564 -0.00264995 -0.00412639 0.000232337 0.0167073 0.020957 -0.0195168 -0.00453028 0.00240386
internal_weight=0 2820.67 2135.42 1569.28 433.64 685.251 566.137 289.139 1135.64 1063.83 195.901 489.351 347.461 218.675 815.3 226.109 313.075 473.609 425.496 96.3376 170.6 263.04 145.377 74.8028 133.009 28.7029 34.3966 80.732 104.306 69.5368
internal_count=19775 18231 15103 11774 3154 3128 3329 1544 8620 8103 982 2146 1923 1406 6306 1685 1774 2079 1880 435 1370 1784 1008 572 931 198 184 677 733 495
is_linear=0
shrinkage=0.04


Tree=38
num_leaves=31
num_cat=0
split_feature=18 7 3 15 0 15 7 22 26 27 23 36 28 23 5 26 4 7 7 27 3 36 27 5 27 5 36 0 23 22
split_gain=195.268 55.7865 25.9294 16.7114 15.2541 12.9655 11.8793 10.6068 9.31632 8.9149 8.72245 9.34517 8.4843 8.20562 7.44601 7.2483 6.8825 7.23526 6.87495 7.6095 6.87043 7.19642 6.59627 6.28106 7.52119 6.23538 8.31732 8.9023 6.08715 6.0614
threshold=1.5000000000000002 0.57499998807907116 3.5000000000000004 0.21374999731779101 7.5315487384796151 0.19597221910953525 0.25000000000000006 0.30817225575447088 1.0000000180025095e-35 3.1376634836196904 1.0000000180025095e-35 0.9371645748615266 -0.7865660786628722 1.0000000180025095e-35 0.14959898591041568 1.0000000180025095e-35 0.95948326587677013 1.0000000180025095e-35 1.0000000180025095e-35 4.5956246852874765 2.5000000000000004 1.2397056221961977 3.6309846639633183 0.2586581707000733 4.4526014328002939 0.21437325328588488 1.7800819873809817 6.2065250873565683 1.0000000180025095e-35 0.19014285504817965
decision_type=2 2 2 2 2 2 2 2 2 2 2 2 2 2 2 2 2 2 2 2 2 2 2 2 2 2 2 2 2 2
left_child=1 2 3 10 8 -3 13 16 14 -7 11 -1 -12 -2 -5 25 17 20 -16 23 21 -6 -4 24 -20 26 27 -11 -24 -10
right_child=6 5 22 4 7 9 -8 -9 29 15 12 -13 -14 -15 18 -17 -18 -19 19 -21 -22 -23 28 -25 -26 -27 -28 -29 -30 -31
leaf_value=-0.017874566030862082 0.0122135096082769 -0.0010805659448834108 0.022598099257596704 -0.01437329762421464 0.019154072768905323 0.038665562028756283 0.037324786321304829 0.025618766613874442 0.022451467196613381 0.027156624531860289 -0.017608544810341544 -0.0085885461778967397 0.011199651119177961 0.039937841125653697 -0.01011668687289157 0.016540278896882067 0.02868121160892928 0.0089078709381495251 -0.0031489948797580724 -0.015910990033989575 0.019985125942520349 -0.013878480026116687 0.00098490511171457976 0.028724885572694862 0.031280262400924734 0.013425073822978303 0.024314126719399223 -0.0043896548289834624 0.023988609218577102 -0.0024409568169823366
leaf_weight=401.84820564836264 73.135520845651627 234.49970360100269 30.02173363417387 305.10519716143608 10.078126743435858 15.462439224123953 188.66550368070602 30.122367814183235 14.754087202250956 13.716391354799269 23.17784258723259 315.71286567300558 44.713748931884766 21.715665861964226 188.84692278504372 146.72892372310162 11.261868573725222 69.861119113862514 61.056554779410362 26.168322131037712 11.49316270649433 95.616654761135578 200.12381765246391 16.477569013834 10.114265173673628 104.57491831481457 20.358707830309868 158.91012862324715 18.292853757739067 236.3401475995779
leaf_count=3439 329 1124 159 2272 74 66 1107 172 89 62 121 2486 230 101 1303 638 79 417 367 155 64 692 1173 89 60 443 90 744 82 1572
internal_value=0 -0.00325874 -0.00647886 -0.00808926 -0.00486356 0.00657023 0.0314566 0.00429482 -0.00730375 0.0104604 -0.0125309 -0.0138241 0.00114223 0.0192545 -0.00997411 0.00930986 0.000832372 -0.00113004 -0.00547419 0.00227042 -0.00716317 -0.0104316 0.00562813 0.00793253 0.00246509 0.00565787 0.00135444 -0.00160076 0.0031117 -0.000812441
internal_weight=0 2815.44 2121.19 1872.75 1087.3 694.251 283.517 228.433 858.863 459.752 785.453 717.561 67.8916 94.8512 607.769 444.289 198.311 187.049 302.664 113.817 117.188 105.695 248.438 87.6484 71.1708 297.56 192.985 172.627 218.417 251.094
internal_count=19799 18262 15095 13681 7405 3167 1537 1498 5907 2043 6276 5925 351 430 4246 1977 1326 1247 1974 671 830 766 1414 516 427 1339 896 806 1255 1661
is_linear=0
shrinkage=0.04


Tree=39
num_leaves=31
num_cat=0
split_feature=22 7 23 36 3 15 1 32 25 14 23 3 1 3 27 25 3 7 1 27 25 3 6 31 27 27 16 25 36 29
split_gain=179.299 57.2196 32.5365 19.9607 15.9346 13.7695 12.0097 11.9811 11.7579 14.5694 12.3177 11.6635 16.7621 10.189 10.0813 9.25177 8.84629 8.67991 7.83577 11.1221 9.24557 8.45016 7.3646 7.20326 6.6231 7.27107 6.61151 6.6011 8.74965 6.83657
threshold=0.43935896456241613 1.0000000180025095e-35 1.0000000180025095e-35 0.80839002132415783 1.5000000000000002 0.19597221910953525 3.5000000000000004 3.5000000000000004 0.17500000447034839 0.89587974548339855 1.0000000180025095e-35 1.5000000000000002 1.5000000000000002 2.5000000000000004 4.3776419162750253 0.17500000447034839 3.5000000000000004 0.42499999701976782 2.5000000000000004 4.7531590461730966 0.34999999403953558 3.5000000000000004 4.424828529357911 0.10818713530898096 3.9598599672317509 4.4420626163482675 140.33842468261722 0.17500000447034839 0.99670085310935985 -0.7865660786628722
decision_type=2 2 2 2 2 2 2 2 2 2 2 2 2 2 2 2 2 2 2 2 2 2 2 2 2 2 2 2 2 2
left_child=1 4 3 6 8 27 13 24 -1 10 -10 12 -7 23 -15 22 -17 -9 20 -20 21 26 -13 -3 -2 -26 -6 -5 29 -29
right_child=7 2 -4 5 18 11 -8 17 9 -11 -12 15 -14 14 -16 16 -18 -19 19 -21 -22 -23 -24 -25 25 -27 -28 28 -30 -31
leaf_value=-0.023797563556785997 0.027709195385657692 -0.012563566103503397 0.021156165697334105 -0.01118604195414365 -0.0088122603804694655 -0.011093780899698013 0.026673556130505528 0.020545809430252273 -0.0083436290598559656 -0.02410875722327185 0.020756976550439479 -0.012662214703961276 0.013464905950823438 -0.006460314054794386 0.012617434646900696 0.013999143781992636 0.034727243816201875 0.036453438572076786 -0.0014301842229530498 0.032608159183711266 0.010760711953081224 0.00048355193266440993 0.011158414473810449 0.00037768646351653002 -0.022007235492009329 0.016746500360967944 -0.021481660083636646 0.012614401556561268 0.0071614489997178414 -0.021183702867455509
leaf_weight=159.56213185191154 14.892939195036886 304.42306321114302 131.22760155797005 88.235055707395077 464.21565981954336 89.592665188014507 16.530816085636616 91.905377417802811 217.00025992840528 89.367858283221722 24.121695160865784 29.424767144024372 84.434106104075909 99.581049159169197 76.678861744701862 153.95441025495529 42.412914991378784 185.82944440841675 96.263618282973766 16.242312006652355 40.921816751360893 135.34364022314548 59.53047551959753 88.600634336471558 14.434638679027559 12.722189232707022 76.680963963270187 11.439569741487501 135.3248502612114 34.804025396704674
leaf_count=1501 66 2037 580 597 3459 526 90 424 1708 750 116 162 467 475 374 730 187 1095 648 112 251 830 318 497 68 60 620 66 760 219
internal_value=0 -0.00317528 0.00231994 0.000410893 -0.00919152 0.00482241 -0.00507777 0.028371 -0.0149021 -0.01049 -0.00528562 0.00902128 0.00083918 -0.00608991 0.00188758 0.0139712 0.0187811 0.031374 -0.00579079 0.00396759 -0.00732843 -0.00845158 0.00317382 -0.00965904 0.00801262 -0.00394885 -0.0106809 -0.00234008 0.00203375 -0.0126465
internal_weight=0 2765.91 1446.19 1314.97 1319.72 729.153 585.814 319.785 490.052 330.49 241.122 459.349 174.027 569.284 176.26 285.323 196.367 277.735 829.668 112.506 717.162 676.24 88.9552 393.024 42.0498 27.1568 540.897 269.804 181.568 46.2436
internal_count=19793 18080 8085 7505 9995 4032 3473 1713 4075 2574 1824 2390 993 3383 849 1397 917 1519 5920 760 5160 4909 480 2534 194 128 4079 1642 1045 285
is_linear=0
shrinkage=0.04


Tree=40
num_leaves=31
num_cat=0
split_feature=22 8 25 26 23 36 15 14 6 5 9 3 1 6 36 28 28 5 27 36 1 27 6 27 4 36 0 5 6 6
split_gain=169.033 48.8389 26.3819 19.1471 16.4788 14.2455 12.164 11.3885 9.93959 9.82926 9.68799 9.6778 9.63112 12.2119 9.20949 8.88596 8.87026 12.672 8.4017 8.37594 7.34735 6.46927 8.62317 6.23332 6.04944 6.97186 5.97841 5.94682 5.89005 7.98023
threshold=0.43935896456241613 5.5000000000000009 0.17500000447034839 1.0000000180025095e-35 1.0000000180025095e-35 1.5198159813880923 0.19597221910953525 0.89587974548339855 5.7853612899780282 0.14599618315696719 1.0000000180025095e-35 3.5000000000000004 2.5000000000000004 6.1014387607574472 0.660405993461609 -0.91597560048103321 -0.91597560048103321 0.21835567802190783 4.083451747894288 1.3535265922546389 2.5000000000000004 4.2333812713623056 5.4617087841033944 4.2689976692199716 0.79452162981033336 1.0120353698730471 6.4068458080291757 0.11298504471778871 5.5432205200195321 4.4484992027282724
decision_type=2 2 2 2 2 2 2 2 2 2 2 2 2 2 2 2 2 2 2 2 2 2 2 2 2 2 2 2 2 2
left_child=1 4 9 5 6 7 21 16 -9 -3 18 12 -5 23 26 19 17 -4 -2 -16 27 -1 -23 -14 25 -13 28 -7 29 -8
right_child=10 2 3 11 -6 20 14 8 -10 -11 -12 24 13 -15 15 -17 -18 -19 -20 -21 -22 22 -24 -25 -26 -27 -28 -29 -30 -31
leaf_value=-0.01064998130444457 0.03612328709312794 -0.017893913916508221 -0.0036357426928791447 -0.00042938713444534791 0.024803318601744749 -0.015750816823881124 0.016828468648431027 -0.0055239306852932222 -0.022459140300750594 -0.0079503811206282343 0.017086631445198459 0.011085157107904002 0.043859364033618835 -0.018266369962760941 -0.010544237466327868 0.016055810346029018 -0.0075826635125348096 0.023437281174924954 0.013983465366898089 0.020779103724074783 0.024810074469952096 0.016273299987167457 -0.0053049995652589867 0.010260113893446578 0.0020573563113173128 0.050832116199587718 -0.0096661907695842451 0.0052452620240654854 0.027442408988401779 -0.014250646595648207
leaf_weight=100.96918541193008 181.1312425583601 302.67868312448263 96.424201048910618 311.80632900446653 67.311637654900551 24.556607380509377 23.072533316910267 96.439167536795139 134.01314601302147 345.21498285233974 102.77752888202667 15.503251641988756 19.049060940742493 9.8299365788698179 43.403810232877731 219.55075812339783 478.02690593153238 36.561550661921501 36.361066818237305 17.541430532932281 23.299595735967159 45.805196605622768 76.195266857743263 17.955179288983345 17.387105152010918 13.644499957561491 59.794430762529373 113.49457725137472 15.620182290673254 25.962605491280556
leaf_count=541 1074 2696 679 2081 285 172 105 685 1032 2537 484 86 112 64 206 1020 3230 212 177 79 132 229 418 113 94 67 306 681 77 123
internal_value=0 -0.00287078 -0.00596894 -0.00288725 0.00628176 -0.0058491 0.00422383 -0.00793448 -0.0154806 -0.0126365 0.027747 0.00443608 0.0021548 0.0186724 0.00834055 0.0123346 -0.00504712 0.00404437 0.032583 -0.0011549 0.00499046 -0.00326043 0.0029284 0.0289184 0.0212045 0.0317605 -0.00071435 0.00133888 0.00760611 0.000459431
internal_weight=0 2751.11 2055.88 1407.99 695.227 1002.82 627.915 841.465 230.452 647.894 320.27 405.175 358.641 46.8342 404.946 280.496 611.013 132.986 217.492 60.9452 161.351 222.97 122 37.0042 46.5349 29.1478 124.45 138.051 64.6553 49.0351
internal_count=19797 18062 14673 9440 3389 6823 3104 5838 1717 5233 1735 2617 2370 289 1916 1305 4121 891 1251 285 985 1188 647 225 247 153 611 853 305 228
is_linear=0
shrinkage=0.04


Tree=41
num_leaves=31
num_cat=0
split_feature=22 7 25 25 1 3 14 27 32 14 1 29 7 31 36 31 23 36 31 28 8 2 27 2 5 2 6 5 0 0
split_gain=158.485 52.8129 32.0087 13.9259 12.9879 10.9658 10.7964 9.91298 9.77142 9.16931 8.02137 7.62532 7.38342 7.36071 7.30928 7.26867 6.91575 7.15267 6.42154 6.39412 6.86853 7.90173 5.98726 5.93985 5.89182 10.735 6.06459 5.76323 5.86807 5.71117
threshold=0.41571427881717687 0.57499998807907116 0.27500000596046453 0.17500000447034839 2.5000000000000004 3.5000000000000004 0.89587974548339855 4.0333549976348886 1.5000000000000002 1.4978661537170412 1.5000000000000002 0.78656607866287243 0.42499999701976782 0.80099010467529308 0.49154829978942877 0.10818713530898096 1.0000000180025095e-35 1.6728793978691103 0.20526316016912463 -0.91597560048103321 8.5000000000000018 681.50000000000011 4.0526537895202646 810.50000000000011 0.16849838942289355 557.50000000000011 5.3008110523223886 0.10097681358456613 7.504387855529786 6.0062773227691659
decision_type=2 2 2 2 2 2 2 2 2 2 2 2 2 2 2 2 2 2 2 2 2 2 2 2 2 2 2 2 2 2
left_child=1 2 5 11 -5 9 8 12 10 16 14 -3 -2 -9 -4 -8 -1 23 -10 -17 21 -21 -6 -18 27 -26 -27 28 -16 -12
right_child=7 3 6 4 22 -7 15 13 18 -11 29 -13 -14 -15 24 19 17 -19 -20 20 -22 -23 -24 -25 25 26 -28 -29 -30 -31
leaf_value=-0.011067891109037924 0.019936721216895138 -0.0046844650077710976 -0.018248524592064896 0.0079326864029939919 0.039925166975784694 0.00021872123377828477 -0.012946203357802218 -0.0024894383830337077 0.0045541530662124175 -0.027733140417509121 0.034967086712858801 0.022262850116220565 0.035107843509509143 0.0256663600074492 -0.0048818922254759102 0.027566289501548009 -0.00867517710605392 0.026691953409997308 0.03549214797282034 -0.008924487163587333 -0.028345011353061892 0.029625591368975787 0.01453820522675553 0.019993515856253363 0.019625136675369411 -0.017525660589457651 0.01199406955706166 -0.0096324193557047813 0.031605376488778453 0.0060699100268682008
leaf_weight=1073.6085142865777 87.684824854135513 173.06111116707325 38.689596474170685 395.49068142473698 29.884464249014854 160.53313644230366 122.98141265660524 30.046739265322685 20.364960059523582 48.338445879518986 9.6825524270534498 16.60012187063694 171.98480752110481 26.777497589588165 15.469464078545572 12.282642520964144 70.417151093482971 12.006247624754904 22.40117759257555 20.271394945681095 10.607330195605753 11.89518143981695 34.780628338456154 11.819256663322447 51.756952114403248 28.081885404884815 15.935778543353079 102.45102812349796 10.305387690663336 213.19188272953033
leaf_count=8794 413 878 257 1753 129 980 891 143 108 414 54 83 1041 141 109 72 386 62 103 120 63 64 148 64 290 150 92 669 64 1250
internal_value=0 -0.00295317 -0.00605804 0.00698802 0.0107342 -0.00960548 0.000863565 0.0268611 0.00373446 -0.0109005 0.00207685 -0.0021182 0.0301764 0.0112001 -0.00265255 -0.00760272 -0.0101575 0.000227737 0.0216213 0.00436859 -0.00322649 0.00623101 0.0271164 -0.00417796 0.000178857 0.00759814 -0.00678179 -0.00539435 0.0109319 0.00762515
internal_weight=0 2732.91 2083.09 649.817 460.156 1376.72 706.369 316.494 528.331 1216.19 485.565 189.661 259.67 56.8242 262.69 178.038 1167.85 94.2427 42.7661 55.0565 42.7739 32.1666 64.6651 82.2364 224 95.7746 44.0177 128.226 25.7749 222.874
internal_count=19785 18047 15056 2991 2030 10700 4356 1738 3146 9720 2935 961 1454 284 1631 1210 9306 512 211 319 247 184 277 450 1374 532 242 842 173 1304
is_linear=0
shrinkage=0.04


Tree=42
num_leaves=31
num_cat=0
split_feature=18 7 25 26 7 22 16 25 5 14 36 36 15 36 2 5 1 6 20 5 0 5 0 4 4 4 4 6 23 25
split_gain=134.104 54.3672 27.0014 17.5743 15.4648 15.2106 15.4219 11.9148 10.3408 10.0564 10.5422 8.99457 8.93612 8.46822 7.98848 7.82916 7.64582 10.2192 7.10495 6.6304 6.48596 6.22905 5.59079 5.52063 8.34719 6.32086 8.70463 6.70345 5.4295 6.38777
threshold=1.5000000000000002 0.57499998807907116 0.17500000447034839 1.0000000180025095e-35 0.25000000000000006 0.32601387798786169 12.439978599548342 0.34999999403953558 0.14741823822259906 0.89587974548339855 1.2493990659713747 1.5060837268829348 0.19597221910953525 0.44674046337604528 456.50000000000006 0.12255697697401048 2.5000000000000004 6.1014387607574472 0.19597221910953525 0.12434208765625955 6.4707694053649911 0.24676805734634402 7.8343904018402108 0.80402246117591869 0.9650581181049348 0.74779063463211071 0.7615090310573579 5.9545402526855478 1.0000000180025095e-35 0.23499999940395358
decision_type=2 2 2 2 2 2 2 2 2 2 2 2 2 2 2 2 2 2 2 2 2 2 2 2 2 2 2 2 2 2
left_child=1 2 8 5 28 9 -7 12 -1 13 20 -8 15 -4 -5 -3 21 19 -10 -18 -11 -16 -12 25 -25 27 -27 -15 29 -2
right_child=4 7 3 14 -6 6 11 -9 18 10 22 -13 -14 23 16 -17 17 -19 -20 -21 -22 -23 -24 24 -26 26 -28 -29 -30 -31
leaf_value=-0.017646643979875382 -0.010733426020546085 -0.013822012239780251 -0.016056895571109831 0.01800255721129557 0.034039257967701651 0.039520479574389887 -0.0056515328615194963 0.027670127699934863 -0.015466622153400547 -0.0045554238394976731 0.010032930210133947 0.032356643656511641 0.009126921868462614 -0.017669155437619703 -0.0032829892551897812 0.0035021826401747036 0.046828291228352463 -0.019051922170941715 -0.0033638087170802682 0.012753313493198302 -0.023153395756280708 0.011066757713117771 -0.015162822323880974 -0.0054426463093645875 0.030342680445038201 0.04316990180247493 0.0058278149043305997 0.01273177806006099 0.030650764680407221 0.014981220887793441
leaf_weight=318.41757190227509 19.773519620299339 53.289523378014565 88.05456005781889 55.720079362392426 173.47390168905258 19.781142726540565 57.209491834044456 40.570849239826202 117.56083129346371 39.81516195088625 36.234952323138714 9.9782899320125562 429.16842274367809 27.964199140667915 250.25254560261965 168.34627562761307 11.838505528867243 9.7828409001231176 225.62341990321875 34.284118108451366 135.68599250912666 57.897005155682564 20.319107338786125 481.59298603981733 8.6947516575455648 10.589058011770247 52.618615880608559 17.144805267453194 20.87298671901226 53.551282703876495
leaf_count=2886 89 282 633 362 1104 88 342 173 976 301 252 55 1917 168 1677 788 74 67 1572 200 1104 334 143 3333 62 63 317 107 101 248
internal_value=0 -0.00257527 -0.00579492 -0.00268782 0.0269683 -0.0055542 0.0102705 0.00713258 -0.0124611 -0.00707128 -0.0142411 0.00076535 0.00577143 -0.00461394 0.00417313 -0.000749561 0.00196969 0.0153058 -0.00757533 0.0230822 -0.019033 -0.000532894 0.00077173 -0.00288282 -0.00468734 0.00522207 0.0132159 -0.00606455 0.0135096 0.00794588
internal_weight=0 2778.44 2087.06 1425.46 267.672 1005.68 86.9689 691.375 661.602 918.714 232.055 67.1878 650.804 686.659 419.775 221.636 364.055 55.9055 343.184 46.1226 175.501 308.15 56.5541 598.604 490.288 108.317 63.2077 45.109 94.1978 73.3248
internal_count=19818 18276 15116 9682 1542 6968 485 3160 5434 6483 1800 397 2987 4683 2714 1070 2352 341 2548 274 1405 2011 395 4050 3395 655 380 275 438 337
is_linear=0
shrinkage=0.04


Tree=43
num_leaves=31
num_cat=0
split_feature=18 7 26 1 36 27 7 22 27 7 23 2 27 30 29 27 22 2 14 30 29 2 27 36 20 4 29 8 4 2
split_gain=141.164 54.3328 15.7796 11.8645 11.8203 12.4619 8.8786 8.40576 8.01295 7.89096 7.64009 6.93645 7.91821 8.11731 6.53969 6.40597 7.04344 6.35352 6.31407 6.13793 6.09506 5.87987 9.45222 14.2577 5.69571 5.22914 6.32457 5.22882 7.69816 5.52865
threshold=1.5000000000000002 0.57499998807907116 1.0000000180025095e-35 2.5000000000000004 1.2305698394775393 3.7123510837554936 0.25000000000000006 0.13250000029802325 4.0595800876617441 0.25000000000000006 1.0000000180025095e-35 759.50000000000011 4.6429474353790292 2.0126758217811589 -0.91597560048103321 3.9806153774261479 0.23043560981750491 553.50000000000011 1.4978661537170412 3.8815106153488164 0.37940952181816107 456.50000000000006 4.3496322631835946 0.81740099191665661 0.41083332896232611 0.85193654894828807 -0.91597560048103321 8.5000000000000018 0.88104352355003368 659.50000000000011
decision_type=2 2 2 2 2 2 2 2 2 2 2 2 2 2 2 2 2 2 2 2 2 2 2 2 2 2 2 2 2 2
left_child=1 2 4 10 7 6 -6 27 -5 19 24 15 13 -13 -11 16 -9 -18 21 -2 -10 22 -4 -24 25 26 -3 -1 29 -29
right_child=9 3 18 8 5 -7 -8 11 20 14 -12 12 -14 -15 -16 -17 17 -19 -20 -21 -22 -23 23 -25 -26 -27 -28 28 -30 -31
leaf_value=-0.022406350390392939 0.008892877305296646 -0.0091494080261591958 -0.0021531359017591891 0.032374139249646279 0.0044179557460695329 -0.0053847413853252537 0.037884150103013978 -0.0074901086793223663 0.0009718390512753859 0.012895252605871666 0.019056963690437644 -0.0089832506277653362 0.012180553092718044 0.02377821662685272 0.036062989077771071 -0.013100530848464161 0.03492057044163583 -0.0030670193918922017 -0.020745505689569569 0.030555673967477808 0.030114314285294763 -0.0013290635951066251 -0.0014660152409079665 0.048023417190796239 0.01508031150577503 -0.0017063377370592507 0.0096016249425962992 -0.0086633302358727748 -0.023898415770544159 0.024596002267828283
leaf_weight=131.45483447611332 56.475098147988319 32.676350623369217 44.061520107090473 42.307444185018539 45.886032216250896 326.83129599690437 15.882814943790434 178.78825062513351 41.564204275608063 25.82960207760334 51.913786843419075 150.84638681262732 44.988527551293373 11.231288671493528 147.25523808598518 502.32073751091957 10.78597465157509 15.036344788968561 21.68749138712883 33.794631525874138 13.941019475460051 485.12656298279762 17.163523286581039 18.072281561791897 56.255508601665497 282.56084705889225 176.16119496524334 16.040881581604484 21.564347714185715 12.605281867086886
leaf_count=1098 261 144 308 184 312 2277 83 1367 184 168 216 1081 317 65 955 3779 66 92 171 161 61 3361 121 126 239 1386 769 138 195 105
internal_value=0 -0.0028221 -0.00607375 0.00682113 -0.00826565 -0.00225714 0.0139415 -0.0103887 0.0196048 0.0277184 0.00467737 -0.00879134 -0.00232508 -0.00645085 0.0327924 -0.0106735 -0.00464585 0.01417 -0.000513784 0.0174894 0.00908422 0.000334108 0.0102915 0.0251329 0.00324991 0.00183992 0.00660873 -0.0182421 -0.00689925 0.00662195
internal_weight=0 2767.75 2070.37 697.38 1484.26 388.6 61.7688 1095.66 97.8127 263.355 599.568 913.998 207.066 162.078 173.085 706.931 204.611 25.8223 586.111 90.2697 55.5052 564.424 79.2973 35.2358 547.654 491.398 208.838 181.665 50.2105 28.6462
internal_count=19790 18245 15062 3183 10975 2672 395 8303 429 1545 2754 6767 1463 1146 1123 5304 1525 158 4087 422 245 3916 555 247 2538 2299 913 1536 438 243
is_linear=0
shrinkage=0.04


Tree=44
num_leaves=31
num_cat=0
split_feature=18 7 25 25 3 7 36 3 1 3 27 7 16 23 2 3 22 22 15 2 4 26 27 6 36 1 4 4 25 25
split_gain=121.153 50.4511 28.5476 18.6967 14.8561 14.5056 13.6094 11.791 10.0433 8.62269 8.25764 9.08945 8.15565 7.69146 7.62723 8.98475 8.90865 6.6788 6.55672 5.97436 5.96188 6.26731 5.84556 8.73781 5.81749 5.6603 5.64116 5.6264 5.70763 5.60724
threshold=1.5000000000000002 0.25000000000000006 0.2100000008940697 0.27500000596046453 2.5000000000000004 0.25000000000000006 0.42563754320144659 3.5000000000000004 2.5000000000000004 1.5000000000000002 4.5648686885833749 1.0000000180025095e-35 156.94763183593753 1.0000000180025095e-35 456.50000000000006 1.5000000000000002 0.16398936510086062 0.20726351439952853 0.12099999934434892 728.50000000000011 0.79452162981033336 1.0000000180025095e-35 4.5700607299804696 5.9674272537231454 0.63401335477828991 2.5000000000000004 0.93424811959266674 0.87381514906883251 0.27500000596046453 0.23499999940395358
decision_type=2 2 2 2 2 2 2 2 2 2 2 2 2 2 2 2 2 2 2 2 2 2 2 2 2 2 2 2 2 2
left_child=1 2 9 7 6 29 -4 13 14 -1 11 20 24 26 15 -8 -16 -11 -5 -13 21 -6 -18 -24 -10 -20 -3 -17 -29 -2
right_child=5 3 4 18 10 -7 8 -9 12 17 -12 19 -14 -15 16 27 22 -19 25 -21 -22 -23 23 -25 -26 -27 -28 28 -30 -31
leaf_value=-0.019830723930757202 -0.0041463568774099957 -0.0023809071506355178 -0.02179232779772006 -0.012179795041179753 0.0037727776264113917 0.032975791067816486 -0.0080575288118898587 0.012467423469643231 0.033978083072075886 -0.016727303116857949 -0.0067222983511552245 0.031384540631943299 -0.024619679487885661 0.012096485551250568 -0.021394248318387259 0.0021731917601391531 -0.008545637907064179 -0.0059688163467733237 0.0098972424368736107 -0.00072701816033359055 -0.0035182842542642967 0.026993800511882621 -0.0036093229277349721 0.024423637515585898 0.0069545616294592761 0.023946897827403273 -0.01953275161303453 0.0506183385971989 0.0099891556045257051 0.018339259786640565
leaf_weight=234.26932560652494 22.774678707122803 539.72808244824409 75.486812077462673 17.29487556219101 56.8586565554142 166.34227864444256 44.128128334879875 103.58698931336403 14.405539616942404 148.62070547789335 72.326675370335579 36.32433994114399 8.7921237424015981 54.59417413175106 66.808308646082878 22.530630588531494 296.25754394382238 248.50890303403139 325.99524766206741 12.110378980636595 81.208942629396915 26.235366597771645 79.257398344576359 20.804455772042274 64.763587832450867 53.309812396764755 30.60902314633131 9.6487791687250155 12.934289820492266 69.194616392254829
leaf_count=2277 104 3015 617 89 335 1103 347 445 100 1325 429 199 70 238 593 166 2203 1868 1481 65 484 142 577 158 432 237 184 81 87 329
internal_value=0 -0.00260024 -0.00708879 0.00391261 -0.00287668 0.0259464 -0.00594767 0.000101627 -0.00401775 -0.0137356 0.00482252 0.00877359 0.00840408 -0.00198133 -0.00601903 0.00460813 -0.00807782 -0.0100587 0.0108774 0.0236451 0.004158 0.0115665 -0.0057369 0.00258357 0.0125878 0.0119871 -0.00336646 0.0168132 0.0300541 0.0128013
internal_weight=0 2757.4 1632.28 1125.12 1000.88 258.312 715.818 728.518 640.331 631.399 285.064 212.738 87.9613 624.931 552.37 89.2418 463.128 397.13 396.6 48.4347 164.303 83.094 396.319 100.062 79.1691 379.305 570.337 45.1137 22.5831 91.9693
internal_count=19780 18244 12555 5689 7085 1536 5431 3882 4814 5470 1654 1225 602 3437 4212 681 3531 3193 1807 264 961 477 2938 735 532 1718 3199 334 168 433
is_linear=0
shrinkage=0.04


Tree=45
num_leaves=31
num_cat=0
split_feature=22 7 25 26 3 25 4 25 23 1 31 22 28 16 3 7 23 28 23 3 5 30 1 2 1 2 25 27 13 27
split_gain=115.598 41.4424 23.7688 18.8111 11.4021 10.5985 9.31835 8.30998 7.9894 9.0022 10.0541 7.98758 7.86824 7.64556 7.58993 7.32681 6.74892 6.7165 6.42296 6.3668 8.12311 6.15708 5.85821 8.05722 5.41968 5.30705 7.67642 6.47747 5.76211 5.20315
threshold=0.46619999408721929 0.57499998807907116 0.17500000447034839 1.0000000180025095e-35 3.5000000000000004 0.17500000447034839 0.86221691966056835 0.23499999940395358 1.0000000180025095e-35 1.5000000000000002 0.36602871119976049 0.18933333456516269 -0.91597560048103321 151.99979400634768 2.5000000000000004 0.57499998807907116 1.0000000180025095e-35 -0.37940952181816096 1.0000000180025095e-35 1.5000000000000002 0.12953721731901172 3.8393944501876835 2.5000000000000004 798.50000000000011 2.5000000000000004 679.50000000000011 0.27500000596046453 4.0647437572479257 1.0000000180025095e-35 3.8144096136093144
decision_type=2 2 2 2 2 2 2 2 2 2 2 2 2 2 2 2 2 2 2 2 2 2 2 2 2 2 2 2 2 2
left_child=1 2 6 4 8 14 11 15 9 -4 13 -1 -6 25 -3 21 22 -12 19 20 24 -2 -7 -24 -5 26 -11 -27 -29 -14
right_child=7 5 3 18 12 16 -8 -9 -10 10 17 -13 29 -15 -16 -17 -18 -19 -20 -21 -22 -23 23 -25 -26 27 -28 28 -30 -31
leaf_value=-0.014199581168438816 -0.016003069856735292 -0.0081308730872342791 -0.011970319687909172 -0.00085520723217203439 0.024273286467960797 0.005921507734507404 -0.015698390165859839 0.029278813534830257 0.0051679111520219157 -0.022189054426109443 0.001226799113125576 -0.00070498771080154178 0.016162641831169524 -0.023254513016440909 0.0079407679296874499 0.024556767147935948 0.023780883137932498 0.03320184738120651 0.018291303093656227 0.0071286747875378221 -0.016582272809555747 0.01703752200495208 0.042900831071603855 0.010013506636821181 0.024576122341326091 -0.0093063355947521093 0.0009266760167525029 0.0095889539379939766 -0.011870134271854666 -0.0044563319351652482
leaf_weight=114.14717906713486 18.166260242462158 112.93450060486794 429.20759996771812 85.373989015817642 26.855694659054279 361.83346144855022 361.84809157252312 198.83053255081177 79.121072113513947 47.80057168006897 25.202025048434734 177.89227280765772 23.929494246840477 33.810408718883991 77.61393578350544 35.693857416510582 46.670834869146347 16.230606772005558 48.005888134241104 231.08742414414883 48.187912970781326 14.341811656951903 15.040519937872885 46.069667235016823 13.879234105348585 72.367271199822426 42.403607755899429 102.70707949250937 22.955028474330902 78.016674742102623
leaf_count=962 91 623 3277 648 148 1610 3310 1186 377 392 145 1221 125 288 341 213 200 91 217 1452 352 75 66 196 93 516 289 731 184 442
internal_value=0 -0.00234331 -0.00511279 -0.00221266 -0.0052082 0.00637601 -0.0114164 0.0251324 -0.00684902 -0.00805847 -0.00339898 -0.00604022 0.00583272 -0.00580449 -0.00157011 0.0125544 0.00959317 0.0147046 0.00480609 0.00300871 -0.00345757 -0.0012837 0.00792303 0.0192108 0.00311622 -0.00361142 -0.0115383 7.86137e-05 0.00554442 0.000601352
internal_weight=0 2741.19 2081.03 1427.14 1000.61 660.163 653.888 267.032 871.805 792.684 363.477 292.039 128.802 322.044 190.548 68.2019 469.614 41.4326 426.534 378.529 147.441 32.5081 422.944 61.1102 99.2532 288.234 90.2042 198.029 125.662 101.946
internal_count=19861 18296 15260 9767 7005 3036 5493 1565 6290 5913 2636 2183 715 2400 964 379 2072 236 2762 2545 1093 166 1872 262 741 2112 681 1431 915 567
is_linear=0
shrinkage=0.04


Tree=46
num_leaves=31
num_cat=0
split_feature=18 7 25 3 25 3 36 13 7 27 29 3 15 32 22 5 20 4 6 27 21 36 3 0 36 36 1 36 29 29
split_gain=117.239 43.7512 26.9312 15.1719 13.3589 11.4697 11.2214 9.77388 9.37881 9.28756 8.53927 8.39587 8.15672 8.52112 7.06593 6.92416 6.64899 6.5761 6.52675 7.45609 5.80894 5.52457 6.42997 7.91694 7.57541 7.90515 6.60339 5.79387 5.4437 5.40138
threshold=1.5000000000000002 1.0000000180025095e-35 0.27500000596046453 1.5000000000000002 0.31000000238418585 3.5000000000000004 1.1330381631851199 1.0000000180025095e-35 0.25000000000000006 5.2211663722991952 -0.91597560048103321 2.5000000000000004 0.12099999934434892 2.5000000000000004 0.23043560981750491 0.28232026100158697 0.41083332896232611 0.91050902009010326 5.8126356601715097 3.7853246927261357 5.5000000000000009 1.7360265254974367 3.5000000000000004 7.0264170169830331 0.9602545201778413 0.70309320092201244 2.5000000000000004 1.4445221424102785 -0.37940952181816096 -0.12940952181816107
decision_type=2 2 2 2 2 2 2 2 2 2 2 2 2 2 2 2 2 2 2 2 2 2 2 2 2 2 2 2 2 2
left_child=1 3 5 4 9 6 -3 11 -2 17 -10 -4 -5 21 -9 -7 20 -1 19 -13 -8 22 24 -24 25 -14 -27 -25 -23 -17
right_child=8 2 7 12 -6 15 16 14 10 -11 -12 18 13 -15 -16 29 -18 -19 -20 -21 -22 28 23 27 -26 26 -28 -29 -30 -31
leaf_value=-0.020178193319088083 0.015350783968449373 -0.0063082213863840586 0.0085714441121228953 -0.018581190280245994 0.0037274245310522803 0.016182086381539933 0.0037194850139563567 -0.0091959160953167893 0.0093254801908956714 0.017629618203473245 0.035728750523353135 0.03362470734825241 -0.007904123892371261 0.032941421203075812 0.014730045119766061 0.0087685110043736678 0.024400712200803417 -0.0085676748883668427 0.03610645503232001 0.0082887747822988876 -0.017716361620343523 0.017565752301060149 -0.0016723343104278238 0.040219813948872425 -0.013240603166399198 0.0010524364221354385 0.027577359609521453 0.0021247772373422145 -0.0032707854423858489 -0.018987385577945038
leaf_weight=285.17984510213137 92.181856364011765 569.97897401452065 295.94552909582853 56.894488014280796 63.322023890912533 84.016120441257954 214.93602178990841 63.909364737570286 24.778070464730263 11.285674974322317 137.96853630244732 23.947653546929359 211.98200988024473 8.3701523542404157 26.228538550436497 23.705858424305916 20.751063898205757 113.3328392803669 32.526630192995071 73.042687639594078 20.322920903563499 35.206336468458176 112.17542964965105 12.055122554302217 185.72031273692846 112.0371135622263 15.3738477230072 12.14150635153055 42.407770447432995 18.001739218831062
leaf_count=2598 440 3598 1513 477 449 395 1282 348 169 100 951 105 1665 46 119 109 100 1006 142 316 121 233 688 69 1388 870 111 69 279 82
internal_value=0 -0.0021925 0.00251858 -0.00759911 -0.0132707 -0.00147222 -0.0031904 0.00986217 0.0260632 -0.0159026 0.0318709 0.0123869 -0.00423846 -0.00310007 -0.00206527 0.00968921 0.00374618 -0.0169356 0.0208424 0.0150974 0.00173401 -0.00359603 -0.00478281 0.00292257 -0.0067874 -0.00319924 0.00462976 0.0227259 0.00638466 -0.00353208
internal_weight=0 2744.8 1467.31 1277.48 473.12 951.713 825.989 515.6 254.928 409.798 162.747 425.463 804.364 747.47 90.1379 125.724 256.01 398.513 129.517 96.9903 235.259 739.099 661.485 136.372 525.113 339.393 127.411 24.1966 77.6141 41.7076
internal_count=19838 18278 8230 10048 4153 5687 5101 2543 1560 3704 1120 2076 5895 5418 467 586 1503 3604 563 421 1403 5372 4860 826 4034 2646 981 138 512 191
is_linear=0
shrinkage=0.04


Tree=47
num_leaves=31
num_cat=0
split_feature=22 23 7 15 25 6 36 7 36 28 2 3 2 4 36 22 28 0 2 36 27 29 8 6 15 29 27 5 14 2
split_gain=98.6683 37.0262 30.183 15.9942 13.7884 11.3769 11.3575 10.9678 8.30322 9.1572 8.04996 8.00291 7.9789 8.89667 7.59498 7.42466 7.37791 6.91947 8.32377 6.84497 6.82976 11.0389 6.43578 6.43102 6.33242 7.42787 7.3889 6.01828 7.25234 7.0581
threshold=0.52642855048179638 1.0000000180025095e-35 1.0000000180025095e-35 0.19597221910953525 0.23499999940395358 6.4838714599609384 0.75340348482131969 0.42499999701976782 1.1780047416687014 0.12940952181816109 743.50000000000011 3.5000000000000004 681.50000000000011 0.90659204125404369 1.6424235701560976 0.18933333456516269 -0.91597560048103321 6.8627440929412851 708.50000000000011 0.4720140546560288 4.5470111370086679 1.0000000180025095e-35 3.5000000000000004 6.1789803504943857 0.25690476596355444 1.0000000180025095e-35 4.5700607299804696 0.34005814790725714 0.89587974548339855 730.50000000000011
decision_type=2 2 2 2 2 2 2 2 2 2 2 2 2 2 2 2 2 2 2 2 2 2 2 2 2 2 2 2 2 2
left_child=1 2 4 5 11 8 16 -2 9 -4 -10 -1 13 15 27 -8 17 18 19 -5 22 -22 -3 -24 26 -26 -14 28 -6 -30
right_child=7 20 3 6 14 -7 12 -9 10 -11 -12 -13 24 -15 -16 -17 -18 -19 -20 -21 21 -23 23 -25 25 -27 -28 -29 29 -31
leaf_value=-0.013798144972006883 0.011748198057108963 0.037889919475843775 -0.013895048602763374 0.0446208398096423 -0.0032053928747307874 0.025510557421616304 0.026256478048569929 0.030405792016738212 -0.0038508463372431217 0.0014952005426148191 0.018016613498634367 -0.00047682518528807536 0.022573479626071129 -0.0103331490028088 0.0088088212655078046 0.0043630590871965528 -0.0049445016583836614 -0.016442646784175417 -0.0073848251046324878 0.010555532096484577 0.01364572320646501 -0.018167832043259117 0.017311925655575124 -0.0041574980123127766 -0.011007641955326622 0.020279573498444378 0.0019539100829739611 0.013221748722281568 -0.021251463506419627 0.0010312526721996289
leaf_weight=568.20920959115028 77.933829694986343 19.113696426153183 240.37564062327147 15.121420212090014 308.38677374273539 16.559695318341255 25.974543765187263 162.88862729072571 104.832479596138 82.566168688237667 34.036332219839096 82.777137421071529 116.08625435084105 58.119179353117943 69.344494111835957 230.776840031147 263.54057864099741 11.758507810533045 17.202293373644352 24.891647897660732 45.708643764257431 25.536365248262882 131.57569567859173 25.981538668274879 29.864052720367908 17.619054414331913 36.897371917963028 24.730202130973339 79.866458855569363 31.245941191911697
leaf_count=5253 384 84 1582 86 2181 112 131 1091 636 550 192 557 593 342 427 1212 1482 74 97 136 223 125 636 127 147 89 194 156 658 246
internal_value=0 -0.00208906 -0.00355922 0.000567998 -0.00825228 -0.00526688 0.00386477 0.0245144 -0.00647575 -0.00997526 0.0016885 -0.0121109 0.00757272 0.00356269 -0.00333323 0.00676376 -0.0018928 0.00957812 0.0153005 0.0249405 0.0125917 0.00205806 0.0167689 0.0137638 0.0137738 0.000952203 0.0176897 -0.0052596 -0.00640668 -0.0150779
internal_weight=0 2738.7 2490.78 1326.22 1164.56 478.37 847.852 240.822 461.811 322.942 138.869 650.986 515.337 314.871 513.574 256.751 332.514 68.9739 57.2154 40.0131 247.916 71.245 176.671 157.557 200.467 47.4831 152.984 444.229 419.499 111.112
internal_count=19803 18328 17133 7655 9478 3072 4583 1475 2960 2132 828 5810 2708 1685 3668 1343 1875 393 319 222 1195 348 847 763 1023 236 787 3241 3085 904
is_linear=0
shrinkage=0.04


Tree=48
num_leaves=31
num_cat=0
split_feature=18 7 21 3 23 6 36 6 16 29 36 0 27 0 3 23 1 7 27 27 36 16 0 6 29 3 4 0 4 16
split_gain=95.1743 35.2551 24.1429 20.4667 14.5048 11.5717 10.7415 10.0892 11.6114 9.75835 9.0001 9.28439 8.14601 7.27161 7.16112 7.16054 6.53113 6.36056 6.14346 5.93679 5.93313 5.95211 6.32226 9.94035 7.53848 6.83024 9.31521 6.47557 6.39881 7.16731
threshold=1.5000000000000002 0.25000000000000006 1.5000000000000002 2.5000000000000004 1.0000000180025095e-35 6.4838714599609384 1.1330381631851199 6.0672669410705575 1.9231573939323428 0.78656607866287243 1.7154432535171511 7.9501483440399179 3.6309846639633183 6.6012070178985605 3.5000000000000004 1.0000000180025095e-35 1.5000000000000002 0.25000000000000006 3.5219379663467412 4.0901689529418954 0.32251067459583288 128.90168762207034 7.7815537452697763 5.5548937320709237 -0.6035533845424651 1.5000000000000002 0.88686734437942516 7.3369317054748544 0.90864726901054393 62.124784469604499
decision_type=2 2 2 2 2 2 2 2 2 2 2 2 2 2 2 2 2 2 2 2 2 2 2 2 2 2 2 2 2 2
left_child=1 2 3 10 5 6 7 14 -9 12 15 -12 18 -11 -3 20 -16 -2 -5 -15 -1 22 24 -24 25 28 -27 -28 -22 -30
right_child=17 4 -4 9 -6 -7 -8 8 -10 13 11 -13 -14 19 16 -17 -18 -19 -20 -21 21 -23 23 -25 -26 26 27 -29 29 -31
leaf_value=-0.026137434258183663 0.015040009028666495 -0.0015025540078788088 0.046633469947161207 0.0038497383226786682 0.017340322779343439 0.026517909820244857 0.007216274979849082 0.0094504397505137186 -0.019171852276276699 -0.0015040491531883176 0.014514351623969635 -0.0076243546098146275 -0.0032133501182091263 0.003181020065720656 0.00073739792388046886 0.00018787994530161515 0.021898708213376205 0.028977021730636959 0.035508440485374569 0.041182511638746137 -0.017104449629054001 -0.018208937394503404 -0.015292694367921356 0.03119790195695624 -0.013227318384013987 -0.0055153857958348549 0.0071676911475719984 0.042378307884688868 -0.0058240556229860975 0.034240668653543506
leaf_weight=41.488407753407955 91.566310718655586 455.9570477604866 11.908062472939489 28.97298676520586 105.51949697732925 27.607075288891792 313.3105690330267 28.726233035326004 90.03075222671032 19.920800127089024 47.356440477073193 76.559991225600243 364.08075372874737 10.019781760871412 50.212751284241676 91.527401812374592 41.833160802721977 152.190239995718 13.284955032169817 19.36072164773941 88.556860141456127 144.64237264543772 12.251433096826078 13.559518747031687 435.82188782840967 90.28933073580265 32.9674421697855 9.7405495792627317 38.934821024537086 6.6572388410568228
leaf_count=390 442 2440 50 172 455 147 1535 148 530 125 343 595 2301 60 213 490 178 1087 81 121 822 1401 102 115 3812 757 275 77 350 64
internal_value=0 -0.00208876 -0.00589298 -0.0063456 0.00337265 0.00187857 0.00113193 -0.00174014 -0.0122065 0.000809786 -0.00922623 0.000932424 -0.00125965 0.0172501 0.000564153 -0.0104764 0.010616 0.0239066 0.0149574 0.0292514 -0.0115413 -0.0107898 -0.00927156 0.00961785 -0.00999044 -0.00465075 0.00177166 0.0167348 -0.0109505 0.00121917
internal_weight=0 2711.1 1597.9 1585.99 1113.2 1007.68 980.071 666.76 118.757 455.64 1130.35 123.916 406.339 49.3013 548.003 1006.44 92.0459 243.757 42.2579 29.3805 914.91 873.421 728.779 25.811 702.968 267.146 132.997 42.708 134.149 45.5921
internal_count=19678 18149 12503 12453 5646 5191 5044 3509 678 2860 9593 938 2554 306 2831 8655 391 1529 253 181 8165 7775 6374 217 6157 2345 1109 352 1236 414
is_linear=0
shrinkage=0.04


Tree=49
num_leaves=31
num_cat=0
split_feature=18 9 21 3 26 9 36 30 14 36 10 6 8 16 1 6 36 3 0 36 6 36 31 18 0 3 6 31 6 16
split_gain=99.1099 33.5934 17.7527 12.5706 11.4185 9.20562 8.47751 11.8101 8.38921 7.24541 7.22769 7.58947 7.55111 7.79065 7.08244 9.17291 9.0357 7.28999 9.31904 7.73396 6.96481 6.92236 6.90951 7.65715 6.98049 6.88955 6.50816 6.41641 6.21735 6.10772
threshold=1.5000000000000002 1.0000000180025095e-35 1.5000000000000002 1.5000000000000002 1.0000000180025095e-35 1.0000000180025095e-35 1.6554901003837588 1.7005987167358401 1.4978661537170412 0.46097640693187719 1.0000000180025095e-35 6.4060542583465585 5.5000000000000009 9.6609120368957537 2.5000000000000004 4.9163179397583017 0.43116816878318792 3.5000000000000004 7.0264170169830331 1.7154432535171511 5.5353620052337655 2.0964355468750004 0.47407408058643347 1.0000000180025095e-35 7.6525430679321298 3.5000000000000004 5.8126356601715097 0.90390047430992138 5.570249319076539 48.595153808593757
decision_type=2 2 2 2 2 2 2 2 2 2 2 2 2 2 2 2 2 2 2 2 2 2 2 2 2 2 2 2 2 2
left_child=1 4 3 -3 6 -2 10 20 14 -6 11 25 27 -14 17 -16 -17 19 -19 29 -8 -20 23 24 -11 -1 -21 -12 -9 -5
right_child=5 2 -4 8 9 -7 7 28 -10 22 12 -13 13 -15 15 16 -18 18 21 26 -22 -23 -24 -25 -26 -27 -28 -29 -30 -31
leaf_value=-0.0083360073817467795 0.030362479807767764 -0.010393545219537888 0.039034461472975991 -0.0041111246908052115 -0.0059797213000236608 0.013626358401489473 0.0096931763718377667 0.010033145847642096 -0.02127856191794587 0.019660133771472219 0.0071311947568352997 0.017954005217458168 0.0073611852474366139 -0.01314444020324914 -0.0067220767826334507 -0.018857784470058293 0.020150882871482111 -0.0023359777127189489 0.026859111377078519 0.012691555851503895 -0.020381224730839143 -0.0068162328061846314 0.026085943538887997 0.0008665091120911338 -0.0052733640280765307 0.0075106259957507639 -0.015089998229705344 0.033365420935178913 0.046732270074071575 -0.012458313142508549
leaf_weight=295.78704269230366 153.02574287354946 656.94525564461946 12.099627584218977 383.41529219597578 39.403958849608898 87.673842489719391 40.016432479023933 14.601168408989908 37.880305536091328 106.2836384922266 118.87496365606785 20.578594677150249 55.498305529356003 59.411123499274254 51.095125027000904 9.4293706491589528 66.05482541769743 124.19099733233452 35.04519085586071 57.083974316716194 15.436013758182524 12.318381980061529 45.56615087389946 101.19863060861826 20.654514625668526 49.882095962762833 15.661754995584486 15.436163142323492 16.473911218345165 222.18707796931267
leaf_count=1564 1116 5725 50 2863 191 424 182 67 314 484 551 111 258 286 329 72 469 766 196 389 73 69 196 508 94 215 107 67 81 1865
internal_value=0 -0.00225634 -0.00571944 -0.00608971 0.00348669 0.0244289 0.000645277 0.0122199 -0.00328739 0.00981271 -0.00101628 -0.004582 0.00421856 -0.00328424 -0.0025474 0.00621346 0.014917 -0.00386371 0.00347225 -0.00572373 0.000903449 0.0181795 0.0121132 0.00911991 0.0155843 -0.00601919 0.00646661 0.0105916 0.0311379 -0.00720452
internal_weight=0 2698.51 1683.41 1671.31 1015.1 240.7 701.996 86.5275 1014.36 313.107 615.468 366.248 249.221 114.909 976.482 126.579 75.4842 849.903 171.555 678.348 55.4524 47.3636 273.703 228.137 126.938 345.669 72.7457 134.311 31.0751 605.602
internal_count=19682 18142 13214 13164 4928 1540 3455 403 7439 1473 3052 1890 1162 544 7125 870 541 6255 1031 5224 255 265 1282 1086 578 1779 496 618 148 4728
is_linear=0
shrinkage=0.04


Tree=50
num_leaves=31
num_cat=0
split_feature=33 7 3 34 2 14 23 0 2 0 3 27 0 28 13 29 5 0 34 12 7 2 0 0 16 22 2 3 2 0
split_gain=85.8581 40.5066 14.7516 12.6206 11.6444 10.8018 10.3228 10.5646 9.88003 9.12821 8.19868 7.76441 6.90095 6.85347 6.8036 6.60253 6.97788 6.79905 6.4844 5.78669 5.77594 7.15349 6.42337 5.75718 5.75398 8.53889 5.74865 5.71971 5.52719 9.08804
threshold=1.0000000180025095e-35 0.57499998807907116 2.5000000000000004 50.500000000000007 857.50000000000011 1.4978661537170412 1.0000000180025095e-35 6.4393184185028085 804.50000000000011 7.5261752605438241 1.5000000000000002 3.6309846639633183 6.3902053833007821 0.12940952181816109 1.0000000180025095e-35 -0.6035533845424651 0.092970013618469252 7.219635248184205 7.5000000000000009 1.0000000180025095e-35 0.25000000000000006 609.50000000000011 7.536893606185914 7.8770160675048837 104.87001037597658 0.26620000600814825 599.50000000000011 1.5000000000000002 508.50000000000006 7.6088676452636728
decision_type=2 2 2 2 2 2 2 2 2 2 2 2 2 2 2 2 2 2 2 2 2 2 2 2 2 2 2 2 2 2
left_child=1 2 3 5 10 8 7 -2 9 15 13 12 -4 -3 28 16 17 26 19 -17 -9 22 -22 -16 25 27 -1 -18 29 -11
right_child=6 4 11 -5 -6 -7 -8 20 -10 14 -12 -13 -14 -15 23 18 24 -19 -20 -21 21 -23 -24 -25 -26 -27 -28 -29 -30 -31
leaf_value=0.019279364552083601 -0.017442058321514967 -0.0063802202395127931 -0.0083466344381690465 0.030346343281119969 0.020366827691979342 -0.024273086246703685 0.037802868032884081 0.010110387407713858 0.00083939512386999146 0.021488320777830801 0.0078593157106516785 -0.00089552946719576379 0.021749729760110574 0.0099947694031041791 -0.0034453071620724474 -0.015123757676517649 -0.013040743722846389 0.040075025614345013 0.0047533476767898661 0.0016702398175764525 0.021452180244786834 0.030959328133245059 -0.011799686541792758 -0.02903182338820438 -0.017973642902532221 0.022501825410493222 -0.022187415276161887 -0.00038020583141699731 0.0048415332732766238 -0.016710306966226822
leaf_weight=8.9074203073978477 11.375293061137198 149.98515065014362 15.253806076943873 12.501025475561617 82.955112874507904 55.516476355493069 53.042982280254364 67.682854264974594 240.37529776245356 10.655166566371916 395.1411317884922 495.61644989997149 44.921728156507015 54.003967642784119 35.308116681873798 468.0048431828618 108.33524381369352 8.0071506127715093 30.552094854414463 34.888140462338924 22.838744670152664 90.347528710961342 13.234458938241003 22.108735829591751 62.405161373317242 15.556436747312544 8.5026266574859601 118.57587394118309 171.70609538257122 47.497713074088097
leaf_count=74 70 743 87 76 370 499 340 323 1809 80 1762 2990 249 261 280 3999 947 64 187 266 153 641 93 180 559 103 79 927 1260 360
internal_value=0 -0.00192037 -0.00477157 -0.00688111 0.00649272 -0.00724419 0.0221253 0.0177528 -0.00653087 -0.00806885 0.00451035 0.000772499 0.0140976 -0.00199016 -0.00187585 -0.0101195 -0.00562443 0.0137979 -0.0128713 -0.0139567 0.0199722 0.0250123 0.0092738 -0.0139432 -0.00732304 -0.00445722 -0.00117146 -0.00648591 0.00123273 -0.00922954
internal_weight=0 2697.28 2015.2 1459.4 682.085 1446.9 258.522 205.479 1391.39 1151.01 599.13 555.792 60.1755 203.989 287.276 863.735 330.29 25.4172 533.445 502.893 194.104 126.421 36.0732 57.4169 304.873 242.468 17.41 226.911 229.859 58.1529
internal_count=19831 18211 15075 11749 3136 11673 1620 1280 11174 9365 2766 3326 336 1004 2160 7205 2753 217 4452 4265 1210 887 246 460 2536 1977 153 1874 1700 440
is_linear=0
shrinkage=0.04


Tree=51
num_leaves=31
num_cat=0
split_feature=31 7 30 25 25 23 30 3 7 3 27 16 16 30 23 22 36 5 36 36 23 15 23 7 6 6 6 28 7 36
split_gain=78.4916 32.8422 17.211 15.7591 13.5366 8.99623 8.84534 9.09247 8.58453 8.36266 8.12666 8.08972 12.5383 7.63977 6.94819 6.94714 6.92237 7.09104 6.61458 6.41534 7.86143 6.35649 6.27447 6.11421 5.94788 6.74712 13.1203 12.126 10.9378 5.92512
threshold=0.54342433810234081 1.0000000180025095e-35 2.0126758217811589 0.27500000596046453 0.23499999940395358 1.0000000180025095e-35 1.7005987167358401 3.5000000000000004 0.42499999701976782 1.5000000000000002 4.1612236499786386 6.5498371124267587 57.662387847900398 3.2769666910171513 1.0000000180025095e-35 0.27539215981960302 1.7360265254974367 0.32584507763385778 0.4720140546560288 1.1330381631851199 1.0000000180025095e-35 0.19597221910953525 1.0000000180025095e-35 1.0000000180025095e-35 6.4838714599609384 5.3254430294036874 5.2600927352905282 0.60355338454246532 0.92500001192092907 1.2953657507896426
decision_type=2 2 2 2 2 2 2 2 2 2 2 2 2 2 2 2 2 2 2 2 2 2 2 2 2 2 2 2 2 2
left_child=1 4 11 19 6 8 7 14 13 22 -10 -2 -13 -4 15 -1 17 -15 21 20 24 -11 -5 -14 25 26 -3 28 -27 -21
right_child=2 3 5 9 -6 -7 -8 -9 10 18 -12 12 23 16 -16 -17 -18 -19 -20 29 -22 -23 -24 -25 -26 27 -28 -29 -30 -31
leaf_value=-0.013772051750275913 0.025443387996363462 -0.0030068567593795328 0.024849820515436698 -0.00160066611878912 -0.0024477865228018005 0.036378750435777936 -0.025646772915891059 0.0031906222648244221 0.027400083686778792 -0.019820117207182505 -0.00097370826194422737 -0.012717068207358467 -0.0025892417441560319 -0.021341851855982447 0.0036107122460554194 0.010894841348880913 0.021010955057865766 0.013173834596702181 0.014985611617086168 0.014353899552575197 0.012004004771303318 0.010704152226989026 0.020441750475024875 0.019841435180165866 0.01951672591966068 -0.015296199807607894 0.036966102849239652 0.0093847206759468602 0.023438534822946246 0.00050729824269872905
leaf_weight=460.40585495531559 25.094841092824936 237.52260966598988 23.862699612975121 157.90783426910639 528.01809421926737 55.475834913551807 59.062501221895218 77.418116323649883 124.60107164084911 17.012303315103054 18.358426332473755 56.352489270269871 30.362206637859344 26.693045303225517 44.185774862766266 17.603700004518032 13.75735132396221 12.628068551421164 230.97837691754103 63.503700040280819 45.861036106944084 23.695664569735527 21.736871540546417 50.071862243115902 13.582285299897192 226.4782370775938 11.901449799537657 42.869828507304192 10.55500380694866 202.34637167304754
leaf_count=4436 112 1441 110 884 3725 361 559 507 893 92 96 315 205 131 269 144 69 62 1092 376 209 110 92 238 93 1547 74 288 55 1167
internal_value=0 -0.00242216 0.0159149 0.00195384 -0.00723312 0.0219704 -0.0110502 -0.00953194 0.0180403 0.00798271 0.0237932 0.00547163 0.00149376 0.00701922 -0.0114231 -0.012822 -0.00160821 -0.0101559 0.0123848 -0.00124125 -0.00356683 -0.00238306 0.00126216 0.0115169 -0.00492137 -0.00561954 -0.000820636 -0.00985973 -0.0133897 0.00389732
internal_weight=0 2492.65 437.258 1305.95 1186.69 275.376 658.676 599.613 219.901 451.331 142.959 161.881 136.787 76.9412 522.195 478.01 53.0785 39.3211 271.686 854.621 588.77 40.708 179.645 80.4341 542.909 529.327 249.424 279.903 237.033 265.85
internal_count=19752 17160 2592 7520 9640 1722 5915 5356 1361 2270 989 870 758 372 4849 4580 262 193 1294 5250 3707 202 976 443 3498 3405 1515 1890 1602 1543
is_linear=0
shrinkage=0.04


Tree=52
num_leaves=31
num_cat=0
split_feature=22 7 25 25 3 3 34 3 22 0 1 2 1 6 2 2 27 6 2 2 0 5 4 10 0 2 2 20 6 27
split_gain=79.1853 33.5197 15.6496 13.4031 15.8959 8.60909 8.28119 7.80933 7.43532 7.39077 6.9022 6.39958 5.86361 6.4748 5.56544 5.61546 5.56227 6.29294 5.53883 5.35121 5.29836 5.2835 8.51597 7.88313 6.58387 5.12392 5.07635 9.81917 6.38861 6.75045
threshold=0.41571427881717687 1.0000000180025095e-35 0.27500000596046453 0.23499999940395358 3.5000000000000004 3.5000000000000004 7.5000000000000009 2.5000000000000004 0.69840246438980114 6.4068458080291757 2.5000000000000004 525.50000000000011 1.5000000000000002 5.8066387176513681 557.50000000000011 595.50000000000011 3.7669966220855717 6.0879099369049081 477.50000000000006 601.50000000000011 6.0062773227691659 0.28621938824653631 0.79833573102951061 1.0000000180025095e-35 6.4707694053649911 583.50000000000011 471.50000000000006 0.25690476596355444 5.3351285457611093 4.3826513290405282
decision_type=2 2 2 2 2 2 2 2 2 2 2 2 2 2 2 2 2 2 2 2 2 2 2 2 2 2 2 2 2 2
left_child=1 3 5 4 10 16 -5 12 9 -2 26 18 -4 -14 -6 -16 17 -3 -9 -10 -18 22 24 -24 -7 -13 27 28 29 -1
right_child=8 2 7 6 14 21 -8 11 19 -11 -12 25 13 -15 15 -17 20 -19 -20 -21 -22 -23 23 -25 -26 -27 -28 -29 -30 -31
leaf_value=0.015564356576195358 -0.014912943997218686 0.00037308336009720641 -0.00038955300328691447 -0.0030683252194086616 -0.0087964107346049855 0.0044054125889565737 0.031721943975890329 0.01430259847072605 0.011924804351861296 0.016744312350044265 -0.002180972699682481 -0.0078129025092153991 0.015617024713418399 -0.001028008186607319 0.036422333682758275 0.0055284572613312115 0.015192628236239571 0.022015028838021106 0.048225485312709176 0.032905171774213364 -0.0047330438459688992 -0.0041759843292338205 -0.011818942578007677 0.021056536547429863 0.036697141328140032 0.014385323380941171 -0.016797970055649255 0.030434905843242942 -0.019440850152878698 -0.017344631988290431
leaf_weight=22.136643342673779 11.294127807021139 99.927598603069782 187.36683736741543 545.2598225697875 31.124187916517258 16.050190605223179 9.1802073270082456 19.608792036771774 28.864430375397205 146.81999478489161 80.104289047420025 18.916864156723022 107.30551304668188 56.476184383034706 9.8337577208876592 51.254560798406601 20.166498087346554 25.414458155632019 14.085208013653753 87.531995207071304 648.26901277899742 36.151984393596649 27.553179919719696 17.292908728122711 28.347690761089325 91.009331196546555 413.95486737042665 8.4755720719695073 51.410352602601051 15.016704984009264
leaf_count=204 55 604 1017 3840 212 76 43 86 213 788 700 81 535 299 65 329 126 161 61 658 4092 168 142 73 129 403 3906 68 502 137
internal_value=0 -0.00221271 0.00199434 -0.00701409 -0.010756 -0.00109491 -0.00238033 0.0077148 0.0202804 0.014325 -0.0131601 0.0155152 0.00445463 0.00993423 0.00460719 0.0114986 -0.00263821 0.00503807 0.0303911 0.0279917 -0.00408836 0.00856247 0.0137011 0.00121578 0.0257165 0.0104939 -0.014866 -0.00645195 -0.0105762 0.0020566
internal_weight=0 2651.69 1413.94 1237.75 683.311 919.174 554.44 494.769 274.511 158.114 591.098 143.62 351.149 163.782 92.2125 61.0883 793.778 125.342 33.694 116.396 668.436 125.396 89.244 44.8461 44.3979 109.926 510.994 97.0393 88.5637 37.1533
internal_count=19773 18059 8053 10006 6123 5571 3883 2482 1714 843 5517 631 1851 834 606 394 4983 765 147 871 4218 588 420 215 205 484 4817 911 843 341
is_linear=0
shrinkage=0.04


Tree=53
num_leaves=31
num_cat=0
split_feature=18 23 7 3 27 36 6 7 36 2 27 2 7 3 34 23 7 16 1 16 16 29 29 27 29 27 0 0 2 27
split_gain=81.2097 26.0433 20.3721 11.7924 10.4234 9.3057 10.1695 8.72055 8.4554 8.64906 8.72575 8.15234 7.9257 7.83228 9.07149 7.79502 7.68432 7.3044 7.26204 10.7369 8.1396 7.16892 6.76963 6.5168 6.46168 6.32557 6.73742 5.84325 9.82259 5.69736
threshold=1.5000000000000002 1.0000000180025095e-35 1.0000000180025095e-35 2.5000000000000004 3.1376634836196904 0.80839002132415783 6.4838714599609384 0.25000000000000006 0.33466239273548132 753.50000000000011 4.5895485877990732 950.50000000000011 1.0000000180025095e-35 2.5000000000000004 39.500000000000007 1.0000000180025095e-35 0.75000000000000011 36.122529983520515 1.5000000000000002 0.52925786375999462 55.65727615356446 0.91597560048103344 -0.6035533845424651 4.3826513290405282 -0.91597560048103321 3.4388129711151127 7.0440235137939462 7.1899151802062997 730.50000000000011 4.2801320552825937
decision_type=2 2 2 2 2 2 2 2 2 2 2 2 2 2 2 2 2 2 2 2 2 2 2 2 2 2 2 2 2 2
left_child=1 2 3 8 -4 6 13 15 -1 17 29 12 -3 14 16 -2 -6 22 25 -20 -21 -5 23 -10 -9 -7 -27 28 -22 -11
right_child=7 11 4 21 5 18 -8 24 9 10 -12 -13 -14 -15 -16 -17 -18 -19 19 20 27 -23 -24 -25 -26 26 -28 -29 -30 -31
leaf_value=-0.027940733370768821 0.0054730964161707639 0.00037551977289407046 0.024881160971051339 -0.0021739558069380906 -0.012230696512780642 -0.023770924509969444 0.023621764972307155 0.0084551845026376877 0.0072248467563951011 -0.00087394709578108231 0.013617007012981353 0.037824629810422089 0.015066580840215598 0.0018215904357429006 0.022678095694000856 0.033365743583938755 0.0023424488072354976 -0.016594109293100418 0.014459001420202528 -0.012529144699891991 0.016879404411197303 0.022674217307126775 -0.011745018932958189 -0.011424673447631142 0.032463282896011851 0.011336951284215675 -0.0023870771922727399 0.011479852937216548 -0.026439635866944648 -0.017795607255096196
leaf_weight=37.180251128971577 67.46588259935379 107.55842384696007 24.916929453611374 310.18124929070473 298.23056698590517 16.482055529952049 18.616453483700752 22.998284734785557 76.653020858764648 102.85767500847578 45.105629064142704 14.383093491196631 127.77346701920033 181.50942637771368 12.775001198053358 19.491415545344353 71.004826456308365 236.3485588952899 160.77458845824003 53.713504381477833 12.699591360986235 17.754636369645596 203.1691113486886 46.444083392620087 120.99022958427668 68.568008452653885 300.89995799958706 83.515673324465752 17.862711675465107 44.250994376838207
leaf_count=369 327 565 123 2050 2091 88 116 176 669 879 384 68 565 873 79 105 352 2374 823 300 70 113 1814 414 952 347 1758 490 95 390
internal_value=0 -0.00186018 -0.0031209 -0.00708487 0.000243943 -0.000267084 -0.00401392 0.0227577 -0.0097204 -0.00875147 -0.00140704 0.010393 0.00841178 -0.0050072 -0.00824444 0.0123348 -0.00943072 -0.0112468 0.00278825 0.00713981 3.90024e-05 -0.00069937 -0.00729565 0.000118294 0.028797 -0.000934025 0.000207233 0.00607062 -0.00850808 -0.00613448
internal_weight=0 2691.23 2441.51 1119.95 1321.57 1296.65 582.136 230.946 792.009 754.829 192.214 249.715 235.332 563.52 382.01 86.9573 369.235 562.615 714.516 328.566 167.791 327.936 326.266 123.097 143.989 385.95 369.468 114.078 30.5623 147.109
internal_count=19819 18259 17061 9456 7605 7482 3511 1560 7293 6924 1653 1198 1130 3395 2522 432 2443 5271 3971 1778 955 2163 2897 1083 1128 2193 2105 655 165 1269
is_linear=0
shrinkage=0.04


Tree=54
num_leaves=31
num_cat=0
split_feature=18 7 23 34 7 15 28 36 6 22 2 0 28 22 23 0 26 8 22 36 5 6 4 13 36 22 0 36 27 0
split_gain=72.7808 26.8027 14.9676 12.6992 11.3257 9.95854 9.07927 8.62049 7.42521 8.33726 6.9777 6.40736 6.3341 6.06566 6.04903 5.67568 5.64238 9.26152 8.89899 6.21793 5.90755 5.56128 11.7442 5.4355 5.49933 5.40456 6.54835 12.7181 9.69116 6.20474
threshold=1.5000000000000002 1.0000000180025095e-35 1.0000000180025095e-35 7.5000000000000009 0.25000000000000006 0.19597221910953525 0.37940952181816107 0.80839002132415783 5.1789667606353769 0.32601387798786169 681.50000000000011 6.3732833862304696 -0.98296290636062611 0.10918604582548143 1.0000000180025095e-35 6.2652561664581308 1.0000000180025095e-35 7.5000000000000009 0.26620000600814825 0.58193409442901622 0.25647109746932989 4.9163179397583017 0.89287164807319652 1.0000000180025095e-35 0.50040102005004894 0.16550000011920932 7.212287664413453 1.2060943245887759 4.5533502101898202 7.6525430679321298
decision_type=2 2 2 2 2 2 2 2 2 2 2 2 2 2 2 2 2 2 2 2 2 2 2 2 2 2 2 2 2 2
left_child=1 3 5 8 14 6 -3 15 9 21 25 -10 -12 -13 -2 -7 20 18 19 -18 -17 -1 -23 24 -8 -9 28 -28 -27 -29
right_child=4 2 -4 -5 -6 7 23 10 11 -11 12 13 -14 -15 -16 16 17 -19 -20 -21 -22 22 -24 -25 -26 26 27 29 -30 -31
leaf_value=-0.0060035881779187481 0.0039600894594356778 -0.0066995534570163592 0.014549446433421603 0.038861318094702064 0.028862036319119599 0.0075834024906894053 -0.0091982788280509393 0.019277835814701504 -0.019569174350138052 0.021442627430303136 -0.012136764108788134 -0.030187328469247401 0.015126620213786147 -0.0069452457623702755 0.028721514451364966 -0.010596656124740906 -0.013679589800291141 -0.023350329503006143 0.033588271797708888 0.01206772035417197 0.0075818912932111562 0.011837177062046027 -0.019319621574355853 -0.0067350492601999457 0.019464721836637638 0.017706168767591811 -0.01855146251316335 0.013251646226954626 -0.010979456427697249 -0.0049671376989809061
leaf_weight=374.75380635261536 66.008389249444008 383.28739259392023 134.35344225168228 8.0195345953106862 139.28424616158009 87.448918014764786 12.194337099790571 27.235051274299622 80.50762565433979 20.003015227615833 13.37000362575054 16.721515953540802 166.25722815841436 628.05940598994493 19.106385365128517 169.83970387279987 22.50843308866024 14.203373722732065 17.193556852638721 36.803278088569641 32.815016612410545 78.859472163021564 23.518500179052353 29.139548741281033 50.115131065249443 65.237667813897133 56.968520149588585 58.005416326224804 24.622258439660072 58.051217958331108
leaf_count=2841 322 2486 600 42 1112 459 82 140 677 125 66 169 835 5382 105 1045 123 102 81 189 157 593 217 186 312 321 343 289 119 313
internal_value=0 -0.00173525 0.00192987 -0.00607917 0.0218785 0.000630547 -0.0040004 0.00321861 -0.006437 -0.00265646 0.00683283 -0.00901386 0.0129861 -0.00763948 0.0100503 -0.00125207 -0.00391936 0.00430732 0.00990609 0.00216927 -0.00760775 -0.00375207 0.00444672 0.00721374 0.0137436 0.00296025 0.00113694 -0.00341131 0.00977819 0.00420889
internal_weight=0 2690.09 1459.65 1230.44 224.399 1325.3 474.736 850.56 1222.42 497.135 469.747 725.289 179.627 644.781 85.1148 380.812 293.363 90.7086 76.5053 59.3117 202.655 477.132 102.378 91.449 62.3095 290.12 262.885 173.025 89.8599 116.057
internal_count=19833 18294 8248 10046 1539 7648 3066 4582 10004 3776 2426 6228 901 5551 427 2156 1697 495 393 312 1202 3651 810 580 394 1525 1385 945 440 602
is_linear=0
shrinkage=0.04


Tree=55
num_leaves=31
num_cat=0
split_feature=18 25 7 8 3 7 14 2 1 2 6 25 31 4 10 16 1 5 22 34 4 6 2 2 36 4 26 16 6 3
split_gain=62.3557 25.2592 14.906 11.7323 10.4542 9.68759 8.64902 8.23384 7.61782 7.24782 6.98305 6.88468 6.83155 6.68511 6.58141 6.70827 10.1346 7.68153 6.40184 6.33874 5.96225 6.71752 5.88224 8.76976 5.66255 5.91836 5.55577 8.0145 5.59426 5.49096
threshold=1.5000000000000002 0.27500000596046453 0.67499998211860668 5.5000000000000009 1.5000000000000002 0.25000000000000006 0.89587974548339855 857.50000000000011 1.5000000000000002 609.50000000000011 5.8126356601715097 0.23499999940395358 0.063164893537759795 0.70091852545738231 1.0000000180025095e-35 128.90168762207034 2.5000000000000004 0.31754541397094732 0.82922226190567028 4.5000000000000009 0.63719540834426891 5.2122108936309823 739.50000000000011 745.50000000000011 1.7154432535171511 0.87697201967239391 1.0000000180025095e-35 151.99979400634768 5.8126356601715097 2.5000000000000004
decision_type=2 2 2 2 2 2 2 2 2 2 2 2 2 2 2 2 2 2 2 2 2 2 2 2 2 2 2 2 2 2
left_child=1 2 4 29 22 11 8 -4 10 18 -5 -2 -12 -10 15 17 26 24 -7 -16 -8 -22 -1 -24 -6 -26 -17 -28 -29 -3
right_child=5 3 7 6 14 9 20 -9 13 -11 12 -13 -14 -15 19 16 -18 -19 -20 -21 21 -23 23 -25 25 -27 27 28 -30 -31
leaf_value=-0.012692573552207122 -0.0092025007473374876 0.0062393204644720203 0.0024752999454927486 -0.0051529674641938627 -0.0060724088752989302 0.022163203893599628 0.020317806481479069 0.026625228142649334 -0.018482064144787008 0.031773415066218391 0.0039103444374308455 0.015733744458967358 0.038311467578156989 0.0099621499932068345 5.7289845387816161e-05 -0.021315487859016182 0.015359699264126383 0.0085725248712923436 -0.011574056839659222 0.020710634129495586 0.0086335549564877188 -0.013045075924726817 0.032345308447592959 -0.0060097042246821499 -0.0020412994863484206 0.021873562403385165 -0.02995315406091506 0.032434807859880246 -0.0051952076666789363 0.018540492398922935
leaf_weight=428.38695482164621 22.732184454798698 171.11446830630302 160.42157916724682 202.43819718807936 542.17278464883566 22.412727519869804 9.8081562295556051 24.39789180457592 12.230924040079115 102.76428832858801 58.220048271119595 63.816126525402069 9.1185934990644437 224.9838360697031 107.76938155293465 94.327458173036575 16.637153975665569 77.293251477181911 12.676946863532065 28.510620728135109 26.24423959851265 129.00090599060059 8.1724820733070356 155.91595700383186 50.645740702748299 22.387781403958797 9.2107749804854375 8.8507692515850085 14.045660793781279 88.705083340406418
leaf_count=3812 108 782 769 1257 4077 176 55 108 66 844 391 326 50 1299 495 775 129 514 105 128 163 952 71 1296 321 159 73 66 116 377
internal_value=0 -0.00194918 -0.0047812 0.00336548 -0.00605076 0.0199108 0.00056534 0.00591422 0.00315569 0.0264555 -0.00144241 0.00912424 0.00953942 0.00835329 -0.0034859 -0.00481504 -0.0126435 -0.0031659 0.010008 0.00461515 -0.0073339 -0.0093171 -0.0102321 -0.00373293 -0.00466369 0.00567722 -0.0165102 -0.00197073 0.010788 0.0105486
internal_weight=0 2681.01 1749.15 931.864 1564.33 224.402 672.045 184.819 506.992 137.854 269.777 86.5483 67.3386 237.215 971.851 835.571 143.072 692.5 35.0897 136.28 165.053 155.245 592.475 164.088 615.206 73.0335 126.435 32.1072 22.8964 259.82
internal_count=19860 18301 12909 5392 12032 1559 4233 877 3063 1125 1698 434 441 1365 6853 6230 1159 5071 281 623 1170 1115 5179 1367 4557 480 1030 255 182 1159
is_linear=0
shrinkage=0.04


Tree=56
num_leaves=31
num_cat=0
split_feature=22 7 23 15 2 25 2 36 0 4 27 27 27 4 6 25 36 0 0 25 6 16 6 3 28 27 13 16 27 1
split_gain=71.1232 24.1175 15.2729 13.0886 8.40955 8.30925 7.43519 6.66161 6.99385 6.65803 7.12285 6.32238 5.81251 7.09306 9.69184 5.80054 5.49424 8.69742 6.81999 5.57724 5.36159 5.06095 4.96962 5.21931 6.29295 5.19147 4.90852 8.69443 4.783 7.21062
threshold=0.43935896456241613 0.57499998807907116 1.0000000180025095e-35 0.19597221910953525 857.50000000000011 0.17500000447034839 625.50000000000011 1.1014350056648257 7.4535577297210702 0.63320410251617443 3.7853246927261357 3.9598599672317509 4.5956246852874765 0.66450887918472301 5.8678824901580819 0.34999999403953558 1.7154432535171511 7.8539912700653085 7.5988972187042245 0.31000000238418585 3.0677825212478642 148.52542114257815 6.3826613426208505 3.5000000000000004 -0.6035533845424651 4.1994547843933114 1.0000000180025095e-35 151.05592346191409 4.7036571502685556 2.5000000000000004
decision_type=2 2 2 2 2 2 2 2 2 2 2 2 2 2 2 2 2 2 2 2 2 2 2 2 2 2 2 2 2 2
left_child=1 2 3 5 15 -1 11 9 -9 -7 -11 -2 13 14 -5 20 22 18 -18 -19 -3 -8 23 -15 -25 -26 -22 -28 -14 -30
right_child=6 4 -4 12 -6 7 21 8 -10 10 -12 -13 28 16 -16 -17 17 19 -20 -21 26 -23 -24 24 25 -27 27 -29 29 -31
leaf_value=-0.015314480083866553 0.017048219730712365 -0.015077968452271336 0.006876221155923695 -0.0083689107234392497 0.01738316814274753 0.017309638853845 0.02673368935423389 0.012562188605253256 -0.0049515746184764274 -0.023684221011759935 -0.0077936373952503914 -0.0069725667747803114 -0.017068566782588293 -0.0045889672052423286 0.035598083794941872 0.018843640107502176 -0.0019082905320431621 -0.0077262340233530012 0.033404284565467603 0.022700149207497772 0.0051204068987753225 -0.00045440000706721626 0.014958288039394637 0.017361169265168151 -0.014625655965251729 0.011818690414303614 -0.0090762669835695448 0.02121861842518339 -0.0072475189951780586 0.015018390172812777
leaf_weight=235.11781064420938 55.947436392307281 25.163081794977188 189.34345316886902 12.512175872921945 74.908808156847954 12.429822936654089 164.26796264946461 49.783063694834709 121.46790872514248 54.135688968002796 253.92171154171228 23.821372166275978 60.36366156488657 566.60948986560106 17.58225928992033 34.080628395080566 12.635049387812613 49.396914787590504 25.023577265441418 9.8779256641864759 419.05482955276966 11.656273901462553 23.069048225879669 38.979960978031158 27.505282819271088 18.011885240674019 93.453536123037338 16.075271040201187 169.95083685964346 25.010391928255558
leaf_count=2382 383 113 950 76 334 82 1107 349 940 482 2244 123 451 4310 110 146 66 353 147 52 1938 68 175 216 152 103 449 76 1250 168
internal_value=0 -0.00165704 -0.00387434 -0.00502216 0.00493487 -0.00914653 0.0203599 -0.00614732 0.000225962 -0.00953314 -0.0107209 0.0098798 -0.00217281 -0.000491729 0.0179358 0.00329498 -0.00125545 0.00755358 0.0220576 -0.00208036 0.00227366 0.0249474 -0.00254061 -0.00320452 0.00597061 -0.0041042 0.0031534 -0.00432919 -0.00740318 -0.00426766
internal_weight=0 2635.46 1972.73 1783.38 662.736 726.856 255.693 491.738 171.251 320.487 308.057 79.7688 1056.53 801.204 30.0944 587.827 771.109 96.9335 37.6586 59.2748 553.747 175.924 674.176 651.107 84.4971 45.5172 528.584 109.529 255.325 194.961
internal_count=19795 18114 15058 14108 3056 6479 1681 4097 1289 2808 2726 506 7629 5760 186 2722 5574 618 213 405 2576 1175 4956 4781 471 255 2463 525 1869 1418
is_linear=0
shrinkage=0.04


Tree=57
num_leaves=31
num_cat=0
split_feature=22 7 23 23 7 2 6 3 36 22 16 36 36 2 3 34 22 27 0 8 20 5 28 6 0 28 3 0 2 6
split_gain=60.2403 25.3208 9.82985 9.57343 8.29638 8.64069 7.87118 9.51062 9.38304 8.01395 7.57624 8.22981 7.83684 7.54689 7.51312 7.42827 7.79214 7.12011 6.88602 10.0847 6.67022 6.28725 5.89607 8.68203 6.48442 5.91716 5.7942 10.588 7.15481 8.35902
threshold=0.52642855048179638 1.0000000180025095e-35 1.0000000180025095e-35 1.0000000180025095e-35 0.25000000000000006 619.50000000000011 6.4960203170776376 1.5000000000000002 0.80839002132415783 0.11087121069431306 32.602436065673835 1.2953657507896426 0.30390463769435888 697.50000000000011 2.5000000000000004 14.500000000000002 0.82922226190567028 4.0154814720153817 7.3105444908142099 9.5000000000000018 0.41083332896232611 0.10966863855719568 0.60355338454246532 5.427147865295411 6.9037346839904794 -0.6035533845424651 1.5000000000000002 7.5735280513763437 513.50000000000011 5.7054464817047128
decision_type=2 2 2 2 2 2 2 2 2 2 2 2 2 2 2 2 2 2 2 2 2 2 2 2 2 2 2 2 2 2
left_child=1 3 6 10 -2 15 7 20 22 -10 12 -12 -1 26 -4 -6 -17 -5 -15 21 -3 -20 24 -24 25 -9 -14 28 29 -28
right_child=4 2 14 17 5 -7 -8 8 9 -11 11 -13 13 18 -16 16 -18 -19 19 -21 -22 -23 23 -25 -26 -27 27 -29 -30 -31
leaf_value=-0.02936213769334994 0.0089960770509181307 -0.0053053623939026571 0.0059804974691965371 0.017820405133942129 -0.015064585459263331 0.032785949110516209 0.01988261671726865 0.0027507908753795197 -0.015940878839125969 0.008097981491236533 -0.013679349408817107 -0.0013012892432103477 -0.013197835658560435 0.0074378475371501811 0.027041670547155713 0.035707995319036651 -0.0028436213242347352 -0.0024989524154107974 0.011976458307051237 0.029018353880575689 0.013548594251558438 -0.019011853984286751 -0.0055658798616201885 0.026988719925604223 -0.026100954387500801 -0.0087940917307657747 -0.0027946754550613128 0.016719264660408333 -0.011812927561597629 0.030155184053187171
leaf_weight=17.18092218786478 71.630597680807114 455.7968624830246 94.672241695225239 41.452708311378956 11.526584297418593 95.073741920292377 31.764483980834484 157.33021160215139 21.594648316502571 422.15282937884331 371.63810417056084 112.19840998202562 138.52356826514006 148.56267300248146 36.947577640414238 18.73094043135643 13.626575239002703 74.47499442845583 11.552768312394617 8.6088279038667661 30.237152479588985 51.812548391520977 25.348251037299633 23.947598665952682 17.844388715922832 126.45857602357864 69.156394369900227 35.246910840272903 138.70973816514015 12.921449482440947
leaf_count=156 370 3025 431 210 58 772 194 871 131 2174 3545 921 1318 1137 165 153 113 393 91 69 164 377 140 132 113 701 531 240 1070 94
internal_value=0 -0.00172046 0.00187267 -0.00592825 0.0204014 0.0260695 0.000819113 0.000316032 0.00300924 0.00686187 -0.00706453 -0.0108261 -0.00416097 -0.00336417 0.0122089 0.0107238 0.0202525 0.00494572 0.00254767 -0.00747439 -0.0040817 -0.0131685 -0.00187368 0.0106846 -0.00398293 -0.00241924 -0.00666475 -0.00305522 -0.00633381 0.00298652
internal_weight=0 2676.13 1444.09 1232.04 210.588 138.958 1312.48 1280.71 794.677 443.747 1116.11 483.837 632.276 615.095 131.62 43.8841 32.3575 115.928 220.537 71.9741 486.034 63.3653 350.929 49.2958 301.633 283.789 394.558 256.034 220.788 82.0778
internal_count=19859 18393 8241 10152 1466 1096 7645 7451 4262 2305 9549 4466 5083 4927 596 324 266 603 1674 537 3189 468 1957 272 1685 1572 3253 1935 1695 625
is_linear=0
shrinkage=0.04


Tree=58
num_leaves=31
num_cat=0
split_feature=18 25 3 14 27 1 7 7 29 23 4 4 27 6 36 27 29 36 2 2 8 4 27 2 2 6 16 0 2 0
split_gain=49.4995 21.3946 15.1436 12.3409 13.0788 10.6229 8.62994 7.57853 7.90462 7.01871 6.99847 6.96509 6.68138 6.61081 6.23495 6.10049 5.94615 12.3904 8.18546 10.9755 9.77136 7.57246 7.32393 6.46915 8.54102 6.00217 6.11149 5.8652 6.82971 6.22408
threshold=1.5000000000000002 0.17500000447034839 3.5000000000000004 0.89587974548339855 3.1759661436080937 3.5000000000000004 0.57499998807907116 0.25000000000000006 -0.91597560048103321 1.0000000180025095e-35 0.86221691966056835 0.63719540834426891 5.0009214878082284 5.7317204475402841 1.548534154891968 3.6545460224151616 -0.7865660786628722 0.73272672295570385 450.50000000000006 589.50000000000011 7.5000000000000009 0.86999163031578075 4.4420626163482675 641.50000000000011 706.50000000000011 5.9094398021698007 82.943080902099624 6.7522532939910898 795.50000000000011 6.1653625965118417
decision_type=2 2 2 2 2 2 2 2 2 2 2 2 2 2 2 2 2 2 2 2 2 2 2 2 2 2 2 2 2 2
left_child=1 10 3 4 -3 9 11 -2 -9 16 15 -5 27 -13 -8 -1 17 25 21 22 23 -19 -20 -21 -25 -6 -27 29 -29 -4
right_child=7 2 12 6 5 -7 14 8 -10 -11 -12 13 -14 -15 -16 -17 -18 18 19 20 -22 -23 -24 24 -26 26 -28 28 -30 -31
leaf_value=0.011439934307656871 0.0089258140091637347 0.028180258590899152 0.018373722265129996 0.015009214090846245 -0.012742913214115097 0.021848951853169641 -0.0011326897212453699 0.0014917383392045863 0.028733624136312627 0.0092938397762393106 -0.010378451940110349 -0.002302803778371536 -0.012119335318569607 -0.015464344187275308 0.02377849805278134 -0.0046103985959842619 -0.0026906290241517136 0.0046765676704234481 0.0026261048988797399 0.045499585672555541 -0.0014497322142913857 0.048547012392516374 -0.028586120073684676 -0.0076800889458943479 0.025794685925072308 0.021668306667407468 -0.016880277841089416 0.024605615410686774 -0.0004993617155131673 -0.00022969440056749854
leaf_weight=40.520821608603001 84.545771718025208 27.079938784241676 42.042260587215424 15.367282539606093 74.83729512244463 35.913129195570946 88.808972910046577 20.36441570520401 110.09998143464327 122.3362542539835 412.23521354794502 90.185271359980106 18.090564593672752 192.34824861586094 17.585770934820175 351.41140383481979 728.07939887791872 11.243700355291368 32.34466665238142 14.225041687488554 42.309210486710072 13.798546746373175 16.874799348413944 16.717888377606869 36.585200220346451 17.531809359788898 8.1614322513341886 79.305228032171726 21.937780976295471 82.865721851587296
leaf_count=270 432 148 217 99 532 204 404 167 955 556 3718 729 93 1618 76 2417 4817 68 211 83 305 98 116 94 207 120 65 388 107 437
internal_value=0 -0.00131364 0.00105882 -0.000359995 0.0016805 0.00102066 -0.00638506 0.0185562 0.0245681 0.000324374 -0.00675052 -0.00986021 0.0102942 -0.0113089 0.0033476 -0.00290134 -0.000775329 0.00410858 0.0102369 0.00668193 0.0136407 0.0306523 -0.00877332 0.0228651 0.0153977 -0.00709484 0.00908862 0.0121776 0.0192615 0.00622283
internal_weight=0 2650.74 1846.58 1602.33 1198.04 1170.96 404.296 215.01 130.464 1135.05 804.167 297.901 244.242 282.534 106.395 391.932 1012.71 284.63 184.099 159.057 109.837 25.0422 49.2195 67.5281 53.3031 100.531 25.6932 226.151 101.243 124.908
internal_count=19751 18197 11792 10550 7624 7476 2926 1554 1122 7272 6405 2446 1242 2347 480 2687 6716 1899 1182 1016 689 166 327 384 301 717 185 1149 495 654
is_linear=0
shrinkage=0.04


Tree=59
num_leaves=31
num_cat=0
split_feature=22 23 15 7 0 1 5 29 12 5 5 27 25 6 6 27 6 5 4 0 4 4 27 29 0 25 28 0 22 0
split_gain=52.6121 21.0479 15.7744 9.44384 9.38781 7.30699 7.42703 7.03096 7.00605 7.99678 10.7373 7.12854 8.96986 7.30833 6.50014 6.48517 6.31731 10.1168 6.18111 6.68762 6.04676 5.90566 5.8071 5.79532 6.97926 6.68661 5.5268 5.39108 5.33698 5.24439
threshold=0.46619999408721929 1.0000000180025095e-35 0.19597221910953525 1.0000000180025095e-35 6.356070041656495 1.5000000000000002 0.24016382545232776 -0.37940952181816096 1.0000000180025095e-35 0.19005208462476733 0.19927271455526355 3.7483261823654179 0.31000000238418585 5.6472105979919442 5.7573218345642099 4.0526537895202646 5.5154407024383554 0.13306973129510882 0.85602489113807689 6.716576576232911 0.91388529539108287 0.64292663335800182 3.4578914642333989 0.78656607866287243 7.4360234737396249 0.17500000447034839 0.98296290636062633 7.3105444908142099 0.21589706093072894 7.1592843532562265
decision_type=2 2 2 2 2 2 2 2 2 2 2 2 2 2 2 2 2 2 2 2 2 2 2 2 2 2 2 2 2 2
left_child=1 2 8 26 -2 6 7 -5 9 11 -11 28 13 16 -15 -6 -13 27 19 -9 -16 -3 -23 24 25 -7 -4 -18 -1 -14
right_child=4 21 3 5 15 23 -8 18 -10 10 -12 12 29 14 20 -17 17 -19 -20 -21 -22 22 -24 -25 -26 -27 -28 -29 -30 -31
leaf_value=-0.025329159129480746 -0.013894875751436447 0.035862181717278778 -0.0031678483423527911 -0.0098739109153560597 0.023466771009123779 -0.0087067067631820053 0.0084942332878164117 0.032007422426012247 0.0061765531193666333 0.01777287965983013 -0.0052046908604831557 -0.0080620118295616477 -0.006344310150805943 -0.032971439638903373 -0.014270554129721726 0.004003029777482207 0.0077706055358535567 -0.014073262523028993 -0.0026505047077590642 0.0013291017231861061 0.014121236021065331 0.028342521328578219 0.0060871487444750516 0.019558022471725996 0.014246397655000088 0.0054987108955925025 -0.030406963305201866 0.050505371238381239 0.0030290327488056296 0.016962144200225005
leaf_weight=71.419766671955585 12.140963993966578 11.233400687575338 626.12553480267525 154.93552573025227 180.66060854494572 72.523472122848034 102.96721585094929 17.644369013607502 61.472526133060455 34.725539304316044 285.46183370798826 135.03232675790787 28.090969555079937 27.934452071785927 191.81428504735231 33.307919085025787 10.701445974409582 13.427214674651621 132.91133948415518 27.42272225767374 11.237024433910845 18.870373956859112 212.95255929231644 47.432864263653755 90.712804302573204 181.95349220186472 10.186820611357687 7.9105961397290221 11.945974379777907 30.273301519453526
leaf_count=661 75 53 4939 910 1306 438 481 88 428 243 1978 1183 221 265 1792 189 102 115 804 144 104 93 1033 251 476 926 78 69 100 202
internal_value=0 -0.00147607 -0.00262055 -3.93697e-05 0.0185495 0.00277256 -0.000793967 -0.00370029 -0.00671486 -0.00764855 -0.00261783 -0.010612 -0.00857728 -0.0107198 -0.0153052 0.020502 -0.00427411 0.011226 0.00172403 0.0141898 -0.0125769 0.0096898 0.00812567 0.006716 0.00484887 0.00141398 -0.00369783 0.0290721 -0.0212898 0.00590611
internal_weight=0 2629.32 2386.26 1464.82 226.109 828.504 435.881 332.914 921.447 859.975 320.187 539.787 456.422 398.057 230.986 213.969 167.072 32.0393 177.978 45.0671 203.051 243.056 231.823 392.623 345.19 254.477 636.312 18.612 83.3657 58.3643
internal_count=19747 18177 16998 9535 1570 4518 2427 1946 7463 7035 2221 4814 4053 3630 2161 1495 1469 286 1036 232 1896 1179 1126 2091 1840 1364 5017 171 761 423
is_linear=0
shrinkage=0.04


Tree=60
num_leaves=31
num_cat=0
split_feature=18 26 25 10 7 31 27 31 3 25 4 2 20 4 7 2 0 27 0 12 6 6 14 27 27 36 2 1 6 6
split_gain=47.1938 21.7011 19.054 10.165 8.67706 8.66194 8.65357 10.7445 8.24954 7.15661 7.067 6.80793 6.29998 6.11637 6.09319 5.97072 8.40547 6.45204 5.85025 5.78176 9.26272 8.48318 7.70047 5.70685 5.57004 5.35021 8.37857 6.42457 5.17115 16.9616
threshold=1.5000000000000002 1.0000000180025095e-35 0.31000000238418585 1.0000000180025095e-35 0.42499999701976782 0.17914438992738727 3.620332002639771 0.19375000149011615 2.5000000000000004 0.17500000447034839 0.90161463618278515 456.50000000000006 0.21374999731779101 0.878369301557541 0.25000000000000006 581.50000000000011 7.1592843532562265 4.069880723953248 7.9069137573242196 1.0000000180025095e-35 5.4488878250122079 5.7573218345642099 1.0000000180025095e-35 3.9598599672317509 4.3496322631835946 0.45651043951511389 607.50000000000011 2.5000000000000004 5.059420347213746 4.8162329196929941
decision_type=2 2 2 2 2 2 2 2 2 2 2 2 2 2 2 2 2 2 2 2 2 2 2 2 2 2 2 2 2 2
left_child=1 2 3 6 9 10 7 8 -1 -3 13 24 -12 -4 18 16 17 -13 -2 -8 -21 -22 -23 -7 -11 26 -6 -27 29 -17
right_child=14 4 5 -5 25 23 19 -9 -10 11 12 15 -14 -15 -16 28 -18 -19 -20 20 21 22 -24 -25 -26 27 -28 -29 -30 -31
leaf_value=-0.0095237946957446636 0.003490267152801413 -0.0068464221641549783 0.0031268638916713476 0.002287192276425854 0.0162221874109378 0.035554660875039334 -0.0084545235195572343 0.024111037345667045 0.014118784790332571 0.0049222067423753983 -0.0086514195797095881 0.019965732119848086 0.023315273588971105 -0.014724779692071229 0.023875522335835786 0.0032366227907835157 -0.021625197582984916 -0.0081218505913733374 0.028049738781343862 -0.012100354452143103 0.034296010259848936 0.026078459107899927 -0.0092872503513660287 0.0085678552673728609 0.030983965991585018 0.008951314199510044 -0.022727964964684159 0.026745242603878477 0.00060727141263397662 0.04843803587508571
leaf_weight=80.770786710083485 64.086919620633125 131.46166581660509 115.12246663123369 243.24134360998869 14.223968699574472 21.692072406411171 1133.5608953461051 27.970213085412979 31.093900725245476 29.601004801690578 11.978220351040362 19.983377158641815 37.410508431494236 39.649380594491959 125.97746715694666 58.683238700032234 35.141349606215954 30.495328523218632 18.793002590537071 44.19008332490921 16.462194748222828 12.253150090575216 29.939697243273258 30.339726500213146 22.956926845014095 218.17607305198908 17.579921223223209 37.273496627807617 137.98841149359941 15.295254863798617
leaf_count=690 328 1228 669 1149 66 109 8903 154 178 203 90 138 219 267 1117 366 253 232 100 276 104 74 208 150 155 1006 83 165 1005 101
internal_value=0 -0.00131229 -0.00363135 -0.00523522 0.00433992 0.00646932 -0.00656614 0.00283123 -0.00281954 0.0010464 0.00267211 0.00403181 0.0155274 -0.00157587 0.0183509 0.00163883 -0.00716956 0.00333453 0.00958883 -0.00763182 0.00142431 0.0116767 0.00169865 0.0207183 0.0170243 0.00981638 -0.00537877 0.0117353 0.00523057 0.0136112
internal_weight=0 2644.53 1875.67 1619.48 768.86 256.192 1376.24 139.835 111.865 481.607 204.161 350.145 49.3887 154.772 208.857 297.587 85.6201 50.4787 82.8799 1236.41 102.845 58.655 42.1928 52.0318 52.5579 287.253 31.8039 255.45 211.967 73.9785
internal_count=19786 18241 13240 11736 5001 1504 10587 1022 868 3681 1245 2453 309 936 1545 2095 623 370 428 9565 662 386 282 259 358 1320 149 1171 1472 467
is_linear=0
shrinkage=0.04


Tree=61
num_leaves=31
num_cat=0
split_feature=31 25 25 3 27 5 3 2 5 7 27 1 27 27 27 2 36 36 6 27 28 28 6 12 34 5 36 28 30 23
split_gain=43.4482 19.9658 18.3501 11.1536 10.2269 8.16653 7.57764 7.66481 11.5579 7.14257 7.0061 6.99342 6.75531 8.33347 7.80315 7.01882 6.71245 6.65293 6.64239 6.91799 6.74518 6.13046 7.38285 6.89457 6.70859 6.15422 6.1003 7.74311 8.63924 5.84286
threshold=0.47407408058643347 0.34999999403953558 0.17500000447034839 2.5000000000000004 3.9522043466567998 0.19652529060840609 1.5000000000000002 730.50000000000011 0.32982416450977331 0.25000000000000006 3.6415249109268193 1.5000000000000002 4.9777677059173593 4.3033890724182138 4.2217109203338632 639.50000000000011 0.48209337890148168 0.90125751495361339 4.4484992027282724 4.7099804878234872 -0.7865660786628722 0.37940952181816107 5.6002705097198495 1.0000000180025095e-35 5.5000000000000009 0.13590360432863238 0.69466507434844982 0.12940952181816109 1.0000000180025095e-35 1.0000000180025095e-35
decision_type=2 2 2 2 2 2 2 2 2 2 2 2 2 2 2 2 2 2 2 2 2 2 2 2 2 2 2 2 2 2
left_child=2 4 6 5 16 9 -1 18 -9 10 -4 -3 13 14 17 -14 -2 -5 19 -8 -20 22 -11 24 -24 -26 -22 28 -28 -18
right_child=1 11 3 12 -6 -7 7 8 -10 21 -12 -13 15 -15 -16 -17 29 -19 20 -21 26 -23 23 -25 25 -27 27 -29 -30 -31
leaf_value=-0.013165383035842609 -0.0079220602218181228 0.0091285050431956956 -0.015685520032061816 -0.0021425020910487372 0.0010109864826383591 -0.011536832532048829 -0.023010500548340085 -0.0003145563741042213 0.039152465904145714 0.0056999259659591996 -0.002161354041961635 0.036769751673769856 0.0038043586881777013 0.013302480496338085 -0.017249759981069267 -0.031928361795014779 0.011699416602728802 0.012028702960551365 -0.013285099835209849 0.0052028807010496107 -0.0099529330842910001 0.012722552428900809 -0.018374157233822869 0.0089298252710414278 -0.0080220677639486447 0.022676354905819842 0.03761661682996556 -0.0062863603733435284 0.0046614615404134271 0.029134942859925031
leaf_weight=261.33476291596889 21.403849497437477 22.192423120141029 67.299764856696129 111.92774098366499 230.39538403600454 128.30411493778229 66.758084386587143 112.36567167937756 11.270725451409815 200.07041469216347 539.55110689252615 52.973677814006805 19.754337973892689 175.06374871730804 28.111490175127983 13.334975361824034 177.32658483088017 97.829057388007641 82.300476513803005 16.614480122923851 51.564198352396488 81.833279974758625 69.263118304312229 36.252566263079643 33.04673109203577 12.892772853374479 17.977015510201454 40.320108085870743 36.958047926425934 37.266093790531158
leaf_count=2531 128 147 559 614 1320 891 487 806 68 1009 4545 370 107 944 151 71 1158 504 639 119 423 419 347 230 182 65 125 306 289 261
internal_value=0 0.0101807 -0.00238655 -4.19617e-05 0.00702739 -0.00209623 -0.00779831 -0.00453687 0.00384926 -0.000911881 -0.00370778 0.0290569 0.00532527 0.00673049 0.00182312 -0.011595 0.0128432 0.00451803 -0.00785819 -0.017398 -0.00426632 0.00300239 0.000680409 -0.00593818 -0.0106895 0.00117996 0.000899808 0.00685855 0.0163883 0.0149683
internal_weight=0 541.558 2312 1614.54 466.392 1168.51 697.464 436.129 123.636 1040.21 606.851 75.1661 446.021 412.932 237.868 33.0893 235.997 209.757 312.492 83.3726 229.12 433.359 351.526 151.455 115.203 45.9395 146.819 95.2552 54.9351 214.593
internal_count=19815 3384 16431 10638 2867 8247 5793 3262 874 7356 5104 517 2391 2213 1269 178 1547 1118 2388 606 1782 2252 1833 824 594 247 1143 720 414 1419
is_linear=0
shrinkage=0.04


Tree=62
num_leaves=31
num_cat=0
split_feature=31 27 7 25 6 18 2 7 3 4 34 0 32 26 5 5 14 29 0 2 13 29 34 2 26 4 7 2 15 36
split_gain=43.8632 17.6538 16.8066 12.9159 10.1857 9.65612 8.94212 8.05804 7.24922 8.05238 8.52207 6.9947 6.97252 7.79265 6.65709 7.69162 6.45052 6.80978 6.41823 5.90816 5.9144 6.08721 8.83767 5.53305 5.44633 8.74683 5.26857 4.86648 5.31607 4.77383
threshold=0.47407408058643347 3.8231911659240727 0.25000000000000006 0.17500000447034839 6.4838714599609384 1.0000000180025095e-35 730.50000000000011 1.0000000180025095e-35 3.5000000000000004 0.79833573102951061 4.5000000000000009 7.7519030570983896 25.500000000000004 1.0000000180025095e-35 0.14741823822259906 0.094603929668664946 0.89587974548339855 -0.12940952181816107 6.4393184185028085 956.50000000000011 1.0000000180025095e-35 0.60355338454246532 4.5000000000000009 776.50000000000011 1.0000000180025095e-35 0.63320410251617443 0.57499998807907116 673.50000000000011 0.19597221910953525 1.1330381631851199
decision_type=2 2 2 2 2 2 2 2 2 2 2 2 2 2 2 2 2 2 2 2 2 2 2 2 2 2 2 2 2 2
left_child=2 7 3 6 19 26 -1 -2 24 10 27 12 13 -7 15 -8 17 23 -9 20 29 -22 -23 -16 25 -5 -3 28 -10 -4
right_child=1 5 4 8 -6 11 14 18 9 -11 -12 -13 -14 -15 16 -17 -18 -19 -20 -21 21 22 -24 -25 -26 -27 -28 -29 -30 -31
leaf_value=-0.014488452481981591 0.0066934496135964069 -0.0288032152822227 -0.00029727053349989311 0.022047845858379093 0.026106012493031114 -0.0031331749223748539 0.022255996029790934 -0.0017894988174643567 0.043628477998442723 -0.0051208387087382417 -0.014876102624037992 0.02467626894997901 0.031544618592989473 0.013928176085117639 0.024783757898319145 -0.016853786936019039 -0.01544212490879582 0.029497959501109131 0.024622610849285707 0.015311450862400171 -0.010333863454869143 -0.011342262174506694 0.032603968152307011 -0.010888869513706895 0.0010246463270068198 -0.0068318519753296572 -0.00016008605721161892 0.0062586644660193626 0.012777175028771869 0.0067608110308100666
leaf_weight=303.9514672383666 76.59221138805151 18.745600946247578 472.57668051868677 15.380271792411802 25.047267325222492 143.28418835252523 7.6969998925924292 15.834955230355261 18.159410782158375 58.172686100006104 11.965777099132536 27.398269571363926 11.591744236648081 58.791021779179573 8.1796778440475482 51.294927030801773 13.92778632044792 21.886735036969185 167.51492779701948 42.985001012682915 125.04218785464764 13.484857119619848 12.272432155907152 19.97703018784523 252.48118284344673 567.6538495272398 20.401655644178391 26.981284596025944 20.326479807496071 224.84984853118658
leaf_count=3047 427 108 2512 102 133 844 84 97 107 336 75 167 84 327 66 563 130 171 1233 212 698 74 69 157 1887 4719 88 145 110 1105
internal_value=0 0.0103524 -0.00228672 -0.0050435 0.00192142 0.00334701 -0.0108262 0.0178209 -0.00248433 0.00603381 0.0143319 0.00635917 0.00380333 0.00191845 -0.00168664 -0.0111884 0.00714913 0.0137884 0.0223468 0.00118479 0.000434566 -0.00669591 0.0104371 0.000430606 -0.00387795 -0.00599725 -0.0146091 0.0199531 0.0287704 0.00199108
internal_weight=0 540.155 2314.29 1398.04 916.258 280.212 426.915 259.942 971.121 135.606 77.433 241.065 213.667 202.075 122.963 58.9919 63.9712 50.0434 183.35 891.211 848.226 150.799 25.7573 28.1567 835.515 583.034 39.1473 65.4672 38.4859 697.427
internal_count=19877 3375 16502 11699 4803 1618 4218 1757 7481 773 437 1422 1255 1171 1171 647 524 394 1330 4670 4458 841 143 223 6708 4821 196 362 217 3617
is_linear=0
shrinkage=0.04


Tree=63
num_leaves=31
num_cat=0
split_feature=31 27 25 3 7 2 13 25 29 18 0 7 4 6 4 4 4 26 36 2 27 25 28 6 18 27 2 2 0 2
split_gain=37.4117 16.8313 13.4812 9.91698 7.98572 7.95951 7.82013 7.18378 6.62991 8.91529 6.54265 6.98887 10.8608 9.6747 6.61401 6.31811 7.03667 6.12542 5.77643 9.65983 6.17004 5.70654 8.3497 7.2874 7.24524 6.79701 5.69358 6.90378 8.81096 5.66322
threshold=0.47407408058643347 3.831896305084229 0.27500000596046453 3.5000000000000004 1.0000000180025095e-35 798.50000000000011 1.0000000180025095e-35 0.17500000447034839 0.78656607866287243 1.0000000180025095e-35 7.7815537452697763 1.0000000180025095e-35 0.76428049802780162 5.7853612899780282 0.87666115164756786 0.86860337853431713 0.81924378871917736 1.0000000180025095e-35 1.4659474492073061 695.50000000000011 4.000948667526246 0.23499999940395358 0.12940952181816109 6.1169946193695077 1.0000000180025095e-35 4.0595800876617441 456.50000000000006 581.50000000000011 6.6795794963836679 593.50000000000011
decision_type=2 2 2 2 2 2 2 2 2 2 2 2 2 2 2 2 2 2 2 2 2 2 2 2 2 2 2 2 2 2
left_child=2 7 3 4 21 8 17 29 9 -3 11 -11 -13 15 -15 16 -14 -4 -6 20 -20 24 23 -23 -1 -24 -19 -28 -29 -2
right_child=1 5 6 -5 18 -7 -8 -9 -10 10 -12 12 13 14 -16 -17 -18 26 19 -21 -22 22 25 -25 -26 -27 27 28 -30 -31
leaf_value=-0.0059936280605332303 0.02381321790277326 -0.022989000925530561 0.0012615196520610597 0.0041134353304199903 -0.0042073170632433276 0.015544522341204502 -0.0062179296688496298 0.020029949925999279 0.018147781898175421 -0.013647669249361423 0.023650612083287427 0.025788722010879114 -0.0023637704830010669 -0.038529747316422343 0.0010996279234894973 -0.013034748326578296 0.035874869601114058 0.025014336577061456 0.013424737685780945 0.02051637326580957 -0.010102724705631972 -0.01255509246055329 0.045269942880921253 0.018527382626120265 -0.015627205900508805 0.0029622370810804283 -0.0052474352616178133 -0.0058731062940291781 0.016996693595239611 -0.0091452322991136988
leaf_weight=271.32316788285971 9.8703978657722455 28.770622469484806 431.68805154412985 197.67485857009888 572.86962850391865 60.370786815881729 142.27864945679903 215.17040809988976 24.327933363616467 52.476442135870457 15.460228890180586 25.058602884411812 14.081052348017694 14.592485524713995 11.163712255656717 14.194196112453936 14.394459888339041 30.294708795845509 23.896369799971581 41.485460452735424 55.58834071457386 60.722624287009239 8.0868427008390444 13.083336882293223 236.22965257614851 16.051875345408916 54.359634436666965 34.768739312887192 106.14645481109619 26.069384664297104
leaf_count=2536 62 147 2599 1116 3783 351 946 1496 142 372 92 134 65 80 63 77 70 160 143 237 353 518 69 125 2571 144 304 193 577 165
internal_value=0 0.00984338 -0.00196386 -0.00420162 -0.00547101 0.00296662 0.00222606 0.0172885 -0.000683984 -0.00325659 0.000498688 -0.00224011 0.00431513 -0.00405787 -0.0225113 0.00759015 0.0180518 0.00406727 -0.00253024 0.00535103 -0.00287351 -0.00882142 2.07228e-05 -0.00670176 -0.0105211 0.0195153 0.00937855 0.00672383 0.0113507 0.000684541
internal_weight=0 526.001 2296.55 1497.01 1299.34 274.891 799.536 251.11 214.52 190.192 161.421 145.961 93.4845 68.4259 25.7562 42.6697 28.4755 657.258 693.84 120.97 79.4847 605.497 97.9447 73.806 507.553 24.1387 225.57 195.275 140.915 35.9398
internal_count=19690 3316 16374 11595 10479 1593 4779 1723 1242 1100 953 861 489 355 143 212 135 3833 4516 733 496 5963 856 643 5107 213 1234 1074 770 227
is_linear=0
shrinkage=0.04


Tree=64
num_leaves=31
num_cat=0
split_feature=18 23 7 7 29 26 27 36 3 27 29 29 6 8 27 22 27 8 36 6 6 8 6 27 27 22 5 27 30 16
split_gain=46.0313 18.9254 15.6439 7.83821 7.6492 7.19409 7.07241 6.65172 6.21181 7.27912 8.81554 7.49426 8.72063 6.14116 6.04348 5.94518 5.88316 10.783 10.2971 5.82541 6.82553 5.49273 6.27042 5.46371 9.91866 8.82041 5.48033 5.32576 5.63457 5.31686
threshold=1.5000000000000002 1.0000000180025095e-35 0.57499998807907116 0.25000000000000006 -0.91597560048103321 1.0000000180025095e-35 3.1759661436080937 0.66885957121849071 1.5000000000000002 3.7123510837554936 1.0000000180025095e-35 -0.6035533845424651 4.6959142684936532 7.5000000000000009 4.5125062465667733 0.10416071489453317 4.4813060760498056 3.5000000000000004 0.51403531432151806 4.2555875778198251 5.7945356369018564 10.500000000000002 5.6002705097198495 3.8659784793853764 3.7049980163574223 0.16398936510086062 0.14553347229957583 3.9464238882064824 1.4978661537170412 97.640941619873061
decision_type=2 2 2 2 2 2 2 2 2 2 2 2 2 2 2 2 2 2 2 2 2 2 2 2 2 2 2 2 2 2
left_child=1 2 5 -2 -5 6 -1 16 19 -10 11 -11 -13 -3 29 -8 23 -18 -19 -9 -21 -17 -23 24 -4 -25 -27 -12 -29 -15
right_child=3 13 7 4 -6 -7 15 8 9 10 27 12 -14 14 -16 21 17 18 -20 20 -22 22 -24 25 -26 26 -28 28 -30 -31
leaf_value=0.016827394473615361 0.0089130885956094173 0.014759525520039528 -0.010654488474526507 0.0020297522371851809 0.029822276090838408 0.00014711349485569837 -0.022697103068878968 -0.020048605708372139 0.024062664124182166 0.0081641837068397883 -0.0055777852819064713 0.013357350648923206 -0.018966355310509438 0.014942043671020427 -0.011948326530896551 -0.00580018588045515 0.027284577638152251 0.012431602194121302 -0.024961698711172597 0.012495183688448448 -0.0058270390479615818 0.035325567852781396 -0.0072344627463882746 -0.042336080904195925 0.027809882350539154 0.0066230400369227393 -0.015275976025510276 0.0083983390444116943 0.0312947041444838 -0.0091291454737843607
leaf_weight=20.385750912129879 78.69107773900032 146.49872199445963 26.068607002496719 19.124261021614075 99.864063076674938 499.22074192762375 31.094294555485249 18.899526670575142 45.326743692159653 90.042201071977615 13.397072970867155 17.187130853533745 43.892722606658936 51.758957661688328 32.074385583400726 1189.9537676796317 23.930261671543121 23.49786750972271 20.029810413718224 58.778758645057678 68.196387320756912 9.2809182256460208 9.7776265293359739 12.058693617582319 15.422593504190443 27.073802262544632 48.970524415373802 33.487229019403458 38.223666161298752 18.658814936876297
leaf_count=143 418 678 122 169 950 3785 280 93 205 394 60 74 195 258 167 9794 113 110 95 281 336 76 99 64 69 142 221 146 167 99
internal_value=0 -0.000889656 -0.00198798 0.01903 0.0254627 -0.00391719 -0.00552455 0.00344342 0.00623724 0.0096879 0.00675087 0.000896807 -0.00973573 0.00955935 0.00198617 -0.00591849 -0.00261851 0.00683254 -0.00511606 -0.000463918 0.00271684 -0.0054502 0.0148776 -0.00756716 0.00426439 -0.0131101 -0.00750942 0.0168864 0.0211206 0.00848785
internal_weight=0 2633.19 2384.2 197.679 118.988 1759.71 1260.49 624.484 427.431 281.557 236.23 151.122 61.0799 248.991 102.492 1240.11 197.052 67.4579 43.5277 145.875 126.975 1209.01 19.0585 129.594 41.4912 88.103 76.0443 85.108 71.7109 70.4178
internal_count=19803 18266 17064 1537 1119 14177 10392 2887 1951 1241 1036 663 269 1202 524 10249 936 318 205 710 617 9969 175 618 191 427 363 373 313 357
is_linear=0
shrinkage=0.04


Tree=65
num_leaves=31
num_cat=0
split_feature=31 27 3 8 7 7 25 4 4 0 13 4 16 36 25 5 0 15 4 7 20 16 16 19 7 16 27 28 25 0
split_gain=32.9968 13.2343 12.274 9.84509 8.11927 8.07023 6.26367 6.90503 6.83802 6.16434 8.85609 7.6011 8.34067 6.12972 5.90184 5.68284 5.60669 5.58195 5.26254 5.21065 6.68035 7.02461 5.17298 5.86193 5.06383 4.94348 4.8267 7.32055 4.99576 5.52164
threshold=0.36602871119976049 3.9598599672317509 1.5000000000000002 7.5000000000000009 0.25000000000000006 0.75000000000000011 0.31000000238418585 0.87242266535758983 0.88104352355003368 7.4593348503112802 1.0000000180025095e-35 0.95948326587677013 81.397632598876967 0.216337725520134 0.34999999403953558 0.09946227073669435 7.7169036865234384 0.12099999934434892 0.64292663335800182 0.57499998807907116 0.25690476596355444 12.439978599548342 1.9231573939323428 1.0000000180025095e-35 0.25000000000000006 81.397632598876967 4.4158239364624032 1.0000000180025095e-35 0.27500000596046453 6.7405018806457528
decision_type=2 2 2 2 2 2 2 2 2 2 2 2 2 2 2 2 2 2 2 2 2 2 2 2 2 2 2 2 2 2
left_child=2 3 4 14 6 13 9 -8 -9 -1 11 12 15 -4 -2 -11 17 -15 25 20 -3 -22 -5 -24 -18 -19 27 28 29 -7
right_child=1 19 5 22 -6 26 7 8 -10 10 -12 -13 -14 16 -16 -17 24 18 -20 -21 21 -23 23 -25 -26 -27 -28 -29 -30 -31
leaf_value=-0.014417830372991509 0.015663762099900409 -0.019343256971298874 -0.028433972925652484 0.019949453038859113 -0.0012979786081517731 -0.014963581404253481 -0.022006088434993361 0.038731080075574409 0.0019636017457936757 0.01080110028156178 -0.022419268429652719 0.035944360971904753 0.01542867311416682 -0.011437592534007775 0.033280297534121581 -0.014231805218513992 0.0027091483606339851 0.0026713855406756827 -0.0010733814093676478 0.0090401522917051419 0.028497003856009014 -0.0017621829124945868 -0.010681406334396366 0.01585470514717029 0.022511297885499659 0.027654139455084194 0.019003288157303556 -0.013343399694314329 0.027954112188786944 0.015559817304263241
leaf_weight=277.09490174055099 176.59820449352264 28.445816665887833 10.599778920412062 18.552707768976688 376.24068804830313 14.682699814438818 13.328234493732451 7.762591950595378 48.786832325160503 17.126791760325432 31.347129590809345 7.1655826121568671 29.890280738472939 76.981781885027885 38.10300724953413 62.381865829229355 69.056894175708294 36.95493420958519 1029.2961040139198 102.06273640692234 11.796443186700342 109.77118773013353 44.535263232886791 16.714761584997177 27.899948537349701 17.68870385736227 51.465409845113754 26.138786226511002 17.633955717086792 20.041359335184097
leaf_count=2926 1226 168 79 89 2225 67 101 60 357 157 315 57 288 653 323 548 488 224 7005 489 67 718 272 92 131 122 231 115 75 91
internal_value=0 0.00891364 -0.00201708 0.0146434 -0.00573823 0.000305803 -0.00909515 0.00195508 0.00816132 -0.0109126 -0.00424131 0.000942912 -0.00195383 -0.000672557 0.0190685 -0.0087068 -0.000393853 -0.00117101 -0.000422156 0.0021569 -0.00258349 0.00158776 0.00256312 -0.00316751 0.00874715 0.0114494 0.00972042 0.00331329 0.0118138 0.00254129
internal_weight=0 546.58 2269.57 294.504 871.125 1398.44 494.884 69.8777 56.5494 425.007 147.912 116.565 109.399 1268.48 214.701 79.5087 1257.88 1160.92 1083.94 252.076 150.013 121.568 79.8027 61.25 96.9568 54.6436 129.962 78.4968 52.358 34.7241
internal_count=19759 3444 16315 2002 7034 9281 4809 518 417 4291 1365 1050 993 8702 1549 705 8623 8004 7351 1442 953 785 453 364 619 346 579 348 233 158
is_linear=0
shrinkage=0.04


Tree=66
num_leaves=31
num_cat=0
split_feature=18 25 26 7 8 27 7 3 7 6 34 25 0 0 4 36 4 6 4 7 0 36 36 14 9 4 6 4 6 5
split_gain=35.6834 15.7553 12.2402 11.1545 8.19263 8.2261 7.55034 6.83454 6.58601 6.55535 6.47279 7.17625 6.44103 6.31112 5.76301 5.82085 6.60361 8.35915 6.03393 6.13453 9.62024 6.61483 6.23303 7.97683 6.03149 10.5076 9.66 6.85158 6.74692 6.01692
threshold=1.5000000000000002 0.17500000447034839 1.0000000180025095e-35 0.57499998807907116 10.500000000000002 3.2327767610549931 0.25000000000000006 3.5000000000000004 0.25000000000000006 4.2555875778198251 11.500000000000002 0.34999999403953558 7.9710843563079843 6.6920645236969003 0.63320410251617443 0.81740099191665661 0.82503083348274242 6.0246567726135263 0.96481129527091991 1.0000000180025095e-35 7.9710843563079843 1.6424235701560976 1.3895635604858401 0.89587974548339855 1.0000000180025095e-35 0.87801551818847667 4.7317931652069101 0.90552896261215221 5.7219483852386483 0.18929603695869449
decision_type=2 2 2 2 2 2 2 2 2 2 2 2 2 2 2 2 2 2 2 2 2 2 2 2 2 2 2 2 2 2
left_child=1 6 3 4 5 -3 -1 -4 -2 -8 11 -5 -11 -9 -7 16 17 -16 19 21 24 22 23 -17 -21 26 -26 28 -27 -18
right_child=8 2 7 10 -6 14 9 13 -10 12 -12 -13 -14 -15 15 18 29 -19 -20 20 -22 -23 -24 -25 25 27 -28 -29 -30 -31
leaf_value=-0.0094412676872374732 0.0072699845929907062 0.018419461916357193 0.0038201836944360998 0.0012001677013848159 0.024584118687768396 0.013026205646019339 -0.0144153573399762 0.0035222333538345745 0.022511893218716699 -0.0003430488953324251 0.02319157061934642 0.023437683847142336 0.028518281769664248 0.027338644904515329 0.0045265007828447605 -0.001467685755196464 -0.010506013912586003 -0.019023184526760606 0.027313154877788987 -0.0031365117352726863 -0.023200413301259899 0.0042941748900740826 -0.023345240305571627 -0.020273250335817044 0.027142254284001962 0.055925416674142324 -0.0091668943816117805 0.005329029377938296 0.011017300594687631 -0.031347282993477193
leaf_weight=453.51419223099947 79.082530155777931 23.049306310713291 499.51203142851591 275.38699239492416 14.09648599475622 26.130750685930252 50.477008558809757 32.588250026106834 113.5589343085885 264.4921572431922 26.139953792095184 23.385760724544525 10.977074913680552 39.104331985116005 94.571272723376751 134.06639087945223 244.99909391254187 30.155370123684406 8.6819474771618825 68.350573182106018 18.519654840230942 66.561683192849159 42.918929509818554 47.563437074422836 14.169302955269812 14.378605209290983 40.654637366533279 15.020192228257654 9.7157635986804944 23.217401877045631
leaf_count=4489 425 147 3086 1229 114 157 273 164 1107 1537 121 101 71 185 601 1040 2140 245 62 346 111 452 324 426 80 99 277 107 77 148
internal_value=0 -0.00135904 0.000667794 -0.00153203 -0.00374574 -0.00423077 -0.00611476 0.00551537 0.0163938 -0.00145698 0.00483464 0.00308503 0.00100431 0.0169022 -0.00485063 -0.00541392 -0.00901406 -0.00137751 -0.00244526 -0.00310568 0.00266343 -0.00668261 -0.00994558 -0.00655947 0.00586139 0.0123373 0.000842264 0.0276242 0.0400491 -0.0125287
internal_weight=0 2612.4 1832.94 1261.73 936.821 922.724 779.46 571.205 192.641 325.946 324.913 298.773 275.469 71.6926 899.675 873.544 392.943 124.727 480.601 471.919 180.809 291.11 224.549 181.63 162.289 93.9385 54.8239 39.1146 24.0944 268.216
internal_count=19741 18209 11839 8404 6953 6839 6370 3435 1532 1881 1451 1330 1608 349 6692 6535 3134 846 3401 3339 1097 2242 1790 1466 986 640 357 283 176 2288
is_linear=0
shrinkage=0.04


Tree=67
num_leaves=31
num_cat=0
split_feature=23 25 31 34 3 31 15 8 27 10 16 27 6 4 12 8 6 16 26 4 27 6 8 28 0 34 8 0 6 28
split_gain=30.5263 19.7563 13.3256 11.3494 10.8945 11.0129 8.86755 12.8018 8.62262 6.76305 6.46605 7.23332 6.65822 6.42548 9.51816 7.83371 6.78616 6.06045 7.29793 6.3906 9.70771 6.04791 5.77744 6.61947 6.15348 5.6916 5.39692 6.80541 6.90167 5.49079
threshold=1.0000000180025095e-35 0.31000000238418585 0.15587044507265094 6.5000000000000009 1.5000000000000002 0.10818713530898096 0.22857142984867099 6.5000000000000009 4.2217109203338632 1.0000000180025095e-35 0.52925786375999462 3.8805319070816044 5.6954128742218026 0.91050902009010326 1.0000000180025095e-35 4.5000000000000009 3.5114340782165532 13.838039398193361 1.0000000180025095e-35 0.77399259805679332 4.6195659637451181 5.9467277526855478 8.5000000000000018 -0.6035533845424651 6.8200013637542733 38.500000000000007 5.5000000000000009 6.7979249954223642 4.5053346157073983 -0.37940952181816096
decision_type=2 2 2 2 2 2 2 2 2 2 2 2 2 2 2 2 2 2 2 2 2 2 2 2 2 2 2 2 2 2
left_child=1 4 10 -2 5 13 -4 -8 -5 17 12 -12 26 14 -1 -15 -17 18 19 20 -6 -14 23 -7 -25 -19 29 -28 -29 -3
right_child=3 2 6 8 9 22 7 -9 -10 -11 11 -13 21 15 -16 16 -18 25 -20 -21 -22 -23 -24 24 -26 -27 27 28 -30 -31
leaf_value=-0.013852871949417547 0.0078302162780171103 0.029105370269054659 0.030037810637618258 0.033547027282272601 0.016271762651314511 -0.010604889852542954 0.022436535116120919 -0.0094137203001720491 -0.00081601012167394267 0.0052933367864328711 -0.022493006979073429 0.00031653620925272362 0.04469994882521957 0.017834823779168407 0.0028111851678015989 -0.021883964027248633 -0.0013005177432777639 -0.0058200917929740817 0.0082445341978595495 -0.0043663698950955473 -0.017969970122661036 0.007934442419668189 0.018506809824170127 -0.016334273427800076 0.014050226403125352 0.01398544283023484 -0.018196948337265279 0.020058831929873851 -0.0067200481122556581 -0.0014161104187183108
leaf_weight=384.26865863054991 215.70240473002195 19.118307992815971 50.750133417546749 54.173298127949238 56.548808380961418 56.313378863036633 43.771199487149715 34.576332159340382 14.633764885365961 245.91903216391802 27.202169202268124 93.138519532978535 10.988554246723654 24.231439143419266 63.207592092454433 31.012254796922207 115.85825050622225 529.77295454591513 155.26214041560888 320.78188541531563 15.330623917281626 18.406870618462563 29.035797655582428 11.60505475848913 50.37759406119585 22.412640735507011 27.632042817771435 25.563597105443478 33.267892800271511 16.719593077898026
leaf_count=3548 1049 82 317 392 358 361 317 210 72 1248 196 622 64 131 484 270 1081 4097 993 2256 98 106 227 77 316 163 178 142 194 72
internal_value=0 -0.00130053 0.0068159 0.0124796 -0.00284712 -0.00664902 0.0172934 0.00849594 0.0264221 -0.000677135 0.00175378 -0.00512282 0.00720464 -0.00898437 -0.011497 -0.00235631 -0.0058824 -0.00201896 0.000960915 -0.00194629 0.00867984 0.0236501 0.00314504 -0.000870507 0.00802856 -0.00496863 0.00293501 -0.00252444 0.0051929 0.0155439
internal_weight=0 2513.07 401.135 284.509 2111.94 765.91 129.098 78.3475 68.8071 1346.03 272.038 120.341 151.697 618.578 447.476 171.102 146.871 1100.11 547.923 392.661 71.8794 29.3954 147.332 118.296 61.9826 552.186 122.301 86.4635 58.8315 35.8379
internal_count=19721 18208 2500 1513 15708 6495 844 527 464 9213 1656 818 838 5514 4032 1482 1351 7965 3705 2712 456 170 981 754 393 4260 668 514 336 154
is_linear=0
shrinkage=0.04


Tree=68
num_leaves=31
num_cat=0
split_feature=22 23 7 6 1 17 8 5 4 16 4 36 5 0 2 16 34 6 36 36 29 2 0 4 28 22 28 2 6 22
split_gain=30.9082 15.9472 11.2953 7.01289 6.91349 7.82604 6.54876 6.32645 6.06335 6.71441 8.93011 5.37441 6.52863 5.82529 5.27938 7.60076 5.70049 5.2247 8.08372 5.11057 12.7162 6.14979 6.14015 5.93219 5.22086 5.16723 4.93582 4.80854 4.79858 4.75059
threshold=0.5671176314353944 1.0000000180025095e-35 0.57499998807907116 6.4838714599609384 3.5000000000000004 1.5000000000000002 7.5000000000000009 0.2586581707000733 0.63719540834426891 91.53562164306642 0.88641491532325756 1.1083049774169924 0.33569559454917913 7.1823449134826669 865.50000000000011 115.06750869750978 4.5000000000000009 2.8617925643920903 0.87534815073013317 0.74171042442321788 -0.91597560048103321 845.50000000000011 7.0527117252349862 0.93424811959266674 -0.7865660786628722 0.16398936510086062 -0.37940952181816096 929.50000000000011 5.7413980960845956 0.66146823763847362
decision_type=2 2 2 2 2 2 2 2 2 2 2 2 2 2 2 2 2 2 2 2 2 2 2 2 2 2 2 2 2 2
left_child=1 2 4 19 5 11 -2 27 -3 -10 -11 12 14 26 17 16 -16 18 -1 20 28 25 24 -24 -21 -22 -13 -6 -4 -8
right_child=6 8 3 -5 7 -7 29 -9 9 10 -12 13 -14 -15 15 -17 -18 -19 -20 22 21 -23 23 -25 -26 -27 -28 -29 -30 -31
leaf_value=-0.0048163966456301202 0.020848449047239113 0.035085714130501267 -0.033296287191148043 0.027701878143472473 0.039002448748190151 -0.017442560965367896 0.014367157370990457 -0.018329674928435975 0.010327821942478927 0.0032277684504446085 -0.033010898333888102 0.021462724471451859 0.0057940124372551664 -0.0020675158313874556 0.0036770789851241015 -0.021125546805551183 0.035093368759893363 -0.0079344220455211858 0.033480598920580008 -1.1387090046844496e-05 -0.018993064504898877 0.021049439901800318 0.002811192000363504 -0.020898062663937237 0.019695821575819419 0.0012818435320909888 -0.0031344872390338956 0.0082026142181528244 -0.0037706970928091271 -0.01456903091986541
leaf_weight=28.035744793713093 124.57171458005905 10.743922986090181 25.049438938498497 14.769460842013357 9.2386207729578 69.963017657399178 17.108118712902069 8.7695306017994863 184.48432229459286 46.860662743449211 12.05862822383642 30.85891492664814 73.738567113876343 503.31097237020731 63.278812043368816 15.189773224294184 8.9549718648195249 885.95488581061363 10.605691932141779 32.465627796947956 21.234242975711823 19.927588105201721 272.65614090114832 15.998381674289702 61.716150268912315 148.23821739852428 20.901071146130562 35.158164918422699 13.893387421965597 15.297373086214064
leaf_count=230 1132 52 119 71 64 641 94 51 903 230 70 182 498 3811 484 141 63 7705 76 144 111 90 1277 78 270 706 130 259 70 83
internal_value=0 -0.00141892 -0.00243374 0.0021775 -0.00407067 -0.00451564 0.0167404 0.00989237 0.00806851 0.00659974 -0.00502923 -0.00394389 -0.00557831 -0.00073829 -0.00641673 0.00292248 0.00841237 -0.00730418 0.0068251 0.00147234 -0.00324611 0.0011121 0.00428891 0.00136237 0.0130435 -0.00145042 0.0117831 0.0160168 -0.0234614 0.000654645
internal_weight=0 2644.05 2389.91 625.949 1763.96 1710.79 156.977 53.1663 254.148 243.404 58.9193 1640.83 1085.76 555.071 1012.02 87.4236 72.2338 924.596 38.6414 611.179 228.343 189.4 382.836 288.655 94.1818 169.472 51.76 44.3968 38.9428 32.4055
internal_count=19835 18526 17271 2936 14335 13961 1309 374 1255 1203 300 13320 9197 4123 8699 688 547 8011 306 2865 1096 907 1769 1355 414 817 312 323 189 177
is_linear=0
shrinkage=0.04


Tree=69
num_leaves=31
num_cat=0
split_feature=22 25 26 20 4 25 2 28 8 8 17 2 32 2 27 22 0 3 8 23 2 22 36 6 2 0 29 5 5 8
split_gain=27.4412 13.4117 11.0601 7.99169 8.21407 7.856 6.34306 6.47046 10.1604 8.56587 6.27519 6.39331 6.15122 10.3199 6.8989 6.47532 5.89147 5.62601 5.54329 5.48275 5.34784 5.32202 7.76412 7.12218 5.2066 5.5596 4.96585 9.43909 5.46242 4.73501
threshold=0.51148718595504772 0.17500000447034839 1.0000000180025095e-35 0.19597221910953525 0.84278598427772533 0.34999999403953558 441.50000000000006 -0.7865660786628722 6.5000000000000009 8.5000000000000018 1.0000000180025095e-35 388.50000000000006 1.5000000000000002 595.50000000000011 4.2217109203338632 0.22083333134651187 6.3902053833007821 3.5000000000000004 4.5000000000000009 1.0000000180025095e-35 759.50000000000011 0.16398936510086062 1.258160471916199 5.800605535507203 441.50000000000006 7.504387855529786 0.37940952181816107 0.14274257421493533 0.14431535452604297 8.5000000000000018
decision_type=2 2 2 2 2 2 2 2 2 2 2 2 2 2 2 2 2 2 2 2 2 2 2 2 2 2 2 2 2 2
left_child=1 3 12 -1 -5 16 10 9 26 -8 11 -6 21 18 20 -16 -2 -4 -14 -18 -15 22 29 -24 25 -23 27 -9 -28 -3
right_child=5 2 17 4 6 -7 7 8 -10 -11 -12 -13 13 14 15 -17 19 -19 -20 -21 -22 24 23 -25 -26 -27 28 -29 -30 -31
leaf_value=-0.010634889199150895 -0.017392849121829868 -0.018888745861932812 0.0042172490468300053 0.0045739160728555982 -0.020141629515267902 0.029177000418407407 -0.023206874858392266 0.014664673072644678 -0.012428402522104904 0.0060379655419990812 0.034078311844240816 0.015400909797176376 0.0083889966812330866 0.0099771620871576504 0.014401341489433705 -0.015634424618326332 0.0079928537695731945 0.016553716414228866 -0.014947570713738374 0.027247830224803166 0.034251354889687453 -0.014373430262060239 0.026546454717572072 -0.0089451924604846775 -2.427125587485638e-05 0.0076107780122578487 0.0024775979628806799 -0.016391498960653055 0.041556534921397124 0.0018996352274115395
leaf_weight=278.58191085606813 9.9246105775237066 83.554745942354202 493.07786340266466 181.02091941982508 13.032200403511526 43.954631432890892 71.006441354751587 32.138037793338299 96.220659710466862 19.614906080067158 9.3038182258605939 15.560393258929251 24.491763360798359 31.870462782680988 24.275160677731037 18.412950582802296 115.81774318218231 65.726660348474979 41.229491613805294 28.847559876739979 28.86128593981266 79.734867617487907 14.408111885190008 18.554355338215828 847.2568541392684 22.368667952716351 11.727795891463758 26.928402349352837 9.7056130394339544 21.615689180791378
leaf_count=2625 62 706 3059 1105 116 379 600 231 939 190 76 134 116 177 139 87 860 323 258 238 162 564 97 143 5605 147 86 165 55 226
internal_value=0 -0.000821613 0.00105086 -0.0052573 -0.00214549 0.0145386 -0.00613426 -0.00830754 -0.00377028 -0.0168832 0.00884511 -0.00105669 -0.00103216 0.00602011 0.0137946 0.00132592 0.010057 0.00572213 -0.00626002 0.0121517 0.0222371 -0.00213806 -0.00941568 0.00719956 -0.00106159 -0.00950348 0.0066291 0.000433025 0.02221 -0.0146604
internal_weight=0 2580.28 1815.44 764.841 486.259 198.545 305.238 267.342 176.721 90.6213 37.8964 28.5926 1256.63 169.141 103.42 42.6881 154.59 558.805 65.7213 144.665 60.7317 1087.49 138.133 32.9625 949.36 102.104 80.4998 59.0664 21.4334 105.17
internal_count=19670 18131 11809 6322 3697 1539 2592 2266 1476 790 326 250 8427 939 565 226 1160 3382 374 1098 339 7488 1172 240 6316 711 537 396 141 932
is_linear=0
shrinkage=0.04


Tree=70
num_leaves=31
num_cat=0
split_feature=22 1 7 3 25 7 25 4 4 27 28 36 25 29 34 0 2 31 15 22 16 36 4 4 16 0 2 22 28 36
split_gain=25.8054 14.4307 13.2269 7.79373 7.58728 7.07432 6.59803 8.05379 6.74118 5.82788 5.76895 11.4647 6.47686 6.24847 6.98006 8.14236 6.27715 5.63672 5.52802 5.51053 7.0505 6.86594 6.94477 9.05211 7.9804 9.19882 6.71714 6.47945 5.6865 7.20116
threshold=0.55511903762817394 3.5000000000000004 1.0000000180025095e-35 1.5000000000000002 0.31000000238418585 0.75000000000000011 0.23499999940395358 0.873489409685135 0.878369301557541 4.4361593723297128 -0.6035533845424651 1.7154432535171511 0.23499999940395358 0.12940952181816107 3.5000000000000004 6.1653625965118417 724.50000000000011 0.24404761940240863 0.31377777457237249 0.13250000029802325 143.57322692871097 0.87534815073013317 0.784165918827057 0.85796335339546215 8.8336634635925311 7.2341706752777108 518.50000000000011 0.22195237874984744 -1.0000000180025095e-35 0.39793460071086889
decision_type=2 2 2 2 2 2 2 2 2 2 2 2 2 2 2 2 2 2 2 2 2 2 2 2 2 2 2 2 2 2
left_child=1 2 3 6 5 19 -1 -8 -9 -3 13 12 -12 16 15 -15 -5 -6 -19 -4 21 28 -23 -24 25 -25 -22 -28 29 -21
right_child=-2 9 4 10 17 -7 7 8 -10 -11 11 -13 -14 14 -16 -17 -18 18 -20 20 26 22 23 24 -26 -27 27 -29 -30 -31
leaf_value=-0.013344521725351458 0.016438343421818512 0.022391796320214177 -0.0084488402245335315 -0.0048603063746277221 0.0046970099721894603 0.0066819782498164027 -0.020024143153908051 0.024301889406349395 -0.0019903867035859237 -0.0011958335833695836 -0.0059660579121691175 0.019651699924405269 0.0048960173793610399 0.02812476026527495 -0.021554084392809546 -0.0081654696712016445 0.011426168782764472 0.031614758686555874 0.0058801911226200581 0.0063047277077853646 0.029363153638970997 0.016591629537033772 -0.0090746777084263971 0.030258475358606277 -0.0050923293227228984 0.0053707686411883417 0.014994164786591215 -0.0099127912676437811 0.0019943558778977508 -0.011870160064958049
leaf_weight=214.63714378327131 152.29261654615402 58.99131053686142 137.74329718202353 133.42095398157835 163.12203264981508 229.67669671028852 34.080096080899239 15.588415779173372 136.41775065660477 22.840110808610916 187.28487489372492 47.408065930008888 161.92670130729675 9.0332919582724553 60.824946328997612 96.676541730761528 50.561532251536846 27.136456929147243 26.728232525289059 41.064677342772484 21.211442470550537 47.573104381561279 104.64535821974277 28.375374667346478 78.438081383705139 115.18115018308163 35.816595666110516 28.111341916024685 119.26590940356255 194.78528994321823
leaf_count=2479 1287 367 1005 1064 819 1074 291 133 1112 150 1668 309 1110 65 507 743 366 146 133 258 131 246 558 156 510 684 228 156 761 1251
internal_value=0 -0.000393141 -0.000929945 -0.00410866 0.00168052 0.000412667 -0.00859514 -0.00303343 0.000986499 0.0159367 -0.00168583 0.00161622 -0.000930199 -0.00541016 -0.0109744 -0.00459969 -0.000309762 0.00851946 0.0195127 -0.00111035 0.000148398 -0.00113347 0.00264099 0.000520557 0.00508427 0.0106382 0.0109032 0.00407325 -0.00510343 -0.00867926
internal_weight=0 2628.57 2546.74 1147.86 1398.88 1181.89 400.723 186.086 152.006 81.8314 747.137 396.62 349.212 350.517 166.535 105.71 183.982 216.987 53.8647 952.212 814.468 729.329 374.213 326.64 221.995 143.557 85.1394 63.9279 355.116 235.85
internal_count=19767 18480 17963 9847 8116 7018 4015 1536 1245 517 5832 3087 2778 2745 1315 808 1430 1098 279 5944 4939 4424 2154 1908 1350 840 515 384 2270 1509
is_linear=0
shrinkage=0.04


Tree=71
num_leaves=31
num_cat=0
split_feature=31 25 3 2 4 2 25 36 36 25 30 27 25 6 27 2 4 4 27 8 25 13 27 0 36 4 29 27 27 5
split_gain=27.2336 15.9711 12.1927 8.32518 7.74049 6.81112 6.9664 7.31418 6.35376 6.3267 5.99324 5.66459 5.61915 5.61854 5.54353 5.51456 5.33517 6.25997 7.16807 7.6556 6.34135 5.59834 5.53837 4.58063 7.05665 5.99573 5.67819 5.87801 13.4228 5.28682
threshold=0.47407408058643347 0.34999999403953558 2.5000000000000004 555.50000000000011 0.66450887918472301 813.50000000000011 0.27500000596046453 2.5961122512817387 0.56992623209953319 0.17500000447034839 1.7005987167358401 3.3724534511566167 0.14500000327825549 5.3636341094970712 4.9777677059173593 627.50000000000011 0.86586222052574169 0.81812614202499401 4.3611857891082773 5.5000000000000009 0.31000000238418585 1.0000000180025095e-35 3.9249387979507451 7.3498685359954843 1.2305698394775393 0.88283523917198192 -0.91597560048103321 4.3287575244903573 4.1279401779174814 0.1104399971663952
decision_type=2 2 2 2 2 2 2 2 2 2 2 2 2 2 2 2 2 2 2 2 2 2 2 2 2 2 2 2 2 2
left_child=2 4 5 -3 -2 6 7 -1 10 -4 -6 13 -10 -8 16 -16 17 18 21 -20 -21 -11 -19 -13 25 -25 -26 28 -28 -27
right_child=1 3 9 -5 8 -7 11 -9 12 14 -12 23 -14 -15 15 -17 -18 22 19 20 -22 -23 -24 24 26 29 27 -29 -30 -31
leaf_value=-0.0073714872327355413 0.018026866557441606 -6.1166096716426741e-05 -0.0028259330111473431 0.03294935328439498 0.0016141019409856593 0.0023965997089667383 3.3297721485034819e-05 0.015483833870737014 -0.011063169517674954 0.0066941729249382362 -0.022000417560331983 -0.0029781655187331342 0.0075556088841570793 -0.040702966611882448 0.0041507996498789321 -0.026919592189146777 0.023387238089378242 0.011899454214061396 0.032120311041451986 0.0034350966323143323 0.031239162295140305 -0.0107160630896521 -0.0099158208891985348 -1.7202593857006836e-05 0.01781633793161953 0.0097988613117015386 -0.0080613777601637598 -0.013825646043260038 0.031444000451998431 0.04451364226313146
leaf_weight=853.67161422967911 66.425902709364891 15.531768478453158 209.28310726583004 55.267361871898174 45.074607275426388 259.86383454501629 10.5889238268137 21.190986439585686 26.807166710495949 158.05324953794479 25.5570984557271 288.85372352600098 279.43097666651011 9.0848342776298505 19.922881342470646 14.209708005189894 27.171935752034187 24.114863596856594 32.309646591544151 65.441566929221153 14.623165115714071 34.36319737136364 63.600553870201111 18.623856842517853 22.039362974464893 14.815705947577955 41.203865021467209 47.758132375776768 18.251671463251114 14.390866130590437
leaf_count=7545 504 107 1306 427 273 1897 64 162 172 837 150 2003 1724 62 105 76 139 125 140 389 75 203 338 121 129 97 240 277 107 84
internal_value=0 0.00851927 -0.00165402 0.0259048 0.00563873 -0.00352268 -0.00465518 -0.00678383 0.0033716 0.00290912 -0.00730101 -0.000808173 0.00586457 -0.0207978 0.00555474 -0.00955816 0.00682339 0.00556397 0.00826215 0.0162012 0.00915085 0.00350667 -0.00378676 0.000121154 0.00515348 0.0179416 0.000219926 -0.0036573 0.00469463 0.0286604
internal_weight=0 514.095 2283.43 70.7991 443.296 1620.34 1360.47 874.863 376.87 663.094 70.6317 485.611 306.238 19.6738 453.811 34.1326 419.678 392.506 304.791 112.374 80.0647 192.416 87.7154 465.937 177.083 47.8304 129.253 107.214 59.4555 29.2066
internal_count=19878 3357 16521 534 2823 12788 10891 7707 2319 3733 423 3184 1896 126 2427 181 2246 2107 1644 604 464 1040 463 3058 1055 302 753 624 347 181
is_linear=0
shrinkage=0.04


Tree=72
num_leaves=31
num_cat=0
split_feature=25 23 34 7 13 6 34 27 28 1 25 36 5 4 2 20 28 6 4 5 21 6 31 3 27 29 4 36 5 28
split_gain=22.3957 15.2624 12.0059 10.7049 11.3139 10.0538 9.28838 8.15352 7.17163 6.55508 6.48286 6.6214 5.74821 9.65582 11.1314 7.27686 5.61083 5.43556 5.16024 4.9101 8.18011 8.54487 5.52528 4.67398 5.54597 4.63153 5.03287 5.58509 4.85263 7.76539
threshold=0.31000000238418585 1.0000000180025095e-35 6.5000000000000009 0.25000000000000006 1.5000000000000002 6.4838714599609384 5.5000000000000009 4.2217109203338632 -0.6035533845424651 3.5000000000000004 0.2100000008940697 0.4720140546560288 0.12386099621653558 0.8772488832473756 459.50000000000006 0.21374999731779101 0.37940952181816107 6.3341670036315927 0.8029385805130006 0.33569559454917913 13.500000000000002 5.6185860633850107 0.17914438992738727 3.5000000000000004 5.3139445781707773 0.60355338454246532 0.7856707274913789 1.548534154891968 0.2601724117994309 -0.98296290636062611
decision_type=2 2 2 2 2 2 2 2 2 2 2 2 2 2 2 2 2 2 2 2 2 2 2 2 2 2 2 2 2 2
left_child=1 3 -2 8 5 9 -3 -8 23 17 -10 -12 -13 18 -15 -16 -17 -5 -14 20 22 -22 -4 24 25 28 -27 -28 -1 -30
right_child=2 6 19 4 -6 -7 7 -9 10 -11 11 12 13 14 15 16 -18 -19 -20 -21 21 -23 -24 -25 -26 26 27 -29 29 -31
leaf_value=-0.01075433004767332 0.0039745708371886398 0.0034467306430477768 -0.00065742194995223183 -0.0012601471788171201 0.020049272337536863 0.02419577009031499 0.032064146713284829 -0.0021122568545966498 -0.007120402943762049 0.016454564192734979 -0.012404830020701973 -0.0063252457339826795 0.0097511332922393234 0.059837971044723146 -0.014410310714300916 0.032467185074708797 -0.00061622485281653155 -0.015546620049667993 -0.0037046017565431845 0.032843026297378931 -0.032712425864151989 0.010719371266404336 0.027856933706346013 0.00018098618790913498 0.021175569735986929 -0.045135858715708813 -0.02086310200423044 0.0088657833332443318 0.032559402586306276 -0.0049731072445028234
leaf_weight=347.09689496457577 345.46880058944225 172.22338803857565 13.819936253130434 772.52722229808569 42.53793865442276 23.36529428511858 37.348331674933434 15.265933871269224 267.57533476501703 29.826530694961548 48.29265995696187 74.748758770525455 75.694569185376167 7.8551828041672698 11.040517643094061 21.36694823205471 12.525323390960692 43.137033633887768 108.61819130927324 28.574459455907345 8.8436967879533785 19.992210619151592 47.464175671339035 81.610990114510059 7.0908002257347098 9.5470569133758527 47.073166396468878 11.518147073686121 8.801594674587248 46.234258368611336
leaf_count=3379 2024 861 69 4188 346 130 267 75 2711 160 430 692 498 65 105 167 94 268 857 264 64 165 307 513 67 71 474 99 68 354
internal_value=0 -0.00181131 0.00779499 -0.00287458 0.000386067 -0.000620449 0.00804849 0.0224337 -0.00537524 -0.00136173 -0.00242886 0.0010769 0.00323041 0.00627065 0.0210175 0.0119701 0.0208877 -0.00205188 0.00186683 0.0186645 0.0135534 -0.00385852 0.0216092 -0.00866353 -0.0101701 -0.0107304 -0.0203192 -0.0149191 -0.00901309 0.00196051
internal_weight=0 2322.92 464.163 2098.08 911.394 868.856 224.838 52.6143 1186.69 845.491 627.717 360.142 311.849 237.101 52.788 44.9328 33.8923 815.664 184.313 118.694 90.12 28.8359 61.2841 558.973 477.362 470.271 68.1384 58.5913 402.133 55.0359
internal_count=19832 16939 2893 15736 5092 4746 1203 342 10644 4616 5619 2908 2478 1786 431 366 261 4456 1355 869 605 229 376 5025 4512 4445 644 573 3801 422
is_linear=0
shrinkage=0.04


Tree=73
num_leaves=31
num_cat=0
split_feature=23 25 32 4 15 26 27 2 27 13 0 2 16 4 2 27 36 27 6 2 3 15 36 2 36 36 36 0 27 27
split_gain=19.3731 13.3979 12.7711 11.6129 9.20548 7.85452 7.76539 7.40788 7.63035 6.81208 6.36364 7.23452 6.80228 7.01431 5.8925 8.76529 6.8087 6.0125 10.7767 5.66561 6.80878 9.32432 8.14694 7.72045 6.82071 6.66521 8.19512 6.42832 5.68443 5.52962
threshold=1.0000000180025095e-35 0.17500000447034839 1.5000000000000002 0.67251640558242809 0.19597221910953525 1.0000000180025095e-35 3.857566356658936 956.50000000000011 3.4766128063201909 1.0000000180025095e-35 7.638195514678956 434.50000000000006 106.81162261962892 0.72547450661659252 587.50000000000011 4.0766892433166513 0.52995002269744884 4.5255854129791269 4.7664294242858896 430.50000000000006 2.5000000000000004 0.19597221910953525 1.2060943245887759 597.50000000000011 1.3326571583747866 1.6424235701560976 2.1397774219512944 7.4988660812377939 4.3234698772430429 4.7904040813446054
decision_type=2 2 2 2 2 2 2 2 2 2 2 2 2 2 2 2 2 2 2 2 2 2 2 2 2 2 2 2 2 2
left_child=1 -1 5 -2 -5 19 -4 8 -6 10 11 -7 13 -13 15 -15 -16 -18 -19 27 21 22 -21 -24 -25 29 -27 -3 -29 -23
right_child=3 2 6 4 7 9 -8 -9 -10 -11 -12 12 -14 14 16 -17 17 18 -20 20 -22 25 23 24 -26 26 -28 28 -30 -31
leaf_value=-0.0055452634055540651 0.034376342096393911 -0.017170760239924372 0.013793407321731118 -0.0032700201977008754 0.030140480243037965 0.025521396703595604 0.0018202842357060564 0.041369823544345541 0.0061724080606155854 -0.0067715045461328284 -0.0067002956527759177 -0.019051692878812813 0.018593175787187496 0.014555487180969174 -0.0076069730810777994 -0.015251405517550299 0.0074022609814169771 0.00059109975486562551 0.044744631083158251 -0.015083847274454523 0.003484188406468428 -0.0041844902242706315 -0.014644926185653087 0.039629037516196494 0.0027205700059503451 0.026483735792276256 -0.0077862745588351389 0.024705158261625237 -0.014089665351637351 0.01052850576937414
leaf_weight=717.6932603046298 26.497614018619061 75.463519334793091 171.38978612422943 86.226550005376339 23.686805389821529 32.494519308209419 174.69244944304228 11.507930003106592 133.89030867815018 79.91338537633419 52.283261321485043 19.271582722663879 53.052436903119087 22.620354153215885 27.781083285808563 42.373908564448357 76.188708744943142 14.672094605863093 20.477149084210396 165.17595222964883 275.72123032063246 288.5090689510107 28.169035442173481 8.5734494999051076 34.475524425506592 28.145088285207748 16.553512021899223 11.239866591989996 9.3460993170738202 45.618352822959423
leaf_count=6146 195 578 1247 440 158 201 998 74 669 553 314 108 377 141 189 279 455 82 123 1598 1526 2063 224 68 262 171 100 77 65 326
internal_value=0 -0.000941811 0.000924508 0.0100876 0.00731915 -0.000748997 0.0077949 0.0126943 0.0101079 0.00367774 0.00601403 0.00819505 0.00598969 0.00285801 0.00509144 -0.00475269 0.00969264 0.0140673 0.027338 -0.00273093 -0.00172238 -0.00405953 -0.0102571 0.00104382 0.0115041 -0.000158578 0.0140024 -0.0118601 0.00740417 -0.00212503
internal_weight=0 2491.89 1774.2 281.809 255.312 1428.12 346.082 169.085 157.577 441.128 361.215 308.932 276.437 223.385 204.113 64.9943 139.119 111.338 35.1492 986.991 890.941 615.22 236.394 71.218 43.049 378.826 44.6986 96.0495 20.586 334.127
internal_count=19807 18271 12125 1536 1341 9880 2245 901 827 2822 2269 1955 1754 1377 1269 420 849 660 205 7058 6338 4812 2152 554 330 2660 271 720 142 2389
is_linear=0
shrinkage=0.04


Tree=74
num_leaves=31
num_cat=0
split_feature=31 25 3 23 30 25 36 27 22 14 6 29 6 28 26 7 27 4 5 36 36 23 5 5 30 32 36 36 27 6
split_gain=19.0464 13.3123 10.4 7.60103 7.36916 5.54286 5.28691 5.42188 5.62808 5.20628 8.95419 7.06537 6.59198 6.13033 5.91986 5.64737 6.24833 5.28781 10.3533 5.37495 5.15716 6.21319 5.37286 11.2268 5.24968 8.19301 6.47761 6.21446 7.75857 7.30372
threshold=0.47407408058643347 0.34999999403953558 2.5000000000000004 1.0000000180025095e-35 2.0126758217811589 0.14500000327825549 1.6093621850013735 3.7577049732208256 0.16550000011920932 1.0000000180025095e-35 4.8713660240173349 0.78656607866287243 5.6818761825561532 -0.7865660786628722 1.0000000180025095e-35 0.42499999701976782 4.5470111370086679 0.81924378871917736 0.19005208462476733 1.6424235701560976 1.3895635604858401 1.0000000180025095e-35 0.12204258143901826 0.1286951079964638 1.4978661537170412 1.5000000000000002 0.39793460071086889 0.69001945853233349 3.3268313407897954 6.1495356559753427
decision_type=2 2 2 2 2 2 2 2 2 2 2 2 2 2 2 2 2 2 2 2 2 2 2 2 2 2 2 2 2 2
left_child=2 3 6 -2 -5 -4 20 8 -8 14 13 17 -13 -11 -7 16 -16 19 -19 -12 21 24 -22 -24 27 -26 -27 28 -1 -30
right_child=1 -3 5 4 -6 9 7 -9 -10 10 11 12 -14 -15 15 -17 -18 18 -20 -21 22 -23 23 -25 25 26 -28 -29 29 -31
leaf_value=0.028293236288500733 0.0025680658649833762 0.023369844680253472 -0.0085708054727130275 0.00085095576120679489 0.030026977013023891 0.0039997855770208188 -0.0025262165461739689 -0.00035953015886119898 0.027381721597821446 0.0022760644453173598 -0.0037740107506264724 0.042348920784884649 -0.00031718554303492962 -0.022566776725404851 0.015863426150863589 0.027833214886951285 -0.012915569574545623 -0.0058047351157957654 0.042666735101466832 0.016556123478293688 -0.023975442432465521 0.0050282338471283727 0.029462129795862223 -0.012300268168590844 -0.011276471853345604 0.022661103347971858 -0.0028394426532029116 0.0010916948517626331 -0.0099995156366612797 0.0098323543713984222
leaf_weight=7.9863886684179297 390.98799146711826 68.098531618714333 59.822198376059532 23.520791292190552 32.114117123186588 223.53381487727165 16.132952339947224 180.12276791781187 23.459745533764362 25.665363565087318 153.77515880018473 11.864626936614515 9.9024982899427396 38.342982597649097 38.151280470192432 36.626574724912643 15.51989286392927 13.794014118611814 11.582483835518358 22.022234216332436 38.41664133220911 127.4526453986764 10.416490010917185 59.552598938345909 304.5764889344573 16.274773247539997 122.68126595765352 412.53624623268843 250.77084880322218 32.054992944002151
leaf_count=71 2479 537 378 111 274 1188 129 1287 139 151 937 69 63 230 205 155 89 87 73 117 300 641 79 412 2960 102 799 3315 2188 313
internal_value=0 0.0071479 -0.00136272 0.00458131 0.0181498 0.00285476 -0.00310277 0.00264233 0.0156596 0.00401711 0.000116255 0.00391674 0.0245455 -0.0128384 0.00756051 0.0160975 0.00737648 0.00146504 0.0178197 -0.00106966 -0.00401817 -0.0032936 -0.0123232 -0.00543702 -0.00422555 -0.00762458 0.000426383 -0.00206657 -0.00652363 -0.00769855
internal_weight=0 514.721 2263.04 446.623 55.6349 660.603 1602.43 219.715 39.5927 600.781 286.949 222.941 21.7671 64.0083 313.832 90.2977 53.6712 201.174 25.3765 175.797 1382.72 1274.33 108.386 69.9691 1146.88 443.533 138.956 703.348 290.812 282.826
internal_count=19878 3401 16477 2864 385 3742 12735 1555 268 3364 1727 1346 132 381 1637 449 294 1214 160 1054 11180 10389 791 491 9748 3861 901 5887 2572 2501
is_linear=0
shrinkage=0.04


Tree=75
num_leaves=31
num_cat=0
split_feature=22 1 4 16 16 6 25 15 30 15 16 27 27 26 4 25 5 36 4 4 6 14 22 22 29 5 36 6 6 8
split_gain=20.2448 12.4873 11.7335 10.6071 12.1385 10.9265 10.738 8.06062 7.3866 6.82264 10.7469 6.64944 10.3238 6.58017 5.87953 5.87273 6.47898 7.10167 5.78492 5.58257 5.69118 5.56688 5.50025 5.17497 5.10382 4.86657 4.77459 7.16553 8.47467 4.76405
threshold=0.61041668057441723 1.5000000000000002 0.826532542705536 91.53562164306642 86.232402801513686 5.6954128742218026 0.27500000596046453 0.14145454764366153 3.3842465877532963 0.33224999904632574 17.092786788940433 3.8077723979949956 4.6016638278961191 1.0000000180025095e-35 0.82155412435531627 0.23499999940395358 0.22370029240846637 0.78335803747177135 0.86172229051589977 0.87419614195823681 5.1789667606353769 0.89587974548339855 0.21589706093072894 0.6660769283771516 -0.37940952181816096 0.35945594310760504 1.4659474492073061 5.6401309967041025 4.3107767105102548 6.5000000000000009
decision_type=2 2 2 2 2 2 2 2 2 2 2 2 2 2 2 2 2 2 2 2 2 2 2 2 2 2 2 2 2 2
left_child=1 2 14 4 6 11 7 -3 13 10 23 -5 19 -4 15 16 -1 22 -14 20 -13 -9 -18 -2 -16 -7 27 28 -17 -15
right_child=9 3 8 5 -6 25 -8 21 -10 -11 -12 12 18 29 24 26 17 -19 -20 -21 -22 -23 -24 -25 -26 -27 -28 -29 -30 -31
leaf_value=-0.014049024634163838 0.036690159224940844 -0.019424929977365883 -0.008589763665060493 -0.016751079021526758 0.032552817883681702 -0.011437514807698706 0.0082163274014987291 -0.00042852792650122811 -0.039877694175475716 0.021730818838140806 -0.027978546032763282 0.0079797217665082409 -0.022093408702519465 0.0043977573032331985 -0.00014916230741067419 0.018874461476228337 -0.022382804605638809 0.0076482291983965113 0.015306480841300275 -0.0049120867889459836 0.040903421252184533 0.017168980554000204 -0.0005575128981904115 0.0027084323059137771 0.035388915947059292 0.0099065570673977418 0.017431032067849711 0.010213016147050547 -0.012046761568068134 -0.0061123762557224095
leaf_weight=73.35345483571291 8.9524843543767947 32.344275139272213 635.04158733040094 13.793883457779883 20.423003546893597 204.82712814211845 353.1239260584116 512.31193095445633 8.7282544597983343 79.951919712126255 11.685601845383642 14.405729435384272 15.721311800181867 128.79075068235397 11.702326834201815 15.752206593751906 27.494427762925625 89.830111928284168 8.8087323904037458 8.8359579592943174 22.997143730521202 28.468781471252441 49.732356809079647 21.803734689950943 12.403838872909544 17.120792724192142 37.20662859082222 82.438378661870956 70.430186413228512 144.18022415041924
leaf_count=495 70 300 5167 92 151 1626 1982 3719 51 756 95 79 96 756 77 77 220 547 63 75 153 196 304 216 79 104 194 502 384 1203
internal_value=0 -0.00152552 -0.00413762 0.00136767 0.00346098 -0.00507813 0.00275077 -0.000633626 -0.00676815 0.0149871 0.00187697 0.00704124 0.0120116 -0.00636294 0.000996466 -8.25847e-05 -0.00431217 7.8839e-05 -0.00852168 0.0228064 0.0292715 0.000557722 -0.00869667 0.0142361 0.0194472 -0.00971729 0.00485161 0.00190413 -0.00609516 -0.00115766
internal_weight=0 2640.27 1387.08 1253.18 946.672 306.511 926.249 573.125 916.741 122.394 42.4418 84.5628 70.7689 908.013 470.344 446.238 240.41 167.057 24.53 46.2388 37.4029 540.781 77.2268 30.7562 24.1062 221.948 205.827 168.621 86.1824 272.971
internal_count=19829 18692 10056 8636 6348 2288 6197 4215 7177 1137 381 558 466 7126 2879 2723 1566 1071 159 307 232 3915 524 286 156 1730 1157 963 461 1959
is_linear=0
shrinkage=0.04


Tree=76
num_leaves=31
num_cat=0
split_feature=25 23 3 30 4 22 4 4 22 14 4 36 16 29 31 21 2 27 5 1 16 16 0 6 4 36 36 2 20 2
split_gain=23.9759 12.9425 10.3386 8.96547 7.82042 7.20928 6.54995 11.6069 7.34956 6.49046 6.7884 5.98806 5.85303 5.48837 5.4129 6.10006 6.40859 5.17234 8.16096 5.13438 5.10695 12.3676 8.4404 5.05185 5.03959 5.03304 8.23534 4.93748 4.8115 4.80402
threshold=0.34999999403953558 1.0000000180025095e-35 1.5000000000000002 1.7005987167358401 0.64292663335800182 0.80292990803718578 0.891168773174286 0.90998974442482006 0.093253966420888915 0.89587974548339855 0.89394548535346996 0.46097640693187719 149.76631164550784 -0.12940952181816107 1.0000000180025095e-35 1.0000000180025095e-35 763.50000000000011 3.2047748565673833 0.25647109746932989 2.5000000000000004 15.427226543426515 31.557223320007328 7.3434212207794198 6.310826539993287 0.80622702836990368 0.41369070112705236 0.29378509521484381 825.50000000000011 0.25690476596355444 982.50000000000011
decision_type=2 2 2 2 2 2 2 2 2 2 2 2 2 2 2 2 2 2 2 2 2 2 2 2 2 2 2 2 2 2
left_child=1 2 14 -2 -3 6 8 9 -4 10 -8 12 13 -10 15 16 -1 18 28 25 22 -22 -16 -17 -25 26 -15 -18 -13 -6
right_child=3 4 5 -5 29 -7 7 -9 11 -11 -12 17 -14 19 20 23 27 -19 -20 -21 21 -23 -24 24 -26 -27 -28 -29 -30 -31
leaf_value=-0.0067519285263964394 0.0067503065416035382 0.032554691169109397 -0.030122321396804073 0.02457997385165455 0.0040002278546444761 0.020175515454709331 0.044490515981213355 -0.0029682083051108905 -0.01837036424447713 -0.011236530386044418 0.014465372537082733 -0.0081093913453252238 0.010938870930484302 -0.017710311263727515 -0.0053816512511488546 -0.014632780156414593 0.017710982822388258 0.00056452581172311892 0.0045485788120746022 -0.026887492305946146 -0.035508013569938997 0.0015935966203378326 0.030441527034638139 -0.024957230031615162 0.0026592822910294803 -0.016755902668183626 0.019299864237077011 -0.0016982680404149697 -0.043903713864417222 0.028242323581116297
leaf_weight=279.75561239570379 124.53144685924053 16.430734172463417 12.116957947611807 70.875540137290955 230.50255535542965 25.734635144472122 14.509772002696989 93.534624025225639 75.142299674451351 9.960906542837618 59.867194429039955 12.389844015240671 20.674813408404589 11.693113900721071 19.623938150703907 215.8533507026732 31.505145564675331 1052.0243026092649 22.664084531366825 9.6734064370393735 14.453600138425825 112.68533975630999 19.486981570720673 10.808657594025133 58.964770928025246 14.649790257215498 31.645457662642002 55.229047514498234 12.132019080221651 11.970245867967604
leaf_count=2430 734 116 90 570 1202 282 103 724 538 91 415 82 158 85 108 2069 251 6975 141 66 103 788 113 101 605 103 211 416 73 69
internal_value=0 -0.00106732 -0.00202476 0.0134008 0.00737676 -2.64884e-05 -0.00041162 0.0067353 -0.00141781 0.0173164 0.0213344 -0.00109516 -0.00818898 -0.0110711 -0.00562586 -0.00726403 -0.00381605 -2.71797e-05 -0.012706 -0.00267015 0.000809817 -0.00310884 0.0130798 -0.0116309 -0.00219505 0.00213143 0.00897345 0.00559219 -0.0277937 0.00541825
internal_weight=0 2555.68 2296.78 195.407 258.904 1478.41 1452.68 177.872 1274.81 84.3379 74.377 1262.69 163.479 142.804 818.366 652.117 366.49 1099.21 47.1859 67.6618 166.25 127.139 39.1109 285.627 69.7734 57.9884 43.3386 86.7342 24.5219 242.473
internal_count=19812 18508 17121 1304 1387 10137 9855 1333 8522 609 518 8432 1161 1003 6984 5872 3097 7271 296 465 1112 891 221 2775 706 399 296 667 155 1271
is_linear=0
shrinkage=0.04


Tree=77
num_leaves=31
num_cat=0
split_feature=31 27 3 34 2 18 8 34 25 36 18 2 26 28 5 28 25 2 25 16 22 5 15 4 16 23 16 27 28 4
split_gain=16.575 13.798 10.5413 7.64564 7.17223 9.88156 7.69709 6.76155 6.28407 6.73399 6.22697 7.92125 6.2667 7.13795 6.10466 8.47628 6.6475 6.18547 5.78945 6.26626 5.785 5.62095 5.6064 5.33108 5.49997 5.19075 5.59891 5.25462 5.11895 5.56553
threshold=0.47407408058643347 3.831896305084229 1.5000000000000002 11.500000000000002 633.50000000000011 1.0000000180025095e-35 6.5000000000000009 17.500000000000004 0.17500000447034839 1.1615874171257021 1.0000000180025095e-35 587.50000000000011 1.0000000180025095e-35 -0.7865660786628722 0.27285698056221014 -0.37940952181816096 0.23499999940395358 597.50000000000011 0.34999999403953558 147.75518035888675 0.10416071489453317 0.22370029240846637 0.28611111640930181 0.63320410251617443 81.397632598876967 1.0000000180025095e-35 72.143795013427749 4.3181543350219735 -0.7865660786628722 0.85389867424964916
decision_type=2 2 2 2 2 2 2 2 2 2 2 2 2 2 2 2 2 2 2 2 2 2 2 2 2 2 2 2 2 2
left_child=2 18 3 8 5 -3 28 -5 9 -1 11 12 -4 -14 17 16 -16 -13 19 -2 -12 -15 23 24 -22 -10 27 -27 -6 -30
right_child=1 4 10 7 6 -7 -8 -9 25 -11 20 14 13 21 15 -17 -18 -19 -20 -21 22 -23 -24 -25 -26 26 -28 -29 29 -31
leaf_value=-0.015512291228789705 0.013262198984865808 -0.028736210853841992 -0.0051020751286939767 0.033905659691255842 0.00080675888878036547 -0.00045259996223365927 -0.0037883228538952464 0.0019042744652063141 -0.004441587084810638 -0.00066626443598041872 -0.019826239109256037 0.032995295262039349 -0.0077811838268070921 0.0052431307039277428 0.018646069016203283 -0.014493968770260083 -0.0080728170694786567 0.0082299558099592392 0.027592042588579852 -0.013240001423531017 -0.0034330511694103806 0.029854462838843059 -0.02039671861843664 -0.0010293176975243205 0.028832241344982058 0.026011636599059265 -0.010435298602491195 -0.00086121366334742972 0.010629123824840559 0.037172335346769676
leaf_weight=156.73362891376019 172.39485031366348 22.103693842887878 210.91922245919704 12.038180224597452 27.011238798499107 110.14685701578856 57.111768819391727 43.769990213215351 502.11555564776063 70.906933158636093 24.845070086419582 15.244050465524195 32.26033840328455 39.516074687242508 35.842158615589142 43.990139782428741 23.080180086195469 344.38250368833542 42.226223409175873 13.964150175452231 14.011646151542665 22.888548947870731 20.568412698805332 543.58022311702371 17.927857026457787 25.873589411377907 18.257586233317852 19.778792321681976 32.74958074837923 21.371212653815746
leaf_count=1739 1262 116 1385 63 152 651 374 276 3992 709 207 100 196 236 207 238 117 2164 380 85 89 122 102 4030 114 118 89 91 191 109
internal_value=0 0.00721636 -0.000831254 -0.00433595 0.0010796 -0.00553746 0.00739848 0.0097414 -0.00534783 -0.010934 0.00131519 0.00371893 -0.00127512 0.0071807 0.00700963 -0.00155787 0.00825871 0.0094564 0.0144059 0.0111569 -0.00166075 0.0149168 -0.000839844 -7.26891e-05 0.0153095 -0.00307061 0.00750854 0.0148215 0.015175 0.0220617
internal_weight=0 499.08 2238.53 849.474 270.494 132.251 138.244 55.8082 793.666 227.641 1389.06 768.123 305.584 94.665 462.539 102.912 58.9223 359.627 228.585 186.359 620.933 62.4046 596.088 575.52 31.9395 566.026 63.91 45.6524 81.132 54.1208
internal_count=19704 3320 16384 7077 1593 767 826 339 6738 2448 9307 4765 1939 554 2826 562 324 2264 1727 1347 4542 358 4335 4233 203 4290 298 209 452 300
is_linear=0
shrinkage=0.04


Tree=78
num_leaves=31
num_cat=0
split_feature=22 23 34 27 6 25 30 20 5 5 4 27 27 6 0 5 30 29 31 34 2 5 8 6 0 5 6 6 6 21
split_gain=17.334 8.06954 6.68676 6.45377 5.97008 5.81267 6.14 5.76759 5.5644 6.0028 5.38327 7.03517 9.71655 7.69899 6.62891 6.10058 7.39965 5.48391 5.31542 11.5535 7.6513 5.60464 5.23728 6.37137 5.26894 6.73482 4.98025 4.85753 6.24918 4.8406
threshold=0.70347222685813915 1.0000000180025095e-35 5.5000000000000009 4.3087832927703866 6.1994938850402841 0.17500000447034839 3.9019216299057011 0.19597221910953525 0.20470406115055087 0.19854699820280078 0.88419497013092052 4.5070056915283212 4.3234698772430429 5.4743669033050546 7.1592843532562265 0.10396283492445947 1.0000000180025095e-35 -0.12940952181816107 0.74891304969787609 3.5000000000000004 728.50000000000011 0.27697470784187322 8.5000000000000018 5.5432205200195321 7.0698649883270273 0.15255893766880038 5.6954128742218026 5.2390944957733163 5.3542222976684579 8.5000000000000018
decision_type=2 2 2 2 2 2 2 2 2 2 2 2 2 2 2 2 2 2 2 2 2 2 2 2 2 2 2 2 2 2
left_child=1 5 4 29 10 7 -7 22 9 -9 11 12 13 17 -13 -12 -17 -3 19 20 -10 -21 26 -24 25 -25 27 -1 -29 -4
right_child=-2 2 3 -5 -6 6 -8 8 18 -11 15 14 -14 -15 -16 16 -18 -19 -20 21 -22 -23 23 24 -26 -27 -28 28 -30 -31
leaf_value=-0.013224795286472968 0.018117946952590312 0.010329993233075352 0.037045782266912221 -0.0041036313366689019 -0.014774316276368644 -0.00027325545361348496 0.02083222596929054 -0.0035066523982061394 -0.0059018956152552269 -0.02930922952809345 0.01616882509307491 0.0088528114528099271 0.044580590041801565 0.02582765918690853 -0.025307661351452605 0.00183562601570043 -0.029828248832774656 -0.019675109499913232 -0.012205161258790238 0.043150965088314786 0.016680843506831019 0.0068118683860022957 -0.016596469874834416 0.0059754072063717811 -0.00279501628669251 0.059332649770320239 -0.017743315044540318 0.027912311896769567 -0.0044322010751668608 0.0074029805841796109
leaf_weight=52.334776744246483 80.036796011030674 21.355953007936478 24.156052798032761 14.316509284079073 25.018371641635895 1688.7855476513505 20.346025310456753 283.34697887673974 74.060334727168083 13.272106558084486 15.953063040971754 22.625311225652695 14.705515444278715 24.910858891904354 12.471485659480093 28.348344050347805 17.980089887976646 14.758131325244902 24.3061578348279 16.416645072400573 33.087602533400059 12.141915723681448 15.400313843041657 9.4275084845721739 15.594937503337858 4.9579355642199507 107.41985161229968 11.096131660044191 33.861603438854218 15.111919723451136
leaf_count=445 873 97 149 67 128 11418 132 2543 483 89 84 109 69 118 60 138 96 69 134 100 194 77 177 131 197 50 1082 96 332 101
internal_value=0 -0.000549164 0.00623792 0.0185069 0.00276793 -0.00126089 2.04606e-06 -0.00430656 -0.00161759 -0.00484974 0.00544299 0.0106632 0.0173849 0.00962465 -0.00399593 -0.00388888 -0.011179 -0.0023207 0.00435984 0.00746094 0.00124959 0.0291581 -0.00916441 0.00302138 0.0135064 0.0293624 -0.0118689 -0.00515617 0.00439965 0.0265497
internal_weight=0 2667.57 251.712 53.5845 198.127 2415.86 1709.13 706.725 456.632 296.619 173.109 110.827 75.7305 61.0249 35.0968 62.2815 46.3284 36.1141 160.013 135.706 107.148 28.5586 250.093 45.3807 29.9804 14.3854 204.712 97.2925 44.9577 39.268
internal_count=19838 18965 1285 317 968 17680 11550 6130 3620 2632 840 522 353 284 169 318 234 166 988 854 677 177 2510 555 378 181 1955 873 428 250
is_linear=0
shrinkage=0.04


Tree=79
num_leaves=31
num_cat=0
split_feature=25 26 1 8 15 22 22 2 27 3 7 27 2 3 16 16 1 36 34 2 2 0 7 27 36 28 22 4 34 36
split_gain=14.4501 9.85948 9.49687 9.19423 8.82162 11.3698 9.66311 6.98783 7.56329 6.65989 7.20628 6.74631 6.53324 6.51235 6.65062 9.82293 8.65525 8.58385 7.67286 6.46564 6.44287 6.39825 6.54258 7.19187 6.34207 7.04185 6.28305 6.21838 5.90091 5.88057
threshold=0.31000000238418585 1.0000000180025095e-35 1.5000000000000002 3.5000000000000004 0.34925000369548803 0.68890959024429332 0.6660769283771516 434.50000000000006 4.3496322631835946 2.5000000000000004 1.0000000180025095e-35 5.2211663722991952 880.50000000000011 1.5000000000000002 11.401166915893556 86.232402801513686 2.5000000000000004 0.81740099191665661 3.5000000000000004 423.50000000000006 444.50000000000006 7.0698649883270273 0.25000000000000006 3.9598599672317509 0.65556094050407421 0.78656607866287243 0.41571427881717687 0.88518851995468151 4.5000000000000009 1.7800819873809817
decision_type=2 2 2 2 2 2 2 2 2 2 2 2 2 2 2 2 2 2 2 2 2 2 2 2 2 2 2 2 2 2
left_child=1 4 29 27 6 19 7 8 21 10 11 20 26 -5 16 -16 17 -15 -17 -6 -9 -1 23 -23 -4 -26 -12 -3 -14 -2
right_child=2 3 24 13 5 -7 -8 9 -10 -11 12 -13 28 14 15 18 -18 -19 -20 -21 -22 22 -24 -25 25 -27 -28 -29 -30 -31
leaf_value=-0.012122185429814223 -0.0010191774842204693 0.0086486493487841331 0.001220698966326026 -0.0036353796343457649 0.030930663260097351 0.029812304738564971 -0.035384054322796989 0.02649906805239444 -0.020557943936061838 0.0025114968295701172 -0.0011556325382506521 0.021547003987759078 0.0027161659121319134 -0.0035801579581201258 -0.0099798542477529534 0.029330783464299164 0.031635886339809488 0.01511167451487911 0.0023034897145983034 -0.0010392586421663556 -0.0089222429528465191 -0.0035485613226095159 -0.010579356840063045 0.039701172484807104 0.018964945484993116 -0.0094043746604922547 -0.030742407240108661 0.033143288240407076 0.030040370100815519 0.019000807874968259
leaf_weight=48.722327042371035 196.57516258955002 57.972757808864117 56.726147577166557 214.34098583087325 9.0883088260889036 26.494641199707985 12.687375381588934 6.4941493906080714 67.775052629411221 397.5642994120717 415.10461499541998 10.646213315427302 35.846246667206287 69.76784060895443 85.841243505477905 19.924992196261883 24.682038225233555 86.20926496386528 73.724023785442114 114.88239035010338 414.13003297150135 9.9815965741872805 14.737574331462381 12.854187205433844 162.53092776983976 14.115764826536177 9.8186300471425039 22.574330613017082 17.929208733141422 24.634414494037628
leaf_count=379 1240 286 352 1754 53 281 120 68 554 2321 2862 107 220 444 609 150 146 520 528 667 4272 94 88 116 1042 88 58 113 104 137
internal_value=0 -0.000471462 0.00732429 0.00366448 -0.00214136 0.00702447 -0.00308507 -0.00275673 -0.010759 -0.00179882 -0.00368336 -0.00742086 -0.000299305 0.00186394 0.00513883 -0.000325836 0.0105123 0.00681143 0.00854694 0.00175833 -0.00825255 -0.00277168 0.00935322 0.0220332 0.0129176 0.0166181 -0.0019801 0.0161503 0.0125768 0.00136057
internal_weight=0 2279.79 454.582 655.037 1624.76 150.465 1474.29 1461.6 154.071 1307.53 909.969 431.27 478.699 574.49 360.149 179.49 180.659 155.977 93.649 123.971 420.624 86.2957 37.5734 22.8358 233.373 176.647 424.923 80.5471 53.7755 221.21
internal_count=19773 16914 2859 4550 12364 1001 11363 11243 1231 10012 7691 4447 3244 4151 2397 1287 1110 964 678 720 4340 677 298 210 1482 1130 2920 399 324 1377
is_linear=0
shrinkage=0.04


Tree=80
num_leaves=31
num_cat=0
split_feature=22 25 7 15 16 14 18 30 5 36 28 25 27 25 36 6 5 14 25 28 0 0 27 34 3 36 6 27 3 0
split_gain=15.8967 11.8068 9.36056 8.34393 8.58149 7.22167 13.1854 10.7884 7.72612 8.79513 6.43793 9.32229 5.94074 5.67737 7.18136 6.86953 7.55845 5.8365 4.87532 5.48299 4.77288 10.0513 4.59332 5.74097 4.47001 4.33535 4.25662 4.56359 4.46296 5.07871
threshold=0.61974024772644054 0.17500000447034839 0.75000000000000011 0.39333333075046545 17.092786788940433 1.0000000180025095e-35 1.0000000180025095e-35 3.0677825212478642 0.34488114714622503 0.48668977618217474 -0.37940952181816096 0.23499999940395358 3.1376634836196904 0.34999999403953558 0.48668977618217474 5.570249319076539 0.12162988260388376 0.89587974548339855 0.27500000596046453 -0.91597560048103321 7.3105444908142099 6.873150348663331 3.6415249109268193 1.0000000180025095e-35 2.5000000000000004 0.29378509521484381 6.4960203170776376 4.0595800876617441 1.5000000000000002 7.5261752605438241
decision_type=2 2 2 2 2 2 2 2 2 2 2 2 2 2 2 2 2 2 2 2 2 2 2 2 2 2 2 2 2 2
left_child=1 26 5 4 12 6 22 -8 13 -10 18 -12 -2 25 -15 -16 -17 -18 20 -20 21 -4 23 24 -3 -7 28 -28 29 -1
right_child=3 2 10 -5 -6 8 7 -9 9 -11 11 -13 -14 14 15 16 17 -19 19 -21 -22 -23 -24 -25 -26 -27 27 -29 -30 -31
leaf_value=-0.013504022646819311 -0.014244979164217476 -0.0015295925167760976 -0.0029609256061404192 0.022530432953907515 -0.025814525009230486 -0.02174848221719039 0.041348345192333429 -0.0033438074705293142 -0.017632526279082818 0.019231944501794714 0.018800128419657572 -0.0078212070152723964 0.022003460861673242 0.034512637608179096 -0.012196019487846741 -0.013477570421507384 0.047200374222074119 0.0066357447281541505 0.0082988646741410793 0.034506844950133987 -0.0097567937980547591 0.037110078563289441 0.00043593753792207316 0.031480101673328841 0.018275084302452962 -0.0039424860938091543 0.031459022511684497 -0.0036052458824585455 -0.003165308631551067 -0.0012489789910990648
leaf_weight=174.14570853859186 8.7222540378570574 52.914646692574024 22.496112674474716 71.771613933146 12.073672354221342 20.68386260047555 22.784015737473965 12.836725689470766 11.521189771592615 45.860172510147095 29.703030191361904 60.646539583802223 22.137659817934036 10.70204698294401 29.207409039139748 9.9108330830931646 9.259261682629587 13.013996273279188 23.544009059667587 30.86951470375061 17.460409834980965 15.671902552247046 648.69721604883671 14.361847974359987 25.604459598660469 733.18233060091734 8.5670256987214106 12.735740229487417 483.60839496552944 78.725461333990097
leaf_count=1861 87 349 104 733 98 174 136 84 75 284 134 273 213 69 179 71 60 93 106 143 82 73 4084 68 125 5412 68 117 3632 742
internal_value=0 -0.000716864 0.000997677 0.014371 0.000335353 7.7843e-06 0.0028162 0.025921 -0.00246395 0.0114856 0.00911927 0.00114835 0.0115148 -0.00345846 0.0071304 0.00141873 0.0137649 0.0259986 0.0155264 0.0238632 0.00682655 0.0145209 0.00163966 0.00986024 0.00522207 -0.00448728 -0.00491891 0.0119858 -0.00543901 -0.00972844
internal_weight=0 2618.71 1860.93 114.705 42.9336 1660.54 777.199 35.6207 883.341 57.3814 200.392 90.3496 30.8599 825.96 72.0935 61.3915 32.1841 22.2733 110.042 54.4135 55.6284 38.168 741.578 92.881 78.5191 753.866 757.782 21.3028 736.48 252.871
internal_count=19729 18598 12178 1131 398 11263 4846 220 6417 359 915 407 300 6058 472 403 224 153 508 249 259 177 4626 542 474 5586 6420 185 6235 2603
is_linear=0
shrinkage=0.04


Tree=81
num_leaves=31
num_cat=0
split_feature=25 1 26 13 31 36 32 2 22 29 6 2 2 32 36 28 22 2 8 28 36 2 28 6 6 14 31 10 2 5
split_gain=14.5862 11.4171 10.2921 7.78742 7.15212 7.06441 6.9271 6.51859 7.84319 6.48692 6.36367 6.15077 6.20371 7.54858 6.82732 6.00269 5.46304 5.39474 5.18209 5.68177 7.57074 9.91573 6.01927 6.29414 5.15142 5.64305 5.15087 4.93885 5.76603 4.80356
threshold=0.31000000238418585 1.5000000000000002 1.0000000180025095e-35 1.0000000180025095e-35 0.32666666805744177 0.65556094050407421 17.500000000000004 737.50000000000011 0.6868027150630952 0.37940952181816107 4.8559212684631357 739.50000000000011 712.50000000000011 5.5000000000000009 1.6093621850013735 0.78656607866287243 0.22195237874984744 659.50000000000011 3.5000000000000004 -0.7865660786628722 0.49608606100082403 477.50000000000006 -0.37940952181816096 5.1209788322448739 5.6294164657592782 0.89587974548339855 0.17914438992738727 1.0000000180025095e-35 641.50000000000011 0.2375874072313309
decision_type=2 2 2 2 2 2 2 2 2 2 2 2 2 2 2 2 2 2 2 2 2 2 2 2 2 2 2 2 2 2
left_child=2 24 6 4 18 26 11 -8 -9 10 17 12 13 27 -14 -7 -6 -5 -4 -20 -21 22 -22 -24 -2 -26 -3 -1 -29 -15
right_child=1 5 3 9 16 15 7 8 -10 -11 -12 -13 14 29 -16 -17 -18 -19 19 20 21 -23 23 -25 25 -27 -28 28 -30 -31
leaf_value=-0.0050572870688611396 -0.005131541751326219 -0.0073264697473707585 0.01466269942793254 0.021250659658176248 0.03975104711961553 0.018410256979361266 0.025729475831741993 -0.02818821996267842 0.014529761243584625 0.0084296180382369811 -0.016250660048137862 0.00024898499275357011 -0.020578808076393815 -0.036475032526450554 0.011973719016804654 -0.0087163321939789859 0.010948511798830685 -0.0146228197503498 -0.0051781497792556209 -0.010499147253894767 0.0043307561094644816 0.0040256185101973877 0.060723095206037393 0.015399172047823942 0.015225645133812979 -0.0042218635296281636 0.018362282429185604 -0.0013159698343676101 0.017312529900114386 0.00016688808218326436
leaf_weight=857.01239222660661 133.64522562175989 41.055495597422123 51.58037956058979 14.300463154911997 11.429042838513849 164.01216519623995 23.314456894993782 9.5710339024662989 15.006350018084047 36.871541168540716 77.639077700674534 452.74022971838713 68.180848769843578 16.801282905042175 10.733637504279612 13.015099592506884 63.899839214980602 9.5924512818455678 135.20813858136535 40.566717803478241 12.763987198472021 173.69013115391135 9.5931433811783808 11.72253407537937 53.840408757328987 40.474000617861748 15.59118317067623 123.72665796428919 31.779158592224121 8.2040563672780973
leaf_count=7169 791 248 238 92 65 1057 206 63 165 285 594 3229 523 112 73 82 360 64 1001 316 88 1238 60 87 333 297 101 605 153 64
internal_value=0 0.00627184 -0.00151454 0.00273549 0.00501517 0.0124452 -0.00322116 0.01147 -0.00297503 -0.00562403 -0.0107919 -0.00368357 -0.0052759 -0.00443376 -0.0159646 0.0163408 0.0162336 0.00683126 0.00300766 0.00137232 0.00495163 0.00803971 0.0271407 0.0392563 -0.000109508 0.00696559 0.000129069 -0.00386875 0.00266244 -0.0253311
internal_weight=0 461.634 2265.93 648.857 510.454 233.674 1617.07 47.8918 24.5774 138.404 101.532 1569.18 1116.44 1037.52 78.9145 177.027 75.3289 23.8929 435.125 383.545 248.337 207.77 34.0797 21.3157 227.96 94.3144 56.6467 1012.52 155.506 25.0053
internal_count=19759 2909 16850 4488 3453 1488 12362 434 228 1035 750 11928 8699 8103 596 1139 425 156 3028 2790 1789 1473 235 147 1421 630 349 7927 758 176
is_linear=0
shrinkage=0.04


Tree=82
num_leaves=31
num_cat=0
split_feature=22 1 7 25 27 6 15 22 36 28 4 5 27 5 16 6 16 36 34 28 28 0 4 34 0 0 6 0 16 2
split_gain=13.7893 9.11205 8.38044 6.74728 8.02232 7.70188 6.4517 5.83314 5.801 7.50999 6.34414 5.76615 5.1571 5.09893 5.57366 6.216 5.1679 5.09329 6.97414 6.23417 6.84018 5.65975 6.72754 6.45041 9.56728 7.24458 7.56485 6.88501 8.46751 17.1798
threshold=0.60330358147621166 3.5000000000000004 1.0000000180025095e-35 0.17500000447034839 3.1376634836196904 4.4484992027282724 0.19597221910953525 0.21589706093072894 1.7154432535171511 -0.6035533845424651 0.80702227354049694 0.26696513593196874 4.8679189682006845 0.32584507763385778 126.36243057250978 5.0466406345367441 143.57322692871097 0.80839002132415783 36.500000000000007 0.91597560048103344 -0.98296290636062611 6.8936436176300058 0.81924378871917736 5.5000000000000009 7.8770160675048837 7.4181761741638192 5.3729581832885751 7.2970852851867685 29.323871612548832 615.50000000000011
decision_type=2 2 2 2 2 2 2 2 2 2 2 2 2 2 2 2 2 2 2 2 2 2 2 2 2 2 2 2 2 2
left_child=1 2 8 5 -5 -4 12 -8 13 -10 -11 -3 -7 14 -1 -16 -17 19 21 20 -6 22 -19 24 25 27 -27 28 -23 -30
right_child=-2 11 3 4 17 6 7 -9 9 10 -12 -13 -14 -15 15 16 -18 18 -20 -21 -22 23 -24 -25 -26 26 -28 -29 29 -31
leaf_value=-0.0043314533190294113 0.012633122427215007 0.016231765425568177 -0.015036776089619086 0.024682546115077426 0.014498114343764705 -0.010104309110488055 0.021452239798347685 0.0011370072432526142 -0.005983608371453778 0.033184166963040877 0.005668759995485371 -0.010397910171498791 0.012424865446389884 0.004678267218587908 0.022557014196793675 -0.027504740982243751 -0.0098722586319151869 0.0048718938698684225 -0.021130504911726706 0.018217565697027344 -0.0040522608373374921 0.012334637075326546 0.039067040933300039 0.012959853727308308 -0.013262242563597601 0.020056414065540415 0.0017757253160682494 -0.01275800813426568 0.015496377344079965 -0.029214393977194594
leaf_weight=760.56869687139988 125.47493631392717 72.858492828905582 74.032522730529308 23.608494356274605 32.829447604715824 124.11543825268745 24.41585473716259 158.99327240884304 64.307995513081551 16.155666813254356 55.771871969103813 14.305612482130526 16.933158814907074 80.216620951890945 5.911401964724063 35.045406494289637 111.23730549961329 21.628815442323685 14.456133358180521 22.738418504595757 368.87418305873871 77.223056256771088 14.936126746237276 102.87845510989428 55.849608071148396 71.596468061208725 72.154604777693748 53.244021713733673 24.293491251766682 27.117472268640995
leaf_count=6737 1206 470 470 141 185 971 141 993 477 99 430 80 125 562 40 367 1151 102 84 129 2122 388 71 556 305 356 395 296 137 154
internal_value=0 -0.000841374 -0.00128659 0.00080221 0.00258042 -0.00357717 -0.000886294 0.00404365 -0.00383973 0.00385729 0.0125796 0.011726 -0.00726374 -0.00490138 -0.00575166 -0.0127007 -0.0144105 0.00198658 0.00457402 -0.00128328 -0.00247191 0.00536543 0.0201416 0.00417171 0.00174647 0.0043859 0.0110309 -0.000928939 0.0040877 -0.00829784
internal_weight=0 2598.3 2511.13 1381.92 983.429 398.49 324.458 183.409 1129.21 136.236 71.9275 87.1641 141.049 992.979 912.763 152.194 146.283 959.82 535.378 424.442 401.704 520.922 36.5649 484.357 381.479 325.629 143.751 181.878 128.634 51.411
internal_count=19740 18534 17984 8121 5421 2700 2230 1134 9863 1006 529 550 1096 8857 8295 1558 1518 5280 2844 2436 2307 2760 173 2587 2031 1726 751 975 679 291
is_linear=0
shrinkage=0.04


Tree=83
num_leaves=31
num_cat=0
split_feature=4 1 36 34 0 36 3 22 23 0 12 13 6 8 6 22 26 6 0 0 16 22 16 6 6 29 4 4 5 0
split_gain=10.597 8.24568 11.8306 7.76796 7.5031 7.30584 6.73605 10.3837 6.3396 5.58128 5.46911 5.41431 5.62301 5.18358 6.02504 5.05407 5.65406 5.64674 5.82387 5.46801 5.24535 7.27539 6.63862 6.01708 6.08094 5.03132 5.15896 7.40159 9.3659 5.57176
threshold=0.65063205361366283 2.5000000000000004 0.40955632925033575 19.500000000000004 6.9622323513031015 0.73725226521492015 1.5000000000000002 0.10918604582548143 1.0000000180025095e-35 7.0867292881011972 1.0000000180025095e-35 1.0000000180025095e-35 4.182021141052247 8.5000000000000018 5.3729581832885751 0.16550000011920932 1.0000000180025095e-35 6.310826539993287 6.4232139587402353 5.9295008182525644 90.040901184082045 0.3326136469841004 172.87823486328128 6.0461888313293466 5.1089665889739999 0.91597560048103344 0.88686734437942516 0.91245159506797802 0.12490544468164445 6.8936436176300058
decision_type=2 2 2 2 2 2 2 2 2 2 2 2 2 2 2 2 2 2 2 2 2 2 2 2 2 2 2 2 2 2
left_child=3 5 -3 8 13 10 11 -8 -1 -6 15 12 -7 -4 -15 16 19 18 -18 -2 23 22 -22 24 -17 26 29 28 -28 -9
right_child=1 2 4 -5 9 6 7 25 -10 -11 -12 -13 -14 14 -16 20 17 -19 -20 -21 21 -23 -24 -25 -26 -27 27 -29 -30 -31
leaf_value=0.00068208890160789616 0.0098809145223770073 -0.018124189243315613 0.010500883450357415 0.024426964544800558 -0.012539303158015972 -0.013190928188771406 -0.027268351223286177 0.007756485559658838 0.030330977067382841 0.0049941148690394749 0.0078682239514699919 -0.011167456728503737 0.00060893268508399525 0.010096869047423365 0.052556549967230186 -0.0022880843223505778 0.0080736894975670485 0.023376538973618168 -0.015838049620519015 -0.015913928813407665 0.023021619274054137 -0.013216302507871241 -0.0052312972866936083 0.0099538899323802672 -0.012760159217391378 0.01547434819113757 -0.0014236650498471355 -0.00092148514570349668 0.028455430404569208 -0.0010663477226526361
leaf_weight=93.435068190097809 12.966853469610212 31.240081761032343 107.42423446848989 42.502046763896942 31.999694664031267 52.520624287426472 16.54309780523181 143.63700910657644 11.18093356490135 199.35370137542486 50.893584027886391 110.32233609631658 352.83282827958465 12.183105304837229 9.5651664808392507 225.33913499116898 27.150953564792871 10.968097619712351 35.500779636204243 163.47313458099961 37.585838478058577 20.444830648601055 19.08739684894681 37.823378913104534 145.54216380789876 46.819977700710297 25.631341874599457 60.352568581700325 45.649022035300732 534.45366502553225
leaf_count=581 109 221 694 444 222 374 129 839 59 1392 355 946 2785 82 79 1611 208 100 293 1564 272 124 125 303 1086 302 185 435 295 3506
internal_value=0 -0.000560795 0.00476649 0.0104074 0.00683905 -0.00152362 0.000222193 0.00236146 0.00436038 0.00248229 -0.00459795 -0.00339491 -0.00123507 0.0144854 0.0316246 -0.0054791 -0.0100804 -0.000733065 -0.00554639 -0.0139287 -0.0030791 0.006375 0.0136521 -0.00488535 -0.00644396 0.00299591 0.00223803 0.00942192 0.0179657 0.000819869
internal_weight=0 2567.3 391.766 147.118 360.526 2175.54 1388.76 873.087 104.616 231.353 786.776 515.676 405.353 129.173 21.7483 735.883 250.06 73.6198 62.6517 176.44 485.823 77.1181 56.6732 408.705 370.881 856.544 809.724 131.633 71.2804 678.091
internal_count=19720 18636 2690 1084 2469 15946 9796 5691 640 1614 6150 4105 3159 855 161 5795 2274 601 501 1673 3521 521 397 3000 2697 5562 5260 915 480 4345
is_linear=0
shrinkage=0.04


Tree=84
num_leaves=31
num_cat=0
split_feature=7 25 31 2 36 36 15 2 5 6 27 16 6 22 27 36 28 29 26 5 16 1 0 29 5 4 4 2 4 5
split_gain=17.4702 9.12284 8.33538 6.64981 8.11507 9.27022 9.41994 7.27058 6.13894 5.82569 5.66823 6.79753 5.62241 6.421 5.30837 5.10317 4.96802 8.83012 5.74645 5.62506 5.73084 4.9678 4.66303 4.162 4.15751 7.02048 5.11588 6.39157 6.06202 5.5297
threshold=1.0000000180025095e-35 0.27500000596046453 0.61721614003181469 722.50000000000011 1.0420756936073305 0.28243453800678259 0.12099999934434892 854.50000000000011 0.08996195346117021 4.424828529357911 4.6429474353790292 90.760395050048842 6.4715728759765634 0.11087121069431306 4.4206461906433114 1.5198159813880923 0.37940952181816107 0.12940952181816107 1.0000000180025095e-35 0.31754541397094732 118.67515182495119 2.5000000000000004 7.563197374343873 0.91597560048103344 0.11177666112780572 0.88518851995468151 0.87594792246818554 555.50000000000011 0.79833573102951061 0.31316846609115606
decision_type=2 2 2 2 2 2 2 2 2 2 2 2 2 2 2 2 2 2 2 2 2 2 2 2 2 2 2 2 2 2
left_child=3 -2 12 15 5 -5 -7 21 -8 -9 14 -12 13 -3 16 -1 17 19 -18 20 -10 -6 -11 -17 -15 26 27 28 -26 -29
right_child=1 2 -4 4 7 6 8 9 10 22 11 -13 -14 24 -16 23 18 -19 -20 -21 -22 -23 -24 -25 25 -27 -28 29 -30 -31
leaf_value=-0.0064828054635515664 0.0010347622886256211 -0.014482136472338902 0.016714349988310447 -0.031892072110856956 -0.0040253994050945688 -0.022078258154874991 -0.023231435699662264 0.009036450370904758 0.023307424198446728 -0.033531221510257447 0.032599320204158691 -0.0058059979377718821 0.028547991075961471 -0.00395284963814515 -0.0086328595487567411 4.3064928063967322e-06 -0.017752305794955969 0.0008717554462157475 0.018652766090135157 0.052958474216823079 -0.011047805727244495 0.016889606769946879 -0.0088437374487260363 0.026211581634708152 -0.0017478051497274835 0.017293884315726083 -0.0091481104373519612 0.0045214758991462623 0.023355718326875798 -0.017008375098114346
leaf_weight=675.5829704105854 946.51386382430792 26.213491134345531 120.27897748351097 7.9278030842542639 67.004787649959326 13.97495114803314 6.7865918502211562 10.97934655100107 47.741163685917854 24.773232519626617 31.516590341925621 8.755706883966921 13.572658099234102 64.441814109683037 25.24188968911767 126.01186306774616 16.862837366759777 45.031185477972031 9.0482660755515116 7.7726115435361853 7.9765851534903041 22.684581309556961 26.163990490138531 8.5039453431963903 21.569765456020832 79.518128596246243 39.472661949694157 133.90345577150583 49.52501505613327 20.219028405845165
leaf_count=6225 6078 152 1016 74 521 158 62 70 386 181 248 80 79 357 219 974 142 370 65 49 74 166 195 60 99 403 210 661 246 94
internal_value=0 0.00344562 0.00744033 -0.0030249 0.00133436 0.00607206 0.00770988 -0.00579656 0.00991577 -0.0161074 0.0112598 0.0243699 0.00488969 0.00402397 0.00769266 -0.00506929 0.0108397 0.0145461 -0.00461387 0.023922 0.0181767 0.00151753 -0.0216637 0.00202084 0.00527583 0.00701645 0.00382237 0.00615615 0.0159 0.00151531
internal_weight=0 1515.23 568.715 1190.34 380.242 228.636 220.708 151.606 206.733 61.9166 199.947 40.2723 448.436 434.863 159.675 810.099 134.433 108.522 25.9111 63.4904 55.7177 89.6894 50.9372 134.516 408.65 344.208 264.69 225.217 71.0948 154.122
internal_count=19714 9395 3317 10319 3060 1927 1853 1133 1695 446 1633 328 2301 2222 1305 7259 1086 879 207 509 460 687 376 1034 2070 1713 1310 1100 345 755
is_linear=0
shrinkage=0.04


Tree=85
num_leaves=31
num_cat=0
split_feature=23 34 34 27 9 36 20 36 4 5 2 2 4 31 14 16 0 5 4 2 29 5 29 4 4 4 27 0 0 2
split_gain=15.1441 11.851 10.0274 9.61841 7.32119 7.2215 6.97853 6.57042 6.15151 5.6812 7.09996 6.72236 6.66867 7.34194 6.02049 5.96477 4.96599 6.26711 4.81011 4.67791 5.17746 6.51857 5.19834 5.41585 8.63236 4.55028 4.39332 4.18518 5.27519 4.13613
threshold=1.0000000180025095e-35 49.500000000000007 5.5000000000000009 4.3033890724182138 1.0000000180025095e-35 0.29378509521484381 0.41083332896232611 0.88647782802581798 0.85527354478836071 0.33569559454917913 774.50000000000011 720.50000000000011 0.73818117380142223 0.74007874727249157 1.4978661537170412 87.848701477050795 6.530851125717164 0.38010956346988684 0.93424811959266674 813.50000000000011 0.12940952181816107 0.11454697698354722 -0.12940952181816107 0.8029385805130006 0.88026925921440136 0.8818233609199525 4.2275631427764901 6.8834495544433603 6.4232139587402353 326.50000000000006
decision_type=2 2 2 2 2 2 2 2 2 2 2 2 2 2 2 2 2 2 2 2 2 2 2 2 2 2 2 2 2 2
left_child=1 4 19 -4 6 -6 18 27 -3 12 11 16 13 -7 -14 -16 -11 -18 29 20 22 -22 23 -2 26 -9 -25 28 -8 -1
right_child=2 8 3 -5 5 9 7 25 -10 10 -12 -13 14 -15 15 -17 17 -19 -20 -21 21 -23 -24 24 -26 -27 -28 -29 -30 -31
leaf_value=-0.018893921158906941 -0.01509181103748944 0.026293825373306268 0.030256061367881681 -0.0039316334697669921 -0.020148189229755167 -0.0090599667314303321 -0.010494208323420429 0.012451790404977712 -0.011194546079382453 -0.011518856400949223 -0.012270162187921946 0.041106323310304921 -0.0018810688902628451 -0.044847623415770171 0.017193688495306638 -0.021983860682406788 0.027191465840133051 -0.00059837994492766282 -0.012571402963009928 0.01798690877176029 0.017839980469048191 -0.013335352615372166 0.027720183558993427 0.0071928861844759917 -0.0056633561919243016 0.038381128946038873 0.03343902668956459 -0.017387734963880103 0.017042788639037531 0.0013916735257930488
leaf_weight=14.437412180006502 18.393036842346191 35.611460030078888 52.49532213062048 16.802127860486507 35.788138464093208 56.647344570606947 17.007911197841167 67.341054774820805 7.4120557457208625 15.156814083456991 22.133353024721146 9.4653284698724729 1196.3167585283518 9.3756799995899183 5.7888664603233329 39.426627438515425 24.27549534291029 25.50189820677042 42.461021013557911 33.050002485513687 11.630609713494776 50.789626881480217 14.647648118436335 22.611137971282005 38.108118586242199 12.062286444008349 19.005226902663708 14.856584921479223 25.39842289686203 751.32553184777498
leaf_count=73 86 328 438 83 362 451 91 562 47 105 137 63 10682 56 44 442 176 164 235 155 61 250 74 106 197 64 91 102 167 3803
internal_value=0 -0.000707157 0.0091242 0.022089 -0.00109011 -0.0028839 0.0016437 0.00993408 0.019625 -0.00241583 0.00685622 0.0127184 -0.00310978 -0.0153112 -0.00243734 -0.0164522 0.00747579 0.013481 0.000220777 0.00464062 0.00194814 -0.00715301 0.00702287 0.00344101 0.00798136 0.017237 0.0201626 -0.0004324 0.0060233 0.000960995
internal_weight=0 2427.79 277.533 69.2974 2384.77 1439.88 944.89 136.666 43.0235 1404.09 96.5329 74.3995 1307.56 66.023 1241.53 45.2155 64.9342 49.7774 808.224 208.235 175.185 62.4202 112.765 98.1175 79.7245 79.4033 41.6164 57.2629 42.4063 765.763
internal_count=19695 18154 1541 521 17779 12682 5097 986 375 12320 645 508 11675 507 11168 486 445 340 4111 1020 865 311 554 480 394 626 197 360 258 3876
is_linear=0
shrinkage=0.04


Tree=86
num_leaves=31
num_cat=0
split_feature=22 7 29 3 25 6 6 1 36 28 22 6 27 22 2 28 20 27 5 7 28 2 30 2 25 6 27 4 26 27
split_gain=11.2328 7.61982 8.22629 7.2978 7.34414 7.53588 6.89485 9.90187 6.52563 5.95765 5.79704 6.54059 7.86235 5.85962 8.16417 6.75989 7.78315 7.22943 5.62638 5.41132 7.94344 5.58456 5.26794 5.091 4.8386 8.36126 6.72893 6.71369 4.78494 5.07624
threshold=0.52642855048179638 0.42499999701976782 -0.91597560048103321 1.5000000000000002 0.34999999403953558 5.3351285457611093 5.3821961879730233 3.5000000000000004 1.4209429621696474 0.98296290636062633 0.11087121069431306 5.6294164657592782 4.9777677059173593 0.23043560981750491 521.50000000000011 -0.6035533845424651 0.19597221910953525 4.4158239364624032 0.34488114714622503 1.0000000180025095e-35 -1.0000000180025095e-35 529.50000000000011 2.1383330821990971 625.50000000000011 0.17500000447034839 6.3690440654754648 4.1214728355407724 0.88063490390777599 1.0000000180025095e-35 5.3139445781707773
decision_type=2 2 2 2 2 2 2 2 2 2 2 2 2 2 2 2 2 2 2 2 2 2 2 2 2 2 2 2 2 2
left_child=3 -2 -3 24 6 8 9 10 -6 28 -8 12 -12 15 -15 22 17 -17 -19 20 -18 -21 -13 -4 25 -1 -27 -28 29 -5
right_child=1 2 23 4 5 -7 7 -9 -10 -11 11 13 -14 14 -16 16 19 18 -20 21 -22 -23 -24 -25 -26 26 27 -29 -30 -31
leaf_value=-0.010818246726771974 -0.00067656593528107824 -0.0078602067103550107 0.0075447650316019781 0.001857577193884116 -0.0063202137174275417 0.023658436058792108 -0.016247208519728717 0.024894999225258917 0.023840208822071357 -0.020492570731843896 -0.012237856064812961 -0.0058007783298850138 0.018859767821418186 0.011210097684163868 -0.014479274860555948 0.0087517941452480343 0.030499814138713572 -0.024017806893554781 0.012093051358443905 0.0037060998039900855 -0.0079096580898695059 0.035765696553973859 0.020380033102945835 0.028755594569030336 -0.0014518194133050621 0.026834867036947097 0.011671995875284811 -0.027833858733854081 0.0078964202144742989 -0.022712697875168993
leaf_weight=225.51495914161205 63.424463152885437 16.881515756249428 28.929822720587254 610.37571259215474 41.833909437060356 43.588518597185612 51.26822604611516 18.128772154450417 13.560248717665671 15.347347214817999 139.0758638009429 129.87751878798008 12.551140174269674 24.886257909238338 75.869836613535881 56.162950146943331 11.068611145019529 23.389979831874374 8.072109103202818 12.651144921779631 23.598441004753113 29.821211017668247 11.601856932044027 56.108626913279295 675.81103492900729 16.406794846057892 14.891034614294769 9.695257466286419 246.2085500061512 11.761957079172133
leaf_count=2362 384 172 285 3996 231 258 456 114 68 95 962 977 86 144 443 463 80 193 55 66 173 158 67 650 4983 157 135 108 1457 77
internal_value=0 0.0102282 0.0168966 -0.000469127 0.00116647 0.0116106 0.000468184 -0.00273122 0.0016364 0.00274297 -0.00363108 -0.0024194 -0.00945169 0.000233877 -0.00803944 0.00299035 0.0084523 0.000234545 -0.0145839 0.0175453 0.00534854 0.0268123 -0.00339969 0.0218789 -0.0032614 -0.00780513 0.00850304 -0.00482851 0.00319979 0.00132177
internal_weight=0 165.344 101.92 2553.02 1610.7 98.9827 1511.72 628.024 55.3942 883.694 609.895 558.627 151.627 407 100.756 306.244 164.764 87.625 31.4621 77.1394 34.6671 42.4724 141.479 85.0384 942.319 266.508 40.9931 24.5863 868.346 622.138
internal_count=19855 1491 1107 18364 10619 557 10062 4437 299 5625 4323 3867 1048 2819 587 2232 1188 711 248 477 253 224 1044 935 7745 2762 400 243 5530 4073
is_linear=0
shrinkage=0.04


Tree=87
num_leaves=31
num_cat=0
split_feature=23 7 27 16 16 25 0 25 5 18 8 4 22 22 34 2 2 4 0 0 28 34 25 0 2 4 2 29 7 34
split_gain=12.5454 11.1068 9.99585 8.28157 14.344 7.32568 6.611 5.97872 6.57293 5.98087 5.9034 5.72565 6.14779 5.68145 5.68093 5.23876 5.6425 5.44485 6.66896 5.04905 5.03618 5.00403 4.89846 5.11672 5.04477 5.08026 5.12789 6.52658 4.9453 4.79757
threshold=1.0000000180025095e-35 0.57499998807907116 3.4578914642333989 48.595153808593757 55.65727615356446 0.34999999403953558 7.8995227813720712 0.23499999940395358 0.34005814790725714 3.5000000000000004 3.5000000000000004 0.74497476220130932 0.40547619760036474 0.098082788288593306 38.500000000000007 854.50000000000011 786.50000000000011 0.86221691966056835 6.6795794963836679 6.6669363975524911 -0.6035533845424651 29.500000000000004 0.14500000327825549 7.1747169494628915 450.50000000000006 0.92196691036224376 700.50000000000011 -0.91597560048103321 0.75000000000000011 3.5000000000000004
decision_type=2 2 2 2 2 2 2 2 2 2 2 2 2 2 2 2 2 2 2 2 2 2 2 2 2 2 2 2 2 2
left_child=1 3 -2 7 -5 6 15 9 11 -1 -8 -9 -13 19 -15 16 22 18 -18 -6 -10 -14 -3 24 28 26 27 29 -24 -26
right_child=2 5 -4 4 13 -7 10 8 20 -11 -12 12 21 14 -16 -17 17 -19 -20 -21 -22 -23 23 -25 25 -27 -28 -29 -30 -31
leaf_value=-0.0026931162675476027 0.027697737043599728 -0.011506321291728586 0.0050425576731935873 -0.029745434941912351 0.0064620676486628814 0.018482597478001638 -0.0055871269807929325 -0.015655116892626823 0.0023082596250295472 -0.029009883737060961 0.027992147555487262 0.00097137432681664948 0.024385273898713058 -0.0045072775288934018 0.016602740617670069 0.010876513475447403 -0.024642476383622092 -0.028115100306051067 0.013440140570493551 -0.0295932320470912 0.033010507699430855 -0.0069541871126277514 -0.018786632591657509 -0.0034533549310619793 0.013167547434744693 -0.013499837798927388 -0.0021466946768717451 0.016227487431419697 0.0092363280526568722 -0.018057766860780419
leaf_weight=558.25547738745809 33.952106304466724 42.724671706557274 246.36283381655812 36.974214401096106 7.4224087446928051 46.127703592181206 11.110230185091494 27.87857536226511 15.957119420170782 12.200621299445627 26.052159339189529 435.67660089582205 30.973355740308762 562.33038809522986 19.229546550661325 75.611694507300854 9.9029520228505152 19.751777961850166 17.278203867375851 23.113373387604952 17.249571569263935 9.8277508839964849 22.552716508507729 150.47917798161507 12.147703036665918 14.760365255177019 46.572333358228207 140.49065063893795 15.48366968333721 15.956973552703856
leaf_count=5027 277 230 1278 317 81 326 55 173 108 73 159 2948 180 5185 125 419 48 97 92 249 123 68 115 783 55 77 231 673 77 85
internal_value=0 -0.000945855 0.00796336 -0.00261353 -0.006194 0.00344198 0.00226878 -0.000508727 0.00251332 -0.00335535 0.0181805 0.00134136 0.0023971 -0.00467911 -0.00375476 0.00119713 -0.000280274 -0.013197 -0.00117255 -0.0209707 0.0192261 0.0168643 0.00108557 0.00241987 0.00571921 0.00794971 0.00953191 0.0127453 -0.00748764 -0.00458308
internal_weight=0 2424.09 280.315 1757.09 649.07 667.003 620.875 1108.02 537.563 570.456 37.1624 504.356 476.478 612.096 581.56 583.713 508.101 46.9329 27.1812 30.5358 33.2067 40.8011 461.168 418.444 267.964 229.928 215.168 168.595 38.0364 28.1047
internal_count=19734 18179 1555 14657 5957 3522 3196 8700 3600 5100 214 3369 3196 5640 5310 2982 2563 237 140 330 231 248 2326 2096 1313 1121 1044 813 192 140
is_linear=0
shrinkage=0.04


Tree=88
num_leaves=31
num_cat=0
split_feature=25 23 2 6 7 6 17 6 1 27 5 1 6 27 31 36 32 30 27 36 2 2 20 36 5 36 36 30 7 2
split_gain=12.0851 8.61554 9.43507 8.07109 5.74139 7.20302 6.42145 10.4922 6.07609 5.51371 6.54305 5.01966 5.54001 4.96417 4.69583 6.95673 4.60744 11.0734 4.58549 6.68945 5.05631 4.65112 4.57549 5.85704 4.70025 4.49141 4.38291 11.899 5.12489 13.1843
threshold=0.34999999403953558 1.0000000180025095e-35 990.50000000000011 5.2907860279083261 1.0000000180025095e-35 6.640528917312623 1.5000000000000002 5.6818761825561532 3.5000000000000004 5.2493896484375009 0.1342478543519974 1.5000000000000002 6.0100402832031259 3.4578914642333989 0.17914438992738727 0.77018675208091747 16.500000000000004 3.2769666910171513 3.8490825891494755 0.53459665179252636 527.50000000000011 669.50000000000011 0.12099999934434892 0.51403531432151806 0.34005814790725714 1.1330381631851199 2.0964355468750004 1.7005987167358401 0.25000000000000006 547.50000000000011
decision_type=2 2 2 2 2 2 2 2 2 2 2 2 2 2 2 2 2 2 2 2 2 2 2 2 2 2 2 2 2 2
left_child=1 4 13 18 6 8 9 -8 16 22 -11 12 -5 -3 15 -13 17 25 -2 -20 -21 -22 23 -1 -24 -6 28 -28 29 -27
right_child=3 2 -4 11 5 -7 7 -9 -10 10 -12 14 -14 -15 -16 -17 -18 -19 19 20 21 -23 24 -25 -26 26 27 -29 -30 -31
leaf_value=0.013238143976917922 0.012456081237522279 0.01967248164582552 0.03659886381750288 0.015706625170631202 -0.0027400173965218904 0.029268573583796587 0.0060491119501419567 -0.034394964914486063 0.013378187615192334 0.040281216491648335 -0.0022203165749408345 -0.012353369521777171 -0.011165593594395265 0.0017164701089440824 0.034352149608436543 0.026160903001363291 0.012741804582836016 -0.031008784737923203 0.018430054437639131 0.0069274395085860696 -0.04045835355478318 -0.0084027528215551497 -0.0042130592117207615 -0.021933715121956236 0.0070287779845612753 0.039068053130929238 -0.018238934836830964 0.016849157775714982 0.0016822658239212269 0.0023935920707610233
leaf_weight=7.8292328417301169 26.559092815965414 25.822643749415874 12.8924173861742 33.483866095542908 786.70475389063358 11.096559733152388 15.57847126573324 25.375973254442215 46.215332977473736 7.9176593311131027 13.474506355822085 11.113357886672022 17.037362948060036 219.76362396404147 30.959171198308468 16.368795059621334 35.317292615771294 18.052667632699013 10.830935224890707 11.65402666479349 11.890326574444773 18.023252584040165 823.98820352554321 40.069600056856871 62.339788891375065 20.798538871109486 44.362086795270443 21.361276037991047 237.05781033635139 51.184810049831867
leaf_count=98 176 196 87 217 4950 73 143 291 300 81 117 68 126 1128 291 96 392 125 63 65 69 103 7600 475 429 160 253 124 1211 363
internal_value=0 -0.00123686 0.00565511 0.00922547 -0.00202636 -0.000243969 -0.00429658 -0.0194453 -0.000549597 -0.00360811 0.0156094 0.0161815 0.00656436 0.00374815 0.0240029 0.0108048 -0.00110056 -0.0015359 -0.000536497 -0.00733784 -0.0145898 -0.0228815 -0.00408056 -0.0158846 -0.00340832 -0.00102528 0.00256972 -0.00667387 0.00456581 0.0137598
internal_weight=0 2527.2 258.479 187.92 2268.72 1272.15 996.573 40.9544 1261.05 955.619 21.3922 108.963 50.5212 245.586 58.4413 27.4822 1214.84 1179.52 78.9576 52.3985 41.5676 29.9136 934.227 47.8988 886.328 1161.47 374.765 65.7234 309.041 71.9833
internal_count=19870 18596 1411 1274 17185 7951 9234 434 7878 8800 198 798 343 1324 455 164 7578 7186 476 300 237 172 8602 573 8029 7061 2111 377 1734 523
is_linear=0
shrinkage=0.04


Tree=89
num_leaves=31
num_cat=0
split_feature=25 32 36 0 16 4 36 30 22 26 29 30 36 0 5 0 36 5 22 5 16 7 1 36 7 29 0 36 4 4
split_gain=13.4992 7.09868 6.92091 7.4189 9.67571 6.67706 5.46181 5.3826 7.84451 4.88036 5.75667 6.69236 6.11941 8.05164 5.18086 5.52202 4.87906 5.84659 5.00971 5.26627 4.59146 5.25585 5.54301 6.76186 4.49025 4.31709 4.26724 4.35081 4.13683 4.59295
threshold=0.17500000447034839 25.500000000000004 1.0067390799522402 7.0084948539733896 1.3796312808990481 0.86221691966056835 0.216337725520134 3.6762205362319951 0.51148718595504772 1.0000000180025095e-35 0.78656607866287243 1.4978661537170412 0.6646118462085725 6.3902053833007821 0.16849838942289355 6.6795794963836679 0.48209337890148168 0.12733646482229236 0.19014285504817965 0.15925247967243197 190.85034942626956 1.0000000180025095e-35 1.5000000000000002 1.0174605250358584 0.75000000000000011 -0.91597560048103321 7.2626225948333749 1.4209429621696474 0.67251640558242809 0.85850352048873912
decision_type=2 2 2 2 2 2 2 2 2 2 2 2 2 2 2 2 2 2 2 2 2 2 2 2 2 2 2 2 2 2
left_child=5 2 3 6 -5 -1 -2 8 28 -8 11 -11 13 -13 15 -15 17 -7 -19 -20 21 -18 24 -24 -23 -3 -27 -28 -4 -30
right_child=1 25 7 4 -6 16 9 -9 -10 10 -12 12 -14 14 -16 -17 20 18 19 -21 -22 22 23 -25 -26 26 27 -29 29 -31
leaf_value=-0.00071996050168754444 -0.022027241700927815 -0.0079921312272464313 0.019311459653958047 0.0016848486474089774 -0.013785225459057708 -0.0087733527485573913 -0.00044627194203881711 -0.019935152131299788 0.020099229896659083 0.014266879282055125 -0.0101243227540908 -0.0085832063090360185 -0.013795461691133982 -0.010226569207546877 0.037425109098380198 0.024627647450927589 -0.014525945801581832 -0.010401212651803427 0.044065095168861451 -0.0012417453626902897 -0.032125324112586499 -0.015159256675802407 -0.0076973437558344347 0.014636544776001497 0.0087418346292510579 0.034693957074379042 -0.0088545844014713531 0.021651532779621278 -0.00091331184086861279 0.0056210382282008298
leaf_weight=383.97740388661623 13.896648168563841 9.1124779358506185 24.092335008084774 120.91431880742311 136.14695113524795 27.547813557088375 559.55248686671257 12.533431947231291 47.602185737341642 128.96483984589577 28.870991285890341 28.553219392895699 30.82595481723547 13.225542426109316 13.070635538548229 12.208769619464872 142.28885027766228 6.2194911465048817 9.9416149295866507 6.0917007103562346 12.67240298911929 70.670326974242926 42.541004627943039 40.43753057718277 13.833174645900725 18.383374452590942 11.159859512001278 16.341909568756819 281.89840594679117 437.93752837926149
leaf_count=2772 108 88 135 795 1114 307 3988 121 418 800 176 169 190 93 85 87 1757 69 98 54 137 598 340 274 82 194 114 172 1600 2846
internal_value=0 0.00186141 0.00144044 -0.000642325 -0.00655171 -0.00442967 0.00120108 0.00424872 0.00468094 0.00164995 0.00620465 0.00835315 0.000432 0.00718234 0.0187198 0.00707958 -0.00823201 0.00330951 0.0177574 0.0286226 -0.010024 -0.00891956 -0.00404129 0.00327484 -0.011135 0.0157721 0.0206282 0.00951148 0.00364311 0.00306665
internal_weight=0 1945.29 1890.29 1086.23 257.061 756.221 829.169 804.064 791.53 815.272 255.72 226.849 97.8841 67.0582 38.5049 25.4343 372.244 49.8006 22.2528 16.0333 322.443 309.771 167.482 82.9785 84.5035 54.9976 45.8851 27.5018 743.928 719.836
internal_count=19781 13293 12725 7605 1909 6488 5696 5120 4999 5588 1600 1424 624 434 265 180 3716 528 221 152 3188 3051 1294 614 680 568 480 286 4581 4446
is_linear=0
shrinkage=0.04


Tree=90
num_leaves=31
num_cat=0
split_feature=23 27 7 36 6 27 32 2 27 4 29 3 5 26 4 4 2 8 8 2 36 27 27 6 6 4 4 25 25 20
split_gain=12.2946 9.23543 9.03199 8.25033 7.17776 6.54652 5.84895 5.87175 5.14371 6.8687 4.84084 4.72503 6.75844 5.65163 5.66174 5.57127 5.43537 5.59514 5.43925 6.23383 5.37869 5.25207 5.51192 6.61517 7.57294 6.54576 4.58191 5.06573 4.53007 5.39969
threshold=1.0000000180025095e-35 4.5406315326690683 1.0000000180025095e-35 0.31323483586311346 6.4838714599609384 4.6908891201019296 25.500000000000004 603.50000000000011 5.2493896484375009 0.86274120211601268 -0.12940952181816107 1.5000000000000002 0.18336820602416995 1.0000000180025095e-35 0.89175492525100719 0.88392022252082836 641.50000000000011 5.5000000000000009 4.5000000000000009 503.50000000000006 1.0341922044754031 4.3662779331207284 4.632298707962037 5.3008110523223886 4.5485858917236337 0.89924168586730968 0.64292663335800182 0.34999999403953558 0.23499999940395358 0.21374999731779101
decision_type=2 2 2 2 2 2 2 2 2 2 2 2 2 2 2 2 2 2 2 2 2 2 2 2 2 2 2 2 2 2
left_child=2 26 3 -1 6 -3 11 -8 28 -10 -7 12 20 14 15 -13 18 -18 -16 -20 21 -4 23 24 -23 -25 -2 -28 29 -5
right_child=1 5 4 8 -6 10 7 -9 9 -11 -12 13 -14 -15 16 -17 17 -19 19 -21 -22 22 -24 25 -26 -27 27 -29 -30 -31
leaf_value=-0.023128169755293967 0.033195386279970547 -0.019057201008172014 -0.010488363779771682 -0.01148834017178175 0.017585749896413802 0.015954192847549616 -0.010429411738235155 0.028111884125979196 -0.0076868861968064153 0.034828156422209426 -0.0093438178828681457 -0.00070092214604459827 -0.023037196997537489 0.0070796557847564723 0.019204922255716298 -0.020579287442729102 0.0040015363857009356 0.03670161362044299 0.010489756708027391 -0.029983882246788541 0.0032359039730637785 0.00086628330154383344 -0.0070267637723820742 -0.012990633690372651 0.050243226360949599 0.023278991596351124 0.0081676347601836851 0.031355279277576191 -0.00082786113020595143 -0.0030771564950518833
leaf_weight=32.539774607867002 13.914394643157719 27.236798159778118 148.51291389018297 193.57952459901571 38.714082565158606 25.726551413536072 7.5333832949399975 20.866434600204229 10.299435146152975 11.004520285874603 19.71819569170475 493.32939875870943 23.659004278481007 240.63411678746343 11.630857132375239 21.649451315402985 16.218730375170708 16.605982936918736 9.4758320748806018 11.810309588909147 187.1726732365787 9.0040018558502215 60.649096362292767 21.588514480739835 9.2918523624539358 10.019664615392683 168.72953340783715 15.012842882424591 477.04840253666043 330.93126109242439
leaf_count=350 124 135 1094 2386 270 125 88 273 83 106 101 2839 175 1287 62 140 83 109 63 87 1198 61 428 163 70 75 917 109 3622 3102
internal_value=0 0.00785213 -0.00111305 -0.00388538 0.0010435 -0.0042547 0.000532327 0.0178748 -0.00322928 0.0153785 0.00504637 0.000123843 -0.00306756 0.00195266 -0.000188825 -0.00161298 0.0106854 0.0217022 -0.00091441 -0.012613 -0.00191073 -0.00562542 0.000977558 0.0106012 0.0284231 -0.00079219 0.012302 0.0103794 -0.00365494 -0.00621329
internal_weight=0 270.338 2413.77 1055.4 1358.37 72.6815 1319.65 28.3998 1022.86 21.304 45.4447 1291.25 469.898 821.355 580.721 514.979 65.7417 32.8247 32.917 21.2861 446.239 259.066 110.553 49.904 18.2959 31.6082 197.657 183.742 1001.56 524.511
internal_count=19725 1511 18214 9649 8565 361 8295 361 9299 189 226 7934 3264 4670 3383 2979 404 192 212 150 3089 1891 797 369 131 238 1150 1026 9110 5488
is_linear=0
shrinkage=0.04


Tree=91
num_leaves=31
num_cat=0
split_feature=23 20 26 14 8 29 27 27 12 0 27 29 25 3 27 4 0 5 27 0 2 25 8 16 27 2 29 2 27 16
split_gain=10.4176 8.24247 7.31227 7.22235 7.04421 6.22682 7.34702 6.05576 6.30831 6.02472 5.94537 8.35757 5.80193 6.35959 14.8354 6.21649 5.73842 5.72266 5.69278 7.63684 5.63697 6.1831 6.15814 5.47667 4.90771 4.67476 4.61614 4.56793 5.87573 4.62421
threshold=1.0000000180025095e-35 0.39214286208152777 1.0000000180025095e-35 1.4978661537170412 7.5000000000000009 0.78656607866287243 3.2047748565673833 3.1376634836196904 1.0000000180025095e-35 7.8770160675048837 4.5470111370086679 1.0000000180025095e-35 0.31000000238418585 1.5000000000000002 5.2211663722991952 0.89175492525100719 7.2341706752777108 0.13802370429039004 3.9936026334762578 6.7522532939910898 477.50000000000006 0.14500000327825549 3.5000000000000004 28.898449897766117 4.6908891201019296 423.50000000000006 -0.37940952181816096 735.50000000000011 4.6076669692993173 117.88661956787111
decision_type=2 2 2 2 2 2 2 2 2 2 2 2 2 2 2 2 2 2 2 2 2 2 2 2 2 2 2 2 2 2
left_child=1 2 7 20 5 6 -3 16 12 -8 26 24 13 14 -9 17 -1 -15 19 -14 -4 -22 -23 -21 -12 -10 -2 29 -29 -20
right_child=10 4 3 -5 -6 -7 9 8 25 -11 11 -13 18 15 -16 -17 -18 -19 27 23 21 22 -24 -25 -26 -27 -28 28 -30 -31
leaf_value=-0.0053602996657957022 0.0042204371766083231 -0.011347765625176885 0.011697493996272583 -0.018758691671482541 -0.0037704853997733035 0.025678532479793691 0.0075338315048638239 -0.010251161853280198 -0.017467889969419222 0.034844028374824226 -0.0098980185947840325 -0.020315546842566236 -0.028294548360971006 -0.015529960064266202 0.034284557230684042 0.006188199565711934 0.032478775435227696 -0.0030033236869198227 0.0071328316785078585 0.01236511145674663 -0.013523386381018189 0.014289312239741361 0.00088644491729227405 -0.016035617095219844 0.016678619831768212 0.0088959131512268679 0.016380214219196158 -0.015169774888022609 0.016897229531537467 0.029381960580429502
leaf_weight=10.349992319941522 90.580628268420696 27.959608245640993 100.95917098224163 23.051117014139891 82.134791433811188 32.234968692064285 121.36219034716487 397.66870618984103 10.203998789191244 12.809334695339201 15.298527412116526 24.400256432592869 17.515360549092293 62.638760350644588 10.422366861253975 104.86459635570645 12.979024589061735 622.31503155827522 80.578230954706669 27.15484519302845 38.802166037261486 61.565145030617714 402.43903204798698 15.336710207164286 30.423382274806499 97.193374343216419 114.58846239745617 25.492389984428883 11.788999319076536 17.040178641676903
leaf_count=80 517 281 701 194 510 279 828 3902 72 113 77 123 119 586 96 849 80 4373 498 153 343 277 2878 112 150 661 675 151 69 121
internal_value=0 -0.000488995 -0.00132645 0.00230508 0.00598672 0.0101063 0.00673506 -0.0028216 -0.00314521 0.0106146 0.00769478 -0.00231246 -0.00386719 -0.00490765 -0.00895209 -0.00280059 0.0165936 -0.00419076 0.00251244 -0.00757464 0.00316855 0.00141645 0.00271846 0.00185424 0.00774395 0.00611749 0.0111043 0.00704455 -0.00468562 0.0115285
internal_weight=0 2426.86 2150.36 626.817 276.501 194.366 162.131 1523.54 1500.21 134.172 275.291 70.1222 1392.82 1197.91 408.091 789.818 23.329 684.954 194.907 60.0069 603.766 502.806 464.004 42.4916 45.7219 107.397 205.169 134.9 37.2814 97.6184
internal_count=19868 18326 16315 4393 2011 1501 1222 11922 11762 941 1542 350 11029 9806 3998 5808 160 4959 1223 384 4199 3498 3155 265 227 733 1192 839 220 619
is_linear=0
shrinkage=0.04


Tree=92
num_leaves=31
num_cat=0
split_feature=25 7 1 3 27 13 6 28 6 36 28 34 6 16 5 6 6 0 5 16 36 27 27 34 26 6 13 22 16 30
split_gain=14.2516 10.1667 8.13875 7.45068 7.63155 5.9067 6.42486 5.76982 7.33727 6.48436 6.50161 5.95059 5.70519 5.71898 5.64669 5.48089 6.75219 5.46842 5.46055 7.91067 5.4052 6.14519 8.22639 5.50223 5.20477 7.61959 5.95417 6.2305 6.95461 4.95782
threshold=0.31000000238418585 1.0000000180025095e-35 1.5000000000000002 1.5000000000000002 5.2493896484375009 1.5000000000000002 6.4960203170776376 -0.6035533845424651 5.56260108947754 0.56992623209953319 0.12940952181816109 20.500000000000004 6.1933839321136483 5.4982998371124276 0.20354445278644565 5.9467277526855478 6.1789803504943857 6.3025770187377939 0.1569853946566582 154.68678283691409 0.70309320092201244 4.7608909606933603 4.5406315326690683 7.5000000000000009 1.0000000180025095e-35 5.3729581832885751 1.0000000180025095e-35 0.16550000011920932 59.078561782836921 2.0126758217811589
decision_type=2 2 2 2 2 2 2 2 2 2 2 2 2 2 2 2 2 2 2 2 2 2 2 2 2 2 2 2 2 2
left_child=1 3 -2 4 17 6 7 8 11 10 12 24 13 14 -9 29 -17 -1 -10 -20 23 22 -22 -4 26 -26 27 28 -3 -7
right_child=2 5 20 -5 -6 15 -8 9 18 -11 -12 -13 -14 -15 -16 16 -18 -19 19 -21 21 -23 -24 -25 25 -27 -28 -29 -30 -31
leaf_value=-0.033420864790194973 0.00073717436940402587 0.031276663492602504 -0.0033877097820884682 -0.0020330888990437498 0.023616406956171426 0.0023861656514618836 0.017635547264373636 -0.019054475158247604 -0.013680611724262529 0.0046197200777964636 0.0033415534225166152 -0.023360240881305134 0.012890725194525702 -0.031883291591154259 0.013134661867182866 -0.029040339025169674 0.015076503826765005 -0.0091682917371892318 -0.0074228306863205126 0.01994546966426974 0.015797741571790858 0.037902319670359598 -0.01302579495015759 0.025952181340744156 0.0046223593390419624 0.035715737145188886 -0.016035315817465323 -0.0023117891479680118 -0.0027561604033375514 0.03186960918835785
leaf_weight=14.014023993164299 219.3373992331326 18.994434598833323 56.339662835001945 652.82778119295835 9.0606984905898553 14.548144444823263 31.138797160238028 20.205853521823883 136.32774855569005 480.27018686011434 70.440570186823606 13.721233747899531 9.5302140340208989 25.684122659265995 12.578024357557295 7.7839316204190281 10.922925159335135 313.73011055216193 69.657302308827639 20.117029152810574 131.84117894619703 15.807616218924521 16.446824595332146 10.411547113209961 81.031899183988571 13.128907591104506 35.65223740786314 145.57804401963949 17.161607205867767 24.14605214074254
leaf_count=172 1379 116 333 5362 89 94 198 135 958 2885 453 96 65 173 61 74 97 3472 426 122 911 84 88 90 425 74 223 838 109 240
internal_value=0 -0.0015088 0.0062733 -0.00453799 -0.00935257 0.000876417 0.000267094 -0.000224428 -0.00319387 0.00242359 -0.00515248 0.000659337 -0.0137957 -0.018428 -0.00665951 0.0131892 -0.0043124 -0.0104017 -0.00869424 -0.000989007 0.0114819 0.0153469 0.0124701 0.00181042 0.00185947 0.0096104 -0.00155484 0.00142953 0.0158251 0.0214466
internal_weight=0 2248.25 450.184 989.633 336.805 1258.62 1201.22 1170.08 551.37 618.709 138.439 325.268 67.9982 58.468 32.7839 57.4011 18.7069 327.744 226.102 89.7743 230.847 164.096 148.288 66.7512 311.547 94.1608 217.386 181.734 36.156 38.6942
internal_count=19842 16957 2885 9095 3733 7862 7357 7159 3387 3772 887 1881 434 369 196 505 171 3644 1506 548 1506 1083 999 423 1785 499 1286 1063 225 334
is_linear=0
shrinkage=0.04


Tree=93
num_leaves=31
num_cat=0
split_feature=23 34 27 6 4 22 7 29 16 6 25 2 4 4 29 27 27 5 25 2 7 4 0 28 6 2 4 36 28 27
split_gain=9.6867 8.6722 7.50091 6.28393 6.65714 5.36817 5.77816 7.85166 5.58976 6.97976 5.45546 4.69654 4.58414 5.11082 4.70056 4.26336 7.32787 4.98592 6.64308 7.4932 10.4061 8.33349 8.31021 6.93379 6.55202 5.53023 8.05335 5.45288 5.32156 4.75584
threshold=1.0000000180025095e-35 5.5000000000000009 4.1165947914123544 6.1994938850402841 0.87764310836792003 0.11087121069431306 0.75000000000000011 -0.91597560048103321 141.48409271240237 5.4094088077545175 0.31000000238418585 857.50000000000011 0.85458123683929454 0.83666360378265392 -0.37940952181816096 4.7820603847503671 4.816645860671998 0.29889018833637243 0.23499999940395358 689.50000000000011 0.57499998807907116 0.81812614202499401 7.6285147666931161 -0.6035533845424651 5.9750802516937265 655.50000000000011 0.8573744297027589 0.8314935863018037 -0.37940952181816096 4.5824129581451425
decision_type=2 2 2 2 2 2 2 2 2 2 2 2 2 2 2 2 2 2 2 2 2 2 2 2 2 2 2 2 2 2
left_child=5 3 -3 4 12 8 15 -8 -1 -10 11 -9 13 -2 -14 29 -17 18 19 20 -18 -21 23 -23 25 27 -27 -20 -29 -7
right_child=1 2 -4 -5 -6 6 7 10 9 -11 -12 -13 14 -15 -16 16 17 -19 24 21 -22 22 -24 -25 -26 26 -28 28 -30 -31
leaf_value=-0.0011362865648685101 0.011952698764129962 0.028516870229723327 0.00041927127140744126 -0.014563821591647735 -0.0028139113242941099 -0.00071620358080632318 -0.010189912067493888 0.0030536992878593804 0.017757460652216169 -0.022697307906561503 0.02331083847905692 0.020646590143140679 0.037230667272678632 -0.013423241314225461 0.0052863773955545536 0.021855839990840766 -0.017391629014069199 -0.015860911749245761 -0.0019731143218978484 0.038551931613857914 0.017488568222364467 -0.03220068351730742 0.033727486580566048 0.0064567326998591261 0.029387892614320284 -0.028077994870378903 0.0094666305206457524 0.0087629367144224854 0.044633929704995183 -0.007082229907459831
leaf_weight=76.400598481297493 57.262540228664875 45.748133767396212 22.390863321721554 25.70479978621006 78.828593425452709 1540.1348509564996 40.780739799141884 158.31574232876301 6.3568974807858458 49.56833527982235 32.249696288257837 26.91111608967185 17.899001166224483 14.378315672278402 12.909495338797567 29.95681993290782 63.339069604873657 22.022689379751682 20.354676969349384 10.060461357235907 15.581040084362028 11.06706093251705 6.8734578043222418 15.949491143226625 21.457408644258976 14.107988484203814 19.489496320486069 16.636877290904525 10.586699128150938 211.93639953061938
leaf_count=632 262 409 119 133 403 11967 206 778 43 524 197 138 85 68 63 229 634 144 147 68 82 100 59 149 151 77 127 103 66 1660
internal_value=0 0.00739418 0.0195591 0.00324063 0.00589663 -0.000500565 -4.42341e-05 0.0055673 -0.00827205 -0.0176446 0.00858798 0.00580297 0.0125244 0.00663351 0.0249835 -0.000763069 0.00382639 0.00148669 0.0033054 -0.00295927 -0.0102433 0.00999686 -0.000155859 -0.0105069 0.0107186 0.00519565 -0.00699058 0.0137358 0.0248124 -0.00149346
internal_weight=0 275.122 68.139 206.983 181.278 2420.14 2287.81 258.257 132.326 55.9252 217.477 185.227 102.449 71.6409 30.8085 2029.55 277.483 247.526 225.504 122.871 78.9201 43.9505 33.89 27.0166 102.633 81.1757 33.5975 47.5783 27.2236 1752.07
internal_count=19823 1542 528 1014 881 18281 17082 1319 1199 567 1113 916 478 330 148 15763 2136 1907 1763 1092 716 376 308 249 671 520 204 316 169 13627
is_linear=0
shrinkage=0.04


Tree=94
num_leaves=31
num_cat=0
split_feature=1 5 21 2 2 2 7 32 6 6 6 28 27 27 22 28 13 29 5 29 32 5 4 5 2 2 6 28 3 29
split_gain=9.28447 8.87449 6.55577 6.13721 12.7636 6.95595 5.85195 7.69298 7.78837 6.94582 6.51085 6.34124 7.09072 5.60685 6.84956 5.25826 5.06344 5.01839 5.2771 4.90774 4.7561 4.73202 6.71586 6.55412 6.88144 6.78637 4.36551 4.35308 6.27369 5.2652
threshold=2.5000000000000004 0.2375874072313309 6.5000000000000009 382.50000000000006 506.50000000000006 480.50000000000006 0.42499999701976782 23.500000000000004 4.7492611408233651 6.1495356559753427 4.5485858917236337 -0.6035533845424651 4.2275631427764901 4.0526537895202646 0.23043560981750491 -1.0000000180025095e-35 1.0000000180025095e-35 -0.37940952181816096 0.1569853946566582 0.37940952181816107 1.5000000000000002 0.19854699820280078 0.81380349397659313 0.20354445278644565 667.50000000000011 718.50000000000011 6.310826539993287 -0.98296290636062611 3.5000000000000004 0.60355338454246532
decision_type=2 2 2 2 2 2 2 2 2 2 2 2 2 2 2 2 2 2 2 2 2 2 2 2 2 2 2 2 2 2
left_child=1 15 3 -3 5 -5 7 8 10 11 -2 19 -13 20 -15 21 -4 18 -14 -10 -8 22 -1 -23 -25 -26 -11 -6 -29 -30
right_child=6 2 16 4 27 -7 13 -9 9 26 -12 12 17 14 -16 -17 -18 -19 -20 -21 -22 23 -24 24 25 -27 -28 28 29 -31
leaf_value=0.02543226963633349 -0.0016112715850396715 -0.01581721071484676 -0.0023791915508798497 0.0082541866400258849 0.014430360404852656 0.031699443447526135 0.0065507767836151618 -0.026120653380486115 0.0092742742724030089 -0.023308361979161481 -0.030993891146185958 0.0067862492845208186 0.031493156301434191 0.010033650910682861 -0.016477842758422692 0.00033150275176769406 0.022926314780060363 0.05112396124306675 -0.0051405840209753388 -0.014091303890216018 0.027033297384886239 -0.024860871998372131 -0.0035877113658078098 -0.012175848004126955 0.028583001614800208 -0.0034125548919610965 0.0036738748277310093 -0.00699848956543863 0.0075987024521443451 -0.010547558103401687
leaf_weight=10.960723906755446 53.740836396813393 28.637738741934299 17.458169981837273 72.354417096823454 25.659784205257893 27.402995593845844 32.464072316884995 13.312466368079184 44.760542336851358 14.468344766646622 13.652738198637961 38.791631817817688 15.217267710715534 62.188238479197025 18.660572677850723 578.6663618683815 40.82700652629137 12.273666068911551 9.1320099458098394 18.80631211027503 44.404292982071638 36.848714202642441 933.10480378940701 99.340872175991535 12.972525294870136 35.183589138090611 21.896538134664297 184.72478130087256 122.2797185331583 30.359868578612804
leaf_count=77 349 174 160 429 149 162 149 83 346 127 93 290 125 287 108 4443 435 97 65 148 484 247 7543 633 87 216 188 1211 649 159
internal_value=0 -0.00134554 0.00306714 0.00153335 0.00267048 0.015191 0.00515881 0.00139913 0.00310951 0.00753314 -0.00828539 0.0115762 0.019267 0.0111687 0.00366451 -0.00276841 0.0155191 0.0314509 0.0184066 0.00214258 0.0187683 -0.00435587 -0.00319773 -0.0101889 -0.00623987 0.00600263 -0.00771688 -0.000834476 -0.00207371 0.00389969
internal_weight=0 2256.78 549.704 491.419 462.782 99.7574 413.77 256.052 242.74 175.346 67.3936 138.981 75.4146 157.717 80.8488 1707.08 58.2852 36.6229 24.3493 63.5669 76.8684 1128.41 944.066 184.346 147.497 48.1561 36.3649 363.024 337.364 152.64
internal_count=19713 16774 3528 2933 2759 591 2939 1911 1828 1386 442 1071 577 1028 395 13246 595 287 190 494 633 8803 7620 1183 936 303 315 2168 2019 808
is_linear=0
shrinkage=0.04


Tree=95
num_leaves=31
num_cat=0
split_feature=25 36 2 8 0 6 29 25 36 5 2 16 36 36 4 28 2 30 8 7 12 6 29 6 27 2 36 6 8 27
split_gain=8.02892 7.29445 7.57003 7.32653 7.67283 6.60087 7.16944 5.4431 6.72818 6.02672 6.84162 5.42741 5.17166 9.35402 8.70278 6.74354 6.23893 6.16677 10.2101 5.02386 4.86703 7.58629 5.87949 5.87672 5.64014 5.58691 5.17136 4.69297 4.49379 5.32237
threshold=0.34999999403953558 1.799444377422333 671.50000000000011 6.5000000000000009 7.3562746047973642 5.6185860633850107 0.12940952181816107 0.17500000447034839 0.4720140546560288 0.34488114714622503 497.50000000000006 151.05592346191409 2.0964355468750004 1.7154432535171511 0.90552896261215221 0.37940952181816107 1082.5000000000002 1.7005987167358401 6.5000000000000009 0.75000000000000011 1.0000000180025095e-35 4.3107767105102548 1.0000000180025095e-35 3.7494349479675297 4.7313621044158944 527.50000000000011 0.48668977618217474 5.0336952209472665 6.5000000000000009 4.5762560367584237
decision_type=2 2 2 2 2 2 2 2 2 2 2 2 2 2 2 2 2 2 2 2 2 2 2 2 2 2 2 2 2 2
left_child=7 2 3 4 27 6 -4 -1 -9 12 -11 19 13 16 28 17 20 -14 -19 -12 23 -22 -23 -10 26 -26 -25 -2 -15 -30
right_child=1 -3 5 -5 -6 -7 -8 8 9 10 11 -13 15 14 -16 -17 -18 18 -20 -21 21 22 -24 24 25 -27 -28 -29 29 -31
leaf_value=-0.003754184711983936 -0.0014963102811822479 0.026967243940825964 -0.0104245880482724 -0.012858292067763248 -0.016871159000208084 0.027754770007847575 0.022373945792953976 -0.0059994810449994053 0.0077714854311692104 0.031272275240581925 0.0055578205334021235 0.031567610555715428 -0.019801756992035815 0.0071780973163092891 -0.012229862070757876 0.012015852809698245 0.021603201606254573 0.027232380337079282 -0.020680595509585609 -0.02340127010170585 -0.018865501647589624 0.0048169439571393701 0.0292323421411281 0.021907177084540624 -0.0069509474206085019 0.0095783507133932241 -0.0034645576251519723 0.02991274534641751 0.033072750303203405 -0.00013869611290042726
leaf_weight=749.46577586233616 11.397263232618572 24.811618383973837 23.999628819525242 51.999474175274372 11.558761425316332 29.907565575093031 16.129934147000313 231.10555273294449 114.1399449929595 18.787002179771662 60.911413662135601 8.8867114484310132 58.366129849106073 36.114866528660059 16.672908879816532 20.122536238282919 19.662446297705173 12.365311130881311 12.145868007093666 9.3121530488133413 10.978022255003451 40.218561433255672 25.066354863345623 11.088913436979054 43.452002327889204 117.18723479285836 816.31546467542648 19.855217114090919 36.360506184399128 9.6451186388730985
leaf_count=6543 58 183 151 358 78 228 109 1676 688 118 463 60 353 207 105 125 124 89 80 80 63 240 152 89 309 783 5774 134 230 68
internal_value=0 0.00758551 0.00438004 -0.00298923 0.00903682 0.014162 0.00319497 -0.000911943 0.000323059 0.00130531 0.0107977 0.00528415 0.000627035 0.00131643 0.0130197 -0.00791313 0.000331321 -0.012921 0.00372132 0.00117595 -5.96019e-05 0.00957976 0.0147816 -0.000742718 -0.00174 0.00507677 -0.00307252 0.0190573 0.018315 0.0263942
internal_weight=0 189.659 164.848 94.8107 42.8112 70.0371 40.1296 2478.37 1728.91 1497.8 97.8973 79.1103 1399.9 1296.9 98.7934 103 1198.11 82.8773 24.5112 70.2236 1178.45 76.2629 65.2849 1102.18 988.044 160.639 827.404 31.2525 82.1205 46.0056
internal_count=19718 1299 1116 628 270 488 260 18419 11876 10200 721 603 9479 8832 610 647 8222 522 169 543 8098 455 392 7643 6955 1092 5863 192 505 298
is_linear=0
shrinkage=0.04


Tree=96
num_leaves=31
num_cat=0
split_feature=23 36 34 22 18 29 36 7 31 29 2 28 8 31 30 30 6 2 27 1 20 27 2 26 16 5 27 6 22 15
split_gain=9.32058 8.22265 5.97282 5.88249 5.83546 5.27587 10.8224 5.13381 5.08351 6.583 4.68945 5.60541 4.677 5.16113 4.56497 8.71339 9.03379 7.31498 5.64448 5.13742 8.54138 5.98445 5.74039 5.33132 6.96764 5.30248 4.43276 4.22679 3.99498 5.57303
threshold=1.0000000180025095e-35 0.29378509521484381 44.500000000000007 0.16398936510086062 2.5000000000000004 0.91597560048103344 0.87534815073013317 0.67499998211860668 0.75411605834960949 -0.91597560048103321 480.50000000000006 -0.7865660786628722 8.5000000000000018 0.10818713530898096 3.2769666910171513 3.8815106153488164 6.327043056488038 743.50000000000011 3.5452966690063481 2.5000000000000004 0.28611111640930181 3.3894608020782475 907.50000000000011 1.0000000180025095e-35 29.974651336669925 0.14490120857954028 4.3611857891082773 5.0720391273498544 0.77408301830291759 0.22857142984867099
decision_type=2 2 2 2 2 2 2 2 2 2 2 2 2 2 2 2 2 2 2 2 2 2 2 2 2 2 2 2 2 2
left_child=1 3 5 -1 -2 7 12 14 9 27 -4 -12 13 -7 19 16 17 -16 -19 22 21 -21 -3 -23 25 -25 -26 -9 29 -13
right_child=4 2 10 -5 -6 6 -8 8 -10 -11 11 28 -14 -15 15 -17 -18 18 -20 20 -22 23 -24 24 26 -27 -28 -29 -30 -31
leaf_value=0.01327378300834667 0.0048715710359461799 -0.0022542441787815845 0.039004276851437314 -0.020189133187714883 0.02482358743040531 -0.01924743303817161 0.017941049971007383 0.0047601576999162397 0.019556645454445919 0.0049366755461154512 0.023959011472536654 0.0079480080099359283 0.016617221295210295 0.011770446803098841 -0.011301640196302655 0.012263380171622906 0.011521581164526505 -0.069396765013363032 -0.015737769917360912 0.022657911718073728 0.02142506566636353 -0.0053811933898096787 -0.020004838358415138 0.0030584148450370596 -0.021068462518476383 0.033893258848184137 0.009619514716662626 -0.023312532271307126 0.013354555722465607 -0.031056847223322408
leaf_weight=8.5062588863074762 245.14047907292843 1573.5530558116734 6.8203096091747275 52.484368439763784 24.198120903223753 32.813211482018232 64.960682298988104 12.347720600664614 27.731397785246372 184.45372810959816 17.500529486685991 9.6849143579602259 9.7721096798777562 9.889759995043276 16.252341032028202 14.325061853975056 8.6789974831044656 8.5420510582625848 6.5793993547558776 16.059650756418705 34.420534443110228 149.77518103271723 27.743292443454266 17.087157182395458 13.845653511583807 17.72809362411499 12.684588197618721 22.34177166223526 12.839263178408144 10.672285500913857
leaf_count=84 1224 12558 56 435 289 271 464 58 165 866 160 63 88 62 135 134 76 76 58 99 216 1128 219 111 111 101 97 107 180 71
internal_value=0 -0.0009872 -0.000602627 -0.0152488 0.00683387 -0.000928162 0.00725786 -0.00137866 0.00402909 0.00190506 0.0119079 0.00692062 -0.00614037 -0.0118587 -0.00207845 -0.0132968 -0.022587 -0.0321476 -0.0506152 -0.00173708 0.00344163 0.000553727 -0.00258635 -0.00132456 0.00843692 0.019748 -0.0067502 -0.0136053 -0.00291273 -0.0134493
internal_weight=0 2400.09 2339.1 60.9906 269.339 2281.59 117.436 2164.15 246.875 219.143 57.5173 50.697 52.4751 42.703 1917.28 54.3779 40.0528 31.3738 15.1215 1862.9 261.601 227.18 1601.3 211.121 61.3455 34.8153 26.5302 34.6895 33.1965 20.3572
internal_count=19762 18249 17730 519 1513 17200 885 16315 1196 1031 530 474 421 333 15119 479 345 269 134 14640 1863 1647 12777 1548 420 212 208 165 314 134
is_linear=0
shrinkage=0.04


Tree=97
num_leaves=31
num_cat=0
split_feature=23 27 25 20 0 36 3 0 27 27 26 28 0 8 7 36 6 6 27 0 6 28 32 0 27 6 36 6 16 6
split_gain=9.33904 7.19078 5.72055 5.81023 5.12446 5.63763 5.09715 5.6496 7.10377 9.31069 8.24048 6.35509 8.73763 5.51053 4.96418 4.81618 5.86547 5.0789 6.02973 5.99775 6.90842 5.00851 4.72613 6.10943 4.62812 5.35843 5.44174 6.34199 4.93471 4.44215
threshold=1.0000000180025095e-35 3.4578914642333989 0.17500000447034839 0.21374999731779101 6.0062773227691659 0.29378509521484381 3.5000000000000004 6.6280195713043222 3.7220716476440434 3.9464238882064824 1.0000000180025095e-35 -0.37940952181816096 6.6541316509246835 7.5000000000000009 0.75000000000000011 0.74910274147987377 6.2116029262542733 4.9015574455261239 4.0595800876617441 7.1823449134826669 5.1328485012054452 -0.98296290636062611 3.5000000000000004 7.3105444908142099 5.1535806655883798 6.5388629436492929 0.69466507434844982 5.9229171276092538 46.772882461547859 5.747798204421998
decision_type=2 2 2 2 2 2 2 2 2 2 2 2 2 2 2 2 2 2 2 2 2 2 2 2 2 2 2 2 2 2
left_child=2 -2 3 -1 5 -5 7 8 -4 10 13 14 -13 -10 -9 16 29 18 -17 20 -19 -21 23 -16 25 26 27 -14 -29 -6
right_child=1 -3 6 4 15 -7 -8 11 9 -11 -12 12 24 -15 22 17 -18 19 -20 21 -22 -23 -24 -25 -26 -27 -28 28 -30 -31
leaf_value=-0.0086531722861321412 0.023981628777207942 0.0046672227137465726 -0.020380511386905074 -0.0039941116135862658 -0.0062478559402046217 0.036555272214973913 0.0060968171026103413 -0.0027818265310631113 -0.01350537875395867 -0.0058491396294552246 0.041794859465367637 0.03953723817556646 -0.014490071148832353 0.022397987400893844 0.013166519238832171 -0.017283002927604846 0.016319620918588802 0.044075427367432383 0.0017451983662050406 -0.028039563584264779 0.0087584242036055186 0.002772854133334945 0.027702971878210272 -0.011159653128857394 -0.015490207191694845 -0.021344211920626344 0.0066940338502037315 0.029466254356722961 -0.0053723066675748282 -0.023950117775528048
leaf_weight=239.67286984622478 33.742891285568476 238.5299937017262 40.440066274255514 9.5189298763871211 108.90067357942462 9.8983692452311498 235.80094299837947 600.03008993715048 14.053520273417236 207.59821927919984 10.867166735231875 9.0659806318581087 42.632351189851761 9.9338141418993455 37.089952871203423 39.997918799519539 13.074192512780426 9.5951627641916257 72.013965830206871 7.1957288458943358 44.414886962622404 100.8156924135983 13.501060623675583 26.693657428026199 17.711206838488579 10.756945397704838 409.61861113086343 9.9058767855167407 13.21990294754505 27.536325536668301
leaf_count=2532 294 1245 321 86 934 63 1319 4486 96 1574 69 62 339 91 169 305 121 74 573 62 323 830 124 118 116 91 2840 73 125 245
internal_value=0 0.00721828 -0.000574245 -0.0036639 -0.000937595 0.0181601 0.000662769 -0.000214142 -0.00527445 -0.0026087 0.0159618 0.000995423 0.00434564 0.00194266 -0.00154693 -0.00189436 -0.00761848 0.00126126 -0.0052335 0.00576041 0.0163825 0.00024769 0.00786902 0.00295617 0.0035586 0.00431323 0.0049808 -0.0055738 0.0107083 -0.010115
internal_weight=0 272.273 2391.55 682.635 442.962 19.4173 1708.92 1473.12 282.893 242.453 34.8545 1190.23 512.911 23.9873 677.315 423.545 149.511 274.033 112.012 162.021 54.01 108.011 77.2847 63.7836 503.845 486.134 475.377 65.7581 23.1258 136.437
internal_count=19700 1539 18161 6148 3616 149 12013 10694 2151 1830 256 8543 3646 187 4897 3467 1300 2167 878 1289 397 892 411 287 3584 3468 3377 537 198 1179
is_linear=0
shrinkage=0.04


Tree=98
num_leaves=31
num_cat=0
split_feature=31 15 3 32 30 16 0 20 29 25 2 2 16 28 16 2 2 15 30 28 4 21 34 6 3 16 36 2 8 2
split_gain=7.66071 6.3387 6.4693 5.11833 6.23147 5.99888 5.37714 5.1376 5.74874 5.06894 6.59777 7.43479 7.90287 7.43061 9.8049 7.23 6.23707 7.60131 5.841 6.60788 5.72096 8.22659 5.99417 5.58141 5.80384 5.78573 5.52764 5.31589 5.75897 4.75932
threshold=0.28991597890853887 0.31377777457237249 1.5000000000000002 1.5000000000000002 1.4978661537170412 119.73545837402345 8.1986389160156268 0.12099999934434892 -0.12940952181816107 0.31000000238418585 500.50000000000006 615.50000000000011 26.440485000610355 -0.6035533845424651 88.469249725341811 459.50000000000006 895.50000000000011 0.4291666597127915 2.1383330821990971 -0.91597560048103321 0.69564136862754833 14.500000000000002 47.500000000000007 5.3447208404541025 2.5000000000000004 133.62241363525393 0.91688340902328502 801.50000000000011 7.5000000000000009 763.50000000000011
decision_type=2 2 2 2 2 2 2 2 2 2 2 2 2 2 2 2 2 2 2 2 2 2 2 2 2 2 2 2 2 2
left_child=1 2 3 4 5 29 7 8 -6 10 15 12 -12 16 27 -2 17 -13 19 -14 -11 -22 -23 -21 25 -25 -17 -15 -29 -1
right_child=9 -3 -4 -5 6 -7 -8 -9 -10 20 11 13 18 14 -16 26 -18 -19 -20 23 21 22 -24 24 -26 -27 -28 28 -30 -31
leaf_value=-0.0033198813352631612 0.0036252168069673893 -0.021864944855903304 0.0012655425758778614 0.0055600730665479568 -0.01195106480425184 -0.02016382844935409 0.020345606863569378 -0.014713545581475787 0.019759090751003735 0.027517644188812366 -0.024236709959276192 -0.013066838379976893 0.028175263876886094 0.025706640542749858 -0.0047333036878020908 0.011256154844280815 0.012691238787638908 0.019714252170676409 -0.021840131041995007 0.020352603177790512 0.012621459455992745 -0.032495975287070891 0.010554775388850213 -0.015206504880985508 -0.031145660600594472 0.023014377972045912 0.047959315839093533 0.015389107820291606 -0.016504139934747197 0.0058749145273802855
leaf_weight=360.0627644136548 51.363824605941772 20.41619586199522 1292.0221555754542 90.243665229529142 18.313568104058504 25.777373056858778 6.9535718597471705 158.54909127578139 14.679262038320301 26.528832521289587 33.075563885271549 78.373982809484005 12.714697267860172 52.372124545276165 46.457277234643698 16.177236147224907 27.132972877472639 11.354644134640692 14.727190300822256 10.545924246311186 75.85857604816556 11.061163026839496 7.2866471447050563 12.238899357616903 11.671150743961332 9.4345953390002233 11.37384109944105 28.07318726927042 11.101849123835562 117.94166537001729
leaf_count=3139 324 110 8876 602 211 265 62 1550 173 299 205 505 80 362 292 100 192 95 104 61 489 101 68 86 66 65 73 225 64 891
internal_value=0 -0.000707344 -0.000479366 -0.00332006 -0.00447372 -0.00209074 -0.0104405 -0.0117569 0.00248046 0.00455287 0.00252731 0.000202158 -0.00868984 0.00388414 0.0101063 0.0128464 -0.00351016 -0.00857919 -0.00101663 0.00496153 0.0117433 0.0068215 -0.0160419 -0.00269813 -0.0107275 0.00196998 0.0286286 0.0175771 0.00598821 -0.00103615
internal_weight=0 2104.96 2084.54 792.521 702.277 503.782 198.495 191.542 32.9928 558.924 438.189 359.274 104.408 254.866 138.004 78.9149 116.862 89.7286 71.3325 56.6053 120.735 94.2064 18.3478 43.8906 33.3446 21.6735 27.5511 91.5472 39.175 478.004
internal_count=19735 15879 15769 6893 6291 4295 1996 1934 384 3856 2899 2402 667 1735 943 497 792 600 462 358 957 658 169 278 217 151 173 651 289 4030
is_linear=0
shrinkage=0.04


Tree=99
num_leaves=31
num_cat=0
split_feature=23 27 22 14 25 0 36 8 28 2 6 27 28 27 27 5 0 18 8 6 0 27 18 30 0 8 0 2 22 2
split_gain=9.03821 6.71279 5.92063 4.82248 4.73493 6.26005 6.96701 5.83435 5.12987 5.19712 4.98542 9.1946 5.51283 4.97091 8.23751 6.60565 5.93716 5.5965 5.28031 4.94641 5.35877 4.91451 4.62069 6.11218 7.10361 6.29399 5.45692 4.97151 12.9855 4.58787
threshold=1.0000000180025095e-35 3.4578914642333989 0.11087121069431306 1.4978661537170412 0.17500000447034839 6.716576576232911 0.69466507434844982 3.5000000000000004 -0.91597560048103321 697.50000000000011 4.2268071174621591 4.7099804878234872 0.78656607866287243 4.3938314914703378 3.9328050613403325 0.21975186467170718 7.1033136844635019 1.0000000180025095e-35 5.5000000000000009 5.6954128742218026 6.3207278251647958 4.2856531143188485 5.5000000000000009 3.2769666910171513 7.9915907382965097 5.5000000000000009 7.3303997516632089 609.50000000000011 0.8190118968486787 982.50000000000011
decision_type=2 2 2 2 2 2 2 2 2 2 2 2 2 2 2 2 2 2 2 2 2 2 2 2 2 2 2 2 2 2
left_child=2 -2 3 -1 5 6 7 -4 9 19 11 -7 13 14 16 -16 -12 -17 -18 20 -9 -8 23 -6 25 -25 -27 28 -24 -29
right_child=1 -3 4 -5 22 10 21 8 -10 -11 12 -13 -14 -15 15 17 18 -19 -20 -21 -22 -23 27 24 -26 26 -28 29 -30 -31
leaf_value=-0.0041190298810796369 0.023883201642673654 0.0046632838649282903 0.01866914180457311 -0.021403841653359096 0.00096505339724058472 -0.021990961016193623 0.003201331443420889 -0.012210374889955772 -0.0072100700579843056 0.030639433958182201 -0.020449076757324627 0.012899487346596746 -0.018541050525020024 -0.0081378208579295126 0.0034361189480707167 0.04417718785946715 0.020613689520928503 0.0068149439661723075 -0.0061819663035843865 -0.025913665142461847 0.032989956004332507 0.036046506421103415 0.019044584148853069 0.0019844215605377686 0.018905668455831498 -0.01199399992086945 -0.052525388555423609 0.025654208004684393 -0.047769114439223541 -0.0044657986682514654
leaf_weight=96.664431344717741 31.570032604038715 231.38166361674666 20.424859613180161 33.94140413403511 1540.1505427472293 58.334304749965668 14.352529704570772 6.562816318124538 112.39278569072485 10.823755878955124 32.081216689199209 13.693143911659716 34.586747225373983 132.99912168830633 88.834698785096407 11.709420777857304 13.672105103731154 13.694647956639528 45.228559873998165 6.6262683160603038 6.7226482294499874 13.766538597643374 10.489135071635245 11.791867170482872 6.8900779858231536 12.167492005974056 10.222405232489107 32.518897246569395 5.4638895802199832 9.8712285906076414
leaf_count=805 280 1210 114 386 10478 486 87 54 1064 97 297 115 303 1220 879 71 91 98 447 70 72 84 87 127 59 85 74 355 66 103
internal_value=0 0.0071337 -0.000649886 -0.00886602 -0.000171057 -0.00309365 0.0029283 -0.00032345 -0.00325368 0.0107705 -0.00568991 -0.0151886 -0.00378347 -0.00217422 0.0017319 0.00881565 -0.00716091 0.0260035 0.000510578 -0.00184073 0.0119855 0.0206075 0.000965929 0.000550641 -0.0143126 -0.0216834 -0.0332888 0.0118298 -0.00661131 0.0187551
internal_weight=0 262.952 2406.68 130.606 2276.07 636.506 191.672 163.553 143.128 30.7355 444.834 72.0274 372.807 338.22 205.221 114.239 90.9819 25.4041 58.9007 19.9117 13.2855 28.1191 1639.57 1581.22 41.0718 34.1818 22.3899 58.3432 15.953 42.3901
internal_count=19764 1490 18274 1191 17083 5649 1642 1471 1357 293 4007 601 3406 3103 1883 1048 835 169 538 196 126 171 11434 10823 345 286 159 611 153 458
is_linear=0
shrinkage=0.04


Tree=100
num_leaves=31
num_cat=0
split_feature=23 27 3 4 2 34 21 3 27 27 29 5 28 29 36 4 1 6 4 28 27 30 34 6 36 29 31 0 5 16
split_gain=6.55284 6.39022 5.60498 8.23066 10.266 6.03739 7.29046 8.90603 5.26702 6.27875 9.98842 5.69749 5.36394 4.83499 8.04477 10.2839 5.49969 7.07504 4.74033 4.75402 4.65524 4.52505 5.73955 4.52476 4.3739 4.83252 4.26132 6.42747 5.07284 4.56431
threshold=1.0000000180025095e-35 3.4578914642333989 1.5000000000000002 0.89175492525100719 718.50000000000011 47.500000000000007 14.500000000000002 2.5000000000000004 4.0082414150238046 4.2925117015838632 0.37940952181816107 0.12344430014491083 1.0000000180025095e-35 0.78656607866287243 0.62642619013786327 0.784165918827057 1.5000000000000002 5.5154407024383554 0.93991822004318248 -0.7865660786628722 4.8967196941375741 3.4498615264892583 44.500000000000007 5.9467277526855478 0.53459665179252636 0.91597560048103344 0.57738095521926891 7.6088676452636728 0.10008561611175538 119.73545837402345
decision_type=2 2 2 2 2 2 2 2 2 2 2 2 2 2 2 2 2 2 2 2 2 2 2 2 2 2 2 2 2 2
left_child=2 -2 21 5 8 6 13 -8 11 -10 20 -5 -13 -4 24 -16 17 -17 19 -6 -11 22 26 -23 25 -15 28 -28 29 -1
right_child=1 -3 3 4 18 -7 7 -9 9 10 -12 12 -14 14 15 16 -18 -19 -20 -21 -22 23 -24 -25 -26 -27 27 -29 -30 -31
leaf_value=0.0059369366740220251 0.022882097634927115 0.0039524108920144276 -0.00080827536361547064 -0.0061728690328026175 0.0081089657100340048 0.016281667486418093 -0.038540346608718669 0.0053953233480585339 -0.018295181640908119 0.021426336485883438 -0.02000105024982942 0.034896777917911959 -0.0020674246145817973 0.014484842145129271 0.030115198223577954 -0.020758856613267811 0.013828058225272433 0.01561290371710854 0.0025409906115253372 0.037716511311710534 -0.010687806095822703 0.0026945247323927881 0.024470148986900635 -0.032354274106605005 -0.025522506676961522 -0.016541734011903696 -0.0022261737358345909 0.025594130700601282 -0.0052909524468046556 -0.010924022878034852
leaf_weight=130.4558491781354 30.637189459055662 239.36878164485097 1157.3524046353996 14.3032860904932 13.799054607748984 33.723021544516087 15.296939432621004 12.116569917649029 27.424368720501661 32.533133648335934 16.917561039328575 18.817552872002128 8.6884612515568715 16.659969016909603 33.982821155339479 21.637435019016266 37.961790360510349 11.63183895871043 14.697341769933699 29.500156924128532 7.808454453945159 8.8424875065684336 10.547413296997545 14.100203461945055 12.73634748905897 12.110880624502895 36.503064651042223 18.640167582780123 596.18183893710375 29.946124065667391
leaf_count=1176 278 1245 7859 116 100 351 124 143 205 258 137 132 59 128 219 145 248 81 104 202 62 69 69 105 80 91 239 118 5347 303
internal_value=0 0.00625279 -0.000298591 0.00113035 0.00901252 5.35527e-05 -0.000381266 -0.0200747 0.00250693 -0.00324869 0.0043321 0.0137809 0.023872 6.28249e-05 0.00685263 0.0126697 0.00375169 -0.00787806 0.0226449 0.0290555 0.0149991 -0.00291502 -0.00239964 -0.019713 -0.00779734 0.00119816 -0.00280806 0.00774462 -0.00359558 0.00269333
internal_weight=0 270.006 2394.92 1549.7 184.489 1365.21 1331.49 27.4135 126.493 84.6835 57.2591 41.8093 27.506 1304.07 146.721 105.214 71.2311 33.2693 57.9966 43.2992 40.3416 845.217 822.274 22.9427 41.5072 28.7708 811.727 55.1432 756.584 160.402
internal_count=19793 1523 18270 10844 1375 9469 9118 267 969 662 457 307 191 8851 992 693 474 226 406 302 320 7426 7252 174 299 219 7183 357 6826 1479
is_linear=0
shrinkage=0.04


Tree=101
num_leaves=31
num_cat=0
split_feature=23 27 27 18 8 4 7 25 3 16 31 31 31 8 31 29 29 36 36 4 4 2 3 2 2 29 29 36 2 2
split_gain=7.24304 7.08721 6.10196 5.53261 5.4076 5.35615 4.5151 6.63124 5.62985 5.09868 7.27277 9.13207 7.1416 7.10176 6.33404 6.09822 10.3232 6.96161 7.09342 5.9598 5.96455 5.63494 5.11789 4.81122 4.89701 4.71534 7.38976 6.72263 5.62189 5.86593
threshold=1.0000000180025095e-35 4.5406315326690683 4.6908891201019296 14.500000000000002 7.5000000000000009 0.64292663335800182 0.57499998807907116 0.34999999403953558 1.5000000000000002 12.439978599548342 0.77842378616333019 0.36602871119976049 0.81566429138183605 7.5000000000000009 0.82785561680793773 -0.37940952181816096 -0.12940952181816107 1.548534154891968 2.0548903942108159 0.91050902009010326 0.91739180684089672 880.50000000000011 3.5000000000000004 571.50000000000011 730.50000000000011 -0.6035533845424651 0.12940952181816107 0.69001945853233349 482.50000000000006 647.50000000000011
decision_type=2 2 2 2 2 2 2 2 2 2 2 2 2 2 2 2 2 2 2 2 2 2 2 2 2 2 2 2 2 2
left_child=3 5 -3 6 -4 -2 9 -8 -9 12 11 13 25 -11 -12 19 23 21 -19 -15 -21 22 -18 -17 -25 27 -27 28 -1 -30
right_child=1 2 4 -5 -6 -7 7 8 -10 10 14 -13 -14 15 -16 16 17 18 -20 20 -22 -23 -24 24 -26 26 -28 -29 29 -31
leaf_value=0.013354327807526926 0.033712301694083582 -0.019273710026728862 0.015603338591543246 0.025184363583447729 -0.011016464056338335 0.0084245184943796143 0.0012013199939900573 -0.0060676449272881305 0.025227901193245039 -0.0087711459468134498 -0.039843953803605447 0.0086746349783392487 0.019621271388470914 -0.0082231352610461477 -0.0097607733951972624 0.043940567773585307 -0.0096330333475595966 0.031597562624061694 -0.0087884995491445145 0.030503651517964376 -0.015684980666282031 0.020332802640364821 0.01485772513626704 -0.0063268145348498754 0.030160961288630644 -0.007680911157920434 0.0017412023642581998 0.00773355126266823 -0.021596321500206812 9.4657270792742923e-05
leaf_weight=19.78755035251379 12.820623625069855 25.184277445077896 26.860282897949219 11.475442375987766 19.326973229646683 185.51321595907211 610.02240533381701 11.671965125948189 32.132169879972935 298.06242882832885 11.676290608942507 99.427357278764248 28.324356243014336 158.18338420987129 76.828469194471836 11.093325313180687 102.96447494253516 17.792785324156288 9.6205871142446977 11.329104728996755 5.2236646525561801 12.018005508929489 13.878163926303385 11.290551319718363 9.1354471929371339 235.52007335424423 301.86646937578917 213.31147570535541 34.06923146545887 44.592059131711721
leaf_count=176 124 126 126 117 104 1042 3147 66 240 2779 79 672 180 1627 549 120 1167 152 85 130 61 125 98 116 89 1831 2355 1573 306 368
internal_value=0 0.00651725 -0.00420562 -0.00037444 0.00446942 0.0103794 -0.000518728 0.00230756 0.0169881 -0.00159079 -0.00379781 -0.00251409 0.000547207 -0.00421924 -0.0145224 -0.000449183 0.00453222 0.00020906 0.0177904 -0.00579353 0.0158081 -0.00374587 -0.00652302 0.0246752 0.0112267 -0.000133643 -0.00240139 0.0037657 -0.00481433 -0.00960253
internal_weight=0 269.705 71.3715 2391.3 46.1873 198.334 2379.82 653.827 43.8041 1726 848.524 760.019 877.471 660.592 88.5048 362.529 187.793 156.274 27.4134 174.736 16.5528 128.861 116.843 31.5193 20.426 849.147 537.387 311.76 98.4488 78.6613
internal_count=19730 1522 356 18208 230 1166 18091 3453 306 14638 7849 7221 6789 6549 628 3770 1952 1627 237 1818 191 1390 1265 325 205 6609 4186 2423 850 674
is_linear=0
shrinkage=0.04


Tree=102
num_leaves=31
num_cat=0
split_feature=7 3 23 2 22 36 2 17 20 28 34 31 36 36 6 32 2 5 21 5 6 0 6 0 34 29 2 36 1 5
split_gain=7.26562 6.62149 5.86886 5.37812 5.23215 6.29702 6.15939 5.27202 4.94417 6.42764 5.68877 7.18837 5.54856 4.72254 4.57354 4.40906 4.23824 5.11929 5.796 4.95923 4.42595 3.7669 3.75432 3.80343 3.7066 3.72034 6.49255 6.02757 5.58227 3.56142
threshold=0.57499998807907116 3.5000000000000004 1.0000000180025095e-35 795.50000000000011 0.13250000029802325 1.7360265254974367 1172.0000000000002 1.5000000000000002 0.21374999731779101 0.37940952181816107 1.0000000180025095e-35 0.13809524476528171 2.5961122512817387 0.32929886877536779 5.6542406082153329 12.500000000000002 770.50000000000011 0.2375874072313309 1.0000000180025095e-35 0.25452153384685522 4.8322978019714364 8.1185040473938006 5.570249319076539 7.7169036865234384 4.5000000000000009 0.37940952181816107 565.50000000000011 0.78760588169097911 1.5000000000000002 0.2896349579095841
decision_type=2 2 2 2 2 2 2 2 2 2 2 2 2 2 2 2 2 2 2 2 2 2 2 2 2 2 2 2 2 2
left_child=1 4 3 16 7 6 -6 13 9 14 21 -12 -13 -1 -7 -2 17 18 -3 20 -19 22 23 -10 25 27 -27 28 29 -21
right_child=15 2 -4 -5 5 8 -8 -9 10 -11 11 12 -14 -15 -16 -17 -18 19 -20 24 -22 -23 -24 -25 -26 26 -28 -29 -30 -31
leaf_value=0.020126288388492317 0.0029645325445482179 -0.024176813071664811 0.023514322404562603 -0.0088387153696664021 -0.0021300794170658098 -0.027689367635662616 0.028096904896319119 -0.022560669005380979 -0.0064647082870929427 0.023999564564604919 0.047304202311766901 0.020670380108005978 -0.0094137314197976964 -0.0063165159679094817 0.00082591800334159905 0.015540981629416264 0.029070924846822849 0.003962402990659487 0.0046440740983967515 -0.026994114022698572 0.038269335504403909 -0.0098483038051336187 -0.0091951299795887051 0.021046874175788894 -0.010235095887652009 0.015075159342993973 -0.022349882270426571 0.022887859404604884 0.019136754288320054 0.0043855073925799801
leaf_weight=9.5028379335999471 685.09371487796307 17.092146821320057 22.847195625305176 47.002419032156467 1256.1388393267989 15.561689890921114 8.8872599452733976 29.600205816328526 9.583246745169161 7.4996933862566939 10.230100452899931 29.47988947853446 12.849405091255901 197.23605158925056 18.228296920657158 45.90549985691905 10.022302985191343 10.973964639008047 25.640490457415581 10.491602234542372 12.853583991527556 23.449574716389179 12.672927118837832 31.014499694108963 20.576019663363695 12.180553495883943 13.691284626722334 37.919085741043091 12.474670119583605 9.8822065442800504
leaf_count=102 3309 107 123 291 10471 125 58 335 57 63 73 192 93 2021 150 641 60 67 169 67 81 177 92 206 158 71 78 206 71 63
internal_value=0 -0.000880889 0.00498723 0.00305017 -0.00181109 -0.00089855 -0.00187371 -0.00730006 0.0062716 -0.00558047 0.0100843 0.0199681 0.0115254 -0.00491987 -0.01312 0.00379456 0.00599445 0.00443654 -0.00744921 0.00809144 0.0239994 0.00297782 0.00877591 0.014554 0.0045093 0.00779249 -0.00491264 0.0124447 -0.000232206 -0.0127421
internal_weight=0 1935.58 263.648 240.8 1671.93 1435.6 1265.03 236.339 170.569 41.2897 129.28 52.5594 42.3293 206.739 33.79 730.999 193.798 183.776 42.7326 141.043 23.8275 76.7202 53.2707 40.5977 117.215 96.6394 25.8718 70.7676 32.8485 20.3738
internal_count=19777 15827 1612 1489 14215 11757 10529 2458 1228 338 890 358 285 2123 275 3950 1198 1138 276 862 148 532 355 263 714 556 149 407 201 130
is_linear=0
shrinkage=0.04


Tree=103
num_leaves=31
num_cat=0
split_feature=25 32 23 34 30 36 25 16 16 36 30 36 26 2 0 29 36 28 0 28 0 36 5 0 29 30 2 25 5 13
split_gain=7.48516 6.57096 5.15191 5.89596 5.33613 5.39406 4.71589 4.44009 5.76553 4.32669 6.48633 5.56509 6.42954 6.54501 5.34575 5.62917 5.74008 5.25791 4.94942 4.46598 4.44431 5.1264 4.79822 4.9993 4.00314 5.59082 5.31978 4.71529 4.36393 3.88799
threshold=0.17500000447034839 26.500000000000004 1.0000000180025095e-35 6.5000000000000009 3.7726949453353886 0.216337725520134 0.23499999940395358 212.53236389160159 199.18648529052737 2.1825598478317265 1.4978661537170412 1.7360265254974367 1.0000000180025095e-35 406.50000000000006 6.4393184185028085 0.91597560048103344 0.61149898171424877 -0.91597560048103321 7.4988660812377939 -0.98296290636062611 7.5888266563415536 1.4330188035964968 0.15461477637290957 7.7345564365386972 0.78656607866287243 1.4978661537170412 623.50000000000011 0.31000000238418585 0.12204258143901826 1.0000000180025095e-35
decision_type=2 2 2 2 2 2 2 2 2 2 2 2 2 2 2 2 2 2 2 2 2 2 2 2 2 2 2 2 2 2
left_child=7 2 4 -4 5 -2 -5 8 -1 11 -11 12 13 18 19 16 17 -16 -7 -15 21 24 23 -22 25 -14 28 -26 -27 -21
right_child=1 -3 3 6 -6 9 -8 -9 -10 10 -12 -13 20 14 15 -17 -18 -19 -20 29 22 -23 -24 -25 27 26 -28 -29 -30 -31
leaf_value=-0.0029368932069699857 -0.023609118790760868 0.016553937595699987 0.0041975944712907961 -0.0034552573422715334 -0.023941929071672054 -0.017057261694314308 0.030177608323740498 0.017684087695727883 -0.030175292380962448 -0.017795791210606936 0.0035593734438605184 0.010261784052586709 0.010663322091227553 0.028031437061243874 0.0060266398412169202 0.012488258809846626 -0.00078280677375278411 -0.015591548825017574 0.01356871085334432 0.001227122583551069 -0.029410844800652664 0.025400263147631583 0.013141965133706791 0.0041455273444457466 -0.0135230413288357 0.024477321851392675 -0.0069573595877224772 0.015779231387678082 0.002211424173155045 0.017283470864118126
leaf_weight=716.11580100283027 12.283321145921944 44.915328294038773 165.57305024191737 8.3027315214276296 11.987557731568812 57.332747809588909 25.496475555002689 14.350188091397284 10.685185201466082 44.730708047747612 43.272321876138449 107.64084294438362 204.77869702875614 12.239225551486014 21.878883127123117 42.108155332505703 626.9735381603241 80.179015278816223 8.314776696264742 120.84921147301793 16.25217262655497 18.989059112966061 10.664969325065611 10.906147494912146 32.802937049418688 17.269032254815102 74.482087563723326 9.9142528623342496 54.099048927426338 28.263712700456381
leaf_count=6272 99 503 761 57 109 445 229 127 102 265 296 668 1281 87 190 302 4485 695 62 818 100 101 71 76 220 127 502 58 348 220
internal_value=0 0.00176592 0.00139294 0.00743689 0.000662577 0.000869323 0.0221843 -0.00296396 -0.00341905 0.00108069 -0.0074494 0.00157209 0.000912991 -0.000877934 -6.37822e-06 -0.0013955 -0.00222939 -0.0109303 -0.0128918 0.00656838 0.00487034 0.0060797 -0.00795681 -0.0165753 0.0050232 0.00643324 0.000430163 -0.0063207 0.00811951 0.004459
internal_weight=0 1912.5 1867.58 199.372 1668.21 1656.22 33.7992 741.151 726.801 1643.94 88.003 1555.94 1448.3 998.139 932.492 771.14 729.031 102.058 65.6475 161.352 450.158 412.335 37.8233 27.1583 393.346 350.629 145.85 42.7172 71.3681 149.113
internal_count=19676 13175 12672 1047 11625 11516 286 6501 6374 11417 561 10856 10188 7304 6797 5672 5370 885 507 1125 2884 2637 247 176 2536 2258 977 278 475 1038
is_linear=0
shrinkage=0.04


Tree=104
num_leaves=31
num_cat=0
split_feature=4 27 16 2 27 5 2 7 27 0 29 26 5 5 36 16 16 25 36 6 36 4 29 2 4 29 27 2 0 6
split_gain=7.35318 8.91074 6.23646 7.83018 7.38836 7.2287 6.78711 6.18881 5.9976 8.0621 6.73124 6.38521 5.94082 6.93707 6.1632 5.73932 6.28829 5.19521 4.71993 6.24691 5.98411 8.51707 5.39151 5.03522 5.79113 5.0702 4.94027 9.94333 5.29504 4.71965
threshold=0.67251640558242809 4.0456790924072275 12.439978599548342 702.50000000000011 3.4226313829422002 0.2375874072313309 712.50000000000011 0.42499999701976782 4.2520601749420175 8.1478662490844744 0.91597560048103344 1.0000000180025095e-35 0.09869635105133058 0.12608382105827334 1.7800819873809817 5.4982998371124276 0.99304834008216869 0.23499999940395358 0.39143198728561407 5.8215644359588632 0.80839002132415783 0.91294410824775707 -0.12940952181816107 525.50000000000011 0.95021551847457897 -0.37940952181816096 3.9522043466567998 587.50000000000011 6.7979249954223642 6.1169946193695077
decision_type=2 2 2 2 2 2 2 2 2 2 2 2 2 2 2 2 2 2 2 2 2 2 2 2 2 2 2 2 2 2
left_child=1 -1 3 18 5 -4 -5 -7 9 10 11 15 -10 -14 29 16 -8 -13 19 -2 22 -22 26 -23 25 -25 27 28 -20 -15
right_child=2 -3 4 6 -6 7 8 -9 12 -11 -12 17 13 14 -16 -17 -18 -19 20 -21 21 23 -24 24 -26 -27 -28 -29 -30 -31
leaf_value=0.01791535091302493 0.0042815153917735169 -0.00026180105222098441 -0.02125905062218799 0.026013855400591982 -0.0012774801274345266 -0.010493606151611823 0.0015142465910612771 0.026367901416061167 -0.023151985671346079 0.041788548856742866 0.032798564651471782 0.0031463133086187022 0.015453810114694908 -0.0021699726845424532 -0.026644783548887205 0.027157228038837179 -0.027745139773833794 0.026821016674708931 -0.027250902541901115 0.038784633040598274 0.0039510068502374819 -0.021904367183447092 0.00014878501668051035 0.0046479431948054876 0.018130409542855743 -0.021284173525853118 -0.015391535920764299 0.022362278058169677 0.0087837321817071518 0.024380552435633873
leaf_weight=80.787861693650484 50.72410436719656 90.005347367376089 57.281792867928743 23.718712773174047 1125.4931264407933 17.693817950785164 138.9859999679029 9.6083152852952463 14.811548966914414 9.5168430358171445 13.556705735623835 27.264053512364626 42.468578550964594 116.1238208077848 13.294434666633604 10.604215845465658 10.823432251811026 32.160454742610455 16.599644038826231 8.2270133607089502 387.78783786669374 31.580082885921001 126.25113974139094 21.26928298920393 14.394453845918177 24.177595995366573 110.30944366008043 17.489005409181118 8.8377449326217157 9.7808861695229989
leaf_count=758 384 573 476 166 8973 116 919 110 109 67 90 193 296 724 74 83 85 180 113 63 2542 249 946 156 107 177 819 124 70 60
internal_value=0 0.00844412 -8.87522e-05 0.00185534 -0.00214607 -0.0134072 0.00599904 0.00339319 0.00480564 0.008982 0.0073006 0.00544671 -0.00039616 0.00169105 -0.00266728 0.00123139 -0.000937362 0.0164151 -0.00050053 0.0102113 -0.0013575 0.00135643 -0.0059874 -0.00949811 -0.00245428 -0.00946351 -0.0109798 0.000537709 -0.0150037 0.000241579
internal_weight=0 170.793 2490.83 1280.76 1210.08 84.5839 463.11 27.3021 439.391 242.912 233.395 219.838 196.479 181.668 139.199 160.414 149.809 59.4245 817.647 58.9511 758.696 479.209 279.487 91.4214 59.8413 45.4469 153.236 42.9264 25.4374 125.905
internal_count=19802 1331 18471 8796 9675 702 3046 226 2880 1617 1550 1460 1263 1154 858 1087 1004 373 5750 447 5303 3231 2072 689 440 333 1126 307 183 784
is_linear=0
shrinkage=0.04


Tree=105
num_leaves=31
num_cat=0
split_feature=31 2 25 12 2 6 13 20 36 14 27 36 2 0 2 0 2 20 5 5 36 29 36 7 2 16 6 0 4 6
split_gain=8.21877 7.55585 9.67623 6.50418 9.23972 5.65808 6.1152 7.21058 8.73111 5.3396 5.1184 6.41443 6.44534 6.3372 5.10961 5.04294 4.39361 4.37609 4.72292 5.00787 5.95202 4.17766 4.16502 4.14563 4.0811 5.52508 10.7116 8.57344 7.87238 7.35082
threshold=0.28991597890853887 500.50000000000006 0.34999999403953558 1.0000000180025095e-35 537.50000000000011 5.4617087841033944 1.5000000000000002 0.52742856740951549 1.1615874171257021 1.0000000180025095e-35 3.595940470695496 0.88647782802581798 444.50000000000006 7.4933135509490976 667.50000000000011 6.6920645236969003 695.50000000000011 0.22857142984867099 0.30852118134498602 0.12608382105827334 1.1464493870735171 0.78656607866287243 0.6725049912929536 1.0000000180025095e-35 589.50000000000011 46.772882461547859 4.6959142684936532 7.2484977245330819 0.9543166756629945 4.2555875778198251
decision_type=2 2 2 2 2 2 2 2 2 2 2 2 2 2 2 2 2 2 2 2 2 2 2 2 2 2 2 2 2 2
left_child=24 10 3 4 -3 6 7 9 -9 -6 13 23 -13 -2 15 -11 -4 -7 19 20 -19 -20 -21 -12 -1 27 -27 -26 29 -29
right_child=1 2 16 -5 5 17 -8 8 -10 14 11 12 -14 -15 -16 -17 -18 18 21 22 -22 -23 -24 -25 25 26 -28 28 -30 -31
leaf_value=-0.0032671843134966043 0.046659615708840967 -0.021242309648430196 0.0040240810738719438 0.021378007824951212 0.020809549422679038 -0.014803740834044397 0.029797875239020818 0.0092106781844171967 -0.04240870104084115 0.031998659800229354 -0.018471953997877755 0.0049976163684027162 0.039329440948309313 0.0024298258882940603 -0.0060233193143169094 -0.00090879742417847927 0.027992484848812206 -0.0053753132908733311 0.003928627935428231 0.0047795418589740369 0.02687544132529374 0.033329789633593551 -0.013799292101131861 0.0070178927641849857 0.0051822975490835631 -0.040844194194425247 -0.0023463128563061056 -0.01648860094523583 0.022112226586751306 -0.0013132015780433163
leaf_weight=847.86878740414977 12.829963412135841 31.374037891626358 21.506367661058903 19.712896332144737 32.716182075440884 40.586091849952936 14.604785341769455 8.9032856486737746 8.9899228289723379 12.323707513511183 13.314197711646555 19.376367282122374 15.039361923933027 8.3213814646005613 48.117710076272488 15.30576018989086 28.964501589536667 20.341383505612612 36.083174835890532 25.069198727607727 13.893365532159804 8.0925866104662401 71.214892867952585 28.685115087777376 542.24491488188505 9.91901598125696 404.97813211008906 63.985752329230309 16.617803372442722 227.7796021476388
leaf_count=6662 95 196 178 108 175 235 134 71 69 67 105 116 87 66 266 86 291 149 345 180 87 84 528 154 3770 63 3450 400 114 1553
internal_value=0 0.0043366 0.0021544 7.1401e-05 -0.00111636 0.000764817 0.00694111 0.0038761 -0.0183802 0.00781404 0.0143269 0.00904726 0.0213364 0.0309718 0.00181019 0.0149382 0.0183219 -0.00330596 -0.000497399 -0.0043306 0.00847389 0.010525 -0.00896315 -0.00153499 -0.00112321 0.00031608 -0.00345822 0.0021608 -0.0031512 -0.00473085
internal_weight=0 555.366 457.8 407.329 387.616 356.242 140.961 126.357 17.8932 108.463 97.5664 76.415 34.4157 21.1513 75.7472 27.6295 50.4709 215.281 174.695 130.519 34.2347 44.1758 96.2841 41.9993 2113.39 1265.53 414.897 850.628 308.383 291.765
internal_count=19884 3872 3249 2780 2672 2476 868 734 140 594 623 462 203 161 419 153 469 1608 1373 944 236 429 708 259 16012 9350 3513 5837 2067 1953
is_linear=0
shrinkage=0.04


Tree=106
num_leaves=31
num_cat=0
split_feature=23 8 15 4 35 25 13 18 6 29 5 2 16 2 6 28 36 8 0 8 16 36 16 31 0 36 0 31 5 27
split_gain=6.78627 6.22601 6.50284 5.58303 4.76348 4.35973 6.6808 5.53781 5.59658 7.066 4.9249 6.25686 6.33241 6.36719 6.33676 6.93652 5.83583 7.20369 5.50313 6.22089 5.28021 4.65838 5.22827 4.54405 4.6675 8.42821 7.78037 6.90754 4.47415 12.219
threshold=1.0000000180025095e-35 7.5000000000000009 0.14145454764366153 0.86526721715927135 1.0000000180025095e-35 0.27500000596046453 1.0000000180025095e-35 5.5000000000000009 4.388237953186036 -0.37940952181816096 0.25452153384685522 655.50000000000011 153.49289703369143 774.50000000000011 5.5234570503234872 0.37940952181816107 1.4659474492073061 6.5000000000000009 6.1653625965118417 5.5000000000000009 41.773942947387702 0.49608606100082403 67.303970336914077 0.77608895301818859 7.1823449134826669 1.2305698394775393 6.8522284030914316 0.30384616553783422 0.11719909310340883 4.4420626163482675
decision_type=2 2 2 2 2 2 2 2 2 2 2 2 2 2 2 2 2 2 2 2 2 2 2 2 2 2 2 2 2 2
left_child=4 3 -3 -2 5 -1 10 8 9 -8 11 28 14 -14 20 21 18 -18 -12 -20 -13 -16 -23 24 26 -26 -10 -27 29 -7
right_child=1 2 -4 -5 -6 6 7 -9 23 -11 16 12 13 -15 15 -17 17 -19 19 -21 -22 22 -24 -25 25 27 -28 -29 -30 -31
leaf_value=-0.0021503324367970721 0.017925232526732206 -0.022956171837749065 0.0029839372777934778 0.0028113983637475205 0.01240878667384397 -0.020419010693160641 0.030723613661418719 0.013297501508070894 -0.0032796502074404709 -0.012731028299440268 0.013562023619869497 0.0096195271999202654 0.0081994912782737631 -0.033187843853389 -0.0090095148991147702 0.042753811159223228 -0.0082351873899002802 0.03419785397435389 0.0041853929396161111 -0.017991807478803034 -0.011476333649833772 0.0086043815230937362 0.033710215282676738 -0.026650898951575127 0.021769265852805645 -0.020857330814618626 -0.030572875410980305 0.016963876403803833 0.0037355033216091363 0.014850649627771757
leaf_weight=1488.3413094505668 85.674045231193304 16.372344315052032 95.779184848070145 72.166396982967854 42.18536277487874 42.270108256489038 10.901327483356001 20.958041679114103 43.753891307860613 9.5931010246276838 15.175174549221991 115.35634629428387 11.978777810931208 8.7247014418244344 10.689638458192347 15.990597479045389 11.160228554159405 11.265958510339258 28.319502536207438 63.629297729581594 20.894782416522503 37.273127648979425 20.500320322811604 21.728915110230446 18.985237337648869 24.515412464737892 25.607288707047701 9.1788075603544694 222.7883157171309 22.610902272164822
leaf_count=12366 580 98 502 354 407 304 67 225 318 61 77 645 88 59 80 98 72 56 149 373 127 224 138 163 144 163 191 57 1402 163
internal_value=0 0.00606671 -0.00113876 0.0111367 -0.000603341 -0.000849139 0.0014455 -0.00522904 -0.00772432 0.0110598 0.00333269 0.00504133 0.00976181 -0.0106288 0.0117528 0.0202565 -0.00361588 0.0141361 -0.00752319 -0.0112177 0.00626515 0.0139376 0.0183428 -0.010517 -0.00726103 0.00170866 -0.0139304 -0.0101811 0.00103992 -0.00805107
internal_weight=0 269.992 112.152 157.84 2374.38 2332.19 843.85 185.222 164.264 20.4944 658.628 529.078 241.408 20.7035 220.705 84.4537 129.55 22.4262 107.124 91.9488 136.251 68.4631 57.7734 143.77 122.041 52.6795 69.3612 33.6942 287.669 64.881
internal_count=19751 1534 600 934 18217 17810 5444 1389 1164 128 4055 3328 1459 147 1312 540 727 128 599 522 772 442 362 1036 873 364 509 220 1869 467
is_linear=0
shrinkage=0.04


Tree=107
num_leaves=31
num_cat=0
split_feature=1 32 30 15 34 27 27 12 6 36 22 0 13 6 27 4 4 20 5 27 34 15 3 5 30 0 16 5 36 27
split_gain=7.23855 7.43078 6.46138 9.03066 7.15202 6.2258 5.43518 4.49779 6.0012 5.1277 8.89665 9.2024 4.97589 9.32415 4.78237 4.72634 6.8818 6.3041 6.2283 5.70506 7.78328 6.19782 4.55786 5.85355 5.8544 4.44883 4.40142 5.00052 5.58082 4.9058
threshold=3.5000000000000004 26.500000000000004 3.2769666910171513 0.39333333075046545 50.500000000000007 3.587676048278809 4.1549687385559091 1.0000000180025095e-35 5.2907860279083261 0.81740099191665661 0.10918604582548143 6.8936436176300058 1.0000000180025095e-35 5.9229171276092538 4.5255854129791269 0.88686734437942516 0.7696528732776643 0.25690476596355444 0.40652024745941168 4.2217109203338632 3.5000000000000004 0.25690476596355444 1.5000000000000002 0.14890071749687198 1.0000000180025095e-35 6.9994120597839364 85.485794067382827 0.1280537545681 1.6937969923019411 4.724285602569581
decision_type=2 2 2 2 2 2 2 2 2 2 2 2 2 2 2 2 2 2 2 2 2 2 2 2 2 2 2 2 2 2
left_child=1 2 4 5 7 -4 -7 9 -9 -1 14 -12 15 25 -11 16 18 -17 -13 20 -18 -22 23 24 -10 -14 -21 -28 29 -29
right_child=-2 -3 3 -5 -6 6 -8 8 22 10 11 12 13 -15 -16 17 19 -19 -20 26 21 -23 -24 -25 -26 -27 27 28 -30 -31
leaf_value=-0.0031414552586748485 0.010545432879025112 0.015610718952633509 -0.038656590351536554 0.0046168433052646198 0.02801275811753692 0.01459750964030381 -0.024536028824598918 -0.0036596592001155825 0.031749706595391801 -0.032096712216878917 0.012458300072869449 0.011810429664742852 -0.025174954298038444 -0.019366031747061977 0.0022400404781709998 0.0037490481439893825 -0.0042410401682472457 0.025424257652701638 -0.013916343181926995 -0.010384210828985838 0.015611080012536764 -0.0107329725463652 0.026607754233636826 -0.01583095543341136 0.0043418728930019962 0.001283385334130159 0.024859165869929426 -0.021080664731004929 0.014315265177637107 0.0070012748909583323
leaf_weight=1011.5258539579809 97.508793190121651 43.272867403924465 20.839910566806793 27.801220785826445 12.09672602266073 8.7818009518086928 10.246293611824511 64.147804692387581 15.387786008417605 18.037613946944479 104.15950642898679 98.216875400394201 8.8748518563806993 53.933876924216747 9.2327436842024309 298.32926283404231 137.7706259675324 21.262147188186646 15.984283275902269 175.38354954868555 73.694933716207743 16.111866094172001 23.49883110076189 13.225924164056776 47.003161676228046 154.59370998293161 10.177639473229645 26.207718528807163 17.953289479017258 14.141833283007143
leaf_count=7955 712 486 185 298 75 73 64 400 106 162 589 612 61 445 74 2300 932 131 92 1152 538 103 120 92 338 1168 94 204 109 106
internal_value=0 -0.000451087 -0.000740363 -0.0127519 -0.000397207 -0.0245056 -0.00680461 -0.000561632 0.00580993 -0.0010255 0.000683507 0.00120159 0.000136882 -0.00526895 -0.0211128 0.00144391 -0.000693292 0.00534023 0.00803201 -0.0028319 0.00171843 0.0107539 0.0118898 0.0067483 0.0118778 -0.000439986 -0.00705776 0.00151444 -0.00325005 -0.0113726
internal_weight=0 2551.89 2508.62 67.6692 2440.95 39.868 19.0281 2428.86 163.264 2265.59 1254.07 1226.8 1122.64 217.402 27.2704 905.234 585.643 319.591 114.201 471.441 227.577 89.8068 99.1157 75.6169 62.3909 163.469 243.864 68.4805 58.3028 40.3496
internal_count=19776 19064 18578 620 17958 322 137 17883 1056 16827 8872 8636 8047 1674 236 6373 3942 2431 704 3238 1573 641 656 536 444 1229 1665 513 419 310
is_linear=0
shrinkage=0.04


Tree=108
num_leaves=31
num_cat=0
split_feature=1 20 15 14 16 13 16 28 22 2 4 27 27 4 30 22 29 0 0 2 10 4 2 25 36 0 29 26 36 4
split_gain=8.44354 5.69439 7.66198 5.48735 4.55374 5.34047 5.08946 8.36745 6.052 4.83165 5.25366 5.00661 6.48953 5.5103 6.49632 5.8036 4.47254 7.64033 6.17328 5.82089 4.32092 5.29618 4.21692 5.14429 4.25781 4.20043 4.1806 5.60209 6.24617 4.49329
threshold=3.5000000000000004 0.69055554270744335 0.33224999904632574 1.2424533367156985 11.941490650177004 1.5000000000000002 58.355327606201179 0.91597560048103344 0.098082788288593306 702.50000000000011 0.92388182878494274 4.5895485877990732 4.4206461906433114 0.77180543541908275 3.1567740440368657 0.36624999344348913 0.60355338454246532 7.0084948539733896 6.5161657333374032 673.50000000000011 1.0000000180025095e-35 0.9071485996246339 508.50000000000006 0.23499999940395358 0.88135138154029857 7.3562746047973642 0.91597560048103344 1.0000000180025095e-35 1.799444377422333 0.89175492525100719
decision_type=2 2 2 2 2 2 2 2 2 2 2 2 2 2 2 2 2 2 2 2 2 2 2 2 2 2 2 2 2 2
left_child=1 4 25 -2 5 9 7 16 -8 10 11 12 13 -1 15 -15 -6 18 -18 -20 21 -13 24 -24 -14 -3 27 29 -29 -11
right_child=3 2 -4 -5 6 -7 8 -9 -10 26 -12 20 22 14 -16 -17 17 -19 19 -21 -22 -23 23 -25 -26 -27 -28 28 -30 -31
leaf_value=0.010283163139880477 0.013945998642669793 0.0067372963759416669 0.019583234430310691 -0.011682793949679044 -0.0060657720088898928 0.025911314376101058 -0.016552251138036437 0.01791306852008891 -0.00064576439160345968 -0.0042805992579675774 -0.0096944700694106909 -0.011622779563830185 0.0079421233551964284 -0.0023106383669120305 -0.031023274687967058 0.019528781250902755 -0.020333521825491127 -0.029782065868393142 0.028403955331751388 -0.012793788657501998 0.0072618586146680391 0.011707247478245702 -0.0069348793187322955 0.017922363833234214 0.039966633789261005 -0.031287254211273402 0.019190932048729969 0.0127508606358558 -0.015207637729877987 0.006300552399162389
leaf_weight=65.195824343711138 91.419023565948009 8.4966281875967962 42.760154537856579 14.039097934961317 278.83569480851293 10.910024881362913 38.172754231840372 18.565086919814348 813.38130300492048 183.4849163107574 111.90994055569172 133.01772134378552 14.781564313918354 376.28039986267686 10.044760946184395 18.531550295650959 16.530364867299795 35.849161613732576 10.897406980395319 7.984427958726882 30.043912559747696 15.974086962640284 26.833976820111275 23.008062854409218 12.273119695484636 6.9341096170246592 23.647376254200935 108.4893097653985 12.756239295005797 96.228078864514828
leaf_count=403 630 95 518 137 2165 92 381 138 6406 1178 892 942 106 2643 61 106 119 298 81 57 140 141 201 139 82 78 147 653 73 717
internal_value=0 -0.00106605 0.0110938 0.0103802 -0.00135847 0.000315012 -0.00310257 -0.00701587 -0.00139592 5.31858e-05 -0.00170768 -0.000453276 0.00145037 -0.000330038 -0.00208128 -0.00119229 -0.00843205 -0.0172726 -0.00369368 0.0114261 -0.00622063 -0.00899952 0.0120661 0.00478846 0.0242209 -0.0119791 0.00351971 0.0025048 0.0096103 -0.000621538
internal_weight=0 2551.82 58.1909 105.458 2493.63 1273.41 1220.22 368.662 851.554 1262.5 837.895 725.985 546.949 470.053 404.857 394.812 350.097 71.2614 35.4122 18.8818 179.036 148.992 76.8967 49.842 27.0547 15.4307 424.606 400.959 121.246 279.713
internal_count=19819 19052 691 767 18361 8716 9645 2858 6787 8624 5856 4964 3741 3213 2810 2749 2720 555 257 138 1223 1083 528 340 188 173 2768 2621 726 1895
is_linear=0
shrinkage=0.04


Tree=109
num_leaves=31
num_cat=0
split_feature=25 7 1 16 17 1 4 29 20 2 2 2 22 5 16 16 13 29 0 16 5 36 25 2 0 36 22 2 4 21
split_gain=8.55961 7.19173 6.11416 5.89178 5.35661 5.58615 4.5203 7.47376 3.51258 5.10525 8.16267 7.24756 5.42277 6.10475 4.74229 7.01586 4.63213 5.44344 5.27485 6.80151 5.94814 7.06008 9.15721 5.63654 4.88875 6.41042 4.88083 7.45567 8.3395 6.67862
threshold=0.34999999403953558 1.0000000180025095e-35 1.5000000000000002 156.94763183593753 1.5000000000000002 2.5000000000000004 0.9543166756629945 1.0000000180025095e-35 0.41083332896232611 743.50000000000011 623.50000000000011 477.50000000000006 0.43935896456241613 0.19854699820280078 16.558975219726566 51.002647399902351 1.0000000180025095e-35 0.60355338454246532 7.2341706752777108 89.189807891845717 0.14370413869619372 1.4209429621696474 0.23499999940395358 681.50000000000011 7.8617253303527841 1.4775957465171816 0.22083333134651187 497.50000000000006 0.89033380150794994 1.5000000000000002
decision_type=2 2 2 2 2 2 2 2 2 2 2 2 2 2 2 2 2 2 2 2 2 2 2 2 2 2 2 2 2 2
left_child=1 4 3 -2 6 -6 -1 -8 16 10 11 -10 13 -13 -11 -16 24 18 19 -18 21 22 -20 -21 25 26 -3 -28 29 -29
right_child=2 8 -4 -5 5 -7 7 -9 9 14 -12 12 -14 -15 15 -17 17 -19 20 23 -22 -23 -24 -25 -26 -27 27 28 -30 -31
leaf_value=-0.0022969449865802676 -0.0024819791584670798 0.0031290339906727945 0.016070132707768994 0.028760846087092881 -0.022188247806524137 0.016014853664095621 0.032260045290156109 -0.012290281805413852 0.021691905970438553 0.01218011393471144 0.025906373381043808 -0.010048319569184129 -0.018757544114711776 0.025005812788666509 -0.0253202228095285 0.0059917963039934075 -0.01859799341403719 0.0095317072676916331 -0.012930204725901083 0.014194916041951142 0.014629172699135136 -0.025943532616744116 0.034748078145553793 -0.016376244200820803 -0.0074449360874936131 0.012765624563230122 0.013210635371642004 -0.0033213600481271045 0.016935083342535934 -0.027682314977694671
leaf_weight=1010.8787838816643 77.995883632451296 708.58872763812542 91.954131208360195 8.988035209476946 35.33389363437891 5.8284048549830905 13.347508125007154 8.5246262326836568 22.504862628877163 23.067904349416494 41.194097992032766 15.141016833484175 22.01358251273632 13.06814546138048 20.538260988891125 22.022406570613384 78.496345151215792 37.202482793480158 14.45833979919553 22.289673071354628 30.160997048020363 17.520463354885578 8.681676544249056 14.03560323640704 74.563618078827858 95.795614719390869 23.543151214718819 33.688932694494724 12.381564103066919 38.259363994002342
leaf_count=9085 517 4387 687 58 387 58 129 80 147 239 322 81 194 62 187 163 516 236 114 148 174 118 50 91 432 501 125 178 67 193
internal_value=0 -2.00581e-05 0.00899387 0.00132021 -0.00247582 -0.0162874 -0.00189492 0.0153217 0.00187916 0.0070684 0.0121175 0.00382287 -0.00470835 0.00677122 -0.0017952 -0.00957653 0.00109853 -0.00408636 -0.0068879 -0.0121115 0.00168106 -0.00815911 0.00629904 0.00214446 0.00227529 0.00308432 0.00191999 -0.00593425 -0.0114613 -0.0166739
internal_weight=0 2463.13 178.938 86.9839 1073.91 41.1623 1032.75 21.8721 1389.22 179.55 113.922 72.7276 50.2227 28.2092 65.6286 42.5607 1209.67 222.846 185.643 114.822 70.8215 40.6605 23.14 36.3253 986.821 912.257 816.462 107.873 84.3299 71.9483
internal_count=19726 18464 1262 575 9739 445 9294 209 8725 1395 806 484 337 143 589 350 7330 1447 1211 755 456 282 164 239 5883 5451 4950 563 438 371
is_linear=0
shrinkage=0.04


Tree=110
num_leaves=31
num_cat=0
split_feature=1 25 15 4 0 29 27 21 0 30 3 27 14 0 4 36 27 29 14 0 27 0 28 16 16 27 36 13 13 4
split_gain=6.72462 5.80989 5.73949 5.52295 5.0122 4.87221 6.42188 4.72443 7.46827 4.96037 4.4002 5.73223 5.44525 5.09915 6.15259 9.73869 6.50501 6.77248 5.24162 7.32503 6.03851 4.97919 5.44899 4.39563 4.32319 8.56254 6.9243 10.7693 8.20252 8.68269
threshold=3.5000000000000004 0.17500000447034839 0.59397727251052868 0.96481129527091991 6.0062773227691659 0.12940952181816107 4.3726072311401376 22.500000000000004 7.3562746047973642 3.8815106153488164 3.5000000000000004 5.0009214878082284 0.89587974548339855 6.716576576232911 0.82384765148162853 0.63401335477828991 3.9731177091598515 1.0000000180025095e-35 1.2424533367156985 7.3877043724060067 4.6195659637451181 6.8936436176300058 1.0000000180025095e-35 51.78228950500489 1.3796312808990481 3.4226313829422002 1.0067390799522402 1.5000000000000002 1.0000000180025095e-35 0.91294410824775707
decision_type=2 2 2 2 2 2 2 2 2 2 2 2 2 2 2 2 2 2 2 2 2 2 2 2 2 2 2 2 2 2
left_child=1 3 7 4 -1 6 23 9 -9 10 11 24 -13 14 15 16 -12 -18 19 20 21 -15 -23 -2 -3 -26 -27 28 29 -28
right_child=5 2 -4 -5 -6 -7 -8 8 -10 -11 13 12 -14 18 -16 -17 17 -19 -20 -21 -22 22 -24 -25 25 26 27 -29 -30 -31
leaf_value=0.012233120265746085 0.0023867679748161021 0.001232100280892754 0.021969013837035426 -0.032660873724551308 -0.0039119668812730816 0.020805956830341647 -0.016188470896285098 0.006426353508444828 -0.043212191315634078 0.019513586915879573 -0.0042917211279154153 0.014064518984492808 -0.0077548553529381012 0.043499061931799421 -0.015414916594293948 -0.0098230727243124438 0.037225078444598776 0.0016991580939858086 -0.010656739516971834 -0.0045602387068330291 -0.0010390663295551342 0.026176103137100119 -0.0046157528425024687 0.028844320809260662 -0.018235780257275309 -0.0053044310026297689 0.0033274058271879452 0.031214255205869259 -0.0087572309708157051 0.038479470566115413
leaf_weight=30.315227933228016 32.232894312590361 686.5730218142271 17.950849208980799 8.3506134152412397 675.19038349762559 37.91369865462184 18.090309847146273 8.5301788076758402 8.0170392356812936 19.922853052616119 17.081240769475698 74.135421644896269 22.65937727317214 17.774857506155968 29.910654105246067 39.803456801921129 23.015204168856144 13.375007934868334 13.539763923734425 23.452315025031567 16.143064416944981 29.502029471099377 12.231076903641222 12.875072110444306 53.811512000858784 404.98950356245041 167.07653418555856 17.857523918151855 93.876054629683495 10.104108974337576
leaf_count=240 246 4398 206 94 6001 273 122 99 96 207 90 474 180 95 163 218 124 71 76 121 81 152 66 97 442 3264 1140 140 670 77
internal_value=0 -0.000567395 0.000631975 -0.00362069 -0.0031856 0.00985316 0.00284572 0.000395485 -0.0196896 0.000603291 0.000368246 -0.000417505 0.00890308 0.00543023 -0.000216577 0.00487839 0.0157816 0.0249365 0.0115016 0.0146798 0.0206082 0.0263234 0.0173533 0.0108425 -0.00105804 -0.00315858 -0.00194032 0.00277943 0.000691201 0.00573916
internal_weight=0 2535.19 1821.33 713.856 705.506 101.112 63.1983 1803.38 16.5472 1786.83 1766.91 1531.08 96.7948 235.829 123.186 93.2749 53.4715 36.3902 112.643 99.1033 75.651 59.508 41.7331 45.108 1434.29 747.715 693.904 288.914 271.057 177.181
internal_count=19723 18985 12650 6335 6241 738 465 12444 195 12249 12042 10785 654 1257 666 503 285 195 591 515 394 313 218 343 10131 5733 5291 2027 1887 1217
is_linear=0
shrinkage=0.04


Tree=111
num_leaves=31
num_cat=0
split_feature=25 1 22 7 15 5 5 16 20 23 22 2 2 5 5 31 5 2 0 0 30 34 32 2 27 26 22 0 0 4
split_gain=6.94086 5.0355 5.39889 5.03286 4.7012 5.64602 4.6215 6.72687 4.94769 5.16925 4.57866 4.31176 9.43088 6.50351 6.27321 4.242 4.16128 3.79849 5.46323 6.54302 3.66439 7.05723 4.90344 4.55069 4.50941 4.41402 4.21457 3.99384 9.3538 6.81229
threshold=0.34999999403953558 1.5000000000000002 0.18279032409191134 0.67499998211860668 0.59397727251052868 0.072180762887001051 0.27285698056221014 26.440485000610355 0.33224999904632574 1.0000000180025095e-35 0.27708333730697637 533.50000000000011 655.50000000000011 0.1775033846497536 0.18615451455116275 0.17914438992738727 0.12295749410986902 354.50000000000006 7.255584955215455 7.5786535739898691 3.2384861707687382 50.500000000000007 16.500000000000004 759.50000000000011 3.8010908365249638 1.0000000180025095e-35 0.46048913896083837 5.8748321533203134 6.0062773227691659 0.85850352048873912
decision_type=2 2 2 2 2 2 2 2 2 2 2 2 2 2 2 2 2 2 2 2 2 2 2 2 2 2 2 2 2 2
left_child=3 2 -2 4 5 -1 8 -8 9 10 11 -5 14 16 -13 -3 -14 18 -7 -20 21 27 26 25 -25 -24 -22 -19 29 -29
right_child=1 15 -4 6 -6 17 7 -9 -10 -11 -12 12 13 -15 -16 -17 -18 20 19 -21 22 -23 23 24 -26 -27 -28 28 -30 -31
leaf_value=0.028722644042277402 0.015012958349782238 0.0060720331670620397 -0.0060804713793428137 -0.0052907406969598982 0.018761740171371787 -0.019472106632855798 -0.020317116381467364 0.0080529649034447124 0.02367306906279339 0.025162531514021737 -0.011332496341732072 0.032321020562928161 0.0063894785684486446 0.016282652810197147 0.00059757900790681094 0.023253568075845221 -0.016902770527884352 -0.012373008113506412 0.02322012794697793 -0.014858593479302998 -0.0061698014224546606 0.029725981357112529 0.016737079039695665 -0.022855953452305903 0.011902225188826008 -0.01620191742726931 -0.039379734494320945 0.032367864154530926 -0.0013324571464161539 -0.0052555636844846855
leaf_weight=7.7963161282241336 25.849326476454735 55.943294361233711 62.107526313513517 43.610181324183941 16.332991793751717 41.93057919293642 25.365196887403727 24.552616737782955 22.539883878082037 15.907289899885653 29.631625287234783 31.855651803314686 18.377832993865013 24.297157675027847 14.246954679489134 39.570982329547405 30.415269330143929 48.403312847018242 11.933779541403057 13.059909917414187 12.627467509359123 9.8365362435579282 21.55746835842729 20.574116818606857 6.699683215469121 7.2058540992438784 11.719384972006081 20.837357971817259 1912.3449520878494 10.866088934242724
leaf_count=65 180 312 400 218 175 353 165 133 114 74 145 156 93 106 63 388 145 365 91 98 86 59 208 195 64 64 92 132 14903 100
internal_value=0 0.00726153 0.00031456 -0.000763297 -0.0014152 -0.00158519 0.00425756 -0.00659031 0.00663938 0.00458899 0.00264698 0.00529802 0.0091956 0.00013961 0.0229501 0.0135212 -0.00822364 -0.00172171 -0.0109634 0.00369624 -0.00141451 -0.0010732 -0.00968381 -0.00288224 -0.0140879 0.00796828 -0.0239313 -0.0012549 -0.000965652 0.0199261
internal_weight=0 183.471 87.9569 2454.53 2173.73 2157.39 280.8 49.9178 230.882 208.342 192.435 162.803 119.193 73.0903 46.1026 95.5143 48.7931 2149.6 66.9243 24.9937 2082.67 2002.29 80.384 56.0371 27.2738 28.7633 24.3469 1992.45 1944.05 31.7034
internal_count=19742 1280 580 18462 17050 16875 1412 298 1114 1000 926 781 563 344 219 700 238 16810 542 189 16268 15559 709 531 259 272 178 15500 15135 232
is_linear=0
shrinkage=0.04


Tree=112
num_leaves=31
num_cat=0
split_feature=36 23 4 4 2 36 2 7 22 27 27 6 22 6 16 0 36 34 16 6 27 16 16 28 2 6 5 16 14 30
split_gain=7.318 5.38875 5.49512 4.40791 6.12564 6.73173 3.68343 4.03105 4.05811 4.8683 4.22976 3.65429 8.9153 5.18706 4.75892 3.59668 3.45637 5.81856 10.2388 6.26919 5.98895 6.40251 5.84904 5.64293 6.72062 4.65918 4.43455 4.2956 4.24364 5.85485
threshold=0.216337725520134 1.0000000180025095e-35 0.67251640558242809 0.93883934617042553 465.50000000000006 0.99038767814636242 990.50000000000011 1.0000000180025095e-35 0.19014285504817965 4.083451747894288 3.4388129711151127 5.1789667606353769 0.20726351439952853 4.7833075523376474 90.760395050048842 7.8845748901367196 1.7154432535171511 3.5000000000000004 16.558975219726566 5.8593597412109384 3.620332002639771 78.28824615478517 22.039302825927738 0.78656607866287243 883.50000000000011 6.1789803504943857 0.26974222064018255 55.65727615356446 0.89587974548339855 3.2384861707687382
decision_type=2 2 2 2 2 2 2 2 2 2 2 2 2 2 2 2 2 2 2 2 2 2 2 2 2 2 2 2 2 2
left_child=-1 3 -3 16 5 -5 7 11 9 -9 -10 13 14 -4 -13 -6 28 19 -19 20 -18 22 26 24 25 27 -22 -20 29 -2
right_child=1 2 6 4 15 -7 -8 8 10 -11 -12 12 -14 -15 -16 -17 17 18 23 -21 21 -23 -24 -25 -26 -27 -28 -29 -30 -31
leaf_value=-0.024102855934876655 0.00084481176320942502 0.024275602617726065 -0.003806244408318405 0.036573636735604861 -0.014683019751077843 -0.012447237014225062 0.024430360949341822 -0.019484852915769117 0.034453852553039017 0.0075605453184769533 0.0084262444013755919 0.023047499126451761 -0.022749111708086592 0.023516195892639768 -0.0074529080727676333 0.0093926488137495746 0.025186009116482683 0.027036130262177615 -0.016064354827460457 -0.019651924895614556 0.0036527252042787852 0.026028543546556499 -0.030806279460872634 0.028649431975377698 -0.026996771950121526 0.021803750648979329 -0.020810574570387801 0.0054894317467092122 -0.0037237452915115576 -0.014727128341772117
leaf_weight=18.222837679088116 1367.4720430485904 20.685724973678589 32.636937759816647 7.6005547344684583 85.109145976603031 6.9698355533182621 10.957595858722923 15.247422419488428 10.066366903483866 25.983951717615128 74.525239296257496 13.019191399216654 33.640088245272636 14.525182418525217 16.424023106694221 9.8341296091675741 13.579656600952147 37.241818178445101 19.280173923820257 23.988733176141977 60.289773732423782 9.8346569165587407 10.373564250767229 10.105733439326285 11.114674925804136 16.047138080000877 12.64843739569187 46.596167951822281 553.28273971006274 37.755156517028809
leaf_count=155 10069 184 166 68 694 55 76 68 98 121 378 72 192 72 97 68 80 268 154 183 387 59 77 73 85 138 63 315 4833 317
internal_value=0 5.24498e-05 0.00540639 -0.000564401 -0.00832538 0.0144521 0.00364403 0.00248205 0.00732312 -0.00287961 0.0122478 -0.00307509 -0.00924873 0.00522298 0.00664189 -0.012047 -0.000176079 0.00404 0.00963667 -0.00202539 0.00222513 -0.00158135 -0.00537439 0.00295953 -0.000375065 0.00379403 -0.00103172 -0.00110623 -0.000763202 0.000406094
internal_weight=0 2606.84 267.712 2339.12 109.514 14.5704 247.026 236.068 125.823 41.2314 84.5916 110.245 63.0833 47.1621 29.4432 94.9433 2229.61 271.101 140.386 130.715 106.726 93.1464 83.3118 103.144 93.0382 81.9235 72.9382 65.8763 1958.51 1405.23
internal_count=19665 19510 1524 17986 885 123 1340 1264 665 189 476 599 361 238 169 762 17101 1882 1033 849 666 586 527 765 692 607 450 469 15219 10386
is_linear=0
shrinkage=0.04


Tree=113
num_leaves=31
num_cat=0
split_feature=25 3 1 36 31 31 28 27 9 27 0 0 2 2 4 29 3 34 27 2 27 5 36 7 27 2 2 20 27 18
split_gain=5.39662 5.32952 5.32494 6.12026 8.10297 5.67522 8.32533 6.10769 5.29199 5.09387 4.91486 7.26028 4.55 4.52466 4.52006 4.13785 6.97107 5.23177 4.43295 5.63835 5.28048 6.09255 5.83765 4.93239 4.4312 3.96664 9.4335 4.0154 5.27787 4.53991
threshold=0.17500000447034839 3.5000000000000004 2.5000000000000004 0.41369070112705236 0.9110350012779237 0.7793162763118745 -0.6035533845424651 3.587676048278809 1.0000000180025095e-35 5.0009214878082284 7.5315487384796151 6.8090240955352792 825.50000000000011 838.50000000000011 0.96481129527091991 0.91597560048103344 2.5000000000000004 39.500000000000007 4.0404160022735605 907.50000000000011 4.0595800876617441 0.40652024745941168 2.5961122512817387 0.42499999701976782 4.1994547843933114 513.50000000000011 500.50000000000006 0.25690476596355444 4.6506214141845712 1.0000000180025095e-35
decision_type=2 2 2 2 2 2 2 2 2 2 2 2 2 2 2 2 2 2 2 2 2 2 2 2 2 2 2 2 2 2
left_child=14 2 -2 8 5 7 -7 13 -4 10 11 -3 -13 -5 15 17 24 18 19 -1 -20 22 25 -21 -17 26 27 28 29 -22
right_child=1 9 3 4 -6 6 -8 -9 -10 -11 -12 12 -14 -15 -16 16 -18 -19 20 23 21 -23 -24 -25 -26 -27 -28 -29 -30 -31
leaf_value=-0.0099537405382024626 -0.00041329925068999188 0.0040454466866670638 0.0074887717788381372 0.041638601056347681 0.029931503683179744 -0.038572158356716332 0.0084786300481256311 0.0041286039774944029 -0.029308235324000623 -0.013241133662018872 -0.010633057925960785 0.023158892855478421 0.00041881816028882849 0.010011890052067998 -0.028659846371090564 0.014797912476368427 0.032607594177036507 0.01896950629701331 0.02514313673157131 -0.0063120318275676933 0.014202810616453135 -0.02962937598742145 0.026050213500794693 0.031199308548856334 -0.017055254548683226 -0.0039952288258983072 0.039399493035455632 0.021347460264971946 -0.016581594604495986 -0.0094193633054709732
leaf_weight=207.07821977511048 1390.1291344054043 139.45712567865849 9.9931024722754955 11.050178661942484 21.720596309751272 9.1929560899734515 11.766617033630608 164.37659217789769 12.19921650364995 17.352604612708092 18.850489512085915 70.132652267813683 17.584780525416136 20.312229320406914 8.518612112849949 11.094269115477802 12.381700877100227 15.072619419544933 9.9013096764683706 10.710540097206833 30.536097899079323 10.293544612824915 10.352185223251579 8.6306598111987096 13.032245509326456 320.64891611412168 9.3947875462472421 10.921977102756498 26.292143560945988 19.92785257101059
leaf_count=1856 9959 771 51 71 203 91 125 1033 105 92 126 379 116 149 101 105 79 115 86 95 265 71 82 45 141 2834 83 75 263 229
internal_value=0 0.00141952 0.00057296 0.00579685 0.00768932 0.00520656 -0.0137204 0.00735152 -0.0134894 0.00668111 0.0081817 0.00982209 0.0187111 0.0229833 -0.00260861 -0.00222519 0.0105521 -0.00293002 -0.00347388 -0.00801014 -0.00115723 -0.00186276 -0.0010604 0.0117819 -0.00239645 -0.0018532 0.00516013 0.000694486 -0.00271181 0.00487111
internal_weight=0 1914.12 1650.74 260.611 238.419 216.699 20.9596 195.739 22.1923 263.378 246.025 227.175 87.7174 31.3624 734.788 726.269 36.5082 689.761 674.688 226.419 448.269 438.368 428.074 19.3412 24.1265 417.722 97.0729 87.6781 76.7561 50.464
internal_count=19796 13271 11787 1828 1672 1469 216 1253 156 1484 1392 1266 495 220 6525 6424 325 6099 5984 1996 3988 3902 3831 140 246 3749 915 832 757 494
is_linear=0
shrinkage=0.04


Tree=114
num_leaves=31
num_cat=0
split_feature=36 10 13 6 5 0 12 6 0 17 0 6 6 0 34 0 5 36 32 16 4 31 26 13 21 31 34 4 4 16
split_gain=4.646 4.14849 8.1811 5.99755 7.39713 5.83656 5.14613 4.70873 4.68863 4.53679 6.33447 7.12237 3.99447 4.60507 4.47214 5.09293 4.09632 4.02445 3.98993 6.70951 3.95648 3.61763 6.77295 4.01202 3.5764 6.32134 6.28079 4.81821 4.51381 5.60095
threshold=0.216337725520134 1.0000000180025095e-35 1.5000000000000002 5.3008110523223886 0.27527342736721044 6.6795794963836679 1.0000000180025095e-35 5.4094088077545175 7.2341706752777108 1.5000000000000002 7.212287664413453 5.6542406082153329 6.2643496990203866 6.4393184185028085 5.5000000000000009 7.1356794834136972 0.32229721546173101 0.38429674506187445 1.0000000180025095e-35 1.9231573939323428 0.66450887918472301 0.24404761940240863 1.0000000180025095e-35 1.0000000180025095e-35 15.500000000000002 0.77842378616333019 44.500000000000007 0.70091852545738231 0.83975598216056835 23.59968185424805
decision_type=2 2 2 2 2 2 2 2 2 2 2 2 2 2 2 2 2 2 2 2 2 2 2 2 2 2 2 2 2 2
left_child=-1 6 3 4 8 -6 9 -8 -3 20 -11 -12 13 17 15 -14 21 -5 -10 -20 -2 23 -23 -15 27 28 -27 -22 29 -26
right_child=1 2 -4 12 5 -7 7 -9 18 10 11 -13 14 16 -16 -17 -18 -19 19 -21 24 22 -24 -25 25 26 -28 -29 -30 -31
leaf_value=-0.019410258725692724 0.0062787697613894515 0.015405786401900243 0.023789526184620033 -0.0029262251615161435 -0.028947111347471029 0.0047797477817207133 -0.0019455187851449424 0.011528671653204517 -0.0079133533730513898 -0.020697674309315777 0.030604149632160033 -0.0092623818226591943 0.016342575602984251 -0.0010962880481706814 0.024918344938026419 -0.017095810748226456 -0.019730155890514942 -0.034851190894353394 0.034441427146249322 -0.0033552029253376093 -0.014561593074906192 -0.0013832340414256215 0.029235740640953786 -0.023813616261120062 0.030327396291490467 -0.053921574009184868 -0.0020255048694646461 -0.00082887894121206685 -0.020811559901240662 -0.0072509048295513259
leaf_weight=18.081877894699574 110.43950859457254 104.4246611520648 27.497077859938145 11.957015547901394 13.023296978324653 17.052357546985149 70.735732652246952 96.687304154038429 32.526481196284294 42.328482747077942 8.2688326872885245 21.871015593409538 11.546626821160318 72.134275712072849 14.359933998435734 13.798586964607237 17.267614282667637 12.417785473167894 10.530853159725668 17.986908484250307 39.879226919263601 36.704194005578756 14.760895676910875 13.086012244224547 8.5047671012580413 7.3404924347996694 6.483188308775425 1733.4261157251894 11.470522463321684 14.565352056175469
leaf_count=160 826 494 325 58 57 102 439 631 150 423 62 195 61 354 125 68 131 62 70 90 269 240 82 68 60 59 67 13799 71 110
internal_value=0 -9.67146e-05 0.00343104 0.00196951 0.0070214 -0.0107189 -0.000815603 0.0058801 0.0103354 -0.00138013 -0.0110695 0.00289878 -0.00258396 -0.0051435 0.00860708 -0.00178104 -0.00246355 -0.0205999 0.00144819 0.0119445 -0.00100564 -2.91652e-05 0.00816384 -0.00505072 -0.00145366 -0.011967 -0.032915 -0.00115377 -0.00224063 0.00791653
internal_weight=0 2613.08 441.075 413.577 195.545 30.0757 2172 167.423 165.469 2004.58 72.4683 30.1398 218.033 178.328 39.7051 25.3452 153.953 24.3748 61.0442 28.5178 1932.11 136.685 51.4651 85.2203 1821.67 48.3643 13.8237 1773.31 34.5406 23.0701
internal_count=19708 19548 2537 2212 963 159 17011 1070 804 15941 680 257 1249 995 254 129 875 120 310 160 15261 744 322 422 14435 367 126 14068 241 170
is_linear=0
shrinkage=0.04


Tree=115
num_leaves=31
num_cat=0
split_feature=16 0 16 8 7 2 30 31 16 30 28 6 0 29 27 27 2 6 30 31 31 6 4 4 4 27 4 2 6 6
split_gain=5.26933 5.01499 4.66844 4.10513 4.01894 4.42188 4.48192 6.37929 4.28253 5.58417 3.94763 3.73245 3.87933 3.44689 3.34413 7.00041 3.30778 5.13151 4.11034 3.66969 6.53747 3.287 3.17254 3.98205 4.19971 9.32424 4.70374 5.51186 3.74831 10.9248
threshold=214.80000305175784 5.4202902317047128 199.18648529052737 6.5000000000000009 1.0000000180025095e-35 1151.5000000000002 1.7005987167358401 0.83405795693397533 180.36049652099612 1.4978661537170412 0.98296290636062633 6.4960203170776376 7.1115038394927987 -0.6035533845424651 4.354783535003663 3.9731177091598515 772.50000000000011 5.9309172630310067 3.8815106153488164 0.76833632588386547 0.47407408058643347 6.1366460323333749 0.9543166756629945 0.93250548839569103 0.90827807784080516 3.9936026334762578 0.9095045030117036 845.50000000000011 4.9015574455261239 4.9452011585235605
decision_type=2 2 2 2 2 2 2 2 2 2 2 2 2 2 2 2 2 2 2 2 2 2 2 2 2 2 2 2 2 2
left_child=1 -1 4 -2 5 6 8 16 10 -10 22 -6 -13 -5 15 -4 18 19 -8 20 -18 -11 23 24 28 -26 -27 -28 -3 -30
right_child=3 2 14 13 11 -7 7 -9 9 21 -12 12 -14 -15 -16 -17 17 -19 -20 -21 -22 -23 -24 -25 25 26 27 -29 29 -31
leaf_value=-0.028196828402732139 0.025827167923033616 -0.0063704317312227119 -0.023138817590794687 -0.018933960601164142 0.00078448136329744341 0.022213109113792266 -0.010919692800007057 0.015316734483027799 -0.0117920209162056 0.0077420457005320633 -0.021610793402329968 0.027411412099144161 0.00012736927211629101 0.012352201783588259 -0.028134450705909652 0.017844486416208158 -0.021637856922049777 -0.042349338111951552 0.013660478809949509 -0.02862391336752319 0.023627353122781549 0.048616475406962005 0.013130717492635611 -0.012695064569351102 -0.012387843926613722 0.040748992711206015 0.004677120710522095 0.038162599360008105 0.035091113357757331 -0.0012246612172572857
leaf_weight=8.5099731497466546 19.589615058153868 233.11370291933417 12.077044859528543 7.0440837591886547 1401.6002277620137 9.8540936000645143 72.775895599275827 13.514192864298819 6.3168949298560628 6.8652038984000683 13.826850481331347 15.37257441878319 16.069004237651825 12.949553862214087 14.260975405573843 10.733805596828459 8.112551357597118 11.281630270183085 10.986220192164181 8.6662885248661023 8.3161544650793058 5.7033347859978676 21.295521643012762 48.924802638590336 27.329871062189341 7.7249696366488925 51.855152744799852 7.4474779926240435 11.598417166620491 521.40003702044487
leaf_count=57 124 1771 102 73 8877 70 713 76 65 63 121 105 126 118 124 90 81 102 76 53 52 65 201 458 290 83 548 61 96 4834
internal_value=0 -0.000621264 -0.000508407 0.0137319 -0.000297096 -0.0021055 -0.00236396 -0.00917308 -0.00140229 0.0165221 -0.00179483 0.00110074 0.0143088 0.000610157 -0.01423 -0.00396995 -0.0121336 -0.0219626 -0.00745238 -0.0103481 0.00135275 0.0304179 -0.00145473 -0.00182434 -0.00117825 0.00669773 0.0146131 0.00999023 -0.0021632 -0.000306177
internal_weight=0 2585.53 2577.02 39.5833 2539.95 1106.91 1097.06 133.653 963.402 18.8854 944.517 1433.04 31.4416 19.9936 37.0718 22.8109 120.139 36.3766 83.7621 25.095 16.4287 12.5685 930.69 909.394 860.47 94.3575 67.0276 59.3026 766.112 532.998
internal_count=19675 19360 19303 315 18987 9879 9809 1153 8656 193 8463 9108 231 191 316 192 1077 288 789 186 133 128 8342 8141 7683 982 692 609 6701 4930
is_linear=0
shrinkage=0.04


Tree=116
num_leaves=31
num_cat=0
split_feature=26 8 2 25 0 2 20 36 31 30 5 36 29 28 8 23 2 2 30 16 15 27 27 5 34 36 6 6 2 10
split_gain=5.14359 6.94727 6.67536 6.60215 4.9099 5.72916 6.69516 5.22671 4.91284 8.72815 5.85871 4.68993 4.59581 4.54799 8.67602 4.42541 5.64513 4.79203 4.46615 5.21934 4.37219 4.26208 6.16071 6.37472 5.93067 5.14814 4.8098 6.30969 6.03747 4.611
threshold=1.0000000180025095e-35 10.500000000000002 663.50000000000011 0.31000000238418585 7.8539912700653085 453.50000000000006 0.21374999731779101 1.1144746541976931 0.82626661658287059 3.3140207529067998 0.28621938824653631 1.7556618452072146 0.78656607866287243 -0.37940952181816096 5.5000000000000009 1.0000000180025095e-35 561.50000000000011 491.50000000000006 2.2499048709869389 23.59968185424805 0.21374999731779101 3.7943642139434819 4.2275631427764901 0.1342478543519974 7.5000000000000009 1.49129194021225 4.0517470836639413 5.3254430294036874 726.50000000000011 1.0000000180025095e-35
decision_type=2 2 2 2 2 2 2 2 2 2 2 2 2 2 2 2 2 2 2 2 2 2 2 2 2 2 2 2 2 2
left_child=1 3 -3 12 5 6 7 -2 9 21 -11 13 -1 14 -5 16 17 -15 20 -20 -18 24 29 -24 26 -25 -7 -28 -29 -23
right_child=4 2 -4 11 -6 8 -8 -9 -10 10 -12 -13 -14 15 -16 -17 18 -19 19 -21 -22 22 23 25 -26 -27 27 28 -30 -31
leaf_value=-0.0031621235541161486 -0.012223070852964518 -0.00027924591473347382 0.045572073004581583 0.023450937806248011 -0.0079273456454716888 0.010315171345471752 0.019972497422940765 0.020381309428067765 0.014267978544734088 -0.042437423692732457 0.0015862882882332866 0.016535679948190045 0.0037230791381268756 -0.0057695298224075325 0.0009539167175789989 0.019112414596315793 0.0086473620533100409 -0.037565457510722065 0.03655621790937584 -0.0085646677333474121 -0.014754155029061302 0.012604485015028056 0.0086255574243903881 -0.0062539683318144071 0.018529048081219687 0.013336726522594296 -0.0261835854521664 -0.013460352551699889 0.016118649834066166 -0.0050490680295696248
leaf_weight=1378.3585219196975 23.038732092827559 10.332792308181526 7.9482943043112746 34.741320792585611 61.616770721971989 15.799196172505615 63.979496605694294 9.4870824888348562 48.232792001217604 9.9995282143354434 7.8691330589354029 40.119502294808626 173.05548377335072 17.446256279945377 108.92688269913197 9.6892429292201978 19.221850004047155 12.72805208340287 7.8582661934196931 5.9473246447741985 30.842947624623775 143.38051303103566 95.034696642309427 173.52430341392756 12.81874420121312 22.553179301321507 31.096553768962622 28.644453942775726 15.304696101695297 27.145440362393856
leaf_count=10900 193 101 72 237 430 92 398 66 347 68 74 282 1366 120 744 63 138 89 72 59 172 1035 743 1135 73 129 201 218 120 123
internal_value=0 -0.00110266 0.0221842 -0.00135801 0.00274751 0.00367037 0.0126475 -0.00208332 0.00226267 0.00122437 -0.0248418 0.00419006 -0.0023903 0.00207151 0.00664135 -0.00426348 -0.00701969 -0.020683 -0.000132718 0.0184944 -0.00578235 0.00213297 0.00377882 0.000227606 -0.00512915 -0.0038887 -0.00879468 -0.0129812 -0.00290662 0.00976832
internal_weight=0 1857.22 18.2811 1838.94 789.525 727.909 96.5053 32.5258 631.403 583.17 17.8687 287.522 1551.41 247.402 143.668 103.734 94.0447 30.1743 63.8704 13.8056 50.0648 565.302 461.638 291.112 103.664 196.077 90.8449 75.0457 43.9492 170.526
internal_count=19860 14415 173 14242 5445 5015 657 259 4358 4011 142 1976 12266 1694 981 713 650 209 441 131 310 3869 3165 2007 704 1264 631 539 338 1158
is_linear=0
shrinkage=0.04


Tree=117
num_leaves=31
num_cat=0
split_feature=3 27 14 27 27 16 27 4 7 34 36 7 29 30 32 16 36 36 27 2 5 5 20 27 4 36 27 36 36 27
split_gain=6.96409 6.03853 5.16859 4.06665 4.63972 8.83944 6.74183 5.85283 5.02102 6.47545 5.61701 5.5814 5.26945 5.07173 4.79959 4.66666 4.60497 5.195 4.43518 4.42092 10.6323 4.49012 6.70209 6.38163 4.56193 4.34997 10.5917 6.35282 4.09874 4.09814
threshold=2.5000000000000004 5.2211663722991952 1.7005987167358401 3.6415249109268193 4.312810182571412 166.55635070800784 4.2275631427764901 0.86933740973472606 0.25000000000000006 5.5000000000000009 0.79628494381904613 0.75000000000000011 -0.6035533845424651 1.7005987167358401 6.5000000000000009 81.397632598876967 0.66885957121849071 0.91173902153968822 4.5824129581451425 661.50000000000011 0.2375874072313309 0.24488214403390887 0.21374999731779101 4.7685635089874276 0.76728403568267833 0.56992623209953319 3.5336854457855229 1.1394529938697817 0.42563754320144659 4.7036571502685556
decision_type=2 2 2 2 2 2 2 2 2 2 2 2 2 2 2 2 2 2 2 2 2 2 2 2 2 2 2 2 2 2
left_child=-1 2 3 25 5 6 7 14 12 10 29 18 -6 19 -5 -11 -8 -18 -12 21 -21 22 -14 24 -23 28 -27 -28 -2 -10
right_child=1 -3 -4 4 8 -7 16 -9 9 15 11 -13 13 -15 -16 -17 17 -19 -20 20 -22 23 -24 -25 -26 26 27 -29 -30 -31
leaf_value=-0.001522057125826882 0.012801359705447759 -0.016801313372149494 0.027278020990145344 -0.0037383375292986054 -0.0084263885726827154 0.020677907065764597 -0.034661290903772589 0.021682891537057231 0.014304665272700585 0.0089897249626192232 0.012361517979580676 0.024969811331581104 -0.033384757650880219 -0.020409722035565264 0.020459054587986886 -0.021522379262613366 0.014080802403989194 -0.017760858576501972 -0.011947498928426016 0.037120782059262336 -0.00053651661193487366 0.0054851491020668974 0.0036359381069503843 -0.014711970977723173 0.03910081691311592 0.0056936599694870325 0.050032213032268597 0.006387021405741722 -0.018755366434675767 0.037918149453952998
leaf_weight=1801.8502168208361 9.6104929037392157 22.179835312068462 12.402605198323725 231.76560559868813 63.440774329006672 24.420821636915207 14.064673997461794 15.287498690187929 34.788348823785782 14.809236876666548 19.403283953666687 16.017525121569633 9.9532041624188441 9.0938484817743284 11.917032416909931 13.613374531269072 10.226928807795046 24.015565313398838 25.389196664094925 20.746487967669964 25.264771707355976 15.202144481241705 21.67989145219326 9.6973564401268941 10.331982210278509 79.053006321191788 14.763663496822121 8.7894673161208612 13.540105056017635 19.945279225707054
leaf_count=14699 58 126 125 1314 434 146 85 82 154 71 86 69 84 64 140 64 56 135 111 141 150 92 143 65 62 593 98 65 89 89
internal_value=0 0.00291745 0.00350525 0.00306232 0.0017937 -0.00154245 -0.0034307 -0.000821253 0.00514239 0.0106921 0.0148507 0.00616524 0.000765097 0.00560473 -0.00239808 -0.00607859 -0.0168309 -0.00799873 -0.001339 0.00801943 0.0172822 0.00132869 -0.00930501 0.0108633 0.0209394 0.00959866 0.0130884 0.0355196 -0.005679 0.0239429
internal_weight=0 821.414 799.234 786.832 661.075 331.698 307.277 258.97 329.377 143.966 115.544 60.81 185.41 121.97 243.683 28.4226 48.3072 34.2425 44.7925 112.876 46.0113 66.8646 31.6331 35.2315 25.5341 125.757 102.606 23.5531 23.1506 54.7336
internal_count=19690 4991 4865 4740 3837 1958 1812 1536 1879 644 509 266 1235 801 1454 135 276 191 197 737 291 446 227 219 154 903 756 163 147 243
is_linear=0
shrinkage=0.04


Tree=118
num_leaves=31
num_cat=0
split_feature=3 25 6 0 8 27 36 4 22 23 2 36 2 36 27 4 34 4 25 22 22 4 8 4 22 4 16 4 0 7
split_gain=6.94174 4.80907 8.54013 5.41427 5.38776 3.7574 3.64384 3.6234 3.73629 3.43853 5.21973 5.11558 4.35752 4.63869 6.85795 4.30938 4.11842 4.1057 4.21321 3.54783 3.37441 4.29832 8.19149 4.73273 7.61136 5.32257 6.30912 4.81443 5.37551 4.45679
threshold=1.5000000000000002 0.34999999403953558 5.5548937320709237 7.7345564365386972 4.5000000000000009 3.6095646619796757 0.57795819640159618 0.77857944369316112 0.079826839268207564 1.0000000180025095e-35 465.50000000000006 0.9371645748615266 1028.5000000000002 0.87062335014343273 4.4880743026733407 0.91573208570480358 5.5000000000000009 0.88063490390777599 0.27500000596046453 0.10416071489453317 0.41571427881717687 0.87561962008476268 9.5000000000000018 0.89394548535346996 0.13250000029802325 0.891168773174286 99.51691055297853 0.90511247515678417 7.4060986042022714 0.25000000000000006
decision_type=2 2 2 2 2 2 2 2 2 2 2 2 2 2 2 2 2 2 2 2 2 2 2 2 2 2 2 2 2 2
left_child=7 -2 3 4 -3 -6 -7 -1 -9 11 -11 12 13 19 -15 16 17 -12 -19 -10 21 22 29 25 -25 26 -23 28 -26 -13
right_child=1 2 -4 -5 5 6 -8 8 9 10 15 20 -14 14 -16 -17 -18 18 -20 -21 -22 23 -24 24 27 -27 -28 -29 -30 -31
leaf_value=-0.021433368039717387 0.0013543266353224564 0.016058656784481776 0.024540405743589903 0.028180171481153132 0.010813746821709505 0.0051934557048515005 -0.021175186627203933 0.021100845359986097 -0.027645253079969102 -0.015933617243725533 0.011889687083215569 -0.024566293219033263 0.015731008808247376 -0.030220801640282291 0.0024028979171822036 0.028092527930940192 0.021138970486668459 -0.021315047176076133 0.0066558476408392396 -0.0046555071359293092 0.015542471549221984 -0.0011718032832044546 0.025723116559943481 -0.022649146666546566 0.016574529656297191 0.033102509392699528 0.024367067368639674 0.0053898468288628596 -0.014830309150008457 -0.0045794548611129155
leaf_weight=13.678440518677233 1575.7358860820532 16.946941927075386 38.783718131482601 8.7671349272131902 10.682182356715201 10.49979993700981 29.507914677262306 9.0656146295368654 9.1804712451994401 14.522813793271778 21.182731658220291 29.478596262633801 12.270886041224001 27.793298035860062 15.340880174189804 13.152758434414862 15.575230166316031 18.736959703266621 13.451067462563513 363.52812863513827 19.616851728409529 62.874577846378088 7.9881878644227973 22.820594698190689 9.063632629811762 10.722953543066977 18.459054436534643 120.92668751627207 42.914454285055399 43.9459562972188
leaf_count=126 10952 124 324 70 73 64 175 67 106 80 103 306 93 252 134 66 109 110 59 3511 153 503 71 224 79 86 179 966 341 264
internal_value=0 0.00193758 0.00975703 0.00181821 -0.00231005 -0.00882763 -0.0143371 -0.00235177 -0.00202312 -0.00229818 0.00476974 -0.00314375 -0.00614958 -0.00686745 -0.0190257 0.00872388 0.00434117 -0.00114743 -0.0099207 -0.00536632 0.000180459 -0.000715134 -0.00871321 0.00159202 -0.00193364 0.0089698 0.00507006 0.00102819 -0.0089429 -0.0130424
internal_weight=0 1690.92 115.188 76.404 67.6368 50.6899 40.0077 936.291 922.612 913.547 96.6216 816.925 428.114 415.843 43.1342 82.0987 68.946 53.3708 32.188 372.709 388.812 369.195 81.4127 287.782 195.725 92.0566 81.3336 172.905 51.9781 73.4246
internal_count=19770 11782 830 506 436 312 239 7988 7862 7795 527 7268 4096 4003 386 447 381 272 169 3617 3172 3019 641 2378 1610 768 682 1386 420 570
is_linear=0
shrinkage=0.04


Tree=119
num_leaves=31
num_cat=0
split_feature=0 3 25 6 0 6 4 7 8 0 25 6 5 0 4 0 7 0 27 5 17 27 12 28 27 6 6 23 27 27
split_gain=5.51337 5.74642 8.53043 10.8203 5.13766 4.37763 4.68809 4.16166 4.87102 4.76114 3.77855 5.60334 4.77161 4.73628 7.17977 4.87432 8.42231 4.73432 6.2898 4.96651 4.16943 3.96566 3.90819 6.78264 5.50202 5.51209 5.75114 4.96391 5.06064 8.35899
threshold=5.4202902317047128 1.5000000000000002 0.34999999403953558 5.6294164657592782 7.7345564365386972 5.9674272537231454 0.77857944369316112 0.57499998807907116 7.5000000000000009 6.9137251377105722 0.17500000447034839 6.5080232620239267 0.22256510704755786 7.5261752605438241 0.87561962008476268 7.6806347370147714 0.25000000000000006 7.7815537452697763 4.083451747894288 0.11350133642554285 1.5000000000000002 5.2493896484375009 1.0000000180025095e-35 -0.91597560048103321 4.3726072311401376 5.5891180038452157 6.2255475521087655 1.0000000180025095e-35 4.1658892631530771 3.6750333309173588
decision_type=2 2 2 2 2 2 2 2 2 2 2 2 2 2 2 2 2 2 2 2 2 2 2 2 2 2 2 2 2 2
left_child=-1 10 -3 4 7 6 -5 8 9 -4 11 13 20 -2 -15 16 -16 -17 -19 -20 21 22 27 -24 25 -25 -27 -12 29 -29
right_child=1 2 3 5 -6 -7 -8 -9 -10 -11 12 -13 -14 14 15 17 -18 18 19 -21 -22 -23 23 24 -26 26 -28 28 -30 -31
leaf_value=-0.028569075129484874 -0.012184544698214658 0.00057359578954327818 0.0012003411127380849 0.016224935144470085 0.027488302508779785 0.012256259413746855 0.059272845505234428 0.013895910118516588 0.0052698233741232574 -0.032350324188406908 -0.0029909468720241135 0.014500726092340977 -0.024190168643774001 -0.020777987548561944 0.047378736416792688 -0.021859945635412929 -0.0079067500124765169 -0.01473204082962472 0.037488805491585245 -0.0016969991354076263 -0.016238762798711608 0.020107926191409532 0.029055533097346098 -0.0071494981040951646 -0.011876448830859688 0.037713826689013262 -0.0018891191200195595 -0.0068741869069975769 -0.0020888840438724274 0.034032557331291478
leaf_weight=8.87537983804941 159.85878850147128 1566.5087339058518 11.399195171892645 9.3248833157122153 10.175924222916363 16.744493708014488 9.7524568960070592 20.53892283141613 26.7238415107131 14.172384660691021 486.89768236875534 16.683310329914093 11.909567702561615 17.617797929793596 8.5767990425229055 9.9510934054851514 6.7073116600513449 11.013988342136146 10.114360734820368 8.7443085350096208 23.954282701015472 13.490250520408152 16.53368179500103 14.995774753391741 26.625426150858402 13.491716898977758 9.1489525288343412 11.602042600512506 34.740592386573553 20.128531955182552
leaf_count=59 1872 10891 70 91 78 148 59 156 168 90 3934 162 101 161 107 106 45 113 108 85 222 92 104 96 159 83 60 79 166 98
internal_value=0 -2.95366e-05 0.00136424 0.0116049 0.00343683 0.0293504 0.0417675 -0.00056832 -0.00655173 -0.0183921 -0.00254532 -0.00674045 -0.00100023 -0.00837472 0.000101671 0.00727073 0.0250096 -0.000407736 0.00766165 0.0208987 -0.000518399 0.000111239 -0.000376019 0.0077325 0.00153498 0.0111433 0.0228561 -0.0015835 0.00851221 0.0195546
internal_weight=0 2618.13 1685.34 118.832 83.0103 35.8218 19.0773 72.8343 52.2954 25.5716 932.786 249.268 683.519 232.584 72.7257 55.1079 15.2841 39.8238 29.8727 18.8587 671.609 647.655 634.164 80.7956 64.2619 37.6364 22.6407 553.369 66.4712 31.7306
internal_count=19763 19704 11751 860 562 298 150 484 328 160 7953 2759 5194 2597 725 564 152 412 306 193 5093 4871 4779 502 398 239 143 4277 343 177
is_linear=0
shrinkage=0.04


Tree=120
num_leaves=31
num_cat=0
split_feature=7 32 30 34 17 6 28 6 0 0 2 28 13 0 28 21 25 30 16 16 36 36 1 2 34 28 36 0 25 8
split_gain=5.52948 6.54935 5.95475 5.03472 4.00414 9.55094 4.41887 3.93784 3.72636 6.87827 6.88988 7.01312 5.81492 7.89794 7.16447 5.39017 6.47025 5.60067 5.49297 6.85664 5.23705 6.40414 6.06934 4.38478 5.61606 5.9802 4.38151 4.21654 6.09657 4.6957
threshold=1.0000000180025095e-35 17.500000000000004 3.2769666910171513 50.500000000000007 1.5000000000000002 5.7120797634124765 -0.6035533845424651 6.310826539993287 7.7731714248657235 7.1592843532562265 456.50000000000006 -0.6035533845424651 1.0000000180025095e-35 7.8693997859954843 -0.7865660786628722 1.0000000180025095e-35 0.23499999940395358 3.6242519617080693 19.212609291076664 173.98303985595706 0.70309320092201244 0.6646118462085725 2.5000000000000004 508.50000000000006 3.5000000000000004 -0.37940952181816096 1.1615874171257021 6.9037346839904794 0.27500000596046453 7.5000000000000009
decision_type=2 2 2 2 2 2 2 2 2 2 2 2 2 2 2 2 2 2 2 2 2 2 2 2 2 2 2 2 2 2
left_child=4 2 3 -2 8 6 -6 -4 9 20 11 -11 14 -14 -10 -12 -17 18 -18 -20 21 27 -22 -16 25 -25 -13 29 -29 -1
right_child=1 -3 7 -5 5 -7 -8 -9 12 10 15 26 13 -15 23 16 17 -19 19 -21 22 -23 -24 24 -26 -27 -28 28 -30 -31
leaf_value=0.0046711940253387572 0.0015792358116401371 0.015321863498594749 -0.026063725824111129 0.025998154933927615 -0.010005634920153796 -0.02860368378253772 0.026624597635664972 0.0016775204222491482 -0.0052887111924145372 -0.0080755337613461244 -0.013826878023293946 0.038370279877437845 0.021769654229565571 -0.020400679858441611 -0.0014939886380331488 -0.011483189966048555 0.030645854629221966 -0.022447858095673949 -0.0030722176983057074 0.033418454574725441 0.0022356510124180336 -0.017975819019596374 0.019575787525175584 0.03227222231725415 0.04211073542730745 -0.00080090562181064516 0.0045079449973527237 0.036344293067022894 -0.0095135712784914315 -0.0054044468761587881
leaf_weight=112.59474970400333 1382.6927108988166 54.406762581318617 18.667725253850225 11.654030576348303 9.0441250056028384 24.836667500436306 8.4497151002287847 13.177936635911463 31.806587509810925 22.423520293086767 157.24366905540228 11.013013884425165 7.9466535225510624 24.033665660768747 14.705082576721905 75.11432608217001 12.576816812157629 8.6526197567582113 48.644085936248302 7.8578969314694396 216.93994611874223 36.794787108898163 36.098328907042742 12.786830089986319 15.15028780326247 21.187958560884002 12.678180851042269 9.2210382819175702 6.7537196166813365 207.48961901664734
leaf_count=1081 8307 774 165 69 87 303 79 109 261 202 1335 112 67 211 122 856 79 56 379 66 1811 353 258 100 118 170 105 108 58 1996
internal_value=0 0.00195115 0.00142034 0.00182028 -0.00174126 -0.0135327 0.00860354 -0.0151634 -0.00126794 -0.00210559 -0.0065261 0.00765355 0.00511139 -0.0092574 0.0100074 -0.00867035 -0.00325538 0.00478402 0.00873066 0.00297163 0.000422955 -0.00258689 0.0048435 0.0175586 0.0230972 0.0127487 0.0220107 -0.000805598 0.0180554 -0.00185318
internal_weight=0 1480.6 1426.19 1394.35 1152.04 42.3305 17.4938 31.8457 1109.71 982.096 356.204 46.1147 127.617 31.9803 95.6367 310.089 152.846 77.7314 69.0788 56.502 625.892 372.854 253.038 63.8302 49.1251 33.9748 23.6912 336.059 15.9748 320.084
internal_count=19797 9424 8650 8376 10373 469 166 274 9904 8855 3190 419 1049 278 771 2771 1436 580 524 445 5665 3596 2069 510 388 270 217 3243 166 3077
is_linear=0
shrinkage=0.04


Tree=121
num_leaves=31
num_cat=0
split_feature=7 0 31 10 16 4 4 36 16 8 27 4 25 4 2 2 22 4 2 2 30 27 28 4 27 36 31 16 16 27
split_gain=4.16456 4.59706 5.14462 5.56736 5.10394 4.85947 7.89612 5.11638 4.12787 3.75444 11.1346 9.55311 3.73403 4.3685 5.98756 6.15935 6.52734 4.94023 3.95135 6.11508 4.66326 7.81346 6.70538 4.8056 3.80677 3.77557 3.71151 5.85086 6.807 5.84267
threshold=0.75000000000000011 7.7604649066925058 0.77608895301818859 1.0000000180025095e-35 37.355192184448249 0.95948326587677013 0.90998974442482006 2.2863276004791264 65.83606338500978 10.500000000000002 4.5309851169586191 0.90112942457199108 0.34999999403953558 0.88518851995468151 565.50000000000011 639.50000000000011 0.16550000011920932 0.70091852545738231 611.50000000000011 565.50000000000011 1.0000000180025095e-35 4.6264421939849862 -0.37940952181816096 0.85664737224578869 4.1766920089721689 1.9305512905120852 0.28991597890853887 172.87823486328128 155.81427001953128 3.7853246927261357
decision_type=2 2 2 2 2 2 2 2 2 2 2 2 2 2 2 2 2 2 2 2 2 2 2 2 2 2 2 2 2 2
left_child=1 2 9 8 -5 6 12 -8 -4 26 11 -11 13 17 -15 -16 -17 -3 19 25 -20 22 -22 -24 -18 -19 -1 28 29 -28
right_child=-2 5 3 4 -6 -7 7 -9 -10 10 -12 -13 -14 14 15 16 24 18 20 -21 21 -23 23 -25 -26 -27 27 -29 -30 -31
leaf_value=-0.0011897965237293844 0.0047341280393150484 0.020153545152741578 -0.016196376784644563 0.014336441542156899 -0.011117193680871945 0.029847428232182015 -0.019982289302944382 0.011616258926003313 -0.0010596392960716277 -0.033516049134686851 0.053523015721443433 0.023666144518114586 0.021869896032296884 0.029666888836960115 -0.01977360281721563 -0.011302030876843935 0.039549850919693083 -0.017278182270592263 -0.011264948342960364 -0.03184246173940878 0.015710134504041455 0.038070408588046625 0.0030949286294825419 -0.033196009077628284 0.0061178002289269838 0.0068786361445291122 0.015840446986886393 -0.011295243073206847 0.032510387348683882 -0.00067067987048223131
leaf_weight=1663.2829409241676 287.83423832803965 16.283537734299898 91.978311713784933 29.052578788250685 19.359659411013126 9.5694548785686475 31.43818536400795 9.3940080590546113 42.00400086119771 7.0437062568962592 6.083151012659072 7.720579169690609 20.14303820207715 20.804301101714373 10.823621056973932 10.825147323310373 10.800486423075201 14.27021376416087 21.766189388930798 13.151814792305229 24.34620654955506 10.329792354255913 11.947042301297193 8.8694928847253305 10.99877058714628 26.556177295744419 49.575922753661871 29.438485868275166 13.89605602249503 101.86304498836398
leaf_count=13270 1498 131 670 293 137 64 245 69 287 63 60 74 172 172 88 99 71 116 144 98 190 71 97 61 77 189 347 192 91 644
internal_value=0 -0.000348301 -0.00100508 -0.00738098 0.00412051 0.0044204 0.00331751 -0.0125096 -0.0115363 -0.000378948 0.015738 -0.00435811 0.00618724 0.00450492 0.0130379 0.00412035 0.0127318 0.000663681 -0.00202079 -0.0101319 0.00375882 0.00983856 0.00204067 -0.0139223 0.0246134 -0.00197757 -0.000576509 0.00461957 0.00755439 0.00487052
internal_weight=0 2343.62 2061.3 182.395 48.4122 282.317 272.748 40.8322 133.982 1878.9 20.8474 14.7643 231.916 211.773 64.2523 43.448 32.6244 147.52 131.237 53.9782 77.2587 55.4925 45.1627 20.8165 21.7993 40.8264 1858.06 194.774 165.335 151.439
internal_count=19780 18282 16128 1387 430 2154 2090 314 957 14741 197 137 1776 1604 507 335 247 1097 966 403 563 419 348 158 148 305 14544 1274 1082 991
is_linear=0
shrinkage=0.04


Tree=122
num_leaves=31
num_cat=0
split_feature=3 36 36 5 28 5 25 12 28 27 6 16 4 16 16 22 7 1 8 28 0 27 16 5 16 27 4 22 27 5
split_gain=4.57003 4.91089 5.20434 5.91165 5.10894 4.63208 4.46039 5.04002 6.32855 5.23942 5.19486 4.98196 5.97468 4.75799 8.68835 6.19263 5.16699 4.98891 5.36386 6.7284 5.97237 5.12726 4.98856 5.26356 4.60768 4.58878 4.91823 4.49944 4.21216 4.81492
threshold=1.5000000000000002 1.7154432535171511 2.1825598478317265 0.12838858366012576 0.37940952181816107 0.22256510704755786 0.17500000447034839 1.0000000180025095e-35 -0.91597560048103321 4.3726072311401376 6.1014387607574472 145.65802764892581 0.88318002223968517 119.73545837402345 96.671096801757827 0.42459596693515783 1.0000000180025095e-35 1.5000000000000002 9.5000000000000018 -0.37940952181816096 7.6285147666931161 3.7483261823654179 79.030673980712905 0.098045308142900481 28.898449897766117 4.9777677059173593 0.89287164807319652 0.15025933086872104 4.3087832927703866 0.12608382105827334
decision_type=2 2 2 2 2 2 2 2 2 2 2 2 2 2 2 2 2 2 2 2 2 2 2 2 2 2 2 2 2 2
left_child=5 -2 3 -3 -4 6 11 13 -9 -10 -11 -1 27 14 15 17 -16 22 19 20 -19 -21 23 24 -8 26 28 -13 29 -25
right_child=1 2 4 -5 -6 -7 7 8 9 10 -12 12 -14 -15 16 -17 -18 18 -20 21 -22 -23 -24 25 -26 -27 -28 -29 -30 -31
leaf_value=-0.0087437145198932895 0.00034689561788862981 -0.015450123286735838 -0.0052475040532530262 0.014834274527671758 0.017258018006472541 -0.023183866132703269 0.00047224298524773772 0.029534709435557402 0.012256279188635222 -0.021308358685587083 0.012805575768096034 0.042235771870544711 -0.0095786544080861211 -0.0096305747194362027 0.0027808714018986397 0.016975751917418479 0.034502650678970556 -0.00064238152941681337 0.021600699448919652 0.029078994802599935 -0.020744156646571209 0.0035513308217875674 -0.028770627470411241 0.025090428089451111 0.031759358942661076 0.013998823787098297 -0.017763564273620736 0.0029710321563671065 -0.012450298401105647 -0.003751871807145344
leaf_weight=213.74368124455214 1496.7923014871776 9.7323734909296018 72.834712106734514 111.35242406651378 18.57736773788929 14.748354680836199 37.202697910368443 16.56194219738245 38.795941948890686 18.558230660855774 9.313013054430483 7.5446461364626911 15.915762469172476 95.257276680320501 15.990732330828907 25.633152805268764 15.768982347100971 83.068116340786219 17.871164280921221 13.841856647282837 31.135171793401241 65.000323094427586 13.459770355373619 11.924350827932356 7.4629637487232676 11.704604212194679 71.839716568589211 9.7847876064479333 36.936026893556118 26.404516104608774
leaf_count=2380 10511 65 499 704 121 138 288 107 246 114 57 89 187 868 164 227 96 599 146 96 193 452 118 92 65 92 566 87 284 206
internal_value=0 0.00115853 0.00681904 0.0121886 -0.000402206 -0.00232812 -0.00194031 -0.000226954 0.00885889 0.00301183 -0.00981521 -0.0065058 0.00756215 -0.00155558 6.26333e-05 -0.00138883 0.019642 -0.00256294 0.00181211 -0.000222521 -0.00638542 0.0086416 -0.00679432 -0.00507471 0.00683695 -0.00846827 -0.0104197 0.0226669 -0.00313166 0.00602045
internal_weight=0 1709.29 212.497 121.085 91.4121 925.468 910.719 663.731 83.2291 66.6672 27.8712 246.989 33.2452 580.501 485.244 453.484 31.7597 427.851 210.917 193.045 114.203 78.8422 216.935 203.475 44.6657 158.809 147.105 17.3294 75.2649 38.3289
internal_count=19857 11900 1389 769 620 7957 7819 5076 524 417 171 2743 363 4552 3684 3424 260 3197 1486 1340 792 548 1711 1593 353 1240 1148 176 582 298
is_linear=0
shrinkage=0.04


Tree=123
num_leaves=31
num_cat=0
split_feature=12 0 34 15 16 22 6 2 34 6 15 8 27 0 16 0 0 0 22 6 28 0 27 28 16 4 27 5 4 2
split_gain=5.01008 7.10761 6.68115 5.73 6.64062 5.72213 5.25384 5.16045 4.42231 4.12981 4.05717 4.54387 8.1563 7.69186 12.8586 5.00379 7.46773 5.92219 7.03691 5.39652 4.89931 4.62177 4.58679 6.67259 4.70464 4.33476 4.30443 3.8429 10.4615 7.01912
threshold=1.0000000180025095e-35 7.8920767307281503 15.500000000000002 0.14145454764366153 41.773942947387702 0.10416071489453317 5.6542406082153329 430.50000000000006 47.500000000000007 4.424828529357911 0.1021428555250168 8.5000000000000018 4.6908891201019296 6.6541316509246835 166.55635070800784 6.4861316680908212 6.716576576232911 7.1196274757385263 0.21589706093072894 6.2055668830871591 -0.37940952181816096 6.0062773227691659 4.4048881530761728 0.37940952181816107 146.77368164062503 0.8772488832473756 4.3888778686523446 0.16255237162113192 0.87419614195823681 657.50000000000011
decision_type=2 2 2 2 2 2 2 2 2 2 2 2 2 2 2 2 2 2 2 2 2 2 2 2 2 2 2 2 2 2
left_child=3 2 7 4 -1 6 -6 -2 -5 -9 25 15 13 -13 -15 21 -17 19 22 -18 -21 -12 23 24 -19 -7 -23 28 29 -11
right_child=1 -3 -4 8 5 10 -8 9 -10 27 11 12 -14 14 -16 16 17 18 -20 20 -22 26 -24 -25 -26 -27 -28 -29 -30 -31
leaf_value=-0.023479138951633689 -0.010189823759940477 -0.016425896381469719 -0.015420974216390545 0.00026137550967784626 0.0094982306902225803 0.032389555645505101 -0.027473385067110827 -0.0014254730162565176 0.012603193569504892 0.013400217640386666 0.0063489039996581492 0.040618208538656955 -0.023166024331338846 -0.0092439109713674059 0.046360631428753005 0.016337416580412809 -0.02270463358577831 0.012811765111799043 -0.023907581715990504 0.021542532892059527 -0.019279893044372994 -0.035643377758837136 -0.0066111280937922647 0.035499610222541528 -0.0130860418121162 -0.007901294801634727 -0.0060332483961637673 0.03163879953519249 0.025343378459766922 -0.020268753078005044
leaf_weight=26.440159972757101 13.483497004956005 17.09658607840538 13.859551742672918 2041.9174772761762 6.9360636249184635 9.0706772170960885 24.062603257596493 20.976805597543716 45.537056237459183 18.462180137634277 9.5304019190371019 11.291338849812744 9.3065785914659482 25.995440855622292 6.7477087564766398 27.491782043129206 42.302243243902922 29.067480634897947 14.61379850655794 8.9440358057618123 6.313248559832572 18.729307491332293 36.068725269287825 11.901617620140312 15.660475764423607 5.8945790268480769 14.198491454124449 23.944041401147842 46.045801438391209 17.265607371926308
leaf_count=229 92 106 67 14781 61 79 282 130 490 144 72 118 104 300 73 242 402 257 102 79 64 166 307 108 141 63 121 132 310 120
internal_value=0 0.00677749 0.00953035 -0.000263283 -0.00490502 -0.00330425 -0.0191266 0.0121795 0.000542414 0.0146816 -0.00157146 -0.0026733 0.0076743 0.0149156 0.0042242 -0.00506878 -0.00224842 -0.00550621 0.000105684 -0.0156211 0.00437402 -0.0171709 0.00431632 0.0112644 0.00357224 0.017459 -0.023952 0.0178447 0.0131468 -0.0030824
internal_weight=0 171.134 154.037 2448.02 360.567 334.127 30.9987 140.178 2087.45 126.694 303.128 288.163 53.3411 44.0345 32.7431 234.822 192.363 164.872 107.312 57.5595 15.2573 42.4582 92.6983 56.6296 44.728 14.9653 32.9278 105.718 81.7736 35.7278
internal_count=19742 1101 995 18641 3370 3141 343 928 15271 836 2798 2656 595 491 373 2061 1702 1460 915 545 143 359 813 506 398 142 287 706 574 264
is_linear=0
shrinkage=0.04


Tree=124
num_leaves=31
num_cat=0
split_feature=26 0 25 25 2 28 8 1 0 28 27 6 22 15 27 30 12 6 28 25 4 28 0 27 8 6 2 27 6 28
split_gain=4.78486 6.53215 6.32837 5.66032 6.11004 4.90623 7.35081 7.17267 6.83549 5.27559 5.23349 5.3322 4.9501 4.62727 4.23387 4.21003 4.00396 6.42844 6.05166 4.42888 5.55016 4.09318 7.91669 10.2968 6.31747 6.95093 6.17522 6.98769 5.37838 5.25766
threshold=1.0000000180025095e-35 7.8995227813720712 0.31000000238418585 0.14500000327825549 468.50000000000006 -0.37940952181816096 5.5000000000000009 2.5000000000000004 7.8845748901367196 -0.91597560048103321 4.1766920089721689 5.7317204475402841 0.21589706093072894 0.14145454764366153 3.9464238882064824 2.7403194904327397 1.0000000180025095e-35 5.3008110523223886 -0.7865660786628722 0.2100000008940697 0.86389374732971203 -0.6035533845424651 6.716576576232911 3.6309846639633183 9.5000000000000018 5.6185860633850107 950.50000000000011 4.4361593723297128 5.7054464817047128 -0.98296290636062611
decision_type=2 2 2 2 2 2 2 2 2 2 2 2 2 2 2 2 2 2 2 2 2 2 2 2 2 2 2 2 2 2
left_child=2 3 16 4 -2 6 9 8 10 -4 11 -7 -12 -8 -9 -15 21 18 -18 -19 -21 22 23 -1 26 -26 -24 28 -28 -25
right_child=1 -3 5 -5 -6 7 13 14 -10 -11 12 -13 -14 15 -16 -17 17 19 -20 20 -22 -23 24 29 25 -27 27 -29 -30 -31
leaf_value=0.025528103557489329 0.018462722619328308 -0.011300234189668228 0.0023949144398434717 0.004262883272225149 -0.014743923593182648 -0.029248351817113043 -0.014163152310925754 0.033522895625873884 0.023872927321186826 0.031401536202464261 0.015747659482816957 -0.0020023315227237497 -0.0099601009027785511 0.0028097827947001219 -0.0017346558189549552 0.02389202794962873 0.010619335908983838 0.022671779264591945 -0.019800862734158899 -0.014712500420385482 0.015849171930351697 -0.0010675689319277354 -0.010537991048133804 0.012988393965619679 0.027848541660864461 -0.01014270910150874 0.00016166814094911358 -0.020836861835733109 0.03820391827596821 -0.005022747734934223
leaf_weight=22.630649924278259 9.0668679662048799 51.186100136488676 15.372751109302042 664.02554101496935 46.275157708674669 28.446820810437202 18.875218160450459 10.784091439098122 8.8178221844136697 28.912703704088926 17.320160686969757 18.96258819848299 29.562043897807598 90.445803426206112 9.1710793785750848 16.388799119740725 16.025625668466091 31.879556074738503 23.625790596008301 15.353238984942434 19.075692042708397 767.1670400314033 419.50444904714823 29.200849857181311 14.091054774820806 13.269697442650793 11.86726744472981 7.9648341983556739 9.9520846605300886 152.42437993362546
leaf_count=179 77 362 105 4489 400 192 160 116 58 210 116 150 168 555 55 140 101 241 155 92 118 6157 3430 229 136 137 84 61 73 1205
internal_value=0 0.00224028 -0.00150814 0.0032324 -0.00884937 0.00386559 0.00823134 -0.00220024 -0.00651087 0.0218711 -0.00978909 -0.0188728 -0.000206902 0.00315903 0.0186371 0.00642349 -0.00252518 0.00491701 -0.0075866 0.0123972 0.00216099 -0.00307578 -0.00532865 0.00125275 -0.00814239 0.00998736 -0.00928583 0.00790401 0.0192641 -0.00201707
internal_weight=0 770.554 1847.09 719.368 55.342 293.06 169.995 123.065 103.109 44.2855 94.2916 47.4094 46.8822 125.71 19.9552 106.835 1554.03 105.96 39.6514 66.3085 34.4289 1448.07 680.905 204.256 476.649 27.3608 449.289 29.7842 21.8194 181.625
internal_count=19751 5328 14423 4966 477 2025 1170 855 684 315 626 342 284 855 171 695 12398 707 256 451 210 11691 5534 1613 3921 273 3648 218 157 1434
is_linear=0
shrinkage=0.04


Tree=125
num_leaves=31
num_cat=0
split_feature=25 36 5 32 2 29 2 5 5 36 6 16 36 7 7 5 0 36 0 25 5 28 6 0 8 36 28 6 3 15
split_gain=7.80335 4.42327 4.55186 3.82546 5.41868 4.22438 3.6347 11.3425 5.91683 10.6646 6.15843 6.92599 6.10044 6.24266 4.73783 4.49666 4.58354 4.51925 4.77141 4.56239 4.10158 3.87612 5.55917 5.59487 4.53158 4.26992 3.87489 4.51049 3.77026 3.67849
threshold=0.17500000447034839 0.216337725520134 0.34005814790725714 3.5000000000000004 783.50000000000011 1.0000000180025095e-35 835.50000000000011 0.092444527894258513 0.22370029240846637 0.82162779569625866 5.5154407024383554 144.71572113037112 1.1780047416687014 1.0000000180025095e-35 0.25000000000000006 0.092970013618469252 7.8022072315216073 0.85538658499717724 7.0698649883270273 0.31000000238418585 0.11177666112780572 -0.37940952181816096 6.5228276252746591 7.7169036865234384 4.5000000000000009 2.4937912225723271 0.12940952181816109 5.8126356601715097 1.5000000000000002 0.12099999934434892
decision_type=2 2 2 2 2 2 2 2 2 2 2 2 2 2 2 2 2 2 2 2 2 2 2 2 2 2 2 2 2 2
left_child=-1 -2 6 4 -4 -5 15 -8 10 -10 20 12 28 -14 -11 16 17 18 -3 -19 -9 29 23 -23 -25 26 -26 -28 -12 -17
right_child=1 2 3 5 -6 -7 7 8 9 14 11 -13 13 -15 -16 21 -18 19 -20 -21 -22 22 -24 24 25 -27 27 -29 -30 -31
leaf_value=-0.0033621843584452004 -0.020461764076315961 0.010334174078368848 0.0082989921277224193 0.0063375662379012302 -0.015891582089130812 0.030995295193487791 -0.031136661878172239 0.025546997712472281 0.015225559368843756 -0.027194638279820393 0.021438744269492764 -0.0042835673814017499 -0.015286816677821115 0.021535633022868268 0.0016184264622764357 -0.013110162816146867 -0.013949122333519999 0.030930154803341662 -0.021085122816843774 -0.0011243985905371682 0.00022561804070034538 0.0011909392133920974 -0.025475869804215165 -0.0077014707714430398 0.034970437843199018 -0.0013950968265418519 0.023618939577888125 -0.0061876457597441897 0.046961578234597096 -0.0013419653846037491
leaf_weight=731.9762508161366 12.579049818217753 30.588540129363537 76.416902665048838 25.617466017603874 16.340144038200378 19.620637103915215 11.009222608059643 9.6595076248049718 27.098582580685616 23.069990314543247 36.403232481330633 17.970882657915354 10.815492033958437 15.648116603493689 14.024883154779671 43.029099725186825 10.257696531713007 25.58164769038558 8.1695928871631605 9.3850527293980104 84.088448412716389 490.390227150172 9.3436281941831094 13.619805701076983 20.543974570930004 15.856702994555233 18.109915401786569 12.4834060780704 15.491036731749771 772.61676646769047
leaf_count=6554 108 247 431 304 93 249 77 62 163 136 251 139 76 110 132 396 75 192 67 57 520 3387 77 73 138 106 114 95 100 5270
internal_value=0 0.00149471 0.00166292 0.00860382 0.00379209 0.0178916 0.00110489 0.00539797 0.00721047 -0.0032147 0.0107281 0.0177296 0.0227592 0.00646985 -0.0167755 0.000329128 0.00920731 0.0127125 0.00300182 0.0227314 0.00331379 -0.000217388 0.00227689 0.00281836 0.0124498 0.016651 0.0220886 0.0118232 0.0305176 -0.00199334
internal_weight=0 1895.83 1883.25 137.995 92.757 45.2381 1745.26 265.279 254.27 64.1935 190.077 96.3288 78.3579 26.4636 37.0949 1479.98 83.9825 73.7248 38.7581 34.9667 93.748 1395.99 580.348 571.004 80.6138 66.994 51.1373 30.5933 51.8943 815.646
internal_count=19799 13245 13137 1077 524 553 12060 1766 1689 431 1258 676 537 186 268 10294 638 563 314 249 582 9656 3990 3913 526 453 347 209 351 5666
is_linear=0
shrinkage=0.04


Tree=126
num_leaves=31
num_cat=0
split_feature=3 4 22 4 6 16 0 0 27 13 16 16 36 30 0 28 36 30 26 13 0 28 5 0 36 27 34 6 21 22
split_gain=3.13665 5.15158 6.03261 4.16378 3.59902 5.55811 5.30876 4.60274 5.71863 6.36613 6.15255 5.97362 4.90158 4.2051 3.57465 5.59213 4.63604 4.2355 3.84757 4.632 5.11462 7.65533 9.01169 6.64192 5.545 4.66362 4.21525 5.40589 6.61687 6.10996
threshold=1.5000000000000002 0.79671689867973339 0.63786232471466076 0.94810631871223461 6.2643496990203866 201.58388519287112 6.4393184185028085 6.716576576232911 4.4097633361816415 1.0000000180025095e-35 180.36049652099612 68.907611846923842 0.46097640693187719 1.7005987167358401 8.0248608589172381 0.37940952181816107 2.1825598478317265 1.7005987167358401 1.0000000180025095e-35 1.0000000180025095e-35 6.1653625965118417 -0.7865660786628722 0.15840105712413791 5.8748321533203134 0.46097640693187719 5.2211663722991952 3.5000000000000004 5.8066387176513681 1.0000000180025095e-35 0.16398936510086062
decision_type=2 2 2 2 2 2 2 2 2 2 2 2 2 2 2 2 2 2 2 2 2 2 2 2 2 2 2 2 2 2
left_child=1 -1 4 14 -3 6 -6 12 10 -10 11 -9 -8 -7 16 -16 18 -18 19 20 21 23 -23 -2 -22 -26 -21 28 -28 -29
right_child=3 2 -4 -5 5 13 7 8 9 -11 -12 -13 -14 -15 15 -17 17 -19 -20 26 24 22 -24 -25 25 -27 27 29 -30 -31
leaf_value=-0.01758090696269787 -0.0010602679452806909 -0.0025650992171660615 0.026497426868708235 0.018747344620768849 -0.018293883281840242 -0.026553438225572684 0.0064588546009154138 0.018598349954088794 0.0030252439833439882 -0.029967031755516915 0.038630763307217292 -0.0035902210554980356 0.049821529427066046 0.0044110051398302038 0.0042956962210542009 0.03586002434190242 -0.018238626350257942 0.0087084101582124238 0.0043646871580467969 -0.0042756762937245498 -0.016525223229672897 0.029850731756714467 -0.0082294638876108071 0.035156856882366389 -0.0011004968580973311 -0.020748296749081498 -0.01663257215644497 -0.022406850489905566 0.014337467544927006 0.0055791828139841217
leaf_weight=28.487216126173735 12.452738694846628 695.82042007520795 10.720775678753851 20.083865541964769 10.93235971033573 13.743868432939054 9.5669578239321726 36.482839252799749 36.949519209563732 10.397894065827129 10.069001693278549 38.086078327149153 6.4979044795036307 11.769375674426554 40.867158062756062 9.7743733860552293 33.892735332250595 11.251446999609469 459.76319950073957 61.697459235787392 40.417496971786022 10.226674679666756 51.292544476687908 20.595146015286446 710.23223542235792 17.883132703602314 10.406266458332537 15.777622018009422 127.85483450256288 40.122011754661798
leaf_count=260 82 5896 119 148 104 151 94 287 307 101 90 345 57 87 305 76 189 86 2959 450 331 86 321 134 4886 118 71 153 1060 370
internal_value=0 -0.00141112 -0.000855939 0.00148799 -0.00124837 0.00369191 0.00649662 0.00854665 0.00585391 -0.00514103 0.0119813 0.00746777 0.0275722 -0.0129871 0.00125886 0.0115189 0.000925121 -0.011438 0.00129267 2.4894e-05 -0.0013777 0.00730535 -0.00115861 0.0222282 -0.00246233 -0.00163858 0.00473034 0.00760655 0.0118026 -0.00282099
internal_weight=0 919.524 891.037 1694.59 880.316 184.496 158.983 148.05 131.985 47.3474 84.6379 74.5689 16.0649 25.5132 1674.51 50.6415 1623.87 45.1442 1578.72 1118.96 863.1 94.5671 61.5192 33.0479 768.533 728.115 255.858 194.161 138.261 55.8996
internal_count=19723 7898 7638 11825 7519 1623 1385 1281 1130 408 722 632 151 238 11677 381 11296 275 11021 8062 5958 623 407 216 5335 5004 2104 1654 1131 523
is_linear=0
shrinkage=0.04


Tree=127
num_leaves=31
num_cat=0
split_feature=36 4 18 0 0 1 28 34 14 27 30 34 30 0 0 2 18 27 5 4 22 26 0 31 27 0 2 36 5 0
split_gain=8.10352 6.41964 5.60263 5.3479 5.38558 5.16153 8.97435 5.4379 4.98332 4.67234 4.44749 5.4778 5.65739 7.72414 7.29541 5.94577 4.78877 4.47976 4.35499 5.93314 3.874 3.69726 6.25213 6.80665 8.26026 5.76556 5.4254 5.35577 5.26932 4.76894
threshold=0.216337725520134 0.63719540834426891 1.0000000180025095e-35 6.0062773227691659 6.0543706417083749 1.5000000000000002 -0.37940952181816096 3.5000000000000004 1.2424533367156985 3.8405264616012578 4.0689902305603036 44.500000000000007 3.2769666910171513 7.8995227813720712 7.6088676452636728 891.50000000000011 5.5000000000000009 4.0280263423919687 0.25452153384685522 0.87296524643898021 0.60330358147621166 1.0000000180025095e-35 7.6138155460357675 0.47407408058643347 3.4061836004257207 7.5261752605438241 477.50000000000006 1.5198159813880923 0.12919782102108004 7.8539912700653085
decision_type=2 2 2 2 2 2 2 2 2 2 2 2 2 2 2 2 2 2 2 2 2 2 2 2 2 2 2 2 2 2
left_child=-1 2 -2 5 -5 18 7 -7 9 -4 11 12 20 14 15 16 -14 -13 19 -3 21 -6 23 24 -23 26 -26 -24 -27 -29
right_child=1 3 8 4 10 6 -8 -9 -10 -11 -12 17 13 -15 -16 -17 -18 -19 -20 -21 -22 22 27 -25 25 28 -28 29 -30 -31
leaf_value=-0.025719006800216566 -0.0034781524105845086 0.019497952235898865 0.037412679394801508 -0.02065529364654041 -0.00098814589852034272 0.049205259132563323 -0.0032430209770798689 0.010024974578654752 0.00096106049407562331 0.01228894217304138 -0.023800025865575423 0.024624902346653724 -0.032344741515885927 0.016744136675130767 -0.0435294138323222 0.01651084115566006 3.1795887493746533e-05 -0.0013821920749359238 -0.016791041692853052 -0.017382452953091133 0.016369435410140857 -0.020537398044939072 -0.022217552892463809 0.015447252556462589 0.012017880497575588 0.039063682482286206 0.00047940454034693251 0.0091876845160848118 0.0043090159374933419 -0.0090269015208959379
leaf_weight=16.757213871926069 34.213689930737019 21.446460936218504 19.289596609771252 18.245641551911831 1570.3972789645195 13.905487563461067 16.184354905039072 10.762408040463923 25.525074008852243 34.005881525576115 10.43175097927451 24.328497774899006 14.378473389893772 10.54347727447748 11.936926249414681 9.2707465775310975 13.193530034273861 17.396516226232052 13.89595916867256 8.1597675047814828 21.601196479052305 21.69223290681839 23.312937907874584 73.508973233401775 77.353488106280565 11.672442551702263 366.62989606708288 37.828313417732716 15.415392428636549 52.489337746053934
leaf_count=154 186 146 216 123 12190 85 101 70 274 229 102 250 109 111 101 86 130 117 83 78 205 150 162 412 524 82 2601 241 97 353
internal_value=0 0.000667421 0.0099055 0.000239753 -0.00011181 0.0100198 0.019873 0.034145 0.0156573 0.0224064 6.26443e-05 0.000187501 -7.55266e-05 -0.0120643 -0.0187053 -0.00883524 -0.0178978 0.0142144 0.00029991 0.00887661 0.000247856 7.8703e-05 0.00253851 0.00425738 0.00253241 0.00367708 0.00253459 -0.00595285 0.0209414 -0.0013642
internal_weight=0 2599.02 113.034 2485.98 2401.63 84.3544 40.8523 24.6679 78.8206 53.2955 2383.38 2372.95 2331.22 59.3232 48.7797 36.8428 27.572 41.725 43.5022 29.6062 2271.9 2250.3 679.903 566.272 492.763 471.071 443.983 113.631 27.0878 90.3177
internal_count=19768 19614 905 18709 18146 563 256 155 719 445 18023 17921 17554 537 426 325 239 367 307 224 17017 16812 4622 3866 3454 3304 3125 756 179 594
is_linear=0
shrinkage=0.04


Tree=128
num_leaves=31
num_cat=0
split_feature=25 31 2 15 2 4 4 5 2 5 28 8 2 29 36 0 36 36 28 36 10 5 5 4 21 5 28 0 2 36
split_gain=5.48907 3.00419 6.86297 4.67655 5.19697 5.24831 6.20198 5.72022 4.76159 4.40683 3.05041 2.90635 8.33444 7.35867 5.15114 7.01643 6.54531 5.35578 4.17674 3.52428 3.06042 4.12482 5.7998 5.68367 5.06869 10.1522 11.5968 7.53398 4.96645 5.13729
threshold=0.31000000238418585 0.79205974936485302 537.50000000000011 0.31377777457237249 346.50000000000006 0.70091852545738231 0.81812614202499401 0.18112521618604663 743.50000000000011 0.28413946926593786 0.91597560048103344 9.5000000000000018 613.50000000000011 -0.37940952181816096 0.97860512137413036 7.8264410495758066 0.81740099191665661 0.65556094050407421 -0.6035533845424651 0.55174958705902111 1.0000000180025095e-35 0.24488214403390887 0.19854699820280078 0.81269338726997387 1.0000000180025095e-35 0.25452153384685522 -0.98296290636062611 6.3902053833007821 865.50000000000011 1.821431636810303
decision_type=2 2 2 2 2 2 2 2 2 2 2 2 2 2 2 2 2 2 2 2 2 2 2 2 2 2 2 2 2 2
left_child=11 3 -3 4 -2 -6 8 10 -7 -5 -8 20 13 -13 16 -16 17 19 -15 -14 21 22 23 -1 -23 -26 -27 -28 29 -24
right_child=1 2 -4 9 5 6 7 -9 -10 -11 -12 12 14 18 15 -17 -18 -19 -20 -21 -22 24 28 -25 25 26 27 -29 -30 -31
leaf_value=0.024089304896458216 -0.020541310331595026 -0.011725950463689246 0.020195036982694863 -0.019461460283103721 -0.014544436898786563 0.022974879154459189 0.0076266225575008723 -0.0094551828050792406 0.00028752204914103815 0.010089457112081344 -0.013698976481159491 -0.022425256967634557 0.0098668620592097973 0.018354005018701873 -0.010636049776213428 0.029456950597100091 0.058161526199061092 -0.0092266151515407267 -0.013950051812059567 0.047124599487873134 0.002553969902371256 0.0073105625093182105 -0.012369485594568994 -0.0016164039417040461 0.021942910060753974 0.026805693838664796 -0.024654515241806185 -0.0038481080846137416 0.0076963297681974545 0.0079667830559418291
leaf_weight=11.944962147623299 10.761409282684324 12.611799113452433 44.08460776694119 23.94801278039813 17.795274700969458 52.606297444552183 186.93371241539717 42.329712830483913 20.375514253973961 10.237206622958182 9.5825707614421827 21.984963156282902 10.8623384051025 17.423081979155544 19.334934048354629 8.4010479487478715 6.1174333505332461 8.7448424361646158 7.814401611685752 6.2006992325186721 365.73850754648447 169.19542070478201 187.24112101644278 1078.5808324031532 23.289165388792753 14.837281309068201 32.906142305582762 143.05452031642199 26.395012516528368 20.841017629951239
leaf_count=91 69 102 476 148 107 292 1177 222 112 81 59 229 109 175 163 70 62 82 78 63 2011 1006 1335 9542 158 106 230 1048 174 129
internal_value=0 0.00450507 0.0129368 0.00316688 0.00459738 0.00553703 0.00676842 0.00358366 0.0168175 -0.0105435 0.0064592 -0.00042389 0.00594693 -0.00646634 0.0156632 0.00267231 0.0261265 0.014896 0.00806168 0.0269299 -0.00075762 -0.00146878 -0.00252527 -0.00129126 0.00217764 -0.00190908 -0.00501792 -0.00797243 -0.00820506 -0.0102762
internal_weight=0 431.266 56.6964 374.57 340.384 329.623 311.828 238.846 72.9818 34.1852 196.516 2180.91 106.884 47.2224 59.6613 27.736 31.9253 25.8079 25.2375 17.063 2074.02 1708.29 1325 1090.53 383.283 214.087 190.798 175.961 234.477 208.082
internal_count=19706 2845 578 2267 2038 1969 1862 1458 404 229 1236 16861 1031 482 549 233 316 254 253 172 15830 13819 11271 9633 2548 1542 1384 1278 1638 1464
is_linear=0
shrinkage=0.04


Tree=129
num_leaves=31
num_cat=0
split_feature=23 2 3 36 5 8 34 5 5 30 32 2 26 13 2 20 36 28 30 36 8 2 0 30 2 9 2 0 2 0
split_gain=7.76282 6.65853 3.38026 3.33005 3.00042 4.52535 3.5166 3.94471 4.39202 2.7573 3.15891 2.72827 2.4954 5.4333 4.77473 6.98645 4.68498 4.52442 4.38106 4.37444 4.10472 7.99618 4.25398 6.88 5.70562 5.3038 6.77224 7.0356 4.73895 4.25043
threshold=1.0000000180025095e-35 990.50000000000011 3.5000000000000004 1.1083049774169924 0.09065409749746324 6.5000000000000009 5.5000000000000009 0.21437325328588488 0.12772481888532641 2.6735538244247441 12.500000000000002 641.50000000000011 1.0000000180025095e-35 1.0000000180025095e-35 477.50000000000006 0.21374999731779101 1.1538783907890322 0.37940952181816107 1.0000000180025095e-35 0.51768076419830333 10.500000000000002 663.50000000000011 7.6898260116577157 1.7005987167358401 679.50000000000011 1.0000000180025095e-35 561.50000000000011 7.8693997859954843 743.50000000000011 6.1653625965118417
decision_type=2 2 2 2 2 2 2 2 2 2 2 2 2 2 2 2 2 2 2 2 2 2 2 2 2 2 2 2 2 2
left_child=12 2 4 -4 -2 6 7 8 -6 -8 -11 -10 20 14 15 16 -14 18 -17 -15 22 -22 29 24 25 -24 27 -27 -26 -1
right_child=1 -3 3 -5 5 -7 9 -9 11 10 -12 -13 13 19 -16 17 -18 -19 -20 -21 21 -23 23 -25 28 26 -28 -29 -30 -31
leaf_value=0.0046143374827976305 0.021739855304257389 0.033429845492527602 0.028228942846018863 0.00064289747551538718 -0.0055913504694014441 -0.0031552148323158759 0.031840953637008777 -0.014586809359970405 0.0062450506617716403 -0.016089984107421844 0.02019855374611134 0.028330057309341933 -0.017839145020343002 0.010365025702780665 0.0015627595035831699 0.0031019833392906815 0.016277883235171483 0.036907039597182056 0.028071183198472786 -0.0085016840115826903 -0.008507119651615682 0.041904201531555961 -0.01978939486138433 0.013576456294331674 0.023447655296081785 0.027401916411893396 -0.014047237862615981 -0.0058058560679650215 0.00078372020979515262 -0.0031771878406933419
leaf_weight=120.97219205647707 11.378986723721026 12.076256420463322 16.45890432223678 11.433301689103244 22.24775904417038 115.94080116227269 13.523424774408342 13.31411951780319 21.85165623575449 4.8347589001059514 6.9371669851243496 15.171961486339567 16.332490228116516 21.670337539166212 462.4111732840538 33.474277101457119 8.0728782936930639 14.568307045847176 15.391497135162352 120.29015832766891 9.0441001728177088 7.9746723026037207 32.936267875134945 70.31803085282445 19.2506656460464 17.855249907821417 30.813675060868263 19.834302689880133 48.820578034967184 1282.5893673468381
leaf_count=891 59 94 88 74 109 642 69 62 101 45 115 71 150 179 3174 223 58 82 90 964 95 71 169 557 147 160 282 187 336 10437
internal_value=0 0.00658875 0.00505598 0.0177207 0.0033452 0.0021739 0.00842307 0.00370683 0.00815813 0.0206932 0.0051225 0.0162834 -0.000606001 0.00140892 0.00320945 0.0116503 -0.00617567 0.0184877 0.0117612 -0.00551768 -0.00144669 0.0170372 -0.00165859 0.00324579 -0.00114801 -0.00710564 -0.000618928 0.0105142 0.00767943 -0.00250003
internal_weight=0 265.169 253.093 27.8922 225.201 213.822 97.8808 72.5855 59.2714 25.2954 11.7719 37.0236 2352.62 692.211 550.251 87.8394 24.4054 63.4341 48.8658 141.96 1660.41 17.0188 1643.39 239.829 169.511 101.439 68.5032 37.6896 68.0712 1403.56
internal_count=19781 1529 1435 162 1273 1214 572 343 281 229 160 172 18252 4920 3777 603 208 395 313 1143 13332 166 13166 1838 1281 798 629 347 483 11328
is_linear=0
shrinkage=0.04


Tree=130
num_leaves=31
num_cat=0
split_feature=16 8 16 16 25 26 0 25 2 7 29 16 21 27 36 29 2 29 2 0 4 6 5 2 6 16 27 25 8 2
split_gain=4.82345 4.59293 3.66457 3.88156 3.84535 3.12172 4.43411 4.87173 3.80288 3.73716 4.9901 4.85582 3.95302 3.66148 9.25173 8.15131 8.58271 6.6859 8.60637 7.98102 6.67345 6.02477 6.60019 5.5449 5.4023 5.11275 6.0015 5.18308 5.08128 5.04092
threshold=214.80000305175784 6.5000000000000009 199.18648529052737 195.98403167724612 0.23499999940395358 1.0000000180025095e-35 7.8539912700653085 0.14500000327825549 468.50000000000006 0.75000000000000011 0.91597560048103344 110.541561126709 17.500000000000004 3.9880572557449345 0.28243453800678259 -0.98296290636062611 759.50000000000011 0.78656607866287243 649.50000000000011 7.0440235137939462 0.81667998433113109 5.9309172630310067 0.12344430014491083 284.50000000000006 5.9674272537231454 72.143795013427749 3.8077723979949956 0.23499999940395358 2.5000000000000004 583.50000000000011
decision_type=2 2 2 2 2 2 2 2 2 2 2 2 2 2 2 2 2 2 2 2 2 2 2 2 2 2 2 2 2 2
left_child=2 -2 3 5 -4 13 7 8 -7 10 12 -11 -9 14 -1 16 -16 23 29 20 -20 25 -23 -15 -24 28 -27 -28 -17 -19
right_child=1 -3 4 -5 -6 6 -8 9 -10 11 -12 -13 -14 17 15 21 -18 18 19 -21 -22 22 24 -25 -26 26 27 -29 -30 -31
leaf_value=-0.031652529146654944 0.026383755604982264 -0.00055210860027830563 -0.022860547315595472 0.021182900067109586 0.0029838215553555075 0.012078483146631248 -0.0087739871993747307 0.0037524133426715795 -0.014311463770912284 0.016514784988985974 -0.013242888071142562 -0.0092886533490914702 -0.020218184700269336 -0.033089226886873997 0.030639137929695973 -0.023617872878048757 -0.010616255408233457 0.0027901307125363819 0.0041290141582920464 0.0010408166946058745 0.042193556409468681 -0.0062196223169666501 0.04167856296079276 -0.0034929917610779988 0.0099739368159161308 -0.020268144489654624 -0.010686205027119634 0.023279840828267763 0.0011659398875084714 -0.020774596135375925
leaf_weight=11.497581381350754 18.916144739836454 19.482721269130707 21.580607056617737 11.290281929075716 14.432671055197714 9.3181701451539976 58.050388820469379 532.23695271834731 41.225396554917097 60.82434294372797 28.999163690954447 12.956244513392447 9.2777618132531625 8.2625335082411748 27.016369458287954 11.759437114000319 10.009500097483395 49.055558651685715 11.637057662010191 29.536834266036749 20.591155588626862 36.818824850022793 7.9249032326042643 1026.840803861618 88.835921281948686 43.427943915128708 15.353939674794676 10.334557753056286 346.03786742128432 18.412154611200094
leaf_count=94 122 181 194 87 116 77 413 3643 371 305 204 61 87 74 214 56 82 387 77 218 156 345 70 7937 782 359 128 70 2696 148
internal_value=0 0.0133664 -0.000563311 -0.000378337 -0.0128911 -0.00049138 0.00166377 0.00255847 -0.00917167 0.00350421 0.00238622 0.011858 0.00326884 -0.0014072 0.00110357 0.00183736 0.0195137 -0.00272013 0.0057968 0.0163465 0.0294935 0.000604434 0.00795259 -0.00379259 0.0133621 -0.00172114 -0.0115169 0.00367296 0.000224634 -0.00405372
internal_weight=0 38.3989 2573.54 2537.53 36.0133 2526.24 752.888 694.838 50.5436 644.294 570.514 73.7806 541.515 1773.35 609.017 597.519 37.0259 1164.34 129.233 61.765 32.2282 560.493 133.58 1035.1 96.7608 426.914 69.1164 25.6885 357.797 67.4677
internal_count=19754 303 19451 19141 310 19054 5161 4748 448 4300 3934 366 3730 13893 4896 4802 296 8997 986 451 233 4506 1197 8011 852 3309 557 198 2752 535
is_linear=0
shrinkage=0.04


Tree=131
num_leaves=31
num_cat=0
split_feature=3 6 2 13 0 36 27 36 5 25 36 30 16 2 2 16 22 29 36 6 16 15 29 2 36 30 6 6 28 2
split_gain=3.2519 4.8143 4.39556 4.16127 7.19732 5.7667 4.39232 4.21386 4.24706 4.11399 7.76247 4.04674 5.30866 4.5079 4.11316 3.61896 3.58061 3.57868 4.98287 3.49243 4.66552 4.95138 9.48079 4.63997 3.54037 3.44199 3.44122 7.62007 6.31225 5.54628
threshold=1.5000000000000002 6.3826613426208505 770.50000000000011 1.0000000180025095e-35 6.9716575145721444 0.38429674506187445 4.3776419162750253 1.1330381631851199 0.13246312737464908 0.2100000008940697 1.3651157617568972 2.0126758217811589 195.98403167724612 497.50000000000006 629.50000000000011 59.078561782836921 0.16639610379934314 -0.37940952181816096 0.51403531432151806 4.7833075523376474 19.833676338195804 0.12099999934434892 -0.37940952181816096 702.50000000000011 1.4659474492073061 2.6735538244247441 5.4488878250122079 4.8162329196929941 -0.6035533845424651 695.50000000000011
decision_type=2 2 2 2 2 2 2 2 2 2 2 2 2 2 2 2 2 2 2 2 2 2 2 2 2 2 2 2 2 2
left_child=3 -2 -3 7 5 16 19 11 25 -10 -11 12 -1 -13 -15 -16 -5 18 -7 -6 23 22 -22 -21 -23 26 27 29 -28 -9
right_child=1 2 -4 4 6 17 -8 8 9 10 -12 13 -14 14 15 -17 -18 -19 -20 20 21 24 -24 -25 -26 -27 28 -29 -30 -31
leaf_value=-0.0029488004404427371 0.0010257766714684697 0.025626120697905312 -0.0065740673820664378 0.0048033003941843691 -0.027653885371885435 0.020286064313956523 -0.021127615999991169 -0.0014186919757990968 -0.01643480965372645 0.023425445552775554 -0.0087050857499145519 0.027289960361241157 -0.028531258987997226 -0.015306853081343811 0.022022776029141315 -0.0041131246232903327 -0.034733711731423499 0.023316479290304441 -0.016005315693258901 -0.0060085302531681494 -0.02186123858591988 -0.0072488337182235575 0.042574464206364251 0.025916776620531268 -0.031491249915730102 -0.014152151199730099 0.0023185289734270888 -0.013445123577599786 0.021906723199475422 0.0319027686992868
leaf_weight=412.44275373592973 1665.6556008905172 21.5980728417635 8.5422354042530042 5.9761788882315141 8.7120274230837804 8.9768392406404036 48.346733387559652 16.367769885808233 25.217300996184349 16.763410322368145 31.649660009890795 11.949240271002052 11.444018024951218 14.243760116398333 15.186730090528728 15.682641122490166 5.9987807646393776 21.006028432399035 11.496258135884998 13.311535958200695 5.2824042961001396 30.949318088591099 5.6116325072944147 12.612627919763325 13.259087223559616 9.401067700237034 48.820477645844221 28.340237464755774 56.483106289058924 13.322096168994902
leaf_count=3789 11623 156 80 73 78 90 450 124 222 106 202 75 132 93 88 108 49 204 118 119 65 284 59 103 118 64 391 209 436 81
internal_value=0 0.00132293 0.0166589 -0.0016292 -0.00684185 0.00547424 -0.0116196 -0.000241448 0.00399327 -0.00397582 0.00290833 -0.00241823 -0.00377021 0.00741254 0.00121257 0.00930254 -0.0171389 0.0124907 0.000296577 -0.00614823 -0.00322548 -0.00971085 0.0127857 0.0102675 -0.015568 0.00739683 0.00879332 0.000913389 0.0130378 0.0146027
internal_weight=0 1695.8 30.1403 918.854 191.539 53.4541 138.085 727.314 246.365 73.6304 48.4131 480.949 423.887 57.0624 45.1131 30.8694 11.975 41.4791 20.4731 89.7386 81.0266 55.1024 10.894 25.9242 44.2084 172.735 163.334 58.0301 105.304 29.6899
internal_count=19789 11859 236 7930 1810 534 1276 6120 1835 530 308 4285 3921 364 289 196 122 412 208 826 748 526 124 222 402 1305 1241 414 827 205
is_linear=0
shrinkage=0.04


Tree=132
num_leaves=31
num_cat=0
split_feature=4 2 2 2 6 0 36 29 25 4 3 4 2 0 28 36 36 6 36 14 27 27 31 27 27 18 21 31 6 0
split_gain=4.13079 10.0116 6.0804 6.41001 8.17333 6.47399 5.69262 3.86559 3.40731 5.49131 5.31028 5.36786 7.30513 6.28194 5.87923 5.25876 5.75144 5.46949 7.54043 6.15109 7.43146 6.7684 5.15016 5.05085 6.97871 6.154 4.4887 5.00914 4.46744 4.38161
threshold=0.66450887918472301 506.50000000000006 651.50000000000011 770.50000000000011 6.3198683261871347 7.1196274757385263 1.1014350056648257 0.60355338454246532 0.17500000447034839 0.96481129527091991 3.5000000000000004 0.85945415496826183 653.50000000000011 6.0775766372680673 -0.37940952181816096 1.7154432535171511 2.2300208806991582 6.1851787567138681 1.2397056221961977 1.0000000180025095e-35 4.1828129291534433 3.7853246927261357 0.37980769574642187 3.8231911659240727 3.7049980163574223 1.0000000180025095e-35 6.5000000000000009 0.47407408058643347 6.5080232620239267 7.4181761741638192
decision_type=2 2 2 2 2 2 2 2 2 2 2 2 2 2 2 2 2 2 2 2 2 2 2 2 2 2 2 2 2 2
left_child=1 -1 6 5 7 -4 -3 -5 9 28 11 12 13 -10 22 17 -17 18 19 21 -21 -14 -13 24 25 -15 27 -27 -2 -19
right_child=8 2 3 4 -6 -7 -8 -9 10 -11 -12 14 15 23 -16 16 -18 29 -20 20 -22 -23 -24 -25 -26 26 -28 -29 -30 -31
leaf_value=0.025752065686737526 -0.0029504093748373324 -0.00047761481181815134 0.0037380181652876148 -0.0024872032959698653 -0.03750450243253884 0.038082584256409542 -0.028676118845974596 0.025183802363386389 0.014810938185905403 -0.032045247137718218 0.0059155720725199649 -0.0026396858991734949 -0.011762848462151745 0.011477614788319006 0.0050175899205007965 0.028785754324471863 -0.0026401554275514516 0.0041083465269625228 -0.018833245636582327 0.0046331790806184896 -0.017413713474568108 0.01607533923586105 0.0093744638204180976 -0.012452981919976364 0.022406852776050441 -0.0099799774425684308 -0.00025566485066791438 -0.048285214871919724 0.017411336566398993 0.036332420791625117
leaf_weight=31.076683413237333 660.88772517070174 36.106229001656175 18.731186047196388 26.433341953903437 6.5840765573084346 15.383910490199922 14.824601326137779 9.4433203935623151 16.778887614607811 8.1850534640252572 242.73591852933168 499.17314744368196 17.045637112110853 19.290165066719055 408.91150036454201 19.384940369054675 15.963647667318581 22.506039269268516 38.420691881328821 48.755615429952741 45.799527816474438 53.623120244592428 62.45703711360693 206.0401906631887 14.929770961403845 15.241308499127628 19.340819474309683 7.9511095769703379 15.730703532695768 8.040874280035494
leaf_count=220 5980 261 143 235 63 143 112 100 112 100 1277 3734 112 112 2953 145 132 172 267 392 315 304 385 1382 109 117 193 55 149 61
internal_value=0 0.00614118 0.00103762 0.00808191 -0.00234982 0.0204767 -0.00945884 0.00574145 -0.000479588 -0.00287339 0.000442314 -0.000427133 -0.00350472 -0.00778221 0.00138102 0.00127168 0.0152122 -0.000943481 -0.00334719 0.000436075 -0.00618514 0.0092217 -0.00127511 -0.00921732 -0.000435693 -0.00648125 -0.0147758 -0.025903 -0.0024271 0.0143021
internal_weight=0 158.583 127.507 76.5758 42.4607 34.1151 50.9308 35.8767 2467.19 684.803 1782.39 1539.65 569.112 299.572 970.542 269.54 35.3486 234.192 203.645 165.224 94.5551 70.6688 561.63 282.793 76.7532 61.8234 42.5332 23.1924 676.618 30.5469
internal_count=19835 1277 1057 684 398 286 373 335 18558 6229 12329 11052 3980 2080 7072 1900 277 1623 1390 1123 707 416 4119 1968 586 477 365 172 6129 233
is_linear=0
shrinkage=0.04


end of trees

feature_importances:
gmv_vs_pin_median=320
weight_grams=312
checkout_seconds_log=304
channel_risk=255
gmv_log=250
pin_serviceability=221
pin_orders_log=221
addr_defect_score=201
pin_rto_rate=189
pin_tier=176
phone_first_seen_days=169
pay_switch_from_failed=141
addr_rto_rate=136
hour_sin=112
hour_cos=111
ring_rto_rate=96
phone_rto_rate=81
items_count=80
entity_max_degree=77
addr_tokens=74
ring_size_log=71
coupon_applied=65
device_rto_rate=61
device_distinct_phones=60
phone_orders_total_log=41
phone_orders_30d=36
addr_distinct_phones=30
ring_phones=28
addr_has_house_no=22
addr_junk=21
addr_landmark_only=12
phone_distinct_devices=9
ring_is_ring=6
device_orders_24h=1
entity_shared=1

parameters:
[boosting: gbdt]
[objective: binary]
[metric: binary_logloss]
[tree_learner: serial]
[device_type: cpu]
[data_sample_strategy: bagging]
[data: ]
[valid: ]
[num_iterations: 1200]
[learning_rate: 0.04]
[num_leaves: 31]
[num_threads: 4]
[seed: 7]
[deterministic: 1]
[force_col_wise: 0]
[force_row_wise: 1]
[histogram_pool_size: -1]
[max_depth: -1]
[min_data_in_leaf: 60]
[min_sum_hessian_in_leaf: 0.001]
[bagging_fraction: 0.85]
[pos_bagging_fraction: 1]
[neg_bagging_fraction: 1]
[bagging_freq: 1]
[bagging_seed: 17422]
[feature_fraction: 0.85]
[feature_fraction_bynode: 1]
[feature_fraction_seed: 7040]
[extra_trees: 0]
[extra_seed: 6516]
[early_stopping_round: 0]
[early_stopping_min_delta: 0]
[first_metric_only: 0]
[max_delta_step: 0]
[lambda_l1: 0]
[lambda_l2: 2]
[linear_lambda: 0]
[min_gain_to_split: 0]
[drop_rate: 0.1]
[max_drop: 50]
[skip_drop: 0.5]
[xgboost_dart_mode: 0]
[uniform_drop: 0]
[drop_seed: 15215]
[top_rate: 0.2]
[other_rate: 0.1]
[min_data_per_group: 100]
[max_cat_threshold: 32]
[cat_l2: 10]
[cat_smooth: 10]
[max_cat_to_onehot: 4]
[top_k: 20]
[monotone_constraints: ]
[monotone_constraints_method: basic]
[monotone_penalty: 0]
[feature_contri: ]
[forcedsplits_filename: ]
[refit_decay_rate: 0.9]
[cegb_tradeoff: 1]
[cegb_penalty_split: 0]
[cegb_penalty_feature_lazy: ]
[cegb_penalty_feature_coupled: ]
[path_smooth: 0]
[interaction_constraints: ]
[verbosity: -1]
[saved_feature_importance_type: 0]
[use_quantized_grad: 0]
[num_grad_quant_bins: 4]
[quant_train_renew_leaf: 0]
[stochastic_rounding: 1]
[linear_tree: 0]
[max_bin: 255]
[max_bin_by_feature: ]
[min_data_in_bin: 3]
[bin_construct_sample_cnt: 200000]
[data_random_seed: 61]
[is_enable_sparse: 1]
[enable_bundle: 1]
[use_missing: 1]
[zero_as_missing: 0]
[feature_pre_filter: 1]
[pre_partition: 0]
[two_round: 0]
[header: 0]
[label_column: ]
[weight_column: ]
[group_column: ]
[ignore_column: ]
[categorical_feature: ]
[forcedbins_filename: ]
[precise_float_parser: 0]
[parser_config_file: ]
[objective_seed: 15521]
[num_class: 1]
[is_unbalance: 0]
[scale_pos_weight: 1]
[sigmoid: 1]
[boost_from_average: 1]
[reg_sqrt: 0]
[alpha: 0.9]
[fair_c: 1]
[poisson_max_delta_step: 0.7]
[tweedie_variance_power: 1.5]
[lambdarank_truncation_level: 30]
[lambdarank_norm: 1]
[label_gain: ]
[lambdarank_position_bias_regularization: 0]
[eval_at: ]
[multi_error_top_k: 1]
[auc_mu_weights: ]
[num_machines: 1]
[local_listen_port: 12400]
[time_out: 120]
[machine_list_filename: ]
[machines: ]
[gpu_platform_id: -1]
[gpu_device_id: -1]
[gpu_use_dp: 0]
[num_gpu: 1]

end of parameters

pandas_categorical:null
