tree
version=v4
num_class=1
num_tree_per_iteration=1
label_index=0
max_feature_idx=35
objective=binary sigmoid:1
feature_names=gmv_log items_count weight_grams pin_tier pin_serviceability pin_rto_rate pin_orders_log addr_defect_score addr_tokens addr_has_house_no addr_landmark_only addr_state_mismatch addr_junk phone_orders_30d phone_orders_total_log phone_rto_rate phone_first_seen_days phone_distinct_devices device_distinct_phones device_orders_24h device_rto_rate addr_distinct_phones addr_rto_rate pay_switch_from_failed is_cod channel_risk coupon_applied checkout_seconds_log hour_sin hour_cos ring_size_log ring_rto_rate ring_phones ring_is_ring entity_max_degree gmv_vs_pin_median
feature_infos=[5.0106353759765625:9.538996696472168] [1:8] [123:1827] [1:4] [0.42599999904632568:0.98011362552642822] [0.057835821062326431:0.59399998188018799] [0:6.7627296447753906] [0:1] [1:13] [0:1] [0:1] none [0:1] [0:11] [0:2.5649492740631104] [0.065999999642372131:0.81999999284744263] [0:234.55287170410156] [0:2] [0:18] [0:5] [0.065999999642372131:0.94150000810623169] [0:35] [0.050769232213497162:0.95372265577316284] [0:1] none [0.14000000059604645:0.37999999523162842] [0:1] [2.1972246170043945:6.295081615447998] [-1:1] [-1:1] [0:5.0172796249389648] [0:1] [0:50] [0:1] [0:80] [0.09513247013092041:9.2036905288696289]
tree_sizes=3410 3425 3439 3440 3421 3433 3433 3436 3450 3416 3425 3424 3440 3424 3460 3450 3429 3446 3437 3457 3450 3446 3444 3442 3470 3430 3445 3437 3446 3460 3457 3453 3445 3460 3466 3452 3449 3461 3441 3447 3462 3442 3449 3449 3470 3456 3451 3474 3453 3463 3464 3446 3467 3470 3440 3470 3441 3447 3469 3462 3439 3436 3460 3455 3452 3450 3450 3450 3453 3429 3442 3467 3454 3471 3447 3433 3462 3451 3444 3447 3447 3458 3468 3453 3442 3464 3459 3461 3466 3425 3445 3457 3446 3422 3448 3458 3470 3437 3466 3438 3468 3431 3438 3442 3461 3423 3462 3438 3440 3427 3444 3439 3419

Tree=0
num_leaves=31
num_cat=0
split_feature=32 9 23 3 3 23 31 9 3 23 31 0 7 22 25 7 6 0 2 35 25 5 2 4 0 0 26 25 4 0
split_gain=5260.44 998.533 176.255 156.511 117.271 86.0741 41.6948 39.1969 31.3914 30.4681 25.7782 25.2508 23.3124 20.7129 18.8752 18.5146 17.636 16.8914 15.2531 15.1396 11.9595 11.3521 11.0593 9.87283 8.91492 8.80357 8.63937 8.55202 8.34742 8.29937
threshold=4.5000000000000009 1.0000000180025095e-35 1.0000000180025095e-35 2.5000000000000004 2.5000000000000004 1.0000000180025095e-35 0.35897436738014227 1.0000000180025095e-35 1.5000000000000002 1.0000000180025095e-35 0.18465909361839297 7.4877300262451181 0.57499998807907116 0.16550000011920932 0.17500000447034839 1.0000000180025095e-35 6.0879099369049081 6.8834495544433603 607.50000000000011 0.6086435616016389 0.17500000447034839 0.14865864068269732 567.50000000000011 0.92465984821319591 7.0613250732421884 6.5736558437347421 1.0000000180025095e-35 0.27500000596046453 0.81679013371467601 6.4861316680908212
decision_type=2 2 2 2 2 2 2 2 2 2 2 2 2 2 2 2 2 2 2 2 2 2 2 2 2 2 2 2 2 2
left_child=1 3 4 5 15 6 8 -2 20 12 17 21 18 -14 -8 25 -9 -6 -5 -10 -1 -4 -7 -22 -15 -3 -21 -13 -20 -23
right_child=7 2 11 9 10 22 14 16 19 -11 -12 27 13 24 -16 -17 -18 -19 28 26 23 29 -24 -25 -26 -27 -28 -29 -30 -31
leaf_value=-0.91406069677829205 -0.76883821426416321 -0.92083451056371135 -0.88479803749431685 -0.89230472028222774 -0.90132984836445862 -0.86742548145109655 -0.89409352332209757 -0.78617489708575294 -0.85649434297971094 -0.80223724858384571 -0.88205842651739697 -0.91609956185918406 -0.86994457277037207 -0.82628808043588553 -0.84918592567854334 -0.92206885254008775 -0.82071507015086331 -0.91789286962423788 -0.84140857869449392 -0.89260214147193107 -0.89902725316484644 -0.8357792663171788 -0.81857827048639742 -0.87185474761718162 -0.85340729952563854 -0.93210041054029025 -0.87152287995859845 -0.88549534957074572 -0.88348041434491198 -0.87089317094640006
leaf_weight=79.18305841088295 368.36567394062877 146.06494640000165 55.357872702181339 31.263804577291012 190.89245812036097 13.229088105261324 20.17786318063736 121.78343989700079 34.31783452630043 22.899450242519379 59.156516041606665 34.147036656737328 38.335214920341969 81.752739567309618 54.834717661142349 529.11558160372078 55.305799636989832 208.60640763491392 23.556879356503487 94.581086926162243 177.66337635740638 16.101650441065431 31.254954092204571 22.318312048912048 41.111663788557053 1415.4850485622883 44.383109010756016 23.242713794112206 12.178140901029108 39.017074212431908
leaf_count=428 1604 1207 309 175 1395 63 120 535 237 121 390 108 244 485 258 2455 219 921 126 430 733 112 141 83 177 6182 199 70 61 213
internal_value=-0.892788 -0.910513 -0.9222 -0.871951 -0.924814 -0.883577 -0.888193 -0.777283 -0.892824 -0.845753 -0.906418 -0.882605 -0.850868 -0.842612 -0.860986 -0.928832 -0.796037 -0.910061 -0.871612 -0.879539 -0.901107 -0.871554 -0.831389 -0.895818 -0.834586 -0.931084 -0.885664 -0.903877 -0.854493 -0.858998
internal_weight=0 3540.23 2717.19 823.041 2549.32 571.943 527.459 545.455 452.447 251.098 458.655 167.866 228.198 161.2 75.0126 2090.67 177.089 399.499 66.9988 173.282 279.165 110.477 44.484 199.982 122.864 1561.55 138.964 57.3898 35.735 55.1187
internal_count=19801 17443 13362 4081 12550 2692 2488 2358 2110 1389 2706 812 1268 906 378 9844 754 2316 362 866 1244 634 204 816 662 7389 629 178 187 325
is_linear=0
shrinkage=1


Tree=1
num_leaves=31
num_cat=0
split_feature=32 9 23 23 5 31 5 0 0 9 0 27 6 31 25 2 31 0 0 31 2 31 7 2 0 7 25 35 0 25
split_gain=4537.5 919.002 177.643 116.372 93.2359 62.9665 49.0492 39.3497 32.9578 32.7442 28.7667 24.0449 23.5533 22.8582 19.3905 16.8177 16.538 15.9262 15.4549 13.6343 13.3992 12.3386 12.1516 10.6514 10.2576 10.1342 10.0364 9.99713 9.92284 9.54075
threshold=3.5000000000000004 1.0000000180025095e-35 1.0000000180025095e-35 1.0000000180025095e-35 0.14865864068269732 0.41428571939468389 0.16491568833589557 7.0264170169830331 6.9334111213684091 1.0000000180025095e-35 8.2095794677734393 3.8033230304718022 5.8185970783233651 0.31666667759418493 0.17500000447034839 871.50000000000011 0.99253731966018688 7.1356794834136972 7.6236391067504892 0.26136364042758947 657.50000000000011 0.41428571939468389 0.25000000000000006 813.50000000000011 6.7043955326080331 0.57499998807907116 0.23499999940395358 0.80134379863739025 6.7522532939910898 0.31000000238418585
decision_type=2 2 2 2 2 2 2 2 2 2 2 2 2 2 2 2 2 2 2 2 2 2 2 2 2 2 2 2 2 2
left_child=1 3 6 4 14 12 22 13 20 -7 -11 26 -2 -6 -1 19 -10 23 -5 24 21 -8 28 -4 -16 -13 -9 -22 -3 -19
right_child=5 2 17 18 7 9 8 11 16 10 -12 25 -14 -15 15 -17 -18 29 -20 -21 27 -23 -24 -25 -26 -27 -28 -29 -30 -31
leaf_value=-0.016706358977389542 0.075773941063374373 -0.028579270830626117 0.016669399464842874 0.079313249579919379 0.031357505675850106 0.11384823589406534 -0.024432744072019012 0.017461672818150677 -0.031358582154749674 0.09612929003690468 0.046112007325573891 -0.007035422369056004 0.0019168652236930103 0.062849350100786461 0.019336633142176596 0.037402247412747038 0.0015769810873529333 -0.0062081834196722188 0.027422034388417074 0.023470860739925829 -0.011020083037749989 0.0099116279481525765 -0.020133593945402928 0.05578880817718751 -0.0072776047729864414 0.014118876780126324 0.056873950266184067 0.013569620652503209 -0.038443261277026235 0.025429549546959349
leaf_weight=90.504279464483261 11.656877227127554 225.37440506368876 61.087613381445408 52.936998561024666 160.85670671239495 370.95449471101165 192.89147096127272 21.100444987416267 611.01866443455219 155.31488222628832 27.294124230742455 50.569945484399796 14.1972051076591 51.002470036968589 25.382496953010559 21.014606840908527 25.209785431623459 75.943813264369965 14.435816988348959 34.9264827221632 130.28208984620869 17.246707864105701 80.709924843162298 12.685676217079161 149.89594542235136 117.38539463281631 24.426440387964249 31.260059647262096 1198.178955629468 16.960697025060654
leaf_count=507 53 1739 385 265 987 1538 1423 91 2554 673 68 202 79 320 156 90 116 281 47 167 962 141 365 71 560 496 100 178 5084 63
internal_value=0 -0.0174855 -0.0287935 0.0196881 0.0150403 0.103195 -0.0314458 0.0272851 -0.024515 0.106079 0.0892339 0.0149529 0.0382667 0.0394556 -0.00121668 0.00493758 -0.0300527 0.0110815 0.0693058 0.0013701 -0.0149256 -0.0215471 -0.036051 0.0246911 -0.00324886 0.00774166 0.0401109 -0.00615397 -0.0369239 -1.82026e-05
internal_weight=0 3493.29 2678.85 814.438 747.065 579.418 2512.17 425.341 1007.91 553.564 182.609 213.482 25.8541 211.859 321.724 231.22 636.228 166.678 67.3728 210.205 371.68 210.138 1504.26 73.7733 175.278 167.955 45.5269 161.542 1423.55 92.9045
internal_count=19761 17350 13362 3988 3676 2411 12562 2196 5374 2279 741 889 132 1307 1480 973 2670 800 312 883 2704 1564 7188 456 716 698 191 1140 6823 344
is_linear=0
shrinkage=0.04


Tree=2
num_leaves=31
num_cat=0
split_feature=32 9 23 23 5 5 31 9 31 4 7 7 5 7 35 23 6 35 2 27 35 2 6 2 35 27 4 28 28 35
split_gain=4108.9 836.963 184.474 98.1128 81.7675 48.9866 39.2426 34.3266 32.2648 29.1619 16.1198 15.7609 14.4794 13.9646 13.6314 13.257 14.951 12.8908 15.7104 12.5945 13.7293 12.5163 11.8535 11.5269 10.6023 10.023 9.76278 9.37417 8.01229 7.45516
threshold=4.5000000000000009 1.0000000180025095e-35 1.0000000180025095e-35 1.0000000180025095e-35 0.14865864068269732 0.16270697116851809 0.41428571939468389 1.0000000180025095e-35 0.31666667759418493 0.85950115323066723 0.57499998807907116 0.57499998807907116 0.29724532365798956 0.57499998807907116 1.4746742248535158 1.0000000180025095e-35 6.0969495773315439 0.83344134688377391 635.50000000000011 3.5567746162414555 1.0943796038627627 661.50000000000011 3.5694335699081425 524.50000000000011 1.4746742248535158 3.6415249109268193 0.56370750069618236 0.78656607866287243 -0.98296290636062611 0.48041431605815893
decision_type=2 2 2 2 2 2 2 2 2 2 2 2 2 2 2 2 2 2 2 2 2 2 2 2 2 2 2 2 2 2
left_child=1 3 5 4 13 29 19 -2 10 23 12 -5 -6 -1 -11 16 -9 18 -15 -7 21 -21 -12 -4 -19 -8 -23 28 -24 -3
right_child=7 2 9 11 8 6 25 15 -10 14 22 -13 -14 17 -16 -17 -18 24 -20 20 -22 26 27 -25 -26 -27 -28 -29 -30 -31
leaf_value=-0.013843988510057708 0.10491347543480188 -0.025023715391120062 0.0046425839147584058 0.032740330933165342 -5.5498268631850193e-05 -0.010255494377368139 0.035772537867962945 0.082393023826413711 0.046096857425127057 0.0085898829381959411 0.04613774987976467 0.07752964894301502 0.03643822869799971 9.9044784178668854e-06 -0.022649715642694662 0.10440490496749399 0.050291002262748678 -0.011736791170044504 0.034948464913340235 -0.028300986684077149 -0.03345071941203067 0.016648733520134216 -0.0074078696646147062 0.044301711816103019 0.0091643692304068016 -0.0027720349561183334 -0.017357635444049498 -0.0062705595737609643 0.026080528474338196 -0.036205485137495629
leaf_weight=95.053373984992504 393.47750087082386 124.18196474201977 16.333069851621985 23.459687639027834 92.427802428603172 77.846926923841238 10.753119520843027 104.45448403805494 92.915311904624104 78.3137062266469 36.687204509973526 44.705648001283407 19.426610805094242 42.483970992267132 28.965195655822754 43.830254331231117 46.857633572071791 86.842067256569862 37.963282115757465 285.18016476929188 361.01492664217949 12.969179375097154 11.437036395072935 44.703628499060869 67.080289348959923 68.843347884714603 191.85445241630077 17.418990809470415 164.54402133822441 1334.1952018290758
leaf_count=441 1580 1041 89 98 457 422 61 419 498 410 173 207 100 271 81 176 171 377 232 1864 1349 87 56 229 203 434 1208 93 847 6007
internal_value=0 -0.0167689 -0.0278094 0.0181635 0.013966 -0.0305732 -0.0236973 0.0973622 0.0253126 0.0125807 0.0194297 0.0634876 0.00681139 -0.00107462 -0.000104938 0.0812261 0.0732376 0.00417758 0.0169453 -0.0260028 -0.0274158 -0.0228517 0.0254524 0.0341732 -0.00262723 0.00318434 -0.0150642 0.0210965 0.0238453 -0.0352889
internal_weight=0 3467.6 2635.15 832.445 764.28 2466.84 1008.46 588.62 434.857 168.316 341.942 68.1653 111.854 329.423 107.279 195.142 151.312 234.37 80.4473 928.866 851.019 490.004 230.087 61.0367 153.922 79.5965 204.824 193.4 175.981 1458.38
internal_count=19681 17335 13282 4053 3748 12473 5425 2346 2224 809 1726 305 557 1524 491 766 590 1083 503 4930 4508 3159 1169 318 580 495 1295 996 903 7048
is_linear=0
shrinkage=0.04


Tree=3
num_leaves=31
num_cat=0
split_feature=32 9 23 23 5 5 31 31 0 0 0 2 35 7 7 28 26 5 5 6 25 2 10 2 5 0 2 5 25 2
split_gain=3714.23 837.49 148.281 97.8221 76.5647 52.9422 34.4147 34.381 26.1577 25.3916 17.6429 16.7342 17.0485 16.182 15.3197 13.7499 13.638 12.2549 12.0948 11.9212 11.8712 11.8708 11.5575 10.9388 10.9348 10.3488 9.85868 9.19038 8.97325 10.1022
threshold=4.5000000000000009 1.0000000180025095e-35 1.0000000180025095e-35 1.0000000180025095e-35 0.14301556348800662 0.16270697116851809 0.41428571939468389 0.35897436738014227 6.6920645236969003 6.9716575145721444 7.4181761741638192 629.50000000000011 0.84313854575157177 0.42499999701976782 1.0000000180025095e-35 0.60355338454246532 1.0000000180025095e-35 0.30359959602355963 0.13188524544239047 5.2012517452239999 0.17500000447034839 655.50000000000011 1.0000000180025095e-35 549.50000000000011 0.2017435356974602 6.7522532939910898 563.50000000000011 0.21877599507570269 0.17500000447034839 813.50000000000011
decision_type=2 2 2 2 2 2 2 2 2 2 2 2 2 2 2 2 2 2 2 2 2 2 2 2 2 2 2 2 2 2
left_child=1 3 5 4 11 25 9 8 21 24 14 18 -13 20 16 19 -4 -10 -1 -11 -2 -7 -20 -9 26 -3 -6 -5 -14 -30
right_child=13 2 10 27 6 7 -8 23 17 15 -12 12 28 -15 -16 -17 -18 -19 22 -21 -22 -23 -24 -25 -26 -27 -28 -29 29 -31
leaf_value=-0.014633765220950003 0.041022682311293711 -0.026183882108846673 -0.0015857488547062948 0.049886206766392049 -0.0080466370870111627 -0.020595104707579918 0.047511801448680793 -0.017180737372164002 -0.030554244056150322 0.02465960813563349 -0.0081236464626855236 0.026403706278365441 -0.020861132416434995 0.097503172493991902 0.044767276679854577 -0.014491959380407246 0.031955570509771013 -0.014974057347004155 -0.0092655485500662983 0.0036536616986486935 0.08307187581813312 -0.0016561211916908923 0.038010983798353042 0.012972621018477687 0.038673558738097087 -0.036144587518117784 0.026434036451133638 0.087244582255361525 -0.0035625732805492105 0.029735610590267601
leaf_weight=134.18616053089499 17.699849799275398 225.25067426264286 57.059544740244746 53.175814025104046 17.551301784813404 118.32727755606174 86.195288192480803 27.608121786266565 604.61274887621403 84.401255548000336 61.327060759067535 53.883652128279209 25.439591899514198 390.50806764513254 24.928944922983646 30.155569672584534 27.247854497283697 100.10951226949692 16.635049190372229 88.146875008940697 195.66496106982231 95.243555633351207 13.334542978554966 53.12940988317132 105.81839645653963 1195.1178755685687 44.000779753550887 20.442552372813225 49.104570686817169 18.526001691818237
leaf_count=607 73 1797 328 228 121 959 450 172 2785 343 200 329 109 1517 145 120 151 488 77 373 753 715 66 320 653 5216 255 96 169 69
internal_value=0 -0.0158207 -0.0270775 0.0188279 0.014507 -0.0296176 0.0249039 -0.0224731 -0.0246691 0.0194111 0.00887829 -0.000802579 0.00893837 0.0916023 0.0183979 0.00974086 0.00974399 -0.0283896 -0.0095254 0.0140935 0.079997 -0.0122428 0.0128315 0.00249565 0.0308695 -0.034604 0.0166582 0.0622931 -0.00151605 0.00615088
internal_weight=0 3430.96 2589.96 840.997 767.379 2419.4 456.269 999.031 918.293 370.074 170.563 311.11 146.954 603.873 109.236 202.704 84.3074 704.722 164.156 172.548 213.365 213.571 29.9696 80.7375 167.37 1420.37 61.5521 73.6184 93.0702 67.6306
internal_count=19684 17341 13276 4065 3741 12452 2315 5439 4947 1865 824 1426 676 2343 624 836 479 3273 750 716 826 1674 143 492 1029 7013 376 324 347 238
is_linear=0
shrinkage=0.04


Tree=4
num_leaves=31
num_cat=0
split_feature=32 9 23 23 5 31 5 7 0 7 0 0 0 16 31 35 25 31 2 25 5 31 0 7 7 31 35 4 4 26
split_gain=3387.28 711.405 172.804 87.8419 75.1456 50.3115 44.6673 31.781 27.4428 21.7365 20.3919 20.1472 19.2126 14.4352 14.1561 13.8929 13.2788 13.3696 11.9719 11.9631 11.3871 11.1745 10.0037 9.9606 9.70629 9.65189 9.39514 8.83804 8.77295 9.02773
threshold=3.5000000000000004 1.0000000180025095e-35 1.0000000180025095e-35 1.0000000180025095e-35 0.12643428891897204 0.41428571939468389 0.16491568833589557 0.57499998807907116 6.9334111213684091 1.0000000180025095e-35 7.0264170169830331 7.1356794834136972 8.2677049636840838 77.539569854736342 0.2264957278966904 1.3699100613594057 0.17500000447034839 0.18465909361839297 655.50000000000011 0.27500000596046453 0.23782663792371753 0.31666667759418493 7.0440235137939462 0.57499998807907116 1.0000000180025095e-35 0.66384181380271923 0.80565369129180919 0.90395990014076244 0.86899384856224071 1.0000000180025095e-35
decision_type=2 2 2 2 2 2 2 2 2 2 2 2 2 2 2 2 2 2 2 2 2 2 2 2 2 2 2 2 2 2
left_child=1 3 6 4 16 13 24 19 18 12 14 28 -7 -2 20 -12 -1 -18 25 22 27 -10 -6 -5 -3 -8 -20 -9 -4 -30
right_child=5 2 11 23 7 9 8 10 21 -11 15 -13 -14 -15 -16 -17 17 -19 26 -21 -22 -23 -24 -25 -26 -27 -28 -29 29 -31
leaf_value=-0.022217423924048726 0.053039761375161455 -0.035728934811429316 0.039693294977201345 0.033252586599978894 0.0096608774515312152 0.076416521393990661 -0.022480308885552112 0.011422550587496529 -0.02953583789152478 0.091501824502791887 0.0070776736290266568 -0.0007371816312690294 0.03029258289098221 -0.0046379414652046062 0.054448532354691097 0.028828772695773386 -0.0063411263659795668 0.022887008376846891 -0.010070775429336938 0.018318473848295141 0.042798560926389617 -0.010335206776417397 -0.015999704762563748 0.068654789589116944 -0.02745564664618632 0.012371205846483917 0.014485393382191854 0.048303769963715347 -0.00020423717063492521 0.03884012201662989
leaf_weight=64.587868247181177 12.916550472378733 1091.703944856301 39.042920559644699 25.912730105221272 44.073988363146782 130.13476938009262 190.3220550827682 64.958662839606404 551.10356472432613 459.73083643987775 103.02854306995869 92.654890969395638 20.305366396903992 12.43346334248781 50.640792559832335 87.177630186080933 135.2824577242136 28.62977659702301 134.26202161423862 62.619123481214046 51.81301561743021 56.22018526494503 49.666959598660469 47.347237423062325 339.49810348264873 12.383855078369377 28.666286289691925 10.951790645718573 28.850467596203089 12.093508664518593
leaf_count=358 57 5488 232 107 304 516 1459 405 2376 1731 467 347 47 65 302 316 559 130 1005 272 302 266 204 214 1669 100 167 59 177 68
internal_value=0 -0.0161565 -0.02651 0.0161018 0.0119499 0.0843053 -0.0292851 0.0202611 -0.022577 0.0866134 0.0266455 0.0120272 0.0706701 0.02648 0.0363697 0.0172431 -0.00715363 -0.00102163 -0.0138006 0.00506556 0.0284727 -0.0277982 -0.00398514 0.0573491 -0.0338075 -0.0202511 -0.005627 0.0178469 0.0264703 0.0126
internal_weight=0 3403.49 2576.8 826.691 753.431 635.521 2404.16 524.931 972.958 610.171 368.57 172.642 150.44 25.35 178.364 190.206 228.5 163.912 365.634 156.36 127.723 607.324 93.7409 73.26 1431.2 202.706 162.928 75.9105 79.9869 40.944
internal_count=19769 17353 13354 3999 3678 2416 12530 2631 5373 2294 1851 824 563 122 1068 783 1047 689 2731 780 766 2642 508 321 7157 1559 1172 464 477 245
is_linear=0
shrinkage=0.04


Tree=5
num_leaves=31
num_cat=0
split_feature=32 9 23 3 3 31 23 3 3 7 23 16 0 2 7 7 0 3 3 35 35 7 25 31 16 0 22 7 7 22
split_gain=2988.29 654.818 154.808 104.218 96.4582 94.0942 44.8184 31.4273 24.4345 24.348 24.3098 22.4907 19.9794 19.4435 19.259 18.4905 14.4021 13.94 12.9321 12.4223 11.7255 9.68826 11.5662 9.64255 9.4404 8.86156 8.68948 8.62922 8.50642 8.02217
threshold=2.5000000000000004 1.0000000180025095e-35 1.0000000180025095e-35 2.5000000000000004 2.5000000000000004 0.41428571939468389 1.0000000180025095e-35 1.5000000000000002 2.5000000000000004 0.42499999701976782 1.0000000180025095e-35 13.563329696655275 8.2573847770690936 661.50000000000011 0.57499998807907116 0.25000000000000006 7.1196274757385263 1.5000000000000002 3.5000000000000004 0.90007463097572338 1.5413821935653689 0.72499999403953563 0.2100000008940697 0.18465909361839297 1.2610096335411074 7.3238251209259042 0.31377777457237249 1.0000000180025095e-35 0.25000000000000006 0.41083332896232611
decision_type=2 2 2 2 2 2 2 2 2 2 2 2 2 2 2 2 2 2 2 2 2 2 2 2 2 2 2 2 2 2
left_child=1 3 4 6 15 11 7 14 20 12 16 -2 -7 26 -1 17 18 -3 -5 -15 27 22 -9 -16 -18 -25 -6 -4 -13 -19
right_child=5 2 8 10 13 9 -8 21 -10 -11 -12 28 -14 19 23 -17 24 29 -20 -21 -22 -23 -24 25 -26 -27 -28 -29 -30 -31
leaf_value=-0.020322305298052724 0.058988092285266157 -0.036327145862307064 0.0028238764387098227 0.026558106842565234 -0.020171418493086724 0.072777318894301835 0.043113775650844323 -0.0076495959001979695 0.040708405300359803 0.086971014489115414 0.072451898920498442 -0.019832464788867552 0.033255980186099453 0.0097479891542614668 -0.0029687241839200496 -0.018339955723231216 0.030125444221197749 -0.029526619996706218 0.050684487735401483 -0.011174351154020289 -0.019147339732178012 0.027553270858395824 0.016210710633591079 0.039193219287865726 0.0017928591276734599 0.0012383631980449699 0.0072311934546497323 0.028696418774253402 0.018668589863380741 -0.0044303121393580039
leaf_weight=96.418683081865311 15.836851645261047 1015.0430274903774 80.819567959755659 82.034865936264396 233.64831792935729 191.13343216478825 45.326014794409275 46.542702030390501 34.081073289737105 410.57184997946024 26.298878453671932 13.366115471348165 28.49112656712532 88.068977857008576 170.53884592279792 154.82196262478828 37.745516687631607 735.18472477607429 76.660478562116623 89.574711643159389 26.935444459319115 61.034772273153067 98.760905180126429 16.43780729174614 36.244133144617081 21.402440160512924 19.113221272826195 25.940053593367338 20.903900764882565 21.751218605786562
leaf_count=420 67 4871 416 485 1439 739 186 286 182 1534 122 76 65 643 758 745 144 4050 435 434 73 299 438 96 160 77 135 134 122 133
internal_value=0 -0.0154607 -0.0255205 0.015675 -0.0281621 0.0763979 0.00587075 0.00241299 0.0114882 0.0805945 0.0365344 0.0225498 0.0679967 -0.0109758 -0.00573895 -0.0319858 0.0318921 -0.033156 0.0386985 -0.000808804 0.00354924 0.0143943 0.00856784 0.00113793 0.0166591 0.0188658 -0.0180588 0.00952239 0.0033867 -0.028819
internal_weight=0 3340.43 2524.98 815.446 2357.21 680.303 556.462 511.136 167.776 630.196 258.984 50.1069 219.625 430.405 304.798 1926.8 232.685 1771.98 158.695 177.644 133.695 206.338 145.304 208.379 73.9896 37.8402 252.762 106.76 34.27 756.936
internal_count=19764 17161 13255 3906 12450 2603 2560 2374 805 2338 1346 265 804 2651 1351 9799 1224 9054 920 1077 623 1023 724 931 304 173 1574 550 198 4183
is_linear=0
shrinkage=0.04


Tree=6
num_leaves=31
num_cat=0
split_feature=34 9 23 3 3 31 23 3 35 6 22 12 3 9 35 0 5 0 31 23 27 0 35 35 5 22 28 4 0 2
split_gain=2755.35 614.516 133.415 100.173 96.1888 76.988 33.1268 22.3004 17.5507 14.8445 15.8011 14.5096 15.0883 14.2918 17.9121 14.2593 13.8004 13.084 12.8932 12.3356 12.3051 10.2563 10.1361 19.471 8.48648 8.43591 8.29733 8.08149 7.38156 7.11686
threshold=7.5000000000000009 1.0000000180025095e-35 1.0000000180025095e-35 2.5000000000000004 2.5000000000000004 0.55902779102325451 1.0000000180025095e-35 2.5000000000000004 0.84822899103164684 3.979637980461121 0.27133333683013922 1.0000000180025095e-35 1.5000000000000002 1.0000000180025095e-35 2.1240894794464116 7.5579915046691903 0.12643428891897204 6.8834495544433603 0.41428571939468389 1.0000000180025095e-35 3.857566356658936 7.1196274757385263 2.3680539131164555 1.3487807512283327 0.29319602251052862 0.33224999904632574 -0.37940952181816096 0.90069895982742321 6.5736558437347421 841.50000000000011
decision_type=2 2 2 2 2 2 2 2 2 2 2 2 2 2 2 2 2 2 2 2 2 2 2 2 2 2 2 2 2 2
left_child=1 3 4 6 11 20 8 15 18 -5 19 12 -3 -7 -15 29 -10 -6 28 21 -2 -11 23 -18 -19 -14 -26 -13 -1 -4
right_child=5 2 7 9 17 13 -8 -9 16 10 -12 27 25 14 -16 -17 22 24 -20 -21 -22 -23 -24 -25 26 -27 -28 -29 -30 -31
leaf_value=0.020299280050558813 0.054814221458174654 -0.035785740138560077 0.0052785587788172599 0.055119425806009835 -0.0033133547925380856 0.081569765745360651 0.036696860651559943 0.036184840727078942 -0.012690178692296295 0.02671676392773176 0.049179732126812904 -0.022245211005219319 -0.028706375838566948 0.071930699492332398 0.038592283445086008 -0.017030389037693775 -0.0048838048542666672 -0.022597278403314266 0.035168077726123147 0.056730802677453493 0.017362770269224174 0.0036443119457439201 -0.023539853452762265 0.024302250444563449 -0.017347233813982232 -0.0031775565369803376 0.0091540557276535532 0.0070836418547300566 0.001494018039920428 0.035950153728046184
leaf_weight=45.51234070584178 20.463501758873463 1000.6558706015348 83.319522753357887 51.740747045725584 210.93464106880128 424.84706624224782 47.241365998983383 34.991463994607329 141.924625441432 91.360405921936035 52.561568127945065 135.23645200207829 729.40263905748725 160.36066743731499 40.171983957290649 44.396159991621971 83.570281803607941 150.43996147811413 29.649631269276142 14.344880364835261 45.953792121261358 47.079270735383034 16.713417023420334 62.296188473701477 41.091218739748001 21.85933231562376 31.973563753068447 15.9444408044219 113.63172433525324 12.383457645773886
leaf_count=316 97 4890 445 242 1623 1555 190 182 531 544 278 661 4070 626 102 132 368 732 177 63 236 189 36 222 189 134 157 77 636 63
internal_value=0 -0.0153274 -0.0250332 0.0152332 -0.0275546 0.0723381 0.0054097 0.00855967 0.00227736 0.0356864 0.0303055 -0.0314305 -0.0324716 0.0767064 0.0656992 0.00124777 -0.00366163 -0.0105095 0.0117943 0.0232608 0.0301668 0.0190341 0.0042783 0.00774099 -0.0172114 -0.027974 -0.00581521 -0.0190999 0.00705718 0.00990197
internal_weight=0 3310.26 2512.63 797.626 2337.54 691.797 540.54 175.091 493.298 257.087 205.346 1903.1 1751.92 625.38 200.533 140.099 304.505 434.439 188.794 152.785 66.4173 138.44 162.58 145.866 223.505 751.262 73.0648 151.181 159.144 95.703
internal_count=19763 17147 13355 3792 12533 2616 2476 822 2286 1316 1074 9832 9094 2283 728 640 1157 2701 1129 796 333 733 626 590 1078 4204 346 738 952 508
is_linear=0
shrinkage=0.04


Tree=7
num_leaves=31
num_cat=0
split_feature=32 9 23 23 0 0 25 7 5 5 23 6 22 0 22 7 2 22 22 5 27 2 1 22 35 7 2 5 5 25
split_gain=2523.57 599.777 118.516 71.0725 58.2208 39.4451 26.1108 24.5693 20.763 20.1843 18.7901 19.2608 16.7881 16.2372 16.0362 12.7258 12.6975 12.0279 9.55156 9.51657 11.3469 10.7451 9.37432 9.05681 9.01379 8.95517 8.67631 8.5507 8.5037 8.01335
threshold=3.5000000000000004 1.0000000180025095e-35 1.0000000180025095e-35 1.0000000180025095e-35 7.0264170169830331 6.6280195713043222 0.27500000596046453 0.25000000000000006 0.23048414289951327 0.30359959602355963 1.0000000180025095e-35 6.0969495773315439 0.27133333683013922 7.1356794834136972 0.38416665792465216 1.0000000180025095e-35 655.50000000000011 0.28611111640930181 0.21374999731779101 0.14206589013338092 3.8659784793853764 615.50000000000011 1.5000000000000002 0.16550000011920932 1.0943796038627627 1.0000000180025095e-35 898.50000000000011 0.16491568833589557 0.22601848840713504 0.31000000238418585
decision_type=2 2 2 2 2 2 2 2 2 2 2 2 2 2 2 2 2 2 2 2 2 2 2 2 2 2 2 2 2 2
left_child=1 3 5 4 8 12 22 10 17 15 11 -2 16 25 -9 27 -3 26 -10 -8 -21 -22 -6 -24 29 -4 -1 -7 -5 -17
right_child=7 2 13 28 6 9 19 14 18 -11 -12 -13 -14 -15 -16 24 -18 -19 -20 20 21 -23 23 -25 -26 -27 -28 -29 -30 -31
leaf_value=0.008492934930713826 0.06002656327185539 -0.023549299865759057 0.012045508539106907 0.041180962405422683 -0.012471944031444075 -0.034202387713830266 0.0043166683106222866 0.045554899502612295 0.01540977135412986 -0.012340844407425295 0.081897320854550537 0.028214220749379654 0.016597781999949511 -0.0037424847860409146 0.078908790567026751 -0.020796251445601332 -0.0075212162675226991 0.036923271524299243 0.043863694337658833 0.047060834271901143 0.030564110176623149 -0.0021665432074681646 -0.011954502816214909 0.0095172760066499478 -0.029403762597837845 0.042478618680835724 0.040146314343952501 -0.027024844137181942 0.076402311337581866 0.0012927599740519993
leaf_weight=155.10092221572995 102.65408723056316 181.3636758569628 59.949295647442341 55.207669232040644 146.9605959802866 911.57828395813704 79.102182134985924 34.418575398623943 27.500984035432339 115.79443404823542 44.621799930930138 51.299588862806559 24.839249387383461 93.330126583576202 428.25202222913504 197.75708550959826 143.7429181728512 35.145231459289789 89.349319571629167 22.331406891345978 29.589899495244026 32.117536023259163 46.260474234819412 88.282982856035233 238.8655554279685 20.235683858394623 13.508165214210747 455.62489899247885 18.687790334224701 29.997227787971497
leaf_count=954 385 1598 356 229 623 4422 277 140 193 595 165 178 236 343 1549 1197 1182 216 471 85 115 110 200 356 878 117 75 2272 82 140
internal_value=0 -0.0142899 -0.0242002 0.0149054 0.0112103 -0.0266043 0.00181629 0.0711859 0.0241469 -0.0288287 0.0578537 0.049924 -0.014118 0.00760037 0.0766343 -0.0298553 -0.0165519 0.0161764 0.037539 0.0144528 0.0236714 0.0139952 -0.00555728 0.00206761 -0.0238897 0.0205725 0.0114698 -0.0318534 0.0518669 -0.017901
internal_weight=0 3312.22 2473.08 839.145 765.25 2299.56 444.645 661.246 320.605 1949.62 198.575 153.954 349.946 173.515 462.671 1833.82 325.107 203.754 116.85 163.141 84.0388 61.7074 281.504 134.543 466.62 80.185 168.609 1367.2 73.8955 227.754
internal_count=19739 17322 13336 3986 3675 12520 1766 2417 1909 9504 728 563 3016 816 1689 8909 2780 1245 664 587 310 225 1179 556 2215 473 1029 6694 311 1337
is_linear=0
shrinkage=0.04


Tree=8
num_leaves=31
num_cat=0
split_feature=21 9 23 31 3 3 23 25 7 7 16 2 23 5 0 3 31 20 3 25 3 25 3 7 33 0 27 20 0 22
split_gain=2285.6 496.847 119.945 94.1634 94.0654 81.9033 28.685 18.8114 18.761 17.0582 15.6449 15.4892 15.0784 13.6367 13.4747 13.3921 12.5316 12.5187 11.8554 11.0789 10.8154 10.6368 10.4909 9.91495 9.5493 9.40184 12.9834 9.06 9.03794 9.82026
threshold=1.5000000000000002 1.0000000180025095e-35 1.0000000180025095e-35 0.55902779102325451 2.5000000000000004 2.5000000000000004 1.0000000180025095e-35 0.17500000447034839 1.0000000180025095e-35 1.0000000180025095e-35 2.865721702575684 661.50000000000011 1.0000000180025095e-35 0.29724532365798956 7.0613250732421884 2.5000000000000004 0.41428571939468389 0.25690476596355444 1.5000000000000002 0.31000000238418585 3.5000000000000004 0.34999999403953558 1.5000000000000002 0.57499998807907116 1.0000000180025095e-35 7.1670303344726571 3.9693475961685185 0.13516666740179065 6.6411609649658212 0.21374999731779101
decision_type=2 2 2 2 2 2 2 2 2 2 2 2 2 2 2 2 2 2 2 2 2 2 2 2 2 2 2 2 2 2
left_child=1 5 4 10 9 6 7 18 13 22 -2 21 14 19 20 27 23 -11 -1 -5 -7 -6 -3 -9 -10 -13 -27 -4 29 -24
right_child=3 2 15 8 11 12 -8 16 24 17 -12 25 -14 -15 -16 -17 -18 -19 -20 -21 -22 -23 28 -25 -26 26 -28 -29 -30 -31
leaf_value=-0.02115927618632573 0.053901971931591457 -0.035357305572258781 -0.017741468907147558 0.028379130345303635 -0.017270289622345125 0.024004330829168564 0.033489588016912958 -0.0071917475197275336 0.043081474147542001 -0.024949102393654467 0.016320301067158056 0.0064529704496745152 0.062989252209303917 0.068873776276270768 0.014657088870658126 0.030253115365542659 0.026204979796401955 -0.00084291225809505154 0.0033057741549733411 0.058796746243124504 0.047077998385090088 0.017400103418851558 0.00027291594697435249 0.0084254163820381457 0.07443615330766018 0.014339690955026253 -0.026026651386374149 0.0079636866648260841 -0.030179390717948399 -0.025374775894158652
leaf_weight=77.638236075639725 22.568603221327066 769.33323852904141 25.326588772237301 50.32915847748518 235.30360003747046 72.823653142899275 47.243577219545841 94.707724381238222 25.914972987025976 432.77736330032349 75.465485038235784 120.65318945981562 23.037724874913692 70.575654461979866 76.030080780386925 34.730490768328309 42.347332447767258 37.591338217258453 51.842859577387571 39.067620635032654 72.394631080329418 13.492488030344246 36.108774663880467 197.51139505952597 459.16266911476851 17.282112419605255 37.494654640555382 109.94232979416847 496.67019178718328 68.322990166023374
leaf_count=424 93 3911 122 169 1523 415 186 386 101 2227 395 842 100 272 308 179 189 203 318 131 395 77 389 842 1651 76 157 509 2550 515
internal_value=0 -0.0147022 -0.0234906 0.0631024 -0.0259217 0.0136077 0.00446071 0.00137431 0.0686625 -0.0298331 0.0258767 -0.00888887 0.0325607 0.0549369 0.0288564 0.00882487 0.00638088 -0.0230343 -0.0114624 0.0426678 0.0359904 -0.0152663 -0.0321296 0.00334944 0.0729448 0.000225798 -0.0132345 0.0029625 -0.0278951 -0.0166682
internal_weight=0 3190.61 2435.03 743.084 2265.03 755.577 511.291 464.048 645.05 1840.8 98.0341 424.226 244.286 159.972 221.248 169.999 334.566 470.369 129.481 89.3968 145.218 248.796 1370.44 292.219 485.078 175.43 54.7768 135.269 601.102 104.432
internal_count=19655 16843 13280 2812 12470 3563 2345 2159 2324 9795 488 2675 1218 572 1118 810 1417 2430 742 300 810 1600 7365 1228 1752 1075 233 631 3454 904
is_linear=0
shrinkage=0.04


Tree=9
num_leaves=31
num_cat=0
split_feature=34 9 23 3 3 31 23 3 7 7 0 3 7 7 2 6 23 0 25 27 3 31 6 0 6 0 4 0 2 0
split_gain=2133.6 502.3 123.728 91.3059 90.0706 58.8671 31.6513 23.6235 19.6274 17.1744 15.9392 15.4769 13.9107 13.3486 13.2849 12.897 12.1346 15.44 11.7507 12.4036 11.2287 11.1168 11.0848 10.8701 10.5561 9.99704 9.69409 9.57628 9.38367 9.16863
threshold=7.5000000000000009 1.0000000180025095e-35 1.0000000180025095e-35 2.5000000000000004 2.5000000000000004 0.55902779102325451 1.0000000180025095e-35 1.5000000000000002 1.0000000180025095e-35 0.57499998807907116 6.6920645236969003 2.5000000000000004 0.57499998807907116 0.42499999701976782 613.50000000000011 3.979637980461121 1.0000000180025095e-35 8.2095794677734393 0.27500000596046453 3.5931932926177983 1.5000000000000002 0.18465909361839297 4.7664294242858896 6.4861316680908212 5.3636341094970712 7.3877043724060067 0.81679013371467601 6.455167531967164 665.50000000000011 7.6666874885559091
decision_type=2 2 2 2 2 2 2 2 2 2 2 2 2 2 2 2 2 2 2 2 2 2 2 2 2 2 2 2 2 2
left_child=1 3 4 6 8 24 7 12 20 14 -6 -4 -1 16 -5 -11 17 -7 -10 -20 -3 -14 -17 -9 -2 -23 -16 -22 -12 -25
right_child=5 2 11 9 10 13 -8 23 18 15 28 -13 21 -15 26 22 -18 -19 19 -21 27 25 -24 29 -26 -27 -28 -29 -30 -31
leaf_value=-0.018195353220618032 0.056521671480335489 -0.034971712177204912 0.0034869967890837749 -0.00035646970570599222 0.0015726329220047477 0.056161770243157882 0.034030348377671396 0.035969781763865574 -0.026342418361387274 0.061225299027795228 -0.020241039225393064 0.032699376353041723 -0.0042899397070976439 0.07173963146378308 0.043644263327890849 0.012667634848644582 0.076664772880149806 0.020762479909856687 0.020875345189907381 -0.016230862935175127 -0.011468800388157473 0.039400306714951587 0.039743384082813707 0.003358329730458329 0.017361510706649264 -0.0014544640309800238 0.0036524741228486425 -0.028941143535270223 -0.004806541101745442 0.025587285754191894
leaf_weight=96.656349591910839 13.109436362981794 760.08313689380884 139.47931813448668 37.863347455859184 154.79217565059662 148.92086780071259 49.967657700181007 24.10476740449667 309.77329345606267 37.423421923071146 168.35033783316612 34.846662873402238 166.94559925422072 414.64032088220119 30.393801767379045 34.148283269256353 49.356692872941494 26.314748644828796 14.34393449872732 138.27915713191032 59.45558987185359 17.732562728226185 108.11365289054811 140.59671433269978 53.998607877641916 18.364594206213951 14.399434700608252 523.56211026757956 102.50728865712881 35.916379630565643
leaf_count=423 59 3911 634 200 1263 558 196 168 1759 169 897 180 734 1498 146 169 180 58 64 603 551 95 566 702 269 62 66 2844 536 115
internal_value=0 -0.0135489 -0.0227295 0.013616 -0.0252643 0.0631292 0.00431756 0.0012264 -0.0291647 0.0329399 -0.00866085 0.00963103 -0.00587342 0.066888 0.0172401 0.0398927 0.0573767 0.0511402 -0.0218532 -0.0125186 -0.0316456 0.000112577 0.0335099 0.011786 0.0264257 0.0196301 0.0314939 -0.0272046 -0.0144778 0.00811741
internal_weight=0 3218.1 2405.47 812.627 2231.15 706.341 550.285 500.317 1805.5 262.342 425.65 174.326 299.699 639.233 82.6566 179.685 224.592 175.236 462.396 152.623 1343.1 203.043 142.262 200.618 67.108 36.0972 44.7932 583.018 270.858 176.513
internal_count=19675 17053 13242 3811 12428 2622 2495 2299 9732 1316 2696 814 1314 2294 412 904 796 616 2426 667 7306 891 735 985 328 157 212 3395 1433 817
is_linear=0
shrinkage=0.04


Tree=10
num_leaves=31
num_cat=0
split_feature=32 9 3 31 3 3 25 0 0 31 27 0 0 12 26 27 0 16 25 20 25 0 35 35 1 8 20 27 25 27
split_gain=1936.35 487.844 101.369 71.6241 62.972 21.0273 18.5953 16.6237 15.2135 14.2437 13.5864 13.5524 12.4769 12.2762 11.2564 9.8923 13.3264 11.07 8.97802 8.90384 8.68038 9.00698 8.09472 11.3509 8.86591 8.16362 7.91357 8.03974 7.80589 16.2034
threshold=2.5000000000000004 1.0000000180025095e-35 2.5000000000000004 0.41428571939468389 1.5000000000000002 3.5000000000000004 0.17500000447034839 7.5422098636627206 8.5459747314453143 0.18465909361839297 3.6309846639633183 6.6280195713043222 7.0613250732421884 1.0000000180025095e-35 1.0000000180025095e-35 3.857566356658936 7.01749610900879 110.77266311645509 0.23499999940395358 0.31377777457237249 0.17500000447034839 7.0084948539733896 0.94941911101341259 0.67691612243652355 1.5000000000000002 4.5000000000000009 0.21374999731779101 4.461876869201661 0.27500000596046453 4.0100562572479257
decision_type=2 2 2 2 2 2 2 2 2 2 2 2 2 2 2 2 2 2 2 2 2 2 2 2 2 2 2 2 2 2
left_child=1 4 7 10 6 15 -1 13 -5 11 -2 -4 -7 14 -3 17 -17 20 -9 -16 -6 -22 23 -8 -24 -26 -25 -28 -13 -30
right_child=3 2 9 8 5 12 22 18 -10 -11 -12 28 -14 -15 19 16 -18 -19 -20 -21 21 -23 24 26 25 -27 27 -29 29 -31
leaf_value=-0.016131165892517299 0.047134946042328922 -0.027503189713003418 0.0022611712921708307 0.064473274206552564 0.0097855314205201691 0.044554020657448914 0.0012806411035284169 -0.03599649250037272 0.03127683084896099 0.012578014513611797 0.0021114934678346468 -0.018378987577724763 0.015183831774353592 -0.0097566508072054695 -0.019904111984636454 0.021824338169170281 0.004526993869613187 -0.002693558833908454 -0.026034893135986274 0.0092770748302834233 0.021450873928826563 0.056751880737452201 -0.01182503337804669 -9.448015466718805e-05 0.023108251072766688 -0.0057569454918590711 0.048910589838261957 0.010046790477844424 0.022909529827013865 -0.014296321556972587
leaf_weight=88.270208783447742 12.698713421821592 844.7716303113848 128.00330196507275 625.29862845689058 18.266636833548546 85.753687638789415 64.500555701553822 394.12758316099644 28.731216043233871 57.866573840379715 40.411070711910725 175.63224712759256 35.275159195065498 93.857479773461819 289.63481245189905 143.20472517982125 142.5430450886488 14.616811420768498 281.53195181488991 16.62704268656671 23.554061099886894 31.020993456244469 66.188208431005478 13.638112202286718 30.103404685854912 29.385881364345551 23.40075857937336 14.701652169227598 24.307699099183083 63.239785268902779
leaf_count=469 55 5537 1033 2281 98 456 351 1395 59 392 217 1005 138 573 1838 824 578 82 904 121 119 117 217 72 100 95 98 60 114 278
internal_value=0 -0.0135723 -0.0227883 0.0594912 0.0129078 0.0219147 -0.000624569 -0.0267858 0.0631148 -0.00564845 0.0141966 -0.0083949 0.0363798 -0.0239444 -0.0250824 0.0170548 0.0132871 0.0287924 -0.0319348 -0.0182699 0.0350136 0.0428132 0.00511929 0.0126339 -0.00192016 0.00912625 0.0262127 0.0351641 -0.0135557 -0.00368511
internal_weight=0 3194.02 2369.6 707.14 824.424 494.235 330.189 1920.55 654.03 449.05 53.1098 391.183 121.029 1244.89 1151.03 373.206 285.748 87.4585 675.66 306.262 72.8417 54.5751 241.919 116.241 125.677 59.4893 51.7405 38.1024 263.18 87.5475
internal_count=19676 17064 13190 2612 3874 2412 1462 10368 2340 2822 272 2430 594 8069 7496 1818 1402 416 2299 1959 334 236 993 581 412 195 230 158 1397 392
is_linear=0
shrinkage=0.04


Tree=11
num_leaves=31
num_cat=0
split_feature=32 9 3 3 20 7 0 7 25 6 0 35 26 0 26 29 3 5 22 27 6 25 27 27 27 5 5 0 25 35
split_gain=1840.34 452.43 100.291 57.8012 30.8192 26.5814 20.1482 16.9652 16.744 14.9619 14.815 14.7909 13.4128 14.7582 12.9137 9.36965 8.6723 8.13691 7.91363 7.32426 7.19737 6.93643 6.6025 6.48787 6.35134 6.27101 6.18403 6.02485 5.93368 5.82205
threshold=3.5000000000000004 1.0000000180025095e-35 2.5000000000000004 1.5000000000000002 0.19597221910953525 0.57499998807907116 7.5888266563415536 0.25000000000000006 0.27500000596046453 6.1323122978210458 7.7898664474487314 0.6285921335220338 1.0000000180025095e-35 7.01749610900879 1.0000000180025095e-35 0.91597560048103344 3.5000000000000004 0.13995146006345752 0.27133333683013922 4.1751561164855966 6.4960203170776376 0.34999999403953558 4.3074374198913583 3.7669966220855717 3.5931932926177983 0.16574188321828845 0.23048414289951327 8.0882534980773944 0.2100000008940697 1.0885968804359438
decision_type=2 2 2 2 2 2 2 2 2 2 2 2 2 2 2 2 2 2 2 2 2 2 2 2 2 2 2 2 2 2
left_child=1 3 6 8 -2 10 14 9 27 -6 16 -4 13 26 24 21 -5 22 -8 -19 -11 -13 29 -15 25 -3 -7 -1 -20 -10
right_child=4 2 11 5 7 12 18 -9 17 20 -12 15 -14 23 -16 -17 -18 19 28 -21 -22 -23 -24 -25 -26 -27 -28 -29 -30 -31
leaf_value=-0.0053516854560714498 0.0053565107596906508 -0.021726533129262489 0.0075557074579051878 0.0045416939787816749 0.057618951184390338 0.021475313552097676 -0.033312873732706486 0.06571670230831092 0.0056785843562126041 0.01983132227843443 -0.030153044209557951 -0.012028847020574079 0.038189824713182843 0.027844803457799331 -0.016368738845924574 0.019640018828604371 0.028736347599268623 0.042558438745526853 -0.030738893747413749 0.00807297242809169 0.049292972178175402 0.013605717785595941 0.015937528310659203 0.0053784753018619284 -0.026681881085600469 0.0011982555596683753 0.039837205514544304 -0.026578966231283533 -0.00039638472997525787 -0.020143368256020852
leaf_weight=186.78752027824521 16.674053743481636 61.307732861489058 109.9018259011209 103.13189635798335 135.32477621734142 77.878219280391932 579.6032322794199 454.72647655755281 31.048913672566414 39.171022787690163 14.354372978210447 309.94329456984997 106.77996500954032 24.790191739797592 345.74880013056099 15.366465747356413 29.193364262580872 17.907183453440666 16.601947873830795 21.843911178410053 22.971778512001038 16.241681694984436 37.403386674821377 94.927866652607918 858.46353298611939 27.047417465597391 58.897846512496471 22.473586425185204 23.258080333471298 22.464904934167862
leaf_count=945 80 405 912 541 495 457 1944 1638 140 131 38 1750 497 93 2200 84 151 74 60 81 78 82 151 381 5609 173 315 49 86 66
internal_value=0 -0.0130997 -0.0220952 0.0119095 0.0597353 0.0203997 -0.0260959 0.0611049 -0.000872245 0.0499325 0.00592365 -0.00511089 0.0261803 0.0209239 -0.0231673 -0.00920692 0.0102279 0.0102705 -0.0321124 0.0249026 0.0319195 -0.0106773 0.00347469 0.0104117 -0.0256102 -0.0148376 0.0298424 -0.00786143 -0.0138991 -0.00549655
internal_weight=0 3213.37 2363.48 849.883 668.868 509.954 1912.03 652.194 339.929 197.468 146.68 451.453 363.274 256.494 1292.57 341.551 132.325 130.668 619.463 39.7511 62.1428 326.185 90.9172 119.718 946.819 88.3552 136.776 209.261 39.86 53.5138
internal_count=19706 17284 13305 3979 2422 2473 10477 2342 1506 704 730 2828 1743 1246 8387 1916 692 512 2090 155 209 1832 357 474 6187 578 772 994 146 206
is_linear=0
shrinkage=0.04


Tree=12
num_leaves=31
num_cat=0
split_feature=32 9 23 31 23 5 0 31 9 0 25 5 2 0 23 27 35 16 0 2 25 6 6 25 25 27 5 28 31 2
split_gain=1703.96 407.736 116.952 62.3656 55.9017 38.7882 37.8051 26.1067 17.5294 17.4676 17.2929 13.3156 12.9415 12.4018 12.1491 12.0149 11.9594 11.7235 10.7227 10.2286 9.24754 9.19369 8.94045 8.88678 8.70193 8.39125 8.16673 7.88907 7.68297 7.63672
threshold=2.5000000000000004 1.0000000180025095e-35 1.0000000180025095e-35 0.41428571939468389 1.0000000180025095e-35 0.16382539272308352 7.0264170169830331 0.18465909361839297 1.0000000180025095e-35 6.9527173042297372 0.31000000238418585 0.19001347571611407 657.50000000000011 6.7522532939910898 1.0000000180025095e-35 4.3851466178894052 2.5838196277618413 17.321583747863773 8.3298983573913592 492.50000000000006 0.27500000596046453 5.7381825447082528 6.2869281768798837 0.27500000596046453 0.31000000238418585 3.8743206262588505 0.14865864068269732 0.78656607866287243 0.2264957278966904 500.50000000000006
decision_type=2 2 2 2 2 2 2 2 2 2 2 2 2 2 2 2 2 2 2 2 2 2 2 2 2 2 2 2 2 2
left_child=1 4 5 21 6 13 11 9 -5 12 19 28 -7 29 18 17 26 -12 22 -8 -15 -2 -10 -11 -9 -25 -4 -14 -1 -3
right_child=3 2 16 8 -6 7 10 24 14 23 15 -13 27 20 -16 -17 -18 -19 -20 -21 -22 -23 -24 25 -26 -27 -28 -29 -30 -31
leaf_value=0.005585862317977355 0.034066698677723592 -0.033768492018250489 0.0050744071063027986 0.064503241505202369 0.043659065997720285 -0.019148654460781341 -0.016845096582979852 -0.0023191445338741662 0.051862785393695127 -0.027934739884724231 0.046066470079967455 0.02672916485931208 -0.0061817786612531987 -0.032533052768406526 0.067901952911035929 -0.0033489157199076665 -0.0225433241421291 0.0039678429143764895 0.014934680789414552 0.00034459230269552897 -0.024004821884882926 -6.7309502675225448e-05 0.024195482414988107 0.0035540685808734341 0.030902729947373041 -0.020261212640139289 0.023280773450332908 0.023294999959660841 0.027239700290912609 -0.014242133730033617
leaf_weight=125.2491961941123 18.636825567111373 40.897230204194784 83.600651029497385 445.70448910444975 77.709114532917738 176.27577120624483 65.994498088955879 82.635124113410711 114.81625725328922 329.28624143451452 27.347182258963585 163.26167261786759 127.2604809589684 700.91930757462978 47.566527329385281 25.227812856435776 14.057829037308691 17.189343348145485 21.90878689289093 298.27474475651979 335.13372404873371 32.499901041388512 28.709723442792892 28.337298795580864 12.842415519058703 126.82172428071499 75.11210098490119 14.391065053641794 31.724836196750402 158.1407026220113
leaf_count=753 82 379 413 1625 316 1407 268 555 432 1666 95 906 937 3772 173 87 29 67 45 1195 1439 178 100 117 72 507 381 94 192 1394
internal_value=0 -0.012207 -0.0208639 0.0563373 0.011777 -0.0234271 0.00838555 -0.0170309 0.0596371 -0.0193786 0.000676499 0.018765 -0.0119745 -0.0280418 0.0489494 0.0186287 0.010686 0.0306869 0.0427541 -0.00284463 -0.029826 0.0131869 0.046737 -0.0241685 0.0026918 -0.0159219 0.0138732 -0.00290446 0.0102498 -0.0185503
internal_weight=0 3137.69 2305.71 709.843 831.978 2132.94 754.269 897.85 658.706 802.373 434.034 320.236 317.927 1235.09 213.001 69.7643 172.771 44.5365 165.435 364.269 1036.05 51.1367 143.526 484.445 95.4775 155.159 158.713 141.652 156.974 199.038
internal_count=19676 17041 13162 2635 3879 12339 3563 5355 2375 4728 1712 1851 2438 6984 750 249 823 162 577 1463 5211 260 532 2290 627 624 794 1031 945 1773
is_linear=0
shrinkage=0.04


Tree=13
num_leaves=31
num_cat=0
split_feature=32 9 23 3 23 3 31 27 7 3 3 7 7 31 1 16 20 0 6 20 22 27 0 35 16 27 27 1 27 4
split_gain=1582.52 407.88 108.581 74.9768 55.7266 49.8704 25.1851 20.7915 16.7767 17.0326 14.6758 13.8492 12.8545 12.5069 11.9463 11.8111 11.4438 10.1921 9.84016 9.05549 8.90725 8.12079 7.41334 7.5144 9.10639 7.37027 7.33818 7.15945 6.98907 6.89518
threshold=3.5000000000000004 1.0000000180025095e-35 1.0000000180025095e-35 2.5000000000000004 1.0000000180025095e-35 1.5000000000000002 0.41428571939468389 4.0715870857238778 0.25000000000000006 1.5000000000000002 2.5000000000000004 0.25000000000000006 0.57499998807907116 0.41428571939468389 2.5000000000000004 117.94472885131837 0.21374999731779101 6.9334111213684091 6.2567088603973398 0.13516666740179065 0.33224999904632574 3.7853246927261357 7.0264170169830331 1.3173897862434389 34.844739913940437 4.1263272762298593 4.2619752883911142 1.5000000000000002 4.8524208068847665 0.90354722738266002
decision_type=2 2 2 2 2 2 2 2 2 2 2 2 2 2 2 2 2 2 2 2 2 2 2 2 2 2 2 2 2 2
left_child=1 4 3 8 5 12 7 -2 9 -3 15 18 -1 14 22 19 -16 -5 -8 -4 -11 -21 26 24 -24 -23 -7 -14 -15 -10
right_child=6 2 10 17 -6 13 11 -9 29 20 -12 -13 27 28 16 -17 -18 -19 -20 21 -22 25 23 -25 -26 -27 -28 -29 -30 -31
leaf_value=-0.015929502574531199 0.049429105758975959 -0.031626424729799367 -0.018938773176457199 -0.0017931645429212616 0.04366011823721884 0.0079353920059498061 0.052336416168955728 -0.017810529682977957 -0.015992451584363625 -0.023817150257391961 0.032272893875721673 0.06152267915103285 -0.0051306240249027737 0.034107962010570238 -0.00014404619292528498 -0.022443202079243246 0.043882584383054389 -0.014354219843929919 0.028939047541372692 0.034736181036130909 0.0022055463633601853 -0.01150536616370937 0.0035942652652174905 0.011215115538787344 -0.028590001935608768 0.014480552484389753 0.024630570209015597 0.0091300510553928189 0.0020201093982380887 0.013430150762771202
leaf_weight=95.145273365080357 12.389096807688476 893.43167877942324 14.511556975543497 219.54666776582599 77.287884417921305 89.045945521444082 146.50445697456598 13.485644675791262 126.76963657140732 656.17680503241718 34.950644012540579 451.68071307241917 119.47159511595964 80.010318402200937 12.899043329060076 21.085214056074619 33.157116360962391 194.40241368114948 46.845580063760281 20.070061981678009 21.405816728249192 22.81754856929183 43.869910657405853 92.636011675000191 18.453975945711136 58.62523677200079 83.082920208573341 103.10737819224596 12.819591946899889 12.632334034889935
leaf_count=422 53 4900 69 1688 318 499 532 68 668 4034 179 1633 543 394 82 104 140 971 149 91 143 107 188 332 100 274 480 454 66 62
internal_value=0 -0.011782 -0.0205803 -0.0230548 0.011678 0.00842089 0.0557773 0.015621 -0.0267496 -0.0279359 0.00988549 0.0573348 -0.00378784 0.016726 0.0133287 0.00379677 0.0320591 -0.00773285 0.0470219 0.00886489 -0.022991 0.0131286 0.0105126 0.00408667 -0.00652807 0.0070989 0.0161841 0.00149796 0.0298128 -0.013174
internal_weight=0 3157.41 2296.43 2124.37 860.987 783.699 670.905 25.8747 1710.42 1571.01 172.06 645.031 317.724 465.975 373.145 137.11 46.0562 413.949 193.35 116.024 677.583 101.513 327.089 154.96 62.3239 81.4428 172.129 222.579 92.8299 139.402
internal_count=19743 17308 13290 12466 4018 3700 2435 121 9807 9077 824 2314 1419 2281 1821 645 222 2659 681 541 4177 472 1599 620 288 381 979 997 460 730
is_linear=0
shrinkage=0.04


Tree=14
num_leaves=31
num_cat=0
split_feature=32 9 23 3 3 20 25 7 23 35 23 7 26 0 31 0 7 26 0 7 23 0 25 7 34 0 31 5 25 0
split_gain=1464.84 336.409 98.4447 80.0038 51.2883 44.3418 24.8004 17.8093 15.3003 19.0013 13.5876 13.4815 15.8481 12.8472 12.8119 12.24 11.9925 10.3307 10.1747 10.0458 9.90016 9.58427 9.23072 8.98522 8.32529 8.02733 7.63217 6.84267 6.54875 6.62181
threshold=2.5000000000000004 1.0000000180025095e-35 1.0000000180025095e-35 2.5000000000000004 2.5000000000000004 0.19597221910953525 0.27500000596046453 0.42499999701976782 1.0000000180025095e-35 2.1240894794464116 1.0000000180025095e-35 0.57499998807907116 1.0000000180025095e-35 8.1244459152221697 0.35897436738014227 6.4861316680908212 1.0000000180025095e-35 1.0000000180025095e-35 7.0440235137939462 0.57499998807907116 1.0000000180025095e-35 6.5736558437347421 0.23499999940395358 1.0000000180025095e-35 10.500000000000002 6.9334111213684091 0.31666667759418493 0.27911795675754553 0.31000000238418585 6.9334111213684091
decision_type=2 2 2 2 2 2 2 2 2 2 2 2 2 2 2 2 2 2 2 2 2 2 2 2 2 2 2 2 2 2
left_child=1 4 3 16 6 24 15 8 9 22 17 -8 -13 23 25 -1 21 18 -6 -17 -21 -3 -7 28 -2 -5 -18 -27 29 -4
right_child=5 2 13 14 10 7 11 -9 -10 -11 -12 12 -14 -15 -16 19 26 -19 -20 20 -22 -23 -24 -25 -26 27 -28 -29 -30 -31
leaf_value=0.019303108689291148 -0.012550979482968629 -0.017259332881486556 0.015315576880348861 -0.0032858079763210669 0.022309562432049637 0.025412680943256386 -0.0016314998926525662 0.059175018431556835 0.064503014496079272 0.014143424797096149 0.050799346135551995 0.010086259977218617 0.037334866309193568 -0.024693568872036865 0.014134888265196972 -0.017138983900005927 -0.021955152472691197 0.034104486253693417 0.0023563886828851417 -0.0039720997851612665 0.028846706078748775 -0.029471108310269833 0.051033081267069333 0.02987256475255785 0.026661417918688118 -0.020776829980020919 -0.0030711855948981313 -0.0042963782673518091 0.02546542424437212 -0.006180480478870906
leaf_weight=30.673162434250116 17.790907090529803 124.32230831123888 35.849233992397785 195.66655777581036 116.45915045961738 36.336712799966335 67.944613263010979 430.96729843318462 50.835286997258663 43.151926904916763 26.043671075254679 100.25128119438887 51.644169636070728 14.089222908020018 41.112550975754857 94.894585505127907 399.97661715000868 66.266212157905102 63.232403978705406 199.28558183461428 13.871381051838396 1120.027790017426 111.02007613331079 36.357436202466488 13.502853743731974 114.91737856715918 38.2073416095227 63.434591233730316 23.024562329053879 56.311765857040882
leaf_count=232 102 1207 228 1501 646 148 265 1603 183 101 114 391 202 30 278 449 2212 321 250 938 56 6110 420 176 61 582 220 306 103 247
internal_value=0 -0.0120303 -0.0200159 -0.0223593 0.00972609 0.0518341 0.00276212 0.0539951 0.0443349 0.0383391 0.0239023 0.0131627 0.0197155 0.00957503 -0.00659363 -0.00402574 -0.0262367 0.0206675 0.0153914 -0.00645817 -0.00158809 -0.0282807 0.0451402 0.0130412 0.00495386 -0.00893519 -0.02033 -0.0150279 0.00730934 0.00232886
internal_weight=0 3093.86 2263.3 2097.67 830.566 703.605 558.565 672.311 241.344 190.509 272.001 219.84 151.895 165.632 415.131 338.725 1682.53 245.958 179.692 308.052 213.157 1244.35 147.357 151.543 31.2938 374.019 438.184 178.352 115.186 92.161
internal_count=19682 17064 13200 12416 3864 2618 2533 2455 852 669 1331 858 593 784 2667 1675 9749 1217 896 1443 994 7317 568 754 163 2389 2432 888 578 475
is_linear=0
shrinkage=0.04


Tree=15
num_leaves=31
num_cat=0
split_feature=34 9 23 3 3 31 23 12 23 3 0 9 31 20 23 3 0 35 0 31 3 28 27 1 2 27 35 6 35 35
split_gain=1334.11 297.458 87.5867 63.4287 53.5222 41.0736 24.9171 21.9822 19.9741 15.9362 15.5603 15.2467 14.7539 12.1783 11.6788 11.633 11.2141 9.82072 8.99928 8.82418 8.72786 14.1172 9.21871 7.65481 9.44609 7.45526 10.3986 7.43042 7.78499 7.15234
threshold=7.5000000000000009 1.0000000180025095e-35 1.0000000180025095e-35 2.5000000000000004 1.5000000000000002 0.55902779102325451 1.0000000180025095e-35 1.0000000180025095e-35 1.0000000180025095e-35 1.5000000000000002 7.01749610900879 1.0000000180025095e-35 0.35897436738014227 0.33224999904632574 1.0000000180025095e-35 2.5000000000000004 8.2257699966430682 0.94941911101341259 6.8522284030914316 0.69788244366645824 3.5000000000000004 0.12940952181816109 4.2275631427764901 2.5000000000000004 780.50000000000011 3.5821281671524052 0.51364025473594677 6.1537954807281503 1.4391947388648989 0.7124292552471162
decision_type=2 2 2 2 2 2 2 2 2 2 2 2 2 2 2 2 2 2 2 2 2 2 2 2 2 2 2 2 2 2
left_child=1 4 3 7 8 27 10 9 17 -3 12 -7 20 18 16 25 -13 -1 -5 -11 21 22 29 24 -12 -4 -27 28 -2 -6
right_child=5 2 15 13 6 11 -8 -9 -10 19 23 14 -14 -15 -16 -17 -18 -19 -20 -21 -22 -23 -24 -25 -26 26 -28 -29 -30 -31
leaf_value=0.0015412567829161585 0.016222722606420572 -0.029729200479837257 0.028731847946716731 -0.0026392906351198394 0.0016400807154217246 0.057454193386010585 0.045437681881051177 -0.0091575244981383069 0.028101724293500507 -0.022097230569421443 0.0068322426414426044 0.041528205321127949 0.040529489578764413 0.019492296430289473 0.061181536127682401 0.028332347523147644 0.011932881098613082 -0.013075664923085397 -0.014740589176730172 0.0035619143895529578 0.029166470948084541 0.032129588667894331 0.014299433852864736 0.02652335889491618 -0.020769994791642935 0.028222247861622515 -0.0049164773506713399 -8.0334632864445128e-05 0.051469192201502631 -0.029256040811193498
leaf_weight=133.8942607678473 34.734553903341293 857.85072950832546 13.972700670361517 191.05511129461229 32.779602967202663 424.920350715518 45.067140262573957 136.63778744637966 27.446005865931511 634.70408373139799 161.83688054978848 136.71486338973045 50.322963351383805 23.859263084828854 47.393141806125641 35.135170251131058 26.386375695466995 160.14629969000816 202.91856070607901 21.658370368182659 55.800534814596176 32.987157877534628 50.510271944105625 24.680184736847878 20.611848786473274 15.595773208886383 107.02311105281115 21.237674582749605 14.210943281650541 16.72424791008234
leaf_count=756 178 4855 65 1491 197 1569 188 737 105 4018 651 508 273 160 171 178 56 552 1054 141 294 191 288 99 78 103 466 110 48 86
internal_value=0 -0.01138 -0.0188957 -0.0211734 0.00933159 0.0495734 0.0176086 -0.0246951 -0.00334864 -0.0260833 0.014608 0.0527908 0.021527 -0.00720785 0.0429247 0.00847097 0.0369429 -0.00645426 -0.00891511 -0.0212423 0.0160904 0.0102535 0.00254976 0.00649061 0.00352253 0.00302694 -0.000316303 0.019789 0.0280751 -0.00952853
internal_weight=0 3053.22 2240.41 2068.68 812.807 705.598 491.321 1650.85 321.487 1514.21 446.254 635.415 239.125 417.833 210.494 171.727 163.101 294.041 393.974 656.362 188.802 133.001 100.014 207.129 182.449 136.592 122.619 70.1832 48.9455 49.5039
internal_count=19666 17026 13268 12456 3758 2640 2345 9751 1413 9014 2157 2304 1329 2705 735 812 564 1308 2545 4159 1056 762 571 828 729 634 569 336 226 283
is_linear=0
shrinkage=0.04


Tree=16
num_leaves=31
num_cat=0
split_feature=34 7 23 31 5 31 0 7 23 7 5 31 25 0 23 0 5 1 5 27 25 6 2 0 27 2 2 31 6 27
split_gain=1281.59 314.641 80.7382 37.8598 34.7009 28.3309 25.6572 24.9627 19.5422 18.9375 17.663 16.7114 14.2041 13.7169 13.274 17.5455 11.8444 10.6907 10.6204 12.2352 10.8866 9.18659 9.13343 8.79817 8.78089 8.17341 7.64464 7.51857 7.2005 7.17459
threshold=7.5000000000000009 0.42499999701976782 1.0000000180025095e-35 0.55902779102325451 0.30359959602355963 0.31666667759418493 6.943110704421998 0.57499998807907116 1.0000000180025095e-35 0.57499998807907116 0.12217437103390695 0.18465909361839297 0.23499999940395358 7.2413599491119394 1.0000000180025095e-35 8.1958847045898455 0.26498527824878698 1.5000000000000002 0.22097236663103106 3.5821281671524052 0.27500000596046453 3.0677825212478642 797.50000000000011 6.8090240955352792 4.5648686885833749 657.50000000000011 772.50000000000011 0.66384181380271923 6.4010872840881357 3.7577049732208256
decision_type=2 2 2 2 2 2 2 2 2 2 2 2 2 2 2 2 2 2 2 2 2 2 2 2 2 2 2 2 2 2
left_child=1 2 4 24 6 7 11 16 10 14 22 25 -8 -7 15 28 -3 -15 19 -4 26 -12 23 -9 -2 -1 -21 -14 -5 -6
right_child=3 5 18 9 29 13 12 8 -10 -11 21 -13 27 17 -16 -17 -18 -19 -20 20 -22 -23 -24 -25 -26 -27 -28 -29 -30 -31
leaf_value=-0.022533478464313965 0.027340066205609252 -0.0098454832160178446 0.034579870140784515 0.047105932476660603 0.015026225600407271 0.033823094676643801 -0.029667243871275364 0.014936261557077248 0.037957465417775102 0.059405619874548884 0.033414896188090119 0.0047919598299955056 -0.022006833656958432 -0.0069096547068899844 0.061369216215409965 0.014396949032056195 0.016503482439087301 0.025801110994287089 0.025280265497966924 -0.019587442149439457 0.01150449322637479 0.011007643975285737 0.017925419535015998 -0.016307012548465345 -0.0062583791871808738 -0.012291381919709455 0.010195865677817183 0.001250075240201613 0.021821734828923516 -0.0070624588465206754
leaf_weight=292.84688625857234 52.914229363203049 169.63328249379992 13.920109637081621 176.19670990854502 27.023786038160324 99.045425746589899 761.30773763358593 16.131093863397837 38.046619966626167 311.52566253021359 31.687021784484386 55.89976591616869 540.64879813790321 31.07223017513752 63.425765044987202 40.600807368755341 30.589525621384382 29.541958421468735 37.221997503191233 54.815160669386387 49.285740315914154 272.20913953334093 20.552459165453911 74.115941271185875 15.247512049973009 233.27727038040757 16.811810236424208 22.973464272916317 25.805391982197762 123.22647738642991
leaf_count=2552 250 800 63 665 161 528 4129 106 148 1182 131 507 2430 114 231 93 138 111 171 291 203 1289 91 303 73 1876 87 108 90 763
internal_value=0 -0.0115322 -0.0192948 0.0489271 -0.021495 0.00975782 -0.022952 0.00602473 0.0112107 0.0520608 0.00858635 -0.0158527 -0.0260421 0.0247617 0.044247 0.0393054 -0.00569655 0.00934772 0.00695765 0.00160393 -0.00269333 0.0135472 -0.00501909 -0.0105197 0.0198601 -0.018056 -0.0125098 -0.0210578 0.0441215 -0.00294442
internal_weight=0 3041.88 2229.26 685.716 2057.2 812.625 1906.95 652.965 452.742 617.554 414.696 582.024 1324.93 159.66 306.029 242.603 200.223 60.6142 172.055 134.833 120.913 303.896 110.799 90.247 68.1617 526.124 71.627 563.622 202.002 150.25
internal_count=19684 17100 13341 2584 12526 3759 11602 3006 2068 2261 1920 4935 6667 753 1079 848 938 225 815 644 581 1420 500 409 323 4428 378 2538 755 924
is_linear=0
shrinkage=0.04


Tree=17
num_leaves=31
num_cat=0
split_feature=32 9 3 31 3 25 35 27 2 27 35 27 25 26 2 6 4 8 1 9 5 12 3 35 27 35 29 3 35 28
split_gain=1190.53 288.332 80.1905 42.8884 36.808 17.538 12.9493 12.4133 11.638 11.1041 10.8801 11.844 14.1608 11.2695 10.8566 10.7909 10.3288 10.872 12.0788 10.2166 10.0096 9.04886 10.2912 8.74937 8.43087 8.17692 8.12825 8.1065 7.96974 7.82137
threshold=2.5000000000000004 1.0000000180025095e-35 2.5000000000000004 0.41428571939468389 1.5000000000000002 0.23499999940395358 0.49032931029796606 3.4323716163635258 661.50000000000011 3.3826924562454228 0.85819900035858165 3.8033230304718022 0.17500000447034839 1.0000000180025095e-35 507.50000000000006 5.7729961872100839 0.79329302906990062 6.5000000000000009 1.5000000000000002 1.0000000180025095e-35 0.14413403719663623 1.0000000180025095e-35 1.5000000000000002 0.42387369275093084 4.5438265800476083 0.81457948684692394 -0.7865660786628722 3.5000000000000004 0.87759780883789074 0.12940952181816109
decision_type=2 2 2 2 2 2 2 2 2 2 2 2 2 2 2 2 2 2 2 2 2 2 2 2 2 2 2 2 2 2
left_child=1 4 6 15 5 28 14 20 9 -4 27 12 -12 -13 -3 -2 17 -10 -19 -5 -8 22 -9 -16 -15 -17 -23 29 -1 -6
right_child=3 2 8 19 10 -7 7 21 16 -11 11 13 -14 24 23 25 -18 18 -20 -21 -22 26 -24 -25 -26 -27 -28 -29 -30 -31
leaf_value=0.00040754281561562218 0.032626324484327535 -0.029678833620857596 0.028087237557244248 0.054331054779986322 0.012499574789627616 0.0082693972239766458 -0.019960989227727096 -0.028177790510169588 0.038445231129434501 -0.010469730642068978 -0.0064029402655825327 0.00028219719787412809 0.036786392061791406 0.0086683637805262653 -0.013921669246345478 0.018180286887132226 -0.004079394785205785 -0.025691491914103467 0.014719996843753724 0.042109395364411481 0.0094905772601636528 -0.029123974224937618 -0.020913854074462394 0.0065589836482970402 0.038492410580712504 -0.020191323057191554 -0.006296414822276295 0.03582288323018451 -0.017192442964687964 0.032346183760761905
leaf_weight=69.283072482794523 22.872100409120321 39.682720344513655 10.673895124346016 425.11253044381738 125.91517420858145 162.85744193941355 38.815403420478106 768.11186986416578 20.628028001636267 242.98448784090579 15.564615763723848 154.17565769702196 45.851372748613358 43.070491924881935 86.619386844336987 14.672615677118303 103.62919284403324 13.219765866175292 52.079629495739937 213.71244939416647 32.057743474841118 34.255403481423855 593.45924599468708 52.010315727442503 22.867175787687302 17.059603109955788 85.292025953531265 56.272568542510271 99.110871151089668 43.159626927226782
leaf_count=440 100 410 67 1611 707 655 225 4086 121 1601 68 636 172 168 852 100 645 88 313 764 175 170 3563 438 93 72 432 306 368 246
internal_value=0 -0.0105822 -0.0182632 0.0474797 0.00933295 -0.00103832 -0.022148 -0.0233273 -0.00306566 -0.00864023 0.0160882 0.0107212 0.0259842 0.00626688 -0.0117384 0.0128923 0.00440637 0.0145003 0.00601838 0.0503866 -0.00674443 -0.0241106 -0.025047 -0.00625385 0.01984 -0.00242278 -0.0132091 0.0226399 -0.0100314 0.0178847
internal_weight=0 3011.65 2173.52 693.429 838.128 331.251 1730.3 1551.99 443.215 253.658 506.877 281.529 61.416 220.113 178.312 54.6043 189.557 85.9274 65.2994 638.825 70.8731 1481.12 1361.57 138.63 65.9377 31.7322 119.547 225.347 168.394 169.075
internal_count=19692 17045 13186 2647 3859 1463 10351 8651 2835 1668 2396 1137 240 897 1700 272 1167 522 401 2375 400 8251 7649 1290 261 172 602 1259 808 953
is_linear=0
shrinkage=0.04


Tree=18
num_leaves=31
num_cat=0
split_feature=32 9 23 3 23 3 25 7 7 7 4 27 5 35 2 31 5 4 2 6 7 3 25 2 5 25 23 5 2 15
split_gain=1104.9 287.34 94.7967 72.0061 38.3899 34.4418 15.1314 13.996 13.4037 13.1965 13.0476 12.1901 10.7961 16.5026 11.9789 10.6805 10.5471 10.3729 10.1822 10.1422 9.96462 9.56609 9.26447 8.57835 8.43395 8.33314 8.13741 8.0091 9.99109 7.156
threshold=4.5000000000000009 1.0000000180025095e-35 1.0000000180025095e-35 2.5000000000000004 1.0000000180025095e-35 2.5000000000000004 0.17500000447034839 0.57499998807907116 1.0000000180025095e-35 1.0000000180025095e-35 0.863704413175583 3.5931932926177983 0.16574188321828845 0.90007463097572338 635.50000000000011 0.18465909361839297 0.29724532365798956 0.88016721606254589 734.50000000000011 3.979637980461121 0.57499998807907116 1.5000000000000002 0.34999999403953558 978.50000000000011 0.13841129839420321 0.27500000596046453 1.0000000180025095e-35 0.34622508287429815 607.50000000000011 0.35625000298023229
decision_type=2 2 2 2 2 2 2 2 2 2 2 2 2 2 2 2 2 2 2 2 2 2 2 2 2 2 2 2 2 2
left_child=1 4 3 9 5 6 -1 27 16 21 -4 24 13 14 -13 22 26 -15 -19 -9 -6 -3 -5 -11 -8 -14 29 28 -7 -2
right_child=8 2 10 15 20 7 11 19 -10 23 -12 12 25 17 -16 -17 -18 18 -20 -21 -22 -23 -24 -25 -26 -27 -28 -29 -30 -31
leaf_value=-0.0099455120098797707 0.0069339530604189637 -0.029336214876904711 0.02423320994283705 -0.0091193395498872423 0.013969079426269437 -0.019053532002016309 0.0062639402266556924 0.042213246675790739 0.052005976754659997 -0.018737188106685138 0.0018939674185184164 0.0050322997641892384 -0.019751057308190899 0.017250229544692814 0.032664571103114153 0.010958572907804821 0.049446169577332916 -0.013999384475743944 0.012874218445079645 0.019114959213943364 0.046059372296647284 -0.021754924003970454 0.019142372283551416 0.010422818018439474 0.040827900484883863 0.0031296811851730956 0.047448266989794811 0.028848441990621542 0.011991444093629247 0.032706837666910883
leaf_weight=145.31231884658337 36.822083994746208 659.06506747566164 66.937390618026257 337.8685545977205 25.041654244065285 28.882025621831417 22.942077226936817 39.377244465053082 466.51594261080027 408.54420776665211 107.35198912024498 49.854764483869076 49.982857629656792 34.05362668633461 50.377461515367031 55.759987033903599 69.432964958250523 87.152203992009163 28.459110155701637 151.67518529109657 51.493310827761889 514.27178494259715 17.791729282587767 15.591422263532875 22.021686583757401 49.00179460644722 23.453645646572113 14.454509753733872 33.886293537914753 32.868426594883204
leaf_count=831 122 3937 324 2214 94 145 93 166 1771 2379 496 261 227 126 250 377 268 290 101 754 213 3410 101 94 92 194 83 71 158 109
internal_value=0 -0.00976119 -0.0175471 -0.0200017 0.00946423 0.00684849 0.00100272 0.0185025 0.0483527 -0.0238414 0.0106511 0.00507199 0.00248156 0.00689897 0.0192878 -0.00504946 0.0373651 -0.00154291 -0.00727769 0.0242637 0.0361828 -0.026056 -0.00760642 -0.0176214 0.02421 -0.00858642 0.0275094 0.00399637 -0.00244075 0.0196627
internal_weight=0 3067.15 2183.18 2008.89 883.968 807.433 539.158 268.275 629.093 1597.47 174.289 393.846 348.882 249.897 100.232 411.42 162.577 149.665 115.611 191.052 76.535 1173.34 355.66 424.136 44.9638 98.9847 93.1442 77.2228 62.7683 69.6905
internal_count=19751 17398 13332 12512 4066 3759 2465 1294 2353 9820 820 1634 1449 1028 511 2692 582 517 391 920 307 7347 2315 2473 185 421 314 374 303 231
is_linear=0
shrinkage=0.04


Tree=19
num_leaves=31
num_cat=0
split_feature=32 7 23 3 31 3 7 23 7 2 23 2 25 27 4 35 2 23 0 27 18 0 3 2 12 7 15 35 25 35
split_gain=992.95 242.339 80.3632 66.9607 42.3737 33.5606 16.8028 23.2298 15.9805 14.5009 13.5994 13.3517 13.7863 12.6733 12.349 10.6649 14.1156 10.6493 10.1925 10.0545 9.69033 12.7156 9.36353 9.2886 9.10276 8.99016 8.49341 8.17241 7.98434 7.83471
threshold=2.5000000000000004 0.42499999701976782 1.0000000180025095e-35 2.5000000000000004 0.41428571939468389 2.5000000000000004 0.57499998807907116 1.0000000180025095e-35 0.57499998807907116 657.50000000000011 1.0000000180025095e-35 553.50000000000011 0.27500000596046453 3.9009616374969487 0.85950115323066723 0.87240421772003185 629.50000000000011 1.0000000180025095e-35 7.1747169494628915 3.9308443069458012 7.5000000000000009 7.5888266563415536 1.5000000000000002 589.50000000000011 1.0000000180025095e-35 0.57499998807907116 0.13516666740179065 1.4746742248535158 0.31000000238418585 1.7290275692939761
decision_type=2 2 2 2 2 2 2 2 2 2 2 2 2 2 2 2 2 2 2 2 2 2 2 2 2 2 2 2 2 2
left_child=1 2 3 11 26 6 23 15 10 -5 20 -1 22 -14 -4 16 28 25 -11 -20 -6 -22 24 -3 -13 -7 -2 -16 -8 -17
right_child=4 5 14 9 8 17 7 -9 -10 18 -12 12 13 -15 27 29 -18 -19 19 -21 21 -23 -24 -25 -26 -27 -28 -29 -30 -31
leaf_value=-0.028396693907203448 -0.013774670651343236 -0.019789479698320466 0.022664548419247685 -0.011319088163032206 0.040177692389817443 0.0047691482833277579 -0.006789028848591885 0.037573468020635617 0.053529748403900873 0.010048503514565751 0.056153404728172873 -0.029641131598471739 -0.00040172353175342833 -0.018072143261701774 0.0070682103859596489 -0.0063714040049239239 0.023847378130816499 0.043884616568348307 0.016013493082651594 -0.021592897076965385 0.040307063641549172 0.0072659858100646629 -0.017784030293663912 -0.00027738884488805003 -0.0099822650276430169 0.021836657053032806 0.019466853679483725 -0.017788558863877969 0.024923854108274683 0.010714832994846553
leaf_weight=518.98772064968944 16.298991836607456 63.006767224520445 64.615403674542904 234.5811857432127 167.82431375980377 70.131131906062365 60.69304358959198 34.577237121760845 309.33697566390038 123.16373950988054 67.394781202077866 367.36309342458844 86.003746122121811 264.33194369450212 80.673421911895275 154.87248192727566 77.399336393922567 25.508175361901522 14.38780641555786 36.960746057331562 31.900770418345928 43.845381870865822 281.89467913471162 97.853458501398563 44.876592941582203 176.37373074330389 36.896520476788282 26.447496116161346 13.930526085197924 57.159003272652626
leaf_count=3287 91 303 311 1594 612 347 377 137 1212 865 253 2373 444 1349 417 631 419 110 67 169 132 125 2025 456 264 856 175 78 63 164
internal_value=0 -0.00991107 -0.0170149 -0.019299 0.0438053 0.00840515 0.00277735 0.00717269 0.0467381 -0.0048627 0.0396832 -0.0230654 -0.0203671 -0.0137611 0.00914099 0.00409576 0.0121079 0.019876 0.00384596 -0.0108503 0.0347057 0.0218603 -0.0236521 -0.00806918 -0.0275596 0.0170584 0.00915166 0.000717673 -0.000372924 -0.00170825
internal_weight=0 2975.79 2144.29 1972.55 673.498 831.505 559.492 398.632 620.302 409.093 310.965 1563.46 1044.47 350.336 171.736 364.054 152.023 272.013 174.512 51.3486 243.57 75.7462 694.134 160.86 412.24 246.505 53.1955 107.121 74.6236 212.031
internal_count=19706 17106 13243 12437 2600 3863 2550 1791 2334 2695 1122 9742 6455 1793 806 1654 859 1313 1101 236 869 257 4662 759 2637 1203 266 495 440 795
is_linear=0
shrinkage=0.04


Tree=20
num_leaves=31
num_cat=0
split_feature=33 9 3 3 27 31 7 20 7 31 0 2 25 25 35 1 5 26 25 27 26 25 27 2 29 5 5 5 6 35
split_gain=925.397 252.765 67.6231 36.383 18.931 19.5632 17.2676 16.8578 13.8886 13.6092 12.5536 14.0911 12.5392 12.4809 11.2608 10.7053 9.80847 9.75806 9.72353 9.93422 9.5903 9.3383 10.2974 8.6545 9.47723 8.38753 8.27757 9.0114 8.20691 7.66853
threshold=1.0000000180025095e-35 1.0000000180025095e-35 2.5000000000000004 1.5000000000000002 3.5931932926177983 0.12916667014360431 0.57499998807907116 0.33224999904632574 0.25000000000000006 0.28991597890853887 6.6541316509246835 655.50000000000011 0.17500000447034839 0.17500000447034839 0.90007463097572338 2.5000000000000004 0.22422358393669131 1.0000000180025095e-35 0.27500000596046453 4.0280263423919687 1.0000000180025095e-35 0.27500000596046453 4.1919245719909677 537.50000000000011 -0.6035533845424651 0.1185927838087082 0.29724532365798956 0.26023301482200628 6.0787878036499032 2.4308230876922612
decision_type=2 2 2 2 2 2 2 2 2 2 2 2 2 2 2 2 2 2 2 2 2 2 2 2 2 2 2 2 2 2
left_child=1 3 4 13 5 28 26 14 10 15 11 -6 -11 -1 -4 16 29 -17 -16 -20 -12 -22 -23 25 -25 -15 27 -2 -3 -5
right_child=6 2 7 9 8 -7 -8 -9 -10 12 20 -13 -14 23 18 17 -18 -19 19 -21 21 22 -24 24 -26 -27 -28 -29 -30 -31
leaf_value=-0.01347746761457921 0.036510211646356691 -0.007024614481090579 0.0023745730077053672 0.006150073273516494 -0.021972212591606338 0.0308813287648321 0.05244055924979512 0.025802807971628702 -0.0085041523967545624 0.0052817478628779104 -0.026147938241751167 4.5243730728377872e-05 0.034642645409614585 -0.021398067705871368 -0.016705344917991843 0.015678686415648659 0.017967242553252522 0.053158488107338003 0.023069152444825478 -0.0084780578303536164 -0.022930417360347458 -0.021889671675473118 0.0015359220091422077 -0.0028177044763283265 0.015206302992972813 0.0051042413509841547 0.048072091459097729 0.013202172508117616 -0.032931268436007827 -0.024134146441875268
leaf_weight=89.901602521538734 167.47397281229496 112.83849978819489 198.62727603875101 207.95548063516617 107.29190256260335 17.813353439792991 302.62064640596509 29.669749908149242 128.43212098628283 31.958448641002178 881.19353552907705 80.946201527491212 92.411737512797117 35.41001133620739 143.63107088208199 36.062670063227415 134.04301350191236 16.065017409622669 21.15596054494381 49.508461683988571 211.13460487872362 51.399572759866714 68.033493556082249 76.61690229922533 115.31424985826015 37.790591172873974 99.132051847875118 35.081616103649139 22.168952226638794 12.333308935165403
leaf_count=490 586 699 1529 1011 1084 104 1209 186 713 185 5083 751 415 147 813 173 633 65 97 221 1293 230 322 304 461 160 388 128 149 31
internal_value=0 -0.00878521 -0.0162672 0.0091491 -0.0199256 -0.00639932 0.0453782 -0.00234315 -0.0212679 0.0157588 -0.0224251 -0.0126033 0.027301 -0.00076633 -0.00448015 0.0121107 0.00951259 0.0287668 -0.0107969 0.00134174 -0.0239275 -0.0178869 -0.00874007 0.00361243 0.00805645 -0.0079441 0.0379953 0.0326419 -0.0116973 0.00425266
internal_weight=0 3009.71 2123.84 885.863 1681.25 152.821 604.308 442.593 1528.43 530.83 1400 188.238 124.37 355.033 412.923 406.459 354.332 52.1277 214.295 70.6644 1211.76 330.568 119.433 265.132 191.931 73.2006 301.688 202.556 135.007 220.289
internal_count=19660 17349 13274 4075 10428 952 2311 2846 9476 2513 8763 1835 600 1562 2660 1913 1675 238 1131 318 6928 1845 552 1072 765 307 1102 714 848 1042
is_linear=0
shrinkage=0.04


Tree=21
num_leaves=31
num_cat=0
split_feature=32 9 23 3 23 3 7 31 16 31 2 35 0 0 22 7 2 2 25 0 23 35 22 35 0 31 29 25 22 2
split_gain=898.317 236.546 60.5771 55.0141 34.6777 32.2177 17.8413 15.9697 21.6323 13.7877 11.3262 9.53571 9.42078 9.2562 9.55388 9.05346 8.68131 8.58526 8.48945 9.33451 8.30289 7.85363 10.2812 8.41118 9.50125 7.74173 9.17626 7.59625 9.911 8.97925
threshold=3.5000000000000004 1.0000000180025095e-35 1.0000000180025095e-35 2.5000000000000004 1.0000000180025095e-35 1.5000000000000002 1.0000000180025095e-35 0.84680575132370006 150.18400573730472 0.31666667759418493 691.50000000000011 0.51364025473594677 7.4877300262451181 6.5736558437347421 0.21374999731779101 0.57499998807907116 978.50000000000011 959.50000000000011 0.23499999940395358 6.7286107540130624 1.0000000180025095e-35 0.94941911101341259 0.41083332896232611 1.4605025053024294 7.9501483440399179 0.31666667759418493 -0.6035533845424651 0.23499999940395358 0.22083333134651187 613.50000000000011
decision_type=2 2 2 2 2 2 2 2 2 2 2 2 2 2 2 2 2 2 2 2 2 2 2 2 2 2 2 2 2 2
left_child=1 4 3 6 5 17 13 8 20 15 11 -5 -4 14 -3 -7 25 21 19 -11 -2 22 -1 -23 -25 -8 -27 -15 -29 -30
right_child=7 2 12 10 -6 9 16 -9 -10 18 -12 -13 -14 27 -16 -17 -18 -19 -20 -21 -22 23 -24 24 -26 26 -28 28 29 -31
leaf_value=-0.0025311693546969309 0.033793157972733794 0.0020669462893566281 0.012400199433221588 0.0079578830658714756 0.033578011689673296 -0.00081986061923341427 -0.01777072562426877 0.049316431386947891 -0.0079250748352343164 0.034772088798012787 0.0035163973168798736 -0.013505894810734503 -0.0076533736696964795 -0.029152118052576208 -0.021743373445607318 0.012535187112229626 0.011986124781420169 0.02212729596661887 0.036878852251837124 0.0020779081173039806 0.052469634327659859 -0.020800303943900981 0.034076976050343245 0.016104232513888459 -0.012871928021067141 0.029794214525466725 -0.011547684097140895 -0.02327488830519692 -0.02324414561517207 0.020810329106036429
leaf_weight=131.70593535155058 200.05100194364786 40.300099652260542 118.09033849462867 37.444077525287867 76.164874989539385 117.37786934897304 354.18725534714758 348.93062687665224 16.545498348772526 19.826167218387127 144.011838901788 224.02177301049232 52.886690855026245 559.04156379774213 77.540281217545271 259.92451233416796 17.19384953379631 16.59064844250679 48.263431809842587 39.60196939855814 58.34573632478714 81.414761006832123 11.516692660748957 26.790575847029686 46.867765575647354 10.608315099030731 24.986954774707556 420.3458908572793 11.022336915135385 15.172722250223158
leaf_count=748 748 536 641 360 304 572 2135 1389 68 124 919 1401 173 3739 684 1216 106 72 212 187 220 326 58 95 118 68 144 2206 69 85
internal_value=0 -0.00932113 -0.01658 -0.0185945 0.00813418 0.0056337 -0.0220625 0.0433857 0.0355572 0.0120832 -0.00546116 -0.010395 0.00618045 -0.0246778 -0.0137019 0.00839805 -0.0147579 -0.0043135 0.0246058 0.0137622 0.0383809 -0.00592166 0.000841299 -0.012099 -0.00218578 -0.0159928 0.00170282 -0.0259343 -0.0217937 0.00193924
internal_weight=0 2982.9 2106.85 1935.88 876.045 799.88 1530.4 623.873 274.942 484.994 405.478 261.466 170.977 1123.42 117.84 377.302 406.976 314.886 107.692 59.4281 258.397 298.296 143.223 155.073 73.6583 389.783 35.5953 1005.58 446.541 26.1951
internal_count=19723 17298 13266 12452 4032 3728 9772 2425 1036 2311 2680 1761 814 7319 1220 1788 2453 1417 523 311 968 1345 806 539 213 2347 212 6099 2360 154
is_linear=0
shrinkage=0.04


Tree=22
num_leaves=31
num_cat=0
split_feature=32 7 3 23 3 23 20 7 23 3 23 0 1 31 2 25 23 25 22 2 7 20 26 22 25 3 0 25 16 2
split_gain=830.528 227.441 59.534 39.2181 26.106 20.7543 19.7058 19.2213 13.8843 13.1578 13.1859 12.9656 12.3751 11.5287 11.4936 10.7394 12.3081 10.4779 10.4095 9.78791 9.69701 9.5372 9.1775 9.13412 8.91993 8.81442 8.68643 11.166 8.41915 8.73866
threshold=3.5000000000000004 0.42499999701976782 2.5000000000000004 1.0000000180025095e-35 1.5000000000000002 1.0000000180025095e-35 0.19597221910953525 0.25000000000000006 1.0000000180025095e-35 2.5000000000000004 1.0000000180025095e-35 7.5207726955413827 2.5000000000000004 0.31666667759418493 655.50000000000011 0.23499999940395358 1.0000000180025095e-35 0.27500000596046453 0.22083333134651187 509.50000000000006 0.25000000000000006 0.64588889479637157 1.0000000180025095e-35 0.13516666740179065 0.2100000008940697 1.5000000000000002 6.7638680934906015 0.23499999940395358 117.94472885131837 693.50000000000011
decision_type=2 2 2 2 2 2 2 2 2 2 2 2 2 2 2 2 2 2 2 2 2 2 2 2 2 2 2 2 2 2
left_child=1 2 3 11 15 14 -2 9 12 10 17 19 13 -6 -4 23 -17 -8 -13 -1 25 -19 -14 -3 -20 -21 -15 -28 29 -5
right_child=6 4 5 28 8 -7 7 -9 -10 -11 -12 18 22 26 -16 16 -18 21 24 20 -22 -23 -24 -25 -26 -27 27 -29 -30 -31
leaf_value=-0.025782586477941176 -0.00043300864537793254 0.014267507683047957 -0.011328558234710078 -0.0025733030195430563 0.0058463031388979441 0.024678915504701627 -0.0016689120497532847 0.048414237692333773 0.035057451600801148 0.046443270682444901 0.047827901339923866 -0.027665760479188936 0.018536622309609247 0.037574157748811704 0.002156194128888924 0.0034051485102061341 0.03832852621394691 0.042125818132102186 -0.027341611585374247 -0.021982120460695555 -0.00067974285259669084 0.01059656183912154 0.054417656167484466 -0.010975553045875837 0.0099612013294939714 -0.012658151362545916 -0.0046194258543008132 0.03033486958864328 -0.021888922039066793 0.020013018986177734
leaf_weight=220.29808320850134 16.849522352218628 25.455095689743757 232.90249397791922 81.684734702110291 313.50430123135448 37.937788866460323 33.811285965144634 409.40243482217193 45.730430096387863 68.196280483156443 26.868971481919289 513.72289197146893 47.55455107614398 33.80919598788023 176.6247645188123 154.5373136177659 16.10545314848423 28.484824627637863 15.578281968832014 336.98034045286477 60.804958991706371 34.628564894199371 14.955442421138285 143.19306671619415 22.886636853218079 335.6303565967828 30.633899845182896 25.208124920725822 20.109838247299194 38.963328745216131
leaf_count=1799 82 128 1589 367 1487 188 119 1650 188 278 98 2152 229 192 1124 631 61 94 70 2630 405 108 62 700 95 2628 144 98 100 178
internal_value=0 -0.00874352 -0.0158244 -0.0193366 0.00868352 -0.00287083 0.042182 0.0433734 0.0143733 0.032236 0.0237954 -0.0212215 0.0122008 0.00953866 -0.00553051 7.36314e-05 0.00710709 0.016301 -0.0261655 -0.0183103 -0.0160018 0.0256834 0.0285421 -0.0070429 -0.0057511 -0.0173808 0.0220412 0.0116629 0.000844039 0.00492836
internal_weight=0 2944.81 2094.12 1646.66 850.687 447.465 618.242 601.392 511.396 191.99 123.794 1505.9 465.666 403.156 409.527 339.291 170.643 96.9247 552.188 953.714 733.416 63.1134 62.51 168.648 38.4649 672.611 89.6512 55.842 140.758 120.648
internal_count=19674 17245 13325 10424 3920 2901 2429 2347 2400 697 419 9779 2212 1921 2713 1520 692 321 2317 7462 5663 202 291 828 165 5258 434 242 645 545
is_linear=0
shrinkage=0.04


Tree=23
num_leaves=31
num_cat=0
split_feature=32 7 23 3 3 23 7 31 7 27 25 3 28 25 2 0 31 27 0 8 25 0 6 20 16 0 35 0 29 25
split_gain=763.961 212.726 62.8927 52.6986 25.1905 19.6549 15.1103 14.0226 13.5682 13.1275 12.1156 10.9942 11.524 10.6523 10.0197 9.7623 9.27025 9.02925 10.0313 9.89357 8.66915 8.2326 8.15081 8.08726 8.0124 7.94968 7.8269 7.34171 7.2726 7.17835
threshold=4.5000000000000009 0.42499999701976782 1.0000000180025095e-35 2.5000000000000004 3.5000000000000004 1.0000000180025095e-35 1.0000000180025095e-35 0.35897436738014227 1.0000000180025095e-35 3.5336854457855229 0.17500000447034839 2.5000000000000004 -0.91597560048103321 0.31000000238418585 799.50000000000011 6.6541316509246835 0.18465909361839297 3.5931932926177983 6.9137251377105722 7.5000000000000009 0.31000000238418585 6.5736558437347421 2.4414010047912602 0.21374999731779101 89.460536956787124 7.3238251209259042 1.0173037052154543 6.284090757369996 0.12940952181816107 0.34999999403953558
decision_type=2 2 2 2 2 2 2 2 2 2 2 2 2 2 2 2 2 2 2 2 2 2 2 2 2 2 2 2 2 2
left_child=1 2 3 8 5 7 11 21 15 23 -9 12 -2 17 -11 -1 29 -4 19 -19 -14 27 -23 -10 26 -7 -16 -3 -24 -5
right_child=6 4 13 16 -6 25 -8 10 9 14 -12 -13 20 -15 24 -17 -18 18 -20 -21 -22 22 28 -25 -26 -27 -28 -29 -30 -31
leaf_value=-0.013331714251878395 -0.0073701736909128988 -0.0025191649714946906 0.032082051003166162 -0.0084255159708181791 0.024676143545118438 0.036091899016586625 0.045506719136570374 -0.0057571587255210842 -0.015801384884525659 -0.019424030125167375 0.023938317619323916 0.04233265290571879 0.014255150088671942 0.028880017416479782 0.021242309792241239 -0.024627075770401831 0.0099917963509621056 0.032061151253095312 -0.0087824738596555939 -0.004115250021545537 0.042925781293840982 0.024868496149722832 -0.0058082014525379921 0.023760873369699415 -0.025400196170967958 0.0084168794685863697 -0.010646844060871907 0.02130469037321089 0.0048096304958610567 0.015912937638321772
leaf_weight=149.55602164752781 18.382316537201405 33.254420273005962 13.416676741093395 330.67508992925286 125.50525077804923 41.455852307379246 430.66713146865368 28.939682295545936 11.273507475852965 306.55873619392514 81.387221209704876 67.955838583409786 41.264209859073162 29.872171871364117 24.857695810496807 952.56680608168244 58.07785289734602 22.430828686803579 80.404072925448418 23.158525757491589 30.760991826653481 16.305149614810944 313.77738737314939 20.73945552483201 14.689522027969359 29.363837063312531 21.041116788983345 51.171499989926815 151.54536670446396 18.776576280593872
leaf_count=1549 58 234 64 2208 594 189 1750 157 83 1890 352 279 140 129 172 5863 390 127 333 152 105 62 1371 119 105 90 93 308 668 106
internal_value=0 -0.00832799 -0.0152836 -0.0173551 0.00823176 0.00541114 0.0414928 0.00327491 -0.0208146 -0.0143623 0.0161851 0.0301454 0.0202668 0.00800493 -0.0165034 -0.0231212 -0.00457124 0.00318672 -0.000343492 0.0142836 0.0273289 0.000710514 -0.00132412 0.00971893 -0.00157718 0.0251634 0.0067894 0.0120796 -0.00234442 -0.00703466
internal_weight=0 2950.8 2078.09 1908.81 872.706 747.2 589.03 676.381 1501.28 399.16 110.327 158.363 90.4075 169.282 367.147 1102.12 407.53 139.41 125.993 45.5894 72.0252 566.054 481.628 32.013 60.5883 70.8197 45.8988 84.4259 465.323 349.452
internal_count=19740 17408 13383 12578 4025 3431 2332 3152 9874 2462 509 582 303 805 2260 7412 2704 676 612 279 245 2643 2101 202 370 279 265 542 2039 2314
is_linear=0
shrinkage=0.04


Tree=24
num_leaves=31
num_cat=0
split_feature=32 7 3 23 3 23 7 3 23 6 3 23 7 22 0 0 0 25 27 25 4 6 29 35 27 5 20 4 28 28
split_gain=734.305 164.732 69.3061 35.2069 27.2966 23.8269 20.3662 16.1834 14.9541 14.5503 13.1496 11.5511 14.4931 11.4339 11.1581 10.8078 10.4392 12.0226 10.3947 10.3592 10.0756 9.95505 8.87055 8.37482 9.45476 7.96298 7.83366 8.18096 7.72529 7.2597
threshold=4.5000000000000009 0.57499998807907116 2.5000000000000004 1.0000000180025095e-35 2.5000000000000004 1.0000000180025095e-35 1.0000000180025095e-35 2.5000000000000004 1.0000000180025095e-35 3.979637980461121 1.5000000000000002 1.0000000180025095e-35 1.0000000180025095e-35 0.27133333683013922 7.5207726955413827 6.9902460575103769 6.5595901012420663 0.23499999940395358 3.4610360860824589 0.23499999940395358 0.93904343247413646 5.2755572795867929 0.91597560048103344 0.89519628882408153 4.5003650188446054 0.27595391869544988 0.31377777457237249 0.85135751962661754 0.78656607866287243 0.60355338454246532
decision_type=2 2 2 2 2 2 2 2 2 2 2 2 2 2 2 2 2 2 2 2 2 2 2 2 2 2 2 2 2 2
left_child=1 2 3 6 8 13 14 11 16 -6 20 12 -2 22 -1 -5 -3 26 -12 -16 -8 -19 23 24 -4 -25 27 -18 -11 -14
right_child=7 4 5 15 9 -7 10 -9 -10 28 18 -13 29 -15 19 -17 17 21 -20 -21 -22 -23 -24 25 -26 -27 -28 -29 -30 -31
leaf_value=-0.018828329414926414 0.013971202951027382 0.019804732268356134 -0.0065179031895154782 0.016508579175796279 0.041782254942455799 0.026601508942737339 -0.018295021631404128 0.048029548972864829 0.028113921729132657 0.018293565705475131 0.027700075682190191 0.048738258445391612 0.038614015307950993 0.013702561862200298 -0.033315163660825611 -0.0059733897617602104 -0.028289638196200416 -0.0036022072368027793 -0.0064558193548266704 -0.019680453494536829 0.012392210777940256 0.015598864816323128 0.019315671007243608 -0.017355031359447957 0.012638671421320684 -0.00099513451943712651 0.014677716721941736 -0.0061853541623687657 -0.012349695208796148 0.011384812241447138
leaf_weight=688.01103570684791 73.39457494020462 42.253820352256298 130.47563751041889 48.152840223163366 43.450380906462669 45.117214094847441 347.48145216144621 270.04226713255048 35.097081370651722 151.16002795100212 13.57755348831415 69.572587877511978 154.2755678743124 54.664538856595755 220.54768970608711 105.69921943545341 33.065232902765274 79.741419598460197 169.24344329535961 170.72783504426479 16.663444928824902 90.717342622578144 20.116120185703039 145.89026933163404 57.847952842712402 70.573616959154606 19.47541282325983 121.25660125911236 13.027619805186985 19.713267087936401
leaf_count=5645 241 273 992 284 183 215 1951 1166 138 737 77 271 596 349 1034 404 156 285 1056 687 88 365 123 788 448 351 95 563 68 74
internal_value=0 -0.00837823 -0.0133285 -0.0170906 0.00973843 -0.000548524 -0.0188188 0.0405593 0.00385276 0.0215384 -0.0124534 0.0339335 0.0294125 -0.00320264 -0.0220157 0.0011846 0.00151634 -0.000829798 -0.00364687 -0.0274962 -0.0168307 0.00667891 -0.00543153 -0.00675027 -0.000562541 -0.0120792 -0.00818647 -0.0112228 0.0157428 0.0356933
internal_weight=0 2934.03 2304.79 1780.1 629.245 524.685 1626.25 586.998 421.607 207.638 546.966 316.956 247.383 479.568 1079.29 153.852 386.51 344.256 182.821 391.276 364.145 170.459 424.904 404.787 188.324 216.464 173.797 154.322 164.188 173.989
internal_count=19703 17355 14492 11226 2863 3266 10538 2348 1875 988 3172 1182 911 3051 7366 688 1737 1464 1133 1721 2039 650 2702 2579 1440 1139 814 719 805 670
is_linear=0
shrinkage=0.04


Tree=25
num_leaves=31
num_cat=0
split_feature=32 7 3 3 26 27 7 27 2 30 7 2 18 35 3 7 7 2 8 20 4 6 6 26 2 27 1 5 5 2
split_gain=651.926 193.233 50.1912 21.3059 16.9394 16.129 14.9057 11.691 11.6224 10.5789 9.50859 9.36948 8.38996 10.3719 8.12714 12.5496 8.10502 10.0035 7.64463 11.7994 9.21385 7.61318 9.52438 7.45925 7.20515 6.99758 6.93637 6.92137 8.09359 6.90234
threshold=5.5000000000000009 0.42499999701976782 2.5000000000000004 1.5000000000000002 1.0000000180025095e-35 3.4160846471786503 0.42499999701976782 3.0610489845275883 799.50000000000011 1.8688347935676577 0.57499998807907116 661.50000000000011 6.5000000000000009 2.1240894794464116 1.5000000000000002 0.25000000000000006 0.57499998807907116 597.50000000000011 6.5000000000000009 0.33224999904632574 0.79329302906990062 5.4004201889038095 4.5591125488281259 1.0000000180025095e-35 406.50000000000006 3.3826924562454228 1.5000000000000002 0.11923709511756898 0.16491568833589557 514.50000000000011
decision_type=2 2 2 2 2 2 2 2 2 2 2 2 2 2 2 2 2 2 2 2 2 2 2 2 2 2 2 2 2 2
left_child=1 2 4 16 5 9 12 -5 -7 21 -9 24 -2 -14 15 -10 17 -3 20 -20 -13 22 -1 -12 -4 -26 27 -18 -29 -6
right_child=6 3 11 7 29 8 -8 10 14 -11 23 18 13 -15 -16 -17 26 -19 19 -21 -22 -23 -24 -25 25 -27 -28 28 -30 -31
leaf_value=-0.01752608226555688 0.037806457593187404 -0.023815027886367055 0.011891670289323348 0.049577324564424673 -0.019452595669042654 -0.022949599762983428 0.044914968717318544 0.0030869249486427603 -0.023841883532792013 0.033762638008033877 0.011644263223718697 0.036242671576752455 0.028514059062087004 -0.0017563153933374445 -0.0017399678126036031 0.014408102536633646 -0.010719718746085601 0.0011599168991381365 -0.0035640450889528031 0.036977014819163559 0.00094750339212455075 -0.024567355198193083 0.030429375494019972 0.02409788369644978 0.018785956809082422 -0.011423770093876516 0.011409905011971177 0.017519231395722302 -0.011265841867446821 -0.0077216207822551923
leaf_weight=10.902377016842367 121.42193679139018 40.36933596432209 26.004633363336325 11.965228021144865 107.23919583670795 922.78133257851005 344.07740650326014 137.74326515197754 96.438407346606255 10.559064850211142 269.41043987497687 21.30283397808671 70.640400663018227 23.829220235347748 76.810705928131938 14.582067411392925 67.043605744838715 64.624023523181677 135.601791203022 10.532817184925078 24.269102789461613 20.131839297711849 11.835741054266689 111.42193217948079 11.253434117883442 210.04148699343204 117.64159289747477 41.776469141244888 22.616256192326546 325.38578555546701
leaf_count=65 472 193 186 45 706 6124 1464 670 598 66 1277 121 282 56 522 86 304 293 838 63 156 135 73 496 66 1420 501 183 111 2057
internal_value=0 -0.00747496 -0.0142536 0.00812099 -0.0175435 -0.0200622 0.0395682 0.0131771 -0.0210932 0.00135653 0.01215 -0.00226269 0.0307128 0.0210005 -0.0118272 -0.0186518 0.000513464 -0.00870847 0.00434913 -0.000182218 0.0182765 -0.00777438 0.00787792 0.0153947 -0.00738193 -0.00973302 0.00443917 -0.00187746 0.00737441 -0.0107056
internal_weight=0 2920.28 2035.67 884.612 1596.67 1164.04 559.969 530.541 1110.61 53.429 518.576 439.006 215.892 94.4696 187.831 111.02 354.071 104.993 191.707 146.135 45.5719 42.87 22.7381 380.832 247.3 221.295 249.078 131.436 64.3927 432.625
internal_count=19629 17355 13282 4073 10432 7669 2274 2488 7330 339 2443 2850 810 338 1206 684 1585 486 1178 901 277 273 138 1773 1672 1486 1099 598 294 2763
is_linear=0
shrinkage=0.04


Tree=26
num_leaves=31
num_cat=0
split_feature=21 9 3 31 23 3 25 23 0 2 31 23 3 31 35 2 0 6 2 31 0 16 25 4 2 6 28 26 0 5
split_gain=662.202 148.785 51.3696 32.7372 31.7278 20.8357 17.0808 16.798 12.3393 11.4697 10.7559 9.73976 9.73035 9.55648 9.12246 9.08895 9.03383 9.90025 8.33907 7.9601 7.89539 7.80821 7.76134 7.94391 9.57662 6.91474 11.9886 6.8607 6.75479 7.73439
threshold=1.5000000000000002 1.0000000180025095e-35 2.5000000000000004 0.74833333492279064 1.0000000180025095e-35 1.5000000000000002 0.17500000447034839 1.0000000180025095e-35 7.5207726955413827 473.50000000000006 0.35897436738014227 1.0000000180025095e-35 3.5000000000000004 0.72318005561828624 1.4746742248535158 549.50000000000011 8.5896992683410662 6.4417433738708505 665.50000000000011 0.85798320174217235 7.4419023990631112 16.719023704528812 0.27500000596046453 0.91218680143356334 451.50000000000006 6.0246567726135263 -0.6035533845424651 1.0000000180025095e-35 7.4593348503112802 0.1377644091844559
decision_type=2 2 2 2 2 2 2 2 2 2 2 2 2 2 2 2 2 2 2 2 2 2 2 2 2 2 2 2 2 2
left_child=1 5 4 6 8 10 -2 18 15 -8 11 -1 22 -10 -6 -3 17 -5 -4 -19 -14 -11 23 24 -7 26 -23 -24 -17 -30
right_child=3 2 7 16 14 12 9 -9 13 21 -12 -13 20 -15 -16 28 -18 19 -20 -21 -22 25 27 -25 -26 -27 -28 -29 29 -31
leaf_value=-0.0077850614732488622 -0.0029480142211736459 -0.022797222856654645 -0.0097318286938439628 0.043835818616651361 0.0065091656845236955 -0.022288904526644459 -0.0053670695871985679 0.022255375586132758 -0.02564111389071155 0.041354132594912975 0.017070608134467563 0.018223375556959957 0.024803672156205301 0.0045907717025715604 -0.016540861677019097 -0.015064117299931042 0.012021114564114038 0.00019636396687229045 0.0019084860918722765 0.036434435477507285 -0.0061391742813762841 -0.019425043004754936 0.008084630254163885 0.02505145703497964 0.0036662028408169199 0.031090645996894494 0.027787463316958815 0.025888654220239397 -0.016533381010370513 0.018557948914209688
leaf_weight=234.68309661000967 38.066469384357333 283.89222686178982 233.74476075544953 427.32806028053164 102.27846435084939 24.212518058717251 15.203383050858973 38.158525459468365 501.30710056424141 60.475763231515884 37.714043576270342 23.622552797198296 103.79414659738541 16.726065829396248 35.299324050545692 598.57395131699741 18.585162132978439 17.16692877560854 168.13995864801109 20.35862497985363 14.270888209342955 14.374223284423353 98.175166964530945 21.098887257277966 169.9511284455657 41.34163711220026 16.264692023396492 54.120537325739861 16.637110337615013 19.856657102704048
leaf_count=1060 207 2431 1636 1835 540 138 66 186 2231 225 170 88 512 73 105 4872 43 60 1063 82 46 58 391 102 871 171 71 209 100 116
internal_value=0 -0.00878636 -0.0145296 0.0354547 -0.0179026 0.00601557 0.0208291 -0.00243364 -0.0196572 0.0269163 -0.00234119 -0.0052848 0.0110983 -0.0246511 0.000442784 -0.0167946 0.0409646 0.0420653 -0.00487644 0.0207053 0.0210236 0.0306465 0.00781361 0.00287588 0.000235311 0.0207754 0.00580471 0.0146651 -0.0140482 0.00253237
internal_weight=0 2796.26 2014.61 669.165 1574.57 781.643 185.726 440.043 1436.99 147.66 296.02 258.306 485.623 518.033 137.578 918.96 483.439 464.854 401.885 37.5256 118.065 132.456 367.558 215.263 194.164 71.9806 30.6389 152.296 635.068 36.4938
internal_count=19758 16940 13353 2818 10468 3587 798 2885 9823 591 1318 1148 2269 2304 645 7519 2020 1977 2699 142 558 525 1711 1111 1009 300 129 600 5088 216
is_linear=0
shrinkage=0.04


Tree=27
num_leaves=31
num_cat=0
split_feature=32 7 3 22 7 7 3 20 3 32 25 15 7 2 25 0 1 8 2 35 35 25 16 25 2 6 2 2 6 6
split_gain=609.097 143.531 55.0336 30.0642 20.2702 18.8905 17.4228 13.1176 12.7279 11.8094 10.8659 10.3529 10.3473 9.55816 9.54477 12.8404 8.98593 8.86274 7.9562 8.25683 9.86372 8.49671 7.36537 7.21238 7.17875 6.72391 6.64944 6.30852 6.15463 8.1651
threshold=2.5000000000000004 0.57499998807907116 2.5000000000000004 0.16550000011920932 0.42499999701976782 1.0000000180025095e-35 2.5000000000000004 0.33224999904632574 1.5000000000000002 1.5000000000000002 0.34999999403953558 0.21374999731779101 1.0000000180025095e-35 655.50000000000011 0.34999999403953558 8.2095794677734393 3.5000000000000004 7.5000000000000009 492.50000000000006 0.94488331675529491 1.7290275692939761 0.23499999940395358 116.16945648193361 0.27500000596046453 633.50000000000011 5.2857353687286386 939.50000000000011 797.50000000000011 3.979637980461121 4.6586997509002694
decision_type=2 2 2 2 2 2 2 2 2 2 2 2 2 2 2 2 2 2 2 2 2 2 2 2 2 2 2 2 2 2
left_child=1 2 5 -2 14 8 18 10 16 23 12 -6 -4 -14 15 -5 -1 24 -3 -20 -21 -22 25 -7 -10 -9 27 -26 -8 -30
right_child=3 6 7 4 11 9 28 22 17 -11 -12 -13 13 -15 -16 -17 -18 -19 19 20 21 -23 -24 -25 26 -27 -28 -29 29 -31
leaf_value=-0.023343405387648643 -0.0043541055072209255 -0.0068249264847493867 -0.0080791448760976232 0.027433099884599427 0.012787609998956409 -0.014058624159944673 0.033792267397615434 0.027444857372457589 -0.014258356123108214 0.024928212854246859 0.022218567079012704 0.045315917979362109 -0.0041651097633485278 0.015964685737254576 0.043123650251309757 -0.0030439622096095948 0.0058083927632859231 -0.017755213679341776 0.014407012258763506 -0.0042123747767255706 0.00091922073033755475 0.033907700968945097 0.048913409485718928 -0.0046171864168223055 -0.0014486442724235616 -0.012137912203146771 -0.026301973220259463 0.023313232387223576 -0.0041223345514983236 0.019981221929648085
leaf_weight=605.98463730327785 27.703696290031075 71.369660288095474 310.71945287100971 145.51310642063618 18.360865082591772 360.90525483712554 39.5276048630476 12.501470733433964 90.529766522347927 13.477121911942957 24.922971975058317 354.47436055913568 84.963985737413168 65.009208936244249 51.899907298386097 25.577565014362335 16.666751086711884 326.53143684007227 155.21806022152305 125.36192321777344 26.267092242836952 22.022205233573914 9.6647755876183492 205.45375302433968 54.519312515854836 11.399097342044113 9.7698426656424981 21.452766545116901 26.56150209903717 125.41468160785735
leaf_count=4065 140 344 2062 603 90 2337 165 79 670 78 132 1567 510 342 200 55 100 2359 809 487 75 63 52 969 383 74 69 146 129 612
internal_value=0 -0.0075474 -0.0122032 0.0360849 0.0379734 -0.0156711 0.00993662 -0.000795946 -0.018698 -0.00975186 -0.00250351 0.0437908 -0.0039312 0.00465586 0.0279441 0.0228943 -0.022547 -0.0138612 0.00514203 0.0077646 0.00173085 0.0167137 0.0226602 -0.0106619 -0.00652941 0.00908682 0.00177012 0.00596218 0.0198005 0.0157697
internal_weight=0 2816.21 2224.47 623.53 595.826 1705.29 591.743 519.181 1125.45 579.836 485.616 372.835 460.693 149.973 222.991 171.091 622.651 502.803 400.239 328.869 173.651 48.2893 33.5653 566.359 176.272 23.9006 85.7419 75.9721 191.504 151.976
internal_count=19766 17111 14427 2655 2515 11176 2684 3251 7792 3384 3046 1657 2914 852 858 658 4165 3627 1778 1434 625 138 205 3306 1268 153 598 529 906 741
is_linear=0
shrinkage=0.04


Tree=28
num_leaves=31
num_cat=0
split_feature=34 7 3 23 25 23 3 31 7 0 23 32 6 1 0 3 35 25 4 16 5 4 8 0 26 2 16 2 0 22
split_gain=585.424 131.455 61.0445 37.1716 24.0936 21.9174 20.6379 19.0493 16.1393 12.6143 12.1835 12.1133 12.0421 11.9877 10.1442 10.0747 9.88256 9.71807 10.6976 8.9415 9.73373 8.1749 7.77793 8.79695 7.7693 7.48826 7.34095 7.58441 7.31262 7.10203
threshold=7.5000000000000009 0.57499998807907116 2.5000000000000004 1.0000000180025095e-35 0.23499999940395358 1.0000000180025095e-35 2.5000000000000004 0.77429243922233593 1.0000000180025095e-35 6.8834495544433603 1.0000000180025095e-35 1.5000000000000002 3.979637980461121 3.5000000000000004 7.5422098636627206 1.5000000000000002 0.83344134688377391 0.27500000596046453 0.88972395658493053 84.017784118652358 0.29046463966369634 0.92465984821319591 7.5000000000000009 6.5161657333374032 1.0000000180025095e-35 597.50000000000011 12.054864406585695 545.50000000000011 7.1196274757385263 0.18722222000360492
decision_type=2 2 2 2 2 2 2 2 2 2 2 2 2 2 2 2 2 2 2 2 2 2 2 2 2 2 2 2 2 2
left_child=1 2 3 8 7 9 10 25 13 -4 16 17 -8 15 24 -1 21 -10 -19 20 -11 -3 23 -17 -5 -2 27 -22 -14 -6
right_child=4 6 5 14 29 -7 12 -9 11 19 -12 -13 28 -15 -16 22 -18 18 -20 -21 26 -23 -24 -25 -26 -27 -28 -29 -30 -31
leaf_value=-0.025348286785481206 -0.015584599419137068 0.0058294656048348053 0.0032712102331106732 0.0016528626767891778 0.011638706116516863 0.024826729320642098 0.037881515047833568 0.032537647103622551 -0.017309987294748298 -0.021020082395350054 0.025394257227744729 0.021725708185115784 0.019450532695542273 0.0050278225547633702 -0.012478609445135987 0.01412415427239529 -0.0039371490802152624 0.0027435910867328896 -0.016777192400258326 0.0035156986829413066 0.029806852941484864 0.035124603343439684 -0.020855090664975748 -0.013276596278455075 0.02436282932451506 0.013285937282524946 -0.023128108611211003 -0.0042918268392495894 0.00014287620901961488 0.041242819575972159
leaf_weight=545.78307086415589 19.326512940227985 121.36616503819823 241.02071115188301 68.42726070061326 15.323406636714934 47.558721534907818 42.653041146695614 96.345309726893902 331.97845015861094 114.08854437619448 34.941593788564205 14.593128643929957 105.0901788957417 27.014265457168221 45.86463026702404 20.073515348136425 222.40070106089115 103.08363645151258 76.964553829282522 59.642367266118526 13.925980649888514 15.667469937354324 294.79227890633047 133.8148504011333 35.48160158097744 42.456804037094116 15.222574740648268 29.091279566287994 44.440041914582253 426.70485389977694
leaf_count=3840 98 691 1817 368 63 227 177 428 2189 585 137 89 560 181 144 210 838 519 358 341 72 80 2195 944 173 184 80 132 167 1806
internal_value=0 -0.00802468 -0.0124754 -0.0161456 0.0354406 -0.000488341 0.00879342 0.0215965 -0.0179845 -0.00312756 0.00351769 -0.0122151 0.0194719 -0.0209291 0.00284819 -0.0216429 0.00126226 -0.0132632 -0.00569353 -0.0097471 -0.014325 0.00963595 -0.0170432 -0.00956703 0.00972123 0.00404942 -0.000947224 0.00758076 0.01379 0.0402736
internal_weight=0 2804.98 2218.42 1697.87 600.157 520.55 586.559 158.129 1548.1 472.991 394.376 526.62 192.183 1021.48 149.773 994.464 359.434 512.027 180.048 231.971 172.328 137.034 448.681 153.888 103.909 61.7833 58.2398 43.0173 149.53 442.028
internal_count=19693 17114 14464 11210 2579 3254 2650 710 10525 3027 1746 3155 904 7370 685 7189 1609 3066 877 1210 869 771 3349 1154 541 282 284 204 727 1869
is_linear=0
shrinkage=0.04


Tree=29
num_leaves=31
num_cat=0
split_feature=32 7 3 23 7 3 23 3 2 3 23 8 0 0 23 7 22 26 35 27 6 27 2 0 3 2 26 2 28 22
split_gain=519.085 132.134 61.2468 38.2675 22.6061 17.911 16.0857 14.5755 14.2021 9.25403 9.04467 9.02611 8.90582 8.69615 8.67432 10.2477 8.66166 8.1283 7.92547 13.5365 7.58575 7.42688 7.27874 6.64851 7.17442 7.00832 6.35623 7.97295 5.94871 5.94776
threshold=4.5000000000000009 0.57499998807907116 2.5000000000000004 1.0000000180025095e-35 1.0000000180025095e-35 2.5000000000000004 1.0000000180025095e-35 1.5000000000000002 655.50000000000011 1.5000000000000002 1.0000000180025095e-35 6.5000000000000009 7.5207726955413827 7.1356794834136972 1.0000000180025095e-35 1.0000000180025095e-35 0.83467730879783641 1.0000000180025095e-35 0.94488331675529491 3.6750333309173588 3.979637980461121 3.4160846471786503 954.50000000000011 6.7405018806457528 3.5000000000000004 509.50000000000006 1.0000000180025095e-35 683.50000000000011 -0.37940952181816096 0.28611111640930181
decision_type=2 2 2 2 2 2 2 2 2 2 2 2 2 2 2 2 2 2 2 2 2 2 2 2 2 2 2 2 2 2
left_child=1 2 3 4 12 10 8 14 23 22 18 -10 -1 17 15 -2 -17 -5 26 -20 -7 -11 -6 24 25 -4 27 29 -23 -3
right_child=7 5 6 13 9 20 -8 -9 11 21 -12 -13 -14 -15 -16 16 -18 -19 19 -21 -22 28 -24 -25 -26 -27 -28 -29 -30 -31
leaf_value=-0.016909925811851249 0.0062622404888559285 -0.0090977211395641584 0.0088933253332647098 0.004621598523716154 -0.014704566711360523 0.033811810789566639 0.023113273269421808 0.041368015929804422 0.017609467136862848 0.027725440553276939 0.024559409175081492 0.00051252324853210264 -0.024933112431261381 -0.0034974177625424251 0.042527826635739646 0.034596732114251398 0.00085407909615073906 0.03397699301310899 0.022544097057358773 -0.0062055668075603936 0.015127853050358417 -0.01039456809433853 0.010966410966572495 -0.012188308365844962 0.010456179664820486 -0.021020314786387048 0.020358269512242826 0.016537807394153465 0.0046883634146158868 0.018377582592765802
leaf_weight=649.44564474932849 48.95181006193161 62.71713700145483 18.526316273957491 41.894498646259308 327.35695248283446 45.064827166497707 46.636170644313097 358.92038462311029 75.063670314848423 10.434122573584316 33.194864600896835 138.01363714039326 362.07017403841019 90.201885491609573 42.911847420036793 75.019767433404922 14.578826725482939 22.286510817706585 28.703488945960999 177.24672342836857 168.68559684790671 101.08942886255682 17.276832681149244 161.74499063938856 55.176804658025503 31.647967329248786 56.056882385164499 48.856808822602034 68.871881887316704 13.714312277734278
leaf_count=5661 153 362 162 248 1929 187 221 1636 412 61 130 873 1718 343 175 312 53 121 106 641 822 637 105 915 445 279 293 259 454 77
internal_value=0 -0.00611181 -0.0107146 -0.0144211 -0.0163268 0.00996586 0.00119189 0.0365764 -0.00102423 -0.00953687 0.00512966 0.00664324 -0.0198253 0.00451185 0.0267514 0.0213295 0.0292449 0.0155338 0.00334673 -0.00202041 0.0193439 -0.00216319 -0.0133618 -0.00714491 0.000681011 -0.0100575 0.00939763 0.00425077 -0.00429921 -0.00382484
internal_weight=0 2851.98 2217.74 1690.93 1536.55 634.241 526.81 540.383 480.173 525.029 420.49 213.077 1011.52 154.383 181.462 138.55 89.5986 64.181 387.295 205.95 213.75 180.395 344.634 267.096 105.351 50.1743 181.345 125.288 169.961 76.4314
internal_count=19790 17461 14584 11277 10565 2877 3307 2329 3086 3186 1868 1285 7379 712 693 518 365 369 1738 747 1009 1152 2034 1801 886 441 991 698 1091 439
is_linear=0
shrinkage=0.04


Tree=30
num_leaves=31
num_cat=0
split_feature=34 7 23 3 31 23 25 1 3 0 0 2 5 31 6 7 2 20 3 3 25 29 25 6 23 23 28 5 25 22
split_gain=466.985 121.628 54.4866 42.1633 25.4872 18.4408 18.0077 13.4898 12.8635 10.042 9.24672 8.88649 11.5293 8.76198 9.93066 8.63337 8.13912 8.08566 8.04201 7.8308 7.53211 7.10219 6.96837 7.49139 6.87903 6.70097 6.42617 6.24901 5.9491 5.89467
threshold=7.5000000000000009 0.42499999701976782 1.0000000180025095e-35 2.5000000000000004 0.84292763471603405 1.0000000180025095e-35 0.23499999940395358 1.5000000000000002 3.5000000000000004 6.6280195713043222 7.7898664474487314 691.50000000000011 0.23642357438802722 0.35897436738014227 2.7403194904327397 1.0000000180025095e-35 583.50000000000011 0.33224999904632574 1.5000000000000002 1.5000000000000002 0.17500000447034839 1.0000000180025095e-35 0.23499999940395358 5.2443854808807382 1.0000000180025095e-35 1.0000000180025095e-35 0.12940952181816109 0.12439319118857385 0.31000000238418585 0.22083333134651187
decision_type=2 2 2 2 2 2 2 2 2 2 2 2 2 2 2 2 2 2 2 2 2 2 2 2 2 2 2 2 2 2
left_child=1 2 3 7 6 8 25 10 13 29 17 -11 -13 14 -3 18 21 -1 26 -9 -18 -15 23 -20 -8 -2 27 -4 -16 -5
right_child=4 5 15 9 -6 -7 24 19 -10 11 -12 12 -14 16 28 -17 20 -19 22 -21 -22 -23 -24 -25 -26 -27 -28 -29 -30 -31
leaf_value=-0.020056702135289588 0.0024671539467691233 0.023805822542251144 0.012676597582280411 0.0023859339270972213 0.040256691072747916 0.02497947990995375 0.025662669549756583 -0.017376860132068052 0.016482420436247296 -0.012924143740716203 -0.030346847421034592 -0.012825968176835402 0.014401139449485243 0.010817823573125315 -0.0035092518320464141 0.02300011237883957 -0.0026677332344868959 0.0049968649951174825 0.017626991908251941 -0.0082142837429147395 0.029858815718553471 -0.022587387355516308 0.022311283512233247 -0.017212253188784731 0.045471029656714429 0.029684109096846618 -0.02684115613764267 -0.019371768084313904 0.0077124876438652238 0.027570844997032117
leaf_weight=567.41421922110021 72.279374431818724 24.089287832379341 25.191651232540607 120.30803922004998 300.28558688983321 71.900850903242826 164.29209310561419 359.76847872324288 110.25380933657289 178.65917939692736 157.77990668267012 43.612202107906342 52.811890102922916 26.201711613684893 418.21048966050148 46.205515556037426 14.745418500155209 20.643006997182965 16.073270879685879 264.90291440673172 43.840011559426785 13.945388719439505 40.990910902619362 19.787406459450722 38.459884092211723 16.238373845815659 17.582842208445072 13.170140631496905 90.219247363507748 15.051580145955084
leaf_count=4594 341 98 117 1014 1380 294 647 2462 518 1074 627 251 280 124 2036 211 79 167 87 1958 189 65 182 112 164 69 78 56 351 126
internal_value=0 -0.00707803 -0.0124707 -0.0145846 0.032012 0.0059147 0.0232956 -0.0179489 0.00400384 -0.00331825 -0.021604 -0.00768914 0.00207605 0.00177917 -0.000266235 0.00848987 0.0125974 -0.0191633 0.00317478 -0.0135299 0.0218544 -0.00130694 0.0114487 -0.00149054 0.0298276 0.0080056 -0.00819405 0.00125924 -0.00149557 0.00554708
internal_weight=0 2773.36 1959.95 1780.95 591.555 813.406 291.27 1370.51 741.505 410.443 745.837 275.083 96.4241 631.252 532.519 179.002 98.7325 588.057 132.796 624.671 58.5854 40.1471 76.8516 35.8607 202.752 88.5177 55.9446 38.3618 508.43 135.36
internal_count=19751 17150 13396 12553 2601 3754 1221 9808 3460 2745 5388 1605 531 2942 2485 843 457 4761 632 4420 268 189 381 199 811 410 251 173 2387 1140
is_linear=0
shrinkage=0.04


Tree=31
num_leaves=31
num_cat=0
split_feature=21 9 23 3 31 23 25 5 22 0 7 0 26 25 15 35 27 7 3 25 5 5 5 7 35 35 5 29 30 6
split_gain=447.128 109.902 44.8354 38.2557 35.4924 20.9335 17.6286 14.8935 12.018 12.7445 11.6262 11.5865 11.2602 9.92814 9.65734 9.82527 9.43219 7.69255 8.21702 8.68202 9.53726 7.39195 6.93578 6.63011 6.5489 7.57769 6.24563 6.19233 10.9169 6.08223
threshold=1.5000000000000002 1.0000000180025095e-35 1.0000000180025095e-35 2.5000000000000004 0.84292763471603405 1.0000000180025095e-35 0.23499999940395358 0.12643428891897204 0.33224999904632574 7.5207726955413827 0.57499998807907116 6.7043955326080331 1.0000000180025095e-35 0.23499999940395358 0.21374999731779101 1.3077853322029116 3.7123510837554936 1.0000000180025095e-35 1.5000000000000002 0.2100000008940697 0.15477155148983004 0.15773445367813113 0.35215543210506445 0.25000000000000006 0.79783248901367199 0.6285921335220338 0.22601848840713504 -0.91597560048103321 1.0000000180025095e-35 4.5379471778869638
decision_type=2 2 2 2 2 2 2 2 2 2 2 2 2 2 2 2 2 2 2 2 2 2 2 2 2 2 2 2 2 2
left_child=1 5 3 8 6 7 -2 -1 9 23 22 24 16 -11 15 -8 29 18 -4 -20 -21 -10 -9 -3 25 -5 -13 28 -28 -12
right_child=4 2 17 11 -6 -7 14 10 21 13 12 26 -14 -15 -16 -17 -18 -19 19 20 -22 -23 -24 -25 -26 -27 27 -29 -30 -31
leaf_value=-0.0056009912633255337 0.0077968088733833376 -0.015945080111645832 -0.0088853311587532274 0.0089534879961753536 0.04012517867500668 0.025873685319234761 0.026037982493431807 -0.0044649977440940755 -0.010096855044925144 -0.028343276679143235 0.044719425628829759 -0.016631888043683832 0.02221109263194096 -0.016184455600818801 0.03138403424886986 -0.014718511649896571 0.0031523597922042397 0.021356704679913831 -0.0082866861260160653 -0.0038296219279051955 0.03212397251324571 0.022270190119230787 0.024571449545266796 -0.0030143488590851572 0.029925079899873763 -0.010798137403848922 -0.013164890471313235 -0.0071067730028891111 0.035980375725834145 0.010687007168029018
leaf_weight=199.87095727771521 110.82468281686306 773.2318109869957 58.140337578952312 96.233184579759836 309.109703078866 72.815492633730173 18.725710421800613 142.58850065991282 25.081601144745946 266.16393010318279 13.19170820340514 90.589306011795998 103.90798351541162 198.50550007075071 177.15366317331791 15.647289142012594 209.2067603841424 43.242477275431156 24.31692523509264 17.221862897276878 33.003760181367397 17.42889653518796 12.490018852055071 70.244608957320452 13.848883301019667 43.540878783911467 11.898253709077837 121.05044301599264 13.73776939511299 22.772002842277288
leaf_count=930 522 6751 259 844 1442 296 94 683 197 1341 56 538 461 870 718 47 974 198 144 81 144 111 62 516 89 336 62 685 88 104
internal_value=0 -0.00693243 -0.0120709 -0.0140142 0.0304131 0.00574925 0.0209099 0.00360044 -0.0171998 -0.0178794 0.00725603 -0.00297556 0.0112859 -0.0232407 0.0276428 0.00769565 0.00651333 0.00710765 0.00221558 0.0108798 0.0201213 0.00357772 -0.00184332 -0.0148779 0.00553936 0.00273515 -0.00848872 -0.00330366 0.0138689 0.0248686
internal_weight=0 2694.32 1917.48 1741.56 631.461 776.843 322.351 704.028 1350.66 1308.15 504.157 390.899 349.078 464.669 211.527 34.373 245.17 175.925 132.683 74.5425 50.2256 42.5105 155.079 843.476 153.623 139.774 237.276 146.686 25.636 35.9637
internal_count=19643 16820 13254 12428 2823 3566 1381 3270 9786 9478 2340 2642 1595 2211 859 141 1134 826 628 369 225 308 745 7267 1269 1180 1373 835 150 160
is_linear=0
shrinkage=0.04


Tree=32
num_leaves=31
num_cat=0
split_feature=32 7 18 23 3 16 7 2 6 25 3 5 12 0 5 18 0 28 3 7 25 2 2 25 3 27 28 27 27 6
split_gain=424.762 86.618 43.1074 39.9223 28.0805 20.2973 17.2602 13.8286 12.7798 11.8218 11.7332 10.714 13.5285 11.3224 10.3132 9.5443 13.562 16.1552 9.26801 9.07432 8.6514 10.3682 8.22651 8.09389 8.06737 7.70301 7.49657 7.52272 7.1259 6.90166
threshold=1.5000000000000002 0.42499999701976782 1.5000000000000002 1.0000000180025095e-35 2.5000000000000004 2.865721702575684 0.57499998807907116 553.50000000000011 5.56260108947754 0.27500000596046453 2.5000000000000004 0.16382539272308352 1.0000000180025095e-35 6.6147031784057626 0.1500661373138428 6.5000000000000009 7.536893606185914 -0.37940952181816096 1.5000000000000002 1.0000000180025095e-35 0.17500000447034839 871.50000000000011 483.50000000000006 0.34999999403953558 3.5000000000000004 3.9386644363403325 -0.7865660786628722 4.4560897350311288 3.6851216554641728 4.9089648723602304
decision_type=2 2 2 2 2 2 2 2 2 2 2 2 2 2 2 2 2 2 2 2 2 2 2 2 2 2 2 2 2 2
left_child=1 3 5 4 7 8 15 -1 -2 18 11 12 13 -3 20 -4 -17 -18 -9 -7 -15 -22 -21 24 -6 -11 -26 28 -28 -29
right_child=2 10 6 -5 23 19 -8 9 -10 25 -12 -13 -14 14 -16 16 17 -19 -20 22 21 -23 -24 -25 26 -27 27 29 -30 -31
leaf_value=-0.022057628876948624 0.046111616325267189 0.020883815350505631 0.035134792285436686 0.0068842726965328942 -0.010287105375078336 -0.014296221038807249 0.043450664564075252 -0.020711900343930518 0.0086748598834761933 0.0037481269813319641 0.011824325264745941 -0.0075954051827863802 0.027085449945203909 -0.016604995887504592 0.018777592590836639 0.033587345355228088 -0.0087209549473379021 0.030787662487837757 -0.010353844666763073 -0.013913530127567738 -0.0026922496187865149 0.027526485178621211 0.01452823312091547 0.019697276985445981 -0.010141024723916816 -0.010538044706419754 0.024668041814384131 0.0067821222673046903 -0.0064056100145097848 0.041939598989029714
leaf_weight=419.59774051420391 37.246301807463169 42.871505055576563 131.00597684457898 172.78348346427083 211.96870519220829 29.925700474530458 225.23418183997273 343.23542614467442 24.986554645001888 81.835935015231371 244.91948336362839 153.06682069227099 37.469912245869637 60.484262026846409 35.444825060665607 53.077636200934649 41.655563443899155 24.816532015800476 242.85216958262026 17.898485938087106 162.4958565980196 18.422901637852192 94.851140480488539 20.177974242717028 55.329963995143771 219.53117725998163 12.813327282667158 22.080977978184819 56.201595336198807 14.182311251759527
leaf_count=3193 157 273 564 824 1409 215 1099 2629 98 476 1155 702 181 324 146 256 131 90 2015 89 629 69 482 113 397 1301 79 146 393 101
internal_value=0 -0.00676116 0.0286496 -0.0113695 -0.0132309 0.0131344 0.0352486 -0.0160462 0.0318188 -0.0131608 0.00466588 0.00119712 0.00498631 0.00224409 -0.000771462 0.0275898 0.0188796 0.00649754 -0.0164697 0.00465733 -0.00377253 0.000652239 0.00984942 -0.00382784 -0.00520028 -0.00665951 0.0015572 0.00777976 -0.000104217 0.0220054
internal_weight=0 2627.77 680.698 1872.59 1699.81 204.908 475.79 1307.05 62.2329 887.455 755.176 510.256 357.189 319.719 276.848 250.556 119.55 66.4721 586.088 142.675 241.403 180.919 112.75 392.755 372.577 301.367 160.608 105.278 69.0149 36.2633
internal_count=19736 16555 3181 13076 12252 1041 2140 9614 255 6421 3479 2324 1622 1441 1168 1041 477 221 4644 786 1022 698 571 2638 2525 1777 1116 719 472 247
is_linear=0
shrinkage=0.04


Tree=33
num_leaves=31
num_cat=0
split_feature=33 7 3 23 3 7 2 23 25 23 25 27 27 30 30 22 26 8 25 27 1 4 2 22 2 30 18 2 8 5
split_gain=393.255 98.9806 44.4446 28.9891 20.8941 20.4207 18.2344 15.2208 13.6196 12.1938 12.9618 11.9489 11.0252 10.6135 10.4271 10.2594 9.81043 9.54932 9.35831 9.32343 11.5722 9.09562 8.69868 10.6727 10.6419 9.68478 8.48132 8.17812 7.82755 7.62725
threshold=1.0000000180025095e-35 0.25000000000000006 1.5000000000000002 1.0000000180025095e-35 1.5000000000000002 0.57499998807907116 653.50000000000011 1.0000000180025095e-35 0.17500000447034839 1.0000000180025095e-35 0.23499999940395358 3.0978349447250371 3.5567746162414555 4.182021141052247 2.0126758217811589 0.33224999904632574 1.0000000180025095e-35 7.5000000000000009 0.27500000596046453 3.9617646932601933 1.5000000000000002 0.57806250452995311 535.50000000000011 0.18722222000360492 797.50000000000011 1.0000000180025095e-35 10.500000000000002 786.50000000000011 3.5000000000000004 0.11439293250441553
decision_type=2 2 2 2 2 2 2 2 2 2 2 2 2 2 2 2 2 2 2 2 2 2 2 2 2 2 2 2 2 2
left_child=1 2 7 6 8 9 12 18 -3 10 13 -6 -4 -2 22 17 -13 21 -1 20 -20 -8 -10 -24 25 29 -12 -18 -16 -25
right_child=5 4 3 -5 11 -7 15 -9 14 -11 26 16 -14 -15 28 -17 27 -19 19 -21 -22 -23 23 24 -26 -27 -28 -29 -30 -31
leaf_value=-0.024135740677479409 0.01638999735914308 -0.013131897695238219 0.0059757528797689079 0.014803630412579476 0.043466252854440945 0.041403187593565302 0.038122196529359428 -0.0012240303571745756 -0.011982388401497446 0.041746042130044243 0.02980328417575525 0.0048555357742358788 -0.014851390872317061 -0.020516384392502158 0.0004437721440377959 0.025242852123408845 0.012038999768566159 -0.0084480625077759351 -0.017756904235402944 -0.01899333954729001 0.014838959098015419 0.0014534119213998975 -0.010360164089970711 0.016000056377740282 0.028490724722814172 0.023554608069853145 0.0056576000996430686 0.034928685564985393 0.029374470994843391 -0.010981982635777193
leaf_weight=438.52949396520853 29.13947169482708 124.44448656216264 43.386120665818453 95.718636982142925 14.27983585000038 238.78955027461052 9.6454104892909509 71.427939970046282 80.346600148826838 53.483292810618877 129.50201549381018 371.01762804575264 476.68966528773308 18.802858825773001 25.986647717654705 19.190590608865023 135.85936936736107 236.45613418705761 32.117744389921427 162.59285794198513 33.630817528814077 156.20749333687127 60.686211377382278 21.026626408100128 33.37708605825901 25.686368130147457 29.585899695754051 30.05519562959671 33.475051462650299 60.137803465127945
leaf_count=3544 121 751 316 468 56 1192 58 317 372 244 548 1797 3673 76 106 127 621 1654 185 968 190 1105 298 83 144 121 109 129 155 225
internal_value=0 -0.00562662 -0.0113202 -0.00596279 0.00432268 0.0328487 -0.00810077 -0.0188109 -0.00191801 0.0247518 0.0200041 0.00957709 -0.0130977 0.00167346 0.00223045 -0.00190246 0.00851783 -0.00331579 -0.0206853 -0.0139066 -0.00113805 0.00401476 -0.00102399 0.00343324 0.00946433 0.00310675 0.0254389 0.0165521 0.0171567 -0.00377528
internal_weight=0 2791.97 1775.59 1037.29 1016.38 499.303 941.575 738.299 465.167 260.514 207.03 551.212 520.076 47.9423 340.722 421.5 536.932 402.309 666.871 228.341 65.7486 165.853 281.261 200.914 140.228 106.851 159.088 165.915 59.4617 81.1644
internal_count=19753 17463 12605 7401 4858 2290 6933 5204 2255 1098 854 2603 3989 197 1504 2944 2547 2817 4887 1343 375 1163 1243 871 573 429 657 750 261 308
is_linear=0
shrinkage=0.04


Tree=34
num_leaves=31
num_cat=0
split_feature=18 7 3 3 23 7 27 27 0 18 23 23 2 25 3 25 6 25 0 6 29 3 21 26 31 25 0 25 29 2
split_gain=379.807 102.925 45.6386 23.5885 20.5358 15.4682 14.0961 14.0552 12.4417 20.4803 11.6946 11.3626 10.8327 10.6334 10.0518 9.24339 8.9653 8.02819 8.92519 7.82402 9.75838 7.76897 7.1268 13.8324 7.45351 7.0152 6.86255 6.69542 6.64682 8.08402
threshold=1.5000000000000002 0.25000000000000006 1.5000000000000002 1.5000000000000002 1.0000000180025095e-35 0.57499998807907116 2.9831503629684453 3.5567746162414555 6.9902460575103769 1.0000000180025095e-35 1.0000000180025095e-35 1.0000000180025095e-35 978.50000000000011 0.2100000008940697 3.5000000000000004 0.27500000596046453 6.0879099369049081 0.23499999940395358 7.3105444908142099 6.0879099369049081 1.0000000180025095e-35 2.5000000000000004 1.0000000180025095e-35 1.0000000180025095e-35 0.94868421554565441 0.27500000596046453 7.7647182941436776 0.23499999940395358 -0.6035533845424651 589.50000000000011
decision_type=2 2 2 2 2 2 2 2 2 2 2 2 2 2 2 2 2 2 2 2 2 2 2 2 2 2 2 2 2 2
left_child=1 2 11 10 7 13 -5 17 9 21 12 25 28 16 -8 -12 -2 -4 -19 22 -21 -9 23 -10 -24 -1 -25 -11 -3 -30
right_child=5 3 4 6 -6 -7 14 8 19 27 15 -13 -14 -15 -16 -17 -18 18 -20 20 -22 -23 24 26 -26 -27 -28 -29 29 -31
leaf_value=-0.023187318238192235 0.022416038312160227 -0.011810986187417103 -0.0034989676430550987 0.050977206719957126 0.012234152616189381 0.041865989422619501 0.0062456516568600122 -0.019239675842812512 -0.01602344559666247 -0.00016552185064033377 -0.0013179712112525244 -0.0036198257559078412 0.022586991043001232 0.029913468336718086 0.018874675184715108 0.03601893056809409 -0.016949244366485115 0.0066378347192057145 0.046409072324461426 0.024862090605566382 -0.020677796192294168 -0.0042391777398948869 -0.022896684451265803 -0.0012073706558069211 0.0061043256843528564 -0.01424750001182289 0.029705114312951374 0.015652783072826866 -0.009284140018456467 0.0049554378242137051
leaf_weight=440.0744268707931 19.116033263504505 153.56770784035325 43.023751063272357 11.355784013867376 92.99207029491663 217.26196881011128 436.40676977112889 107.10895159840584 172.85275039076805 98.411089347675443 20.036587819457054 74.464997470378876 21.618868611752987 211.72275645658374 130.75485517829657 20.226315923035145 14.594498191028832 26.132157042622566 12.498334959149359 16.791410043835644 10.683056756854056 114.85517819970846 170.59686975181103 57.594602189958096 14.636963278055189 226.47276195883751 12.310612648725508 73.725233264267445 111.77133106440306 143.29076249711215
leaf_count=3592 90 763 343 48 455 1107 2060 921 966 1179 85 333 100 896 623 76 50 160 57 99 58 768 1185 327 80 1341 53 691 568 711
internal_value=0 -0.00510685 -0.0109993 0.00481051 -0.00551123 0.0339252 0.0102059 -0.00730572 -0.00883067 -0.00359985 -0.00183846 -0.0185495 -0.00379462 0.0266143 0.00921327 0.0182554 0.00537863 0.00839233 0.0211563 -0.0133212 0.006953 -0.0115848 -0.014649 -0.0100042 -0.0205643 -0.0202015 0.00491127 0.00671135 -0.00529357 -0.0013082
internal_weight=0 2814.25 1765.23 1049.03 1024.21 462.695 578.517 931.221 849.567 394.1 470.512 741.012 430.249 245.433 567.162 40.2629 33.7105 81.6542 38.6305 455.466 27.4745 221.964 427.992 242.758 185.234 666.547 69.9052 172.136 408.63 255.062
internal_count=19785 17642 12608 5034 7342 2143 2731 6887 6327 3559 2303 5266 2142 1036 2683 161 140 560 217 2768 157 1689 2611 1346 1265 4933 380 1870 2042 1279
is_linear=0
shrinkage=0.04


Tree=35
num_leaves=31
num_cat=0
split_feature=32 7 3 23 7 5 7 31 5 1 23 35 6 23 31 2 23 29 0 27 2 18 27 28 35 2 6 15 35 35
split_gain=344.667 85.7488 41.6824 23.0333 18.8333 17.4653 16.5857 14.4078 13.5224 12.6116 11.7008 11.0121 10.3564 10.3055 10.0716 9.3656 8.77318 8.247 7.95335 7.90952 7.68169 7.5719 7.30421 6.52245 6.16886 6.1649 7.20766 5.92637 5.91673 5.75982
threshold=5.5000000000000009 0.57499998807907116 2.5000000000000004 1.0000000180025095e-35 0.25000000000000006 0.12643428891897204 1.0000000180025095e-35 0.12916667014360431 0.29724532365798956 1.5000000000000002 1.0000000180025095e-35 1.4746742248535158 5.4909996986389169 1.0000000180025095e-35 0.35897436738014227 635.50000000000011 1.0000000180025095e-35 0.91597560048103344 7.5261752605438241 4.2897741794586191 834.50000000000011 11.500000000000002 3.8426724672317509 -0.98296290636062611 1.4027330875396731 768.50000000000011 5.3542222976684579 0.35625000298023229 0.5866842269897462 0.98065900802612316
decision_type=2 2 2 2 2 2 2 2 2 2 2 2 2 2 2 2 2 2 2 2 2 2 2 2 2 2 2 2 2 2
left_child=1 2 3 4 9 15 8 13 10 18 20 -5 25 17 16 -3 23 28 -1 -9 27 -8 -16 -7 -23 26 -11 -2 -4 -24
right_child=6 5 7 11 -6 14 21 19 -10 12 -12 -13 -14 -15 22 -17 -18 -19 -20 -21 -22 24 29 -25 -26 -27 -28 -29 -30 -31
leaf_value=-0.016688321312060286 -0.0036286182236216127 -0.011809447861094158 0.0039590290799959137 0.008316603804791137 -0.0045376390398602605 -0.013706261095683825 0.038176285530064788 0.026680828279307203 0.034140674816566546 -0.014386036493050659 0.035895282510908622 -0.01669454709770396 -0.01728510684510217 0.016934054206179418 0.041157260126670536 0.0062231962968846812 0.028821732764606242 0.019449288260543908 -0.026372466751579698 0.0022355118787013946 -0.014953816297851917 0.032729137952574282 0.025284743905698872 0.0080053492578524548 0.0037199784625535359 0.00061614703160938714 0.013373117047340351 0.025740189110593267 -0.0082617739543946432 0.0023567964650818636
leaf_weight=408.6453366894275 20.522394195199013 92.643852043896914 78.853986527770758 115.21973807737231 270.47924206592143 22.060207411646843 298.62383868545294 44.345134563744068 55.359915114939213 136.51202486082911 17.753895178437233 35.104096278548241 268.45740947686136 38.004920836538076 24.919576458632946 88.02849517390132 29.051633961498737 20.102864444255829 220.5405832156539 39.7302625477314 27.204420313239098 23.946313485503197 40.365199729800224 305.62724028527737 22.457296013832092 120.20703145302832 15.203356456011532 20.646884880959988 300.99087800085545 30.670785740017891
leaf_count=3817 74 434 679 581 1481 95 1504 262 263 988 76 105 2115 176 111 381 122 125 1126 260 87 125 215 1393 86 851 130 76 1804 120
internal_value=0 -0.00545335 -0.00932231 -0.012538 -0.0140914 0.00743909 0.0310098 0.00048472 0.0190391 -0.0162894 0.00877777 0.00233341 -0.0117301 -0.00244528 0.0116209 -0.00305151 0.00844026 -0.0043619 -0.0201556 0.0154494 0.000916427 0.0357807 0.0230322 0.00646942 0.0194238 -0.0061597 -0.0114665 0.0116103 -0.00571735 0.0157209
internal_weight=0 2745.76 2112.4 1590.37 1440.04 633.367 486.515 522.028 141.488 1169.57 86.1276 150.324 540.38 437.953 452.695 180.672 356.739 399.948 629.186 84.0754 68.3737 345.027 95.9556 327.687 46.4036 271.922 151.715 41.1693 379.845 71.036
internal_count=19662 17371 14500 11194 10508 2871 2291 3306 576 9027 313 686 4084 2784 2056 815 1610 2608 4943 522 237 1715 446 1488 211 1969 1118 150 2483 335
is_linear=0
shrinkage=0.04


Tree=36
num_leaves=31
num_cat=0
split_feature=18 9 22 25 0 18 3 25 35 5 16 2 5 29 0 31 12 26 1 15 2 35 35 28 25 5 30 6 4 26
split_gain=372.736 96.4544 22.8569 17.5119 16.0651 14.131 11.0252 10.7619 10.7341 10.4538 10.0177 9.41249 9.22432 12.0459 9.12021 8.9353 7.46409 7.40139 14.1633 6.27547 6.27181 6.16591 9.67488 5.84727 5.60435 8.12652 8.71781 5.86918 5.4843 5.02707
threshold=1.5000000000000002 1.0000000180025095e-35 0.22083333134651187 0.27500000596046453 7.5153408050537118 7.5000000000000009 1.5000000000000002 0.27500000596046453 1.3925839662551882 0.16073189675807956 11.025444030761721 770.50000000000011 0.23951964080333712 -0.6035533845424651 6.873150348663331 0.1702898591756821 1.0000000180025095e-35 1.0000000180025095e-35 1.5000000000000002 0.35625000298023229 565.50000000000011 1.5282284021377566 0.62518233060836803 -0.7865660786628722 0.17500000447034839 0.22759521007537845 1.8688347935676577 6.1537954807281503 0.89482775330543529 1.0000000180025095e-35
decision_type=2 2 2 2 2 2 2 2 2 2 2 2 2 2 2 2 2 2 2 2 2 2 2 2 2 2 2 2 2 2
left_child=1 3 4 6 11 -2 24 17 -7 14 -11 29 13 -5 -4 -15 20 -6 -19 -10 -8 22 -14 -24 -1 26 -26 -28 -20 -3
right_child=5 2 9 12 7 8 16 -9 19 10 -12 -13 21 15 -16 -17 -18 18 28 -21 -22 -23 23 -25 25 -27 27 -29 -30 -31
leaf_value=-0.014416404330979522 0.038756752668328807 -0.013204823249796141 0.020294363353883484 -0.003218857819862005 -0.025551034911901804 0.033194272686029001 -0.0051605812587316611 -0.0097970927108540166 -0.0066074611358071227 0.045975668435281773 0.0073882728881353877 -0.0027215653920568978 0.0041488436112589091 0.0092122547264260717 -0.015881773667584455 0.030955700346765855 0.023577082127788893 -0.025498666357328316 0.018790152104055446 0.018838311394184532 0.0070081729880568456 -0.00029951042642054651 0.015647106236175615 0.045124053995798531 -0.004299066626965377 -0.026048846767445035 0.035138888130389463 0.00026233070276239555 -0.010020195601651247 -0.006576593223805053
leaf_weight=85.632177043706179 301.35089474543929 673.1493868008256 12.439426675438879 96.959576696157455 255.85229548066854 75.273336250334978 98.673928771167994 177.76603329926729 21.319981068372726 10.842209007591007 74.421900622546673 258.1894266679883 21.889415927231312 135.58787303417921 48.894958108663559 38.171251282095909 29.419873051345348 49.704648643732071 21.755738772451878 47.692060604691505 206.51202857121825 15.590427830815313 19.167722746729851 36.210067912936211 73.489732123911381 15.805928185582159 16.6291942819953 13.235518045723436 17.332594186067581 260.3933287113905
leaf_count=492 1497 5712 145 373 1316 391 553 752 70 51 497 2022 109 522 318 160 142 256 120 187 1025 50 79 151 319 65 74 59 87 2108
internal_value=0 -0.00560193 -0.0108037 0.00511748 -0.0120994 0.0337416 0.000534629 -0.0179541 0.0228804 0.00430551 0.0132363 -0.00950716 0.0118764 0.00803937 -0.0081356 0.0142867 0.00499855 -0.0220806 -0.0117382 0.0110126 0.00306574 0.0226577 0.0271805 0.0358223 -0.00673668 -0.00107092 0.00317092 0.0206688 0.00614913 -0.011374
internal_weight=0 2763.72 1860.74 902.975 1714.14 445.636 539.398 522.411 144.285 146.598 85.2641 1191.73 363.576 270.719 61.3344 173.759 334.606 344.645 88.793 69.012 305.186 92.8576 77.2672 55.3778 204.793 119.16 103.354 29.8647 39.0883 933.543
internal_count=19702 17557 13384 4173 12373 2145 2729 2531 648 1011 548 9842 1444 1055 463 682 1720 1779 463 257 1578 389 339 230 1009 517 452 133 207 7820
is_linear=0
shrinkage=0.04


Tree=37
num_leaves=31
num_cat=0
split_feature=33 9 3 23 9 23 29 2 23 0 12 0 25 27 5 3 0 0 25 6 6 25 31 2 27 0 30 26 1 6
split_gain=307.087 73.6124 32.6348 20.582 19.2448 17.1424 14.3396 12.6167 12.1004 11.5823 11.1648 10.7222 10.4512 14.3081 10.3107 10.2023 9.97967 8.01605 8.01585 11.0212 8.32147 7.93764 7.79388 7.62719 7.6118 10.6195 7.29888 6.81148 6.78312 7.34456
threshold=1.0000000180025095e-35 1.0000000180025095e-35 2.5000000000000004 1.0000000180025095e-35 1.0000000180025095e-35 1.0000000180025095e-35 0.91597560048103344 563.50000000000011 1.0000000180025095e-35 8.2095794677734393 1.0000000180025095e-35 7.255584955215455 0.23499999940395358 3.9464238882064824 0.12643428891897204 1.5000000000000002 5.8748321533203134 7.1356794834136972 0.27500000596046453 5.4402484893798837 5.842092990875245 0.17500000447034839 0.18465909361839297 703.50000000000011 4.4903202056884775 6.9902460575103769 1.7005987167358401 1.0000000180025095e-35 2.5000000000000004 5.2230513095855722
decision_type=2 2 2 2 2 2 2 2 2 2 2 2 2 2 2 2 2 2 2 2 2 2 2 2 2 2 2 2 2 2
left_child=1 5 3 7 -2 6 14 -3 9 -6 12 -8 15 22 21 -9 -4 -5 24 -20 -21 26 -14 -22 -18 -26 -1 -15 -16 -30
right_child=4 2 16 17 8 -7 11 10 -10 -11 -12 -13 13 27 28 -17 18 -19 19 20 23 -23 -24 -25 25 -27 -28 -29 29 -31
leaf_value=-0.032708057038808087 0.03560102088717762 -0.019969581896606074 0.027918005161333831 0.01352653092960047 0.018006549959062649 0.021702734376421815 0.039244187249244313 -0.022752395785155512 0.038801403029517366 -0.012138033978962567 0.0031403982395142578 -5.4068603547569681e-05 0.00046512249289457834 -0.016907677788306489 0.0021588839078728527 -0.010041172452956989 -0.010251834793861032 -0.0059443635477516577 -0.0024419302470667431 0.038699437629478521 -0.0087781355707386346 -0.0015715473368666756 0.032086566424823298 0.028880937137463029 0.015613533536972106 -0.012300714008996426 -0.0044079374352905473 -0.0021304524666408411 0.027723352252401454 0.0026296735106585149
leaf_weight=28.076278757303953 299.64567973837256 432.52871857583523 17.276275094598532 54.55033290758729 118.3425743021071 78.979316838085651 26.452268581837416 233.50695708394051 36.056146897375584 23.087303191423416 75.180033668875694 18.214356482028961 86.624149166047573 179.70036402344704 473.71952039003372 186.39349890127778 180.6406589448452 82.321527510881424 91.568153992295265 20.830701656639576 19.734642535448074 152.4372252933681 12.58087734133005 12.403881683945654 50.587822817265987 35.376795165240765 29.705987520515919 69.683754432946444 35.281223177909851 38.297558058053255
leaf_count=173 1588 3482 177 320 514 323 133 1980 170 51 467 65 554 1190 2214 1635 1320 314 454 119 114 640 67 62 418 203 178 446 155 186
internal_value=0 -0.0053425 -0.00988874 -0.0128171 0.0293823 0.00415927 0.00238235 -0.0143959 0.0186035 0.012985 -0.0114979 0.0239034 -0.0129344 -0.00774633 0.00105376 -0.0171842 -0.000215302 0.00189882 -0.00152689 0.00600704 0.0201703 -0.00643767 0.0050301 0.00659689 -0.00562566 0.00410757 -0.0187931 -0.0128284 0.00394422 0.0150774
internal_weight=0 2722.65 1841.49 1413.07 477.132 881.164 802.184 1276.2 177.486 141.43 843.67 44.6666 768.49 348.589 757.518 419.9 428.419 136.872 411.143 144.537 52.9692 210.219 99.205 32.1385 266.605 85.9646 57.7823 249.384 547.298 73.5788
internal_count=19712 17389 13322 10455 2323 4067 3744 9821 735 565 6339 198 5872 2257 3546 3615 2867 634 2690 749 295 991 621 176 1941 621 351 1636 2555 341
is_linear=0
shrinkage=0.04


Tree=38
num_leaves=31
num_cat=0
split_feature=18 7 3 23 3 7 27 27 0 5 18 23 23 20 35 29 1 2 8 20 25 35 20 29 25 0 6 31 8 25
split_gain=301.874 65.168 33.1585 29.8355 23.7138 17.2313 15.1038 14.4487 15.8669 12.2767 11.2547 9.65453 9.57262 9.83493 12.8413 9.21867 10.0177 8.62562 8.56173 9.08081 7.74371 7.71849 7.21594 6.94424 8.559 6.91004 6.7925 7.43369 6.77923 6.7274
threshold=1.5000000000000002 1.0000000180025095e-35 1.5000000000000002 1.0000000180025095e-35 1.5000000000000002 0.42499999701976782 2.9831503629684453 3.3446254730224614 6.5453238487243661 0.20043472200632098 11.500000000000002 1.0000000180025095e-35 1.0000000180025095e-35 0.53433334827423107 2.3680539131164555 0.91597560048103344 2.5000000000000004 978.50000000000011 2.5000000000000004 0.22857142984867099 0.2100000008940697 1.5282284021377566 0.21374999731779101 0.91597560048103344 0.27500000596046453 7.219635248184205 6.3724658489227304 0.80982521176338207 7.5000000000000009 0.23499999940395358
decision_type=2 2 2 2 2 2 2 2 2 2 2 2 2 2 2 2 2 2 2 2 2 2 2 2 2 2 2 2 2 2
left_child=1 2 -1 4 17 12 -6 29 22 -5 -7 23 13 -2 26 16 18 -3 -8 -20 -13 -12 28 -10 -25 -22 27 -15 -9 -4
right_child=5 3 7 9 6 10 15 8 11 -11 21 20 -14 14 -16 -17 -18 -19 19 -21 25 -23 -24 24 -26 -27 -28 -29 -30 -31
leaf_value=-0.018610630884507238 0.034218153718119447 -0.0079839198981799548 0.00012448137781071768 0.010527509453910643 0.047246312359279639 0.041054450828824855 0.014993497237294113 0.034226533298442753 -0.012497282370922281 0.037027943829793228 0.03170335540222545 -0.015317678811948166 0.038992193135527001 0.0070348819479485606 -0.016804500617031912 0.022118688877111742 0.014924863905976107 0.014322728956317038 -0.0034753863411450077 0.011495880534455763 -0.00054897250628184588 -0.0032094124173206351 -0.0015615846888783519 -0.0089597041686138162 0.034229531169310205 0.031895702795704584 -0.005734873988836469 0.033186651483089226 0.0042968995044430384 0.035631641740946456
leaf_weight=556.3572017326951 33.78067946434021 531.30082162842155 15.676948439329861 87.947481039911509 10.801360212266443 218.52557385712862 55.269909728318453 18.919374521821737 534.26509869098663 40.848081406205893 20.902839079499245 17.787402078509331 36.272590555250645 32.640539586544037 21.614172726869583 37.599616518244147 84.45356984436512 27.466081645339727 443.73864697478712 73.874686498194933 21.653979599475861 17.566334202885628 106.59630070626736 17.849658034741882 9.7984900847077352 18.274895936250687 16.975812628865242 38.820202991366386 30.362746067345142 16.784252613782883
leaf_count=4227 143 2931 113 363 51 1209 256 207 3780 185 117 98 176 147 48 200 442 143 2441 414 99 70 910 137 55 69 63 188 389 85
internal_value=0 -0.00490251 -0.0111098 0.00118292 -0.000697172 0.0308046 0.0041722 -0.00591165 -0.00702214 0.0193699 0.0375176 -0.00988571 0.0209189 0.0158887 0.0097521 0.00336904 0.00223272 -0.00684027 0.000316253 -0.00130264 0.00553617 0.0163903 0.00434179 -0.0114838 0.00762306 0.0151136 0.0164707 0.0217583 0.0166736 0.0194861
internal_weight=0 2757.63 1364.33 1393.3 1264.5 437.099 705.738 807.969 775.508 128.796 256.995 619.63 180.104 143.831 110.051 694.936 657.337 558.767 572.883 517.613 57.7163 38.4692 155.878 561.913 27.6481 39.9289 88.4366 71.4607 49.2821 32.4612
internal_count=19756 17595 10169 7426 6878 2161 3804 5942 5744 548 1396 4238 765 589 446 3753 3553 3074 3111 2855 266 187 1506 3972 192 168 398 335 596 198
is_linear=0
shrinkage=0.04


Tree=39
num_leaves=31
num_cat=0
split_feature=32 9 31 23 0 15 28 25 0 35 34 4 27 25 15 25 15 27 18 2 3 4 16 8 25 35 26 18 28 0
split_gain=276.156 65.3157 33.0004 28.4444 22.1256 16.1509 18.509 13.6662 12.778 11.8025 10.7383 9.88028 19.7108 9.53819 8.76442 8.26888 12.3434 11.4374 7.9813 7.56686 7.09232 6.56637 7.02704 6.99194 6.49324 6.47135 6.42541 6.39567 9.57029 8.90707
threshold=1.5000000000000002 1.0000000180025095e-35 0.82623791694641124 1.0000000180025095e-35 6.6795794963836679 0.19597221910953525 -0.6035533845424651 0.27500000596046453 6.9622323513031015 0.79324957728385936 6.5000000000000009 0.84392094612121593 4.2952420711517343 0.23499999940395358 0.21374999731779101 0.31000000238418585 0.21374999731779101 4.4664824008941659 1.0000000180025095e-35 673.50000000000011 2.5000000000000004 0.84392094612121593 7.3719546794891366 7.5000000000000009 0.27500000596046453 0.90585398674011242 1.0000000180025095e-35 12.500000000000002 0.37940952181816107 7.7815537452697763
decision_type=2 2 2 2 2 2 2 2 2 2 2 2 2 2 2 2 2 2 2 2 2 2 2 2 2 2 2 2 2 2
left_child=1 8 5 4 9 6 25 14 -1 18 -8 12 -9 21 -6 -10 -17 -18 -3 26 -4 23 -23 -7 -5 -2 -20 28 29 -15
right_child=2 3 20 24 7 13 10 11 15 -11 -12 -13 -14 27 -16 16 17 -19 19 -21 -22 22 -24 -25 -26 -27 -28 -29 -30 -31
leaf_value=0.01032113571055899 0.0017556492694724769 -0.0090575695786269169 0.025689360508593603 -0.00080114842441746971 -0.021949926434753658 0.010040511859020204 -0.0094469205759333194 0.015160792883796919 -0.0027668837427288575 0.036620321103625064 0.028992547361361875 -0.01218790466110399 -0.014811303789737631 0.025422457635434995 -0.013485464715932576 -0.014235639868565986 0.031774416333213797 -0.0051967393049177418 -0.011614185043520504 0.014820510892148118 0.039370410682298851 0.040591232723542918 0.0018164199755843925 -0.020118238630762893 0.015042675173833881 -0.028296235967271235 0.013829305947700739 0.0037606261625200911 0.0085817146713383224 0.050600399407198876
leaf_weight=308.46619393676519 18.361709628254175 180.2778111435473 126.865592867136 102.49676180630922 337.49315904825926 37.32613280788064 15.573193129152058 71.133240878582001 369.7931494936347 10.097543772310017 36.108123060315847 297.02963966876268 65.522406004369259 77.94973611459136 507.19528076425195 20.940656647086143 40.835125774145126 18.742522612214088 53.726189443841577 55.30899709276855 164.42850116640329 15.444834537804129 13.431503262370823 15.898864198476074 67.201486743986607 27.571192868053913 20.326665200293064 18.844733946025372 31.127226546406746 36.780449777841568
leaf_count=1689 133 1536 617 541 2913 190 97 393 1509 67 180 1726 348 385 3570 81 145 58 753 645 941 69 73 70 273 108 271 75 142 140
internal_value=0 -0.00573124 0.023724 -0.00994135 -0.0115939 0.015202 0.00138367 -0.0139447 0.00407786 -0.00216662 0.0174891 -0.00811568 0.00078369 0.0206123 -0.0169113 -0.000225543 0.0112301 0.0203526 -0.00365838 0.00388923 0.0336278 0.0091663 0.0238415 0.000629441 0.00557523 -0.016711 -0.00445022 0.0261395 0.0289408 0.0342227
internal_weight=0 2526.59 635.712 1767.81 1598.11 344.418 97.6142 1278.37 758.778 319.737 51.6813 433.685 136.656 246.803 844.688 450.311 80.5183 59.5776 309.64 129.362 291.294 82.1013 28.8763 53.225 169.698 45.9329 74.0529 164.702 145.857 114.73
internal_count=19738 16518 3220 13036 12222 1662 518 8950 3482 3272 277 2467 741 1144 6483 1793 284 203 3205 1669 1558 402 142 260 814 241 1024 742 667 525
is_linear=0
shrinkage=0.04


Tree=40
num_leaves=31
num_cat=0
split_feature=18 7 25 7 27 25 35 3 31 23 23 25 26 3 29 18 7 35 12 35 18 5 27 6 8 23 3 5 6 29
split_gain=275.972 70.9179 27.8384 19.2986 19.0882 15.3418 15.1176 14.2912 13.3538 12.7713 11.0203 11.217 10.8668 10.2954 9.4357 9.07905 8.77252 8.68318 8.65521 8.33417 7.67965 7.67839 7.52381 7.51284 8.64322 7.42108 6.66214 7.84683 10.0373 7.77416
threshold=1.5000000000000002 0.57499998807907116 0.27500000596046453 0.42499999701976782 3.857566356658936 0.34999999403953558 0.49032931029796606 2.5000000000000004 0.18465909361839297 1.0000000180025095e-35 1.0000000180025095e-35 0.34999999403953558 1.0000000180025095e-35 2.5000000000000004 0.91597560048103344 9.5000000000000018 1.0000000180025095e-35 1.5282284021377566 1.0000000180025095e-35 2.1240894794464116 1.0000000180025095e-35 0.12643428891897204 4.2731876373291025 4.9236173629760751 8.5000000000000018 1.0000000180025095e-35 1.5000000000000002 0.102346058934927 5.1445789337158212 0.37940952181816107
decision_type=2 2 2 2 2 2 2 2 2 2 2 2 2 2 2 2 2 2 2 2 2 2 2 2 2 2 2 2 2 2
left_child=1 2 6 10 8 9 -1 12 -4 14 11 19 16 18 21 -5 -6 -17 26 -2 -18 -3 -11 -9 -25 -15 27 28 -8 -30
right_child=3 5 4 15 7 -7 13 23 -10 22 -12 -13 -14 25 -16 17 20 -19 -20 -21 -22 -23 -24 24 -26 -27 -28 -29 29 -31
leaf_value=0.0009136056205652749 0.014689433502779804 -0.005134951760381026 0.0043658460784716828 0.041774514498282012 -0.017806566340816617 0.029284370784426417 0.017004753651064443 -0.0048152771030021838 0.032024544287467364 0.035696445382967033 0.039402350256722306 0.035596399546390094 0.00069096730772047921 -0.0079956698734042365 0.024498140173605059 0.034915834909669478 -0.012693991399185789 0.0015596788089946808 -0.0015970243621102262 -0.010070654117825843 0.0088661523257337147 0.0055236723383913907 0.0046426302209936062 0.019149666788008488 -0.012312335234111295 0.015019336295069312 -0.011867533683804761 -0.022266530570170629 -0.021203559867752655 0.0062657422578822879
leaf_weight=144.88013422116637 83.48009555414319 149.52741796150804 139.05308917909861 196.61258931457996 197.91767282038927 45.468360461294651 17.20813524723053 62.979520283639431 33.228244371712208 31.968985371291637 36.132381834089756 30.039832189679146 136.00136425718665 257.8193606287241 31.186047684401274 28.632915273308754 58.99516599625349 21.407683417201042 72.378428358584642 27.589815393090248 44.80296391621232 377.00460920855403 20.79963232204318 69.84977650269866 15.874744441360233 22.696906790137291 356.89171454310417 345.9692619368434 69.515468556433916 20.414485283195972
leaf_count=1783 383 692 756 1139 1258 192 128 297 165 139 179 132 737 1788 141 166 263 88 444 70 278 1736 92 378 91 110 2862 2551 556 162
internal_value=0 -0.00409172 -0.00772768 0.0305326 -0.00162599 0.00735143 -0.0112597 -0.00506589 0.0100067 0.0056276 0.0200883 0.0146613 -0.00869605 -0.0127753 0.00380264 0.0378158 -0.012904 0.0212542 -0.0148978 0.00846967 -0.00339618 0.0024888 0.0240726 0.00559325 0.0131756 -0.00604036 -0.0160795 -0.0193303 -0.00961451 -0.0149673
internal_weight=0 2722.43 2066.48 423.895 758.703 655.955 1307.77 586.421 172.281 610.487 177.242 141.11 437.717 1162.89 557.718 246.653 301.716 50.0406 882.377 111.07 103.798 526.532 52.7686 148.704 85.7245 280.516 809.999 453.107 107.138 89.93
internal_count=19756 17599 14607 2157 4223 2992 10384 3302 921 2800 764 585 2536 8601 2569 1393 1799 254 6703 453 541 2428 231 766 469 1898 6259 3397 846 718
is_linear=0
shrinkage=0.04


Tree=41
num_leaves=31
num_cat=0
split_feature=18 7 3 7 3 26 25 7 0 2 25 22 25 0 28 6 3 1 29 2 28 4 4 30 4 4 0 29 8 6
split_gain=230.674 64.794 28.5625 21.8014 18.948 12.574 11.4439 13.3905 11.2201 9.99863 10.7208 9.32222 8.42649 7.06336 7.02102 7.73886 7.09429 6.91301 6.80759 8.07217 7.39521 6.80288 6.74132 7.78423 8.04237 6.62262 6.48834 6.99458 6.9839 6.07849
threshold=1.5000000000000002 1.0000000180025095e-35 2.5000000000000004 0.42499999701976782 2.5000000000000004 1.0000000180025095e-35 0.23499999940395358 0.90000000596046459 8.3298983573913592 914.50000000000011 0.31000000238418585 0.33224999904632574 0.34999999403953558 7.1196274757385263 -0.7865660786628722 6.1706554889678964 3.5000000000000004 3.5000000000000004 0.78656607866287243 629.50000000000011 -0.37940952181816096 0.94005209207534801 0.80297762155532848 1.0000000180025095e-35 0.82460430264472973 0.88813331723213207 6.9527173042297372 0.91597560048103344 10.500000000000002 3.3842465877532963
decision_type=2 2 2 2 2 2 2 2 2 2 2 2 2 2 2 2 2 2 2 2 2 2 2 2 2 2 2 2 2 2
left_child=1 4 6 8 5 26 7 18 -2 10 13 12 14 22 29 16 -16 -8 -3 20 -20 -7 -4 24 -24 -21 27 -1 -28 -6
right_child=3 2 9 -5 11 21 17 -9 -10 -11 -12 -13 -14 -15 15 -17 -18 -19 19 25 -22 -23 23 -25 -26 -27 28 -29 -30 -31
leaf_value=-0.011527544411678284 0.020632502523199061 -0.0092910919979490841 0.016401149050100431 0.035661122446094311 0.011850914946762358 -0.0074252733826307748 0.0017462601791934488 0.018324967583401713 -0.0089529314268136893 0.031358910568222702 0.023963647743527675 0.020612893350489502 0.021174944671846056 -0.0031262571382630632 -0.01125812092128659 0.022494853254788342 0.0045534150045376445 0.026364370798623887 -0.028104690644503869 0.0012636198332030557 0.011728943325175338 0.019452078358669123 -0.029627713449622881 0.012760829648069499 0.0037044514319405811 0.039856476992043366 -0.019307146424215584 0.021973153339292208 0.0077184415231235015 -0.017452153194719849
leaf_weight=197.67201123200357 156.45880014449358 425.25209866091609 112.49899921193719 237.72279701754451 11.438881963491438 257.61447540670633 445.96119227260351 32.239651095122099 22.411397397518158 33.245566349476576 60.76834250241518 24.174409441649914 17.720362309366465 97.051245830953121 95.538825392723083 17.68029248714447 83.368205212056637 17.053013287484646 13.795618277043106 14.468445077538492 12.525420373305677 14.103627715259789 17.392425946891308 48.560029594227672 27.807610996067524 12.259746931493281 495.30724600329995 8.6885903105139715 14.780098080635069 93.470773875713348
leaf_count=2177 726 2666 659 1384 65 1990 2074 150 49 167 271 144 100 403 630 122 576 80 88 87 85 97 92 321 149 80 3432 94 93 684
internal_value=0 -0.00419798 0.001906 0.027711 -0.0104756 -0.013284 -0.00178568 -0.0059051 0.0168676 0.0109153 0.00888735 -0.00236393 -0.00422148 0.00572962 -0.00584384 -0.00134289 -0.00392128 0.00276245 -0.00760783 0.00573287 -0.00965936 -0.00589826 0.00988658 0.00189072 -0.00983331 0.0205078 -0.0160609 -0.00991966 -0.018497 -0.0140951
internal_weight=0 2702.44 1370.88 416.593 1331.56 988.166 973.555 510.541 178.87 397.324 364.079 343.392 319.217 303.31 301.497 196.587 178.907 463.014 478.301 53.0492 26.321 271.718 206.259 93.7601 45.2 26.7282 716.448 206.361 510.087 104.91
internal_count=19735 17576 7372 2159 10204 7883 5310 3156 775 2062 1895 2321 2177 1624 2077 1328 1206 2154 3006 340 173 2087 1221 562 241 167 5796 2271 3525 749
is_linear=0
shrinkage=0.04


Tree=42
num_leaves=31
num_cat=0
split_feature=33 7 31 7 27 0 5 7 5 18 0 26 5 35 6 4 27 2 26 7 0 27 4 21 4 15 0 35 2 15
split_gain=232.537 58.7389 20.9166 19.3171 19.0902 18.4769 11.2629 10.7359 10.3517 9.89452 9.46693 9.18685 8.30022 10.2873 10.1766 7.91641 7.44723 7.38301 8.93807 9.10686 7.03467 8.71061 9.17524 6.55903 8.67956 6.45067 6.88377 10.8031 6.2211 6.21741
threshold=1.0000000180025095e-35 0.57499998807907116 0.18465909361839297 0.57499998807907116 3.5567746162414555 7.5422098636627206 0.29724532365798956 1.0000000180025095e-35 0.26023301482200628 8.5000000000000018 6.5736558437347421 1.0000000180025095e-35 0.19723496586084369 0.49479040503501898 4.8865754604339608 0.83014917373657238 3.3268313407897954 579.50000000000011 1.0000000180025095e-35 0.42499999701976782 8.3466410636901873 3.8805319070816044 0.84824582934379589 1.0000000180025095e-35 0.90959092974662792 0.19597221910953525 7.1899151802062997 1.3487807512283327 442.50000000000006 0.25690476596355444
decision_type=2 2 2 2 2 2 2 2 2 2 2 2 2 2 2 2 2 2 2 2 2 2 2 2 2 2 2 2 2 2
left_child=1 2 5 6 -4 7 8 10 9 -2 28 16 13 -6 -15 -11 -3 -7 19 20 21 22 -19 24 -20 -13 -27 -28 -1 -14
right_child=3 11 4 -5 12 17 -8 -9 -10 15 -12 25 29 14 -16 -17 -18 18 23 -21 -22 -23 -24 -25 -26 26 27 -29 -30 -31
leaf_value=-0.021583634798020401 0.024280643082223705 0.023900063542199916 0.032304811391429204 0.035482452625265844 0.02624320021933696 -0.022110294207224844 0.03142735631105964 -0.0018987598486344939 -0.0096923467836351179 -0.0096204104884144818 -0.011827240208091118 0.0016455768393359028 0.031803985519393271 0.026263247794193628 -0.015710368356830519 0.023482326769117112 0.0015651623931053013 0.025717920724980116 0.016321319524422041 0.00941860248915459 -0.036405207074437632 -0.02026355784449348 -0.011672663280433678 -0.014955176297996524 -0.018713587287223634 0.026375220765106861 -0.013870140474021303 0.020595223080769772 0.00085556963430280302 0.0032427467041498672
leaf_weight=20.321273349225521 92.737913012504578 23.35947248339653 29.380495505407453 205.26140484586358 10.691747883334754 193.14676702022552 73.347350373864174 449.0989641174674 26.886135645210743 31.721678741276264 657.7927913479507 53.05505233258009 12.787630289793013 8.3800156712532026 97.766313418745995 15.600828915834425 418.95215134322643 13.294724702835081 41.177553571760654 19.24103856086731 29.29727503657341 135.20330881327391 31.499812185764313 31.746453501284122 13.486674055457113 71.800495836883783 21.795148283243179 36.085283771157265 171.73944868333638 73.034224264323711
leaf_count=236 425 101 161 1229 120 948 388 3117 119 122 5439 265 76 55 681 63 1934 68 179 69 85 724 164 172 60 339 86 115 1721 492
internal_value=0 -0.00472327 -0.00801008 0.0264354 0.00327158 -0.00946076 0.0184783 -0.00691277 0.0124845 0.0168181 -0.00955171 0.00599059 -0.00121205 -0.00809236 -0.0119722 0.00180226 0.00284699 -0.0159221 -0.0120115 -0.0161243 -0.0185394 -0.0152634 4.95034e-05 -0.0010155 0.00732214 0.0134865 0.0182322 0.00758733 -0.00171662 0.0081258
internal_weight=0 2664.13 2039.09 445.555 232.04 1807.05 240.294 1298.95 166.947 140.06 849.854 625.048 202.66 116.838 106.146 47.3225 442.312 508.094 314.947 228.536 209.295 179.998 44.7945 86.4107 54.6642 182.736 129.681 57.8804 192.061 85.8219
internal_count=19753 17407 14567 2346 1585 12982 1117 10513 729 610 7396 2840 1424 856 736 185 2035 2469 1521 1110 1041 956 232 411 239 805 540 201 1957 568
is_linear=0
shrinkage=0.04


Tree=43
num_leaves=31
num_cat=0
split_feature=18 9 23 3 18 23 9 3 27 2 1 25 15 25 12 3 27 25 28 28 5 3 16 2 27 0 27 16 15 0
split_gain=187.934 65.8517 27.3324 19.1078 17.3773 14.1407 12.9899 12.2211 10.7549 9.83646 9.62814 8.68242 11.882 8.30674 7.99875 9.38358 7.95304 7.84695 7.59575 7.2844 8.93248 8.48203 7.70448 6.96083 6.80381 6.70275 6.64901 6.59854 6.24381 5.8901
threshold=1.5000000000000002 1.0000000180025095e-35 1.0000000180025095e-35 2.5000000000000004 9.5000000000000018 1.0000000180025095e-35 1.0000000180025095e-35 1.5000000000000002 3.4919505119323735 565.50000000000011 2.5000000000000004 0.23499999940395358 0.22857142984867099 0.2100000008940697 1.0000000180025095e-35 1.5000000000000002 3.91501796245575 0.31000000238418585 -0.91597560048103321 -0.7865660786628722 0.1991856470704079 3.5000000000000004 49.659969329833991 657.50000000000011 4.4242475032806405 6.5453238487243661 4.4779047966003427 93.543682098388686 0.39333333075046545 7.4000048637390146
decision_type=2 2 2 2 2 2 2 2 2 2 2 2 2 2 2 2 2 2 2 2 2 2 2 2 2 2 2 2 2 2
left_child=1 5 3 9 6 7 -2 -1 -4 -3 17 14 -13 -8 15 -11 -14 24 -6 20 22 -21 -5 -16 -9 -10 29 -22 -20 -19
right_child=4 2 8 19 18 -7 13 10 25 11 -12 12 16 -15 23 -17 -18 26 28 21 27 -23 -24 -25 -26 -27 -28 -29 -30 -31
leaf_value=-0.0026040035164775314 0.036426026678743735 -0.017104917569659588 0.039013934310427496 0.029501668652921382 -0.010495478888430648 0.020812978957163858 -0.0065897371550890085 -0.0016407180413075353 0.020852474741908444 -0.020602526452317999 0.021082686033558819 -0.0070886851492434214 0.044702127937238732 0.023260990698797342 0.025114963873496404 -0.0080196655190897578 0.0029519972443362943 0.014606238046011058 -0.0041662404958480517 -0.0043746167198106681 -0.019525007372708462 0.010419434641745315 -0.012445310368738702 -0.0080279339505016575 0.0096378377151490613 -9.5136147803074964e-06 -0.00019473141678919427 0.0027529348893520367 0.022941956171192587 0.044265088921162599
leaf_weight=314.1136176623404 195.04928367584944 419.05773404054344 13.23810191452503 14.12732867524028 21.111669555306435 82.289735857397318 16.453278973698616 225.6219819560647 28.143344581127167 217.38792213238776 69.144308749586344 336.62989021092653 9.7229045666754264 104.40758048370481 13.287765590474008 174.08600413240492 20.176682833582163 38.805733010172844 17.513337939977646 137.77769813127816 83.866145063191652 109.59096863120794 10.847786270081995 28.267145659774542 135.4139847047627 134.98543401807547 26.383529618382454 27.675614818930626 51.276660442352295 14.988623261451719
leaf_count=1450 1197 3581 58 95 86 347 75 1097 167 1972 321 2208 58 478 96 1590 151 164 76 949 576 760 89 191 671 610 102 211 250 55
internal_value=0 -0.0035666 -0.0080355 -0.00968022 0.0255747 0.00519881 0.029981 0.00359378 0.00684969 -0.0121285 0.00740364 -0.00948411 -0.00491395 0.0191562 -0.0133121 -0.0150762 0.01848 0.00517449 0.00977573 -0.00188583 -0.0092332 0.00221055 0.0117104 0.00323658 0.00261933 0.00379861 0.0163364 -0.0140463 0.0161177 0.0241605
internal_weight=0 2685.63 1778.87 1602.5 405.812 906.762 315.91 824.472 176.367 1218.62 510.358 799.558 366.529 120.861 433.029 391.474 29.8996 441.214 89.9017 383.886 136.517 247.369 24.9751 41.5549 361.036 163.129 80.1779 111.542 68.79 53.7944
internal_count=19731 17569 13362 12527 2162 4207 1750 3860 835 9847 2410 6266 2417 553 3849 3562 209 2089 412 2680 971 1709 184 287 1768 777 321 787 326 219
is_linear=0
shrinkage=0.04


Tree=44
num_leaves=31
num_cat=0
split_feature=22 7 25 23 3 23 26 27 27 3 7 35 33 2 35 25 27 26 6 27 2 27 25 16 12 27 5 30 15 35
split_gain=208.719 47.0139 27.8054 27.3219 28.4805 13.7211 11.5204 9.30075 9.13101 8.90418 10.5014 11.3275 9.982 8.89776 8.8728 9.26876 10.9424 8.04006 8.98912 9.40344 7.69787 9.04724 6.9774 8.4509 7.90506 6.82768 14.9953 10.9383 8.13012 8.02261
threshold=0.37299999594688421 0.57499998807907116 0.23499999940395358 1.0000000180025095e-35 1.5000000000000002 1.0000000180025095e-35 1.0000000180025095e-35 3.3446254730224614 3.6519552469253544 3.5000000000000004 1.0000000180025095e-35 0.67345657944679271 1.0000000180025095e-35 978.50000000000011 2.9135024547576909 0.27500000596046453 3.8659784793853764 1.0000000180025095e-35 3.5694335699081425 4.2563214302062997 701.50000000000011 4.3457512855529794 0.27500000596046453 177.77217102050784 1.0000000180025095e-35 4.4779047966003427 0.14065012335777285 1.7005987167358401 0.22857142984867099 0.48507562279701238
decision_type=2 2 2 2 2 2 2 2 2 2 2 2 2 2 2 2 2 2 2 2 2 2 2 2 2 2 2 2 2 2
left_child=1 3 9 4 22 13 14 -8 -4 10 11 -2 -12 17 15 25 -17 -3 -19 -20 -5 -22 24 -24 -1 29 -27 -28 -29 -6
right_child=2 5 8 20 6 -7 7 -9 -10 -11 12 -13 -14 -15 -16 16 -18 18 19 -21 21 -23 23 -25 -26 26 27 28 -30 -31
leaf_value=-0.020172807470054305 0.023055491724317645 -0.001231458248233911 0.032761958447313659 0.00041451118252564759 0.004657588910303199 0.025996508025078018 0.03787893116745597 0.00047343993139676877 0.01936353230356443 0.024971561193384204 -0.001030696130149833 -0.022037369139533306 0.023486803779431395 0.025234615445149405 -0.03190648572257692 0.014133006580045055 -0.0053205852442581364 0.038092099482193435 -0.0040944864942695156 0.017571817361153558 0.029474055716618812 4.1811083962634266e-05 -0.011562804065427338 0.02158362581355085 -0.005039421288522499 -0.026752817310745493 -0.0051397197626532262 0.029671518298943208 -0.011962771217035166 -0.016189142405232056
leaf_weight=425.77525751106441 9.9695901591330749 347.45416925288737 240.69627835601568 125.78944686055183 32.419901410117745 44.60865780711174 9.0897464230656606 261.21615374833345 141.12822886928916 41.898144014179707 52.553065218031406 34.887803435325623 51.407624594867229 26.008474364876747 21.545483231544495 58.803860232234001 191.49413489177823 14.302463561296461 65.635065242648125 59.527510970830917 37.690671879798174 28.871704090386629 260.17035526409745 11.114466015249489 65.238313965499401 31.976903839036822 79.704022092744708 30.01833294518292 8.5874840449541789 259.34131696075201
leaf_count=3759 91 1617 1299 587 399 191 63 1855 755 250 276 179 288 110 70 337 1170 60 300 268 175 131 1536 78 467 314 626 284 71 2107
internal_value=0 -0.00501606 0.0217218 -0.00795806 -0.00953361 0.00520667 -0.00502216 0.00200027 0.0279364 0.00911914 0.0043841 -0.0114591 0.0113075 0.00330466 -0.00767928 -0.00683561 -0.000674443 0.00203485 0.0100747 0.00632434 0.0062984 0.0170813 -0.0153299 -0.0100568 -0.0181907 -0.0103055 -0.00331964 0.00335335 0.0202773 -0.0138568
internal_weight=0 2496.38 572.541 1938.85 1746.5 557.536 984.197 270.306 381.825 190.716 148.818 44.8574 103.961 512.928 713.891 692.346 250.298 486.919 139.465 125.163 192.352 66.5624 762.298 271.285 491.014 442.048 150.287 118.31 38.6058 291.761
internal_count=19713 16575 3138 14029 13136 2546 7296 1918 2054 1084 834 270 564 2355 5378 5308 1507 2245 628 568 893 306 5840 1614 4226 3801 1295 981 355 2506
is_linear=0
shrinkage=0.04


Tree=45
num_leaves=31
num_cat=0
split_feature=18 7 3 7 0 25 25 27 4 0 23 25 18 21 23 35 27 27 25 1 31 7 1 16 6 35 0 4 6 6
split_gain=178.716 50.9548 21.591 19.5434 15.5421 14.1634 13.1565 11.5065 12.0622 11.427 11.2371 10.971 12.433 10.9119 10.6919 8.03404 9.50056 7.95567 12.51 7.89945 9.90863 9.07624 7.56425 7.83893 7.23275 7.06997 7.024 6.99184 9.6742 8.04266
threshold=1.5000000000000002 1.0000000180025095e-35 2.5000000000000004 0.57499998807907116 6.9527173042297372 0.23499999940395358 0.27500000596046453 3.5931932926177983 0.8884437382221223 8.2095794677734393 1.0000000180025095e-35 0.34999999403953558 9.5000000000000018 1.0000000180025095e-35 1.0000000180025095e-35 1.7290275692939761 4.367547035217286 4.4408848285675058 0.31000000238418585 1.5000000000000002 0.7992805838584901 0.72499999403953563 2.5000000000000004 44.416244506835945 5.9467277526855478 0.86365833878517162 8.2390642166137713 0.84750890731811535 6.3724658489227304 6.2035467624664316
decision_type=2 2 2 2 2 2 2 2 2 2 2 2 2 2 2 2 2 2 2 2 2 2 2 2 2 2 2 2 2 2
left_child=1 4 6 10 13 -6 19 8 -7 -8 11 12 22 25 15 17 -17 18 -4 27 21 -21 23 -2 -15 -1 -9 -3 29 -29
right_child=3 2 14 -5 5 7 9 26 -10 -11 -12 -13 -14 24 -16 16 -18 -19 -20 20 -22 -23 -24 -25 -26 -27 -28 28 -30 -31
leaf_value=-0.011039063738013484 0.010717015055113341 -0.020587836383498977 -0.00010835994860164981 0.034718204516644938 -0.017715143226795495 0.030133018319171232 0.0024278228179924065 -0.0078820085982801661 -0.012145181462897081 0.034218384641998466 0.035124834116679264 0.029448440855404798 -0.014397122202449035 0.0077904019895651553 0.029895342745738768 0.0055359723669724786 -0.028766562610211825 0.017791676703366531 0.025608610739741768 -0.0065623754638792888 0.023222932042485482 0.012411612150795946 0.025278859258453829 -0.023733002152079456 -0.0091469122212829834 0.011078346062007563 -0.029757233492396777 -0.0059920112607669378 0.026156328088115695 -0.032682342112716853
leaf_weight=246.0015701726079 48.21050002425909 72.68505859375 164.98669951409101 176.33128144219518 448.02799279615283 23.476957753300667 358.60297437384725 315.00325788557529 17.247434385120869 17.081906229257584 40.885277181863785 41.9033282995224 33.200050219893456 147.75140919350088 34.579074665904045 33.682941973209381 18.460786610841751 115.42916567996144 35.059187650680542 209.06974508799613 23.405928913503885 47.941274344921112 44.125986225903034 11.418727263808249 53.34991405531764 23.903823770582676 23.810480669140816 209.06283013895154 11.840183671563862 17.988237328827381
leaf_count=2095 237 474 930 1130 3403 126 1623 1917 93 49 225 204 129 1687 168 122 64 641 159 1310 119 223 211 48 670 156 67 1342 80 114
internal_value=0 -0.00393684 0.00144497 0.0247929 -0.00960764 -0.0129044 -0.00179481 -0.00716242 0.0124972 0.00404684 0.0165871 0.012008 0.00632486 -0.00378513 0.00921009 0.00711315 -0.00722238 0.00951319 0.00460757 -0.00550312 -0.000620597 -0.00295457 0.0131024 0.00356389 0.0032513 -0.00901318 -0.00958492 -0.00986538 -0.00645912 -0.00837347
internal_weight=0 2668.45 1369.88 396.075 1298.57 827.566 967.678 379.538 40.7244 375.685 219.744 178.859 136.955 471.007 402.198 367.619 52.1437 315.475 200.046 591.993 280.417 257.011 103.755 59.6292 201.101 269.905 338.814 311.576 238.891 227.051
internal_count=19816 17632 7418 2184 10214 5606 5334 2203 219 1672 1054 829 625 4608 2084 1916 186 1730 1089 3662 1652 1533 496 285 2357 2251 1984 2010 1536 1456
is_linear=0
shrinkage=0.04


Tree=46
num_leaves=31
num_cat=0
split_feature=22 7 3 7 34 29 1 7 26 25 27 25 35 3 0 27 4 14 25 4 3 28 22 5 2 1 27 28 16 0
split_gain=162.494 40.7036 25.5533 18.7168 18.7345 14.8381 10.2809 12.7824 11.7839 10.9084 9.94464 9.59357 12.5127 9.20579 8.47227 8.41261 8.40207 8.26755 8.06126 7.4758 6.51648 9.48793 6.40421 6.43016 8.54073 6.39451 7.74749 7.58412 7.51889 6.29057
threshold=0.37299999594688421 0.25000000000000006 1.5000000000000002 0.57499998807907116 6.5000000000000009 0.91597560048103344 1.5000000000000002 0.72499999403953563 1.0000000180025095e-35 0.31000000238418585 3.5567746162414555 0.2100000008940697 0.65238451957702648 2.5000000000000004 7.1974284648895273 4.3340172767639169 0.94005209207534801 1.4978661537170412 0.23499999940395358 0.80431312322616588 3.5000000000000004 0.78656607866287243 0.16550000011920932 0.2114873602986336 699.50000000000011 1.5000000000000002 4.8319072723388681 0.78656607866287243 162.15019226074222 7.1436097621917733
decision_type=2 2 2 2 2 2 2 2 2 2 2 2 2 2 2 2 2 2 2 2 2 2 2 2 2 2 2 2 2 2
left_child=1 2 14 11 -5 6 9 8 20 29 18 12 -2 -14 17 -13 -16 -1 -4 25 21 22 -8 24 -24 -12 27 28 -27 -3
right_child=3 5 10 4 -6 -7 7 -9 -10 -11 19 15 13 -15 16 -17 -18 -19 -20 -21 -22 -23 23 -25 -26 26 -28 -29 -30 -31
leaf_value=-0.0098567370097113766 0.031975013396787121 -0.00068905683286509564 -0.0026616971539018394 0.0079728721579123956 0.033666435239516089 0.022588500563165557 -0.02021752994777062 0.017610299755939821 0.013595463848492256 0.01027929176223452 -0.0055070959460345372 0.018677575265355913 -0.022327505063422359 0.013272759139691248 -0.019272143135892993 -0.0045966319994711746 0.0082515381158734021 0.027365580916939129 0.021982214667410856 -0.0077064641689822081 0.01403915604645796 0.021881913424367773 -0.023154395189476592 0.011909743106965973 0.00089676447805415169 -0.0048417514919669013 0.033427951483419482 0.033201826948072902 0.030334538164200491 -0.011149224894338538
leaf_weight=228.74977497942746 12.015393521636723 179.19107957184315 44.109222760424018 61.451513133943081 189.79817244037986 52.346736550331116 52.717667696997523 103.15231566503644 89.05029010027647 77.441962741315365 127.72450439818203 222.22207837924361 32.967519082129002 15.802031271159647 382.16089304536581 27.156170189380646 17.545918859541416 8.0687783900648338 38.284769281744957 613.68112918362021 27.712222181260586 15.830935247242449 37.476047154515982 29.97023893147707 58.472937293350697 80.834384638816118 13.852673992514609 9.9294958710670453 9.0163630023598653 187.63454972207546
leaf_count=2465 106 1127 361 282 1214 244 297 455 401 322 944 1101 178 93 2462 167 104 98 208 4826 128 83 169 133 266 556 98 60 66 799
internal_value=0 -0.00440768 -0.00829871 0.019383 0.0274948 0.00231843 0.00103307 0.0055517 0.00146815 -0.0031876 -0.00408459 0.012678 -0.00153401 -0.0107241 -0.0144728 0.0161267 -0.0180289 -0.00836996 0.00903879 -0.00536734 -0.00347044 -0.00608312 -0.00877624 -0.00374499 -0.00877818 0.000594644 0.00742969 0.00323436 -0.000728216 -0.00607097
internal_weight=0 2484.95 1573.96 561.413 251.25 910.997 858.65 414.383 311.23 444.268 937.433 310.163 60.7849 48.7696 636.525 249.378 399.707 236.819 82.394 855.039 222.18 194.468 178.637 125.919 95.949 241.357 113.633 99.7802 89.8507 366.826
internal_count=19813 16672 12248 3141 1496 4424 4180 1932 1477 2248 7119 1645 377 271 5129 1268 2566 2563 569 6550 1076 948 865 568 435 1724 780 682 622 1926
is_linear=0
shrinkage=0.04


Tree=47
num_leaves=31
num_cat=0
split_feature=18 7 23 0 3 7 25 26 23 25 0 26 2 21 0 2 15 27 23 3 15 22 22 15 18 3 29 0 6 4
split_gain=159.148 46.3637 23.3646 20.8014 17.1495 16.7874 11.6723 11.9012 11.3653 12.2907 9.29667 9.22826 10.4926 15.4956 9.2117 8.93434 8.39346 8.04739 7.8925 8.79352 7.86042 10.5837 7.49862 7.27357 7.11698 6.49728 8.92401 6.59272 6.4336 7.79643
threshold=1.5000000000000002 1.0000000180025095e-35 1.0000000180025095e-35 6.9527173042297372 3.5000000000000004 1.0000000180025095e-35 0.27500000596046453 1.0000000180025095e-35 1.0000000180025095e-35 0.31000000238418585 7.638195514678956 1.0000000180025095e-35 741.50000000000011 1.0000000180025095e-35 7.4121556282043466 483.50000000000006 0.21374999731779101 3.5567746162414555 1.0000000180025095e-35 2.5000000000000004 0.13516666740179065 0.13516666740179065 0.33224999904632574 0.35625000298023229 11.500000000000002 1.5000000000000002 0.91597560048103344 7.4988660812377939 4.7492611408233651 0.86187520623207103
decision_type=2 2 2 2 2 2 2 2 2 2 2 2 2 2 2 2 2 2 2 2 2 2 2 2 2 2 2 2 2 2
left_child=1 3 4 22 6 18 15 -8 11 16 -4 17 -13 -14 -6 -3 -10 -5 19 23 -17 -22 -1 -2 -7 26 27 -23 29 -27
right_child=5 2 10 8 14 24 7 -9 9 -11 -12 12 13 -15 -16 20 -18 -19 -20 -21 21 25 -24 -25 -26 28 -28 -29 -30 -31
leaf_value=-0.0029582214702732006 -0.016146275296984945 -0.01497380616141015 0.023906425858907215 -0.0016761418860507568 0.016480663851112808 0.03303652879897994 -0.00088400405889156163 0.013495275613485855 -0.021901316838010373 0.030725292613301959 -0.0020245611831357898 -0.011789830208137134 0.027353734864542425 -0.015662806166542552 -0.010179430154919452 -0.013491539663989359 0.0067515335344715726 -0.018261458682768003 0.032150346838520936 0.0222756071684891 0.028028286689657071 -0.0026677689029640335 0.019485110426313915 0.010246193396106234 0.013780406179969451 -0.021818621414570274 0.021388827130911576 -0.016972460790204414 0.0076467503595249123 0.0035285906436643591
leaf_weight=440.96038717404008 29.902093291282654 110.59064779058099 98.968375463038683 52.278465922921896 136.10335289128125 221.02038147300482 280.72485418245196 134.89640833437443 27.81885689496994 16.478602513670921 27.947855144739151 150.74710322916508 28.949455440044403 21.887135751545429 23.008391365408897 87.459576210007071 34.696619927883148 483.27157887816429 22.611106850206852 34.253850057721138 17.859588619321585 121.88465481996536 23.186446722596884 33.147637136280537 40.34695129096508 29.571979101747274 15.039535503834484 88.503877617418766 152.92188339307904 49.244544174522161
leaf_count=4344 102 740 466 342 759 1409 1298 575 131 65 84 1045 173 164 82 613 143 3553 125 183 86 935 195 126 219 156 84 382 887 286
internal_value=0 -0.00305905 0.00204138 -0.00853041 0.000365864 0.0245126 -0.00143413 0.0038253 -0.0123681 0.00200566 0.0182534 -0.0139097 -0.00652517 0.0089416 0.012547 -0.00468351 -0.00628243 -0.0166547 0.0118432 0.00657183 -0.00261445 -0.000563639 -0.00175827 -0.00238234 0.0301912 -0.00179782 -0.00660478 -0.00878846 0.00289474 -0.00628629
internal_weight=0 2655 1374.73 1280.27 1247.81 381.282 1088.7 415.621 816.128 78.9941 126.916 737.134 201.584 50.8366 159.112 673.076 62.5155 535.55 119.915 97.3036 562.486 475.026 464.147 63.0497 261.367 457.166 225.428 210.389 231.738 78.8165
internal_count=19752 17588 7433 10155 6883 2164 6042 1873 5616 339 550 5277 1382 337 841 4169 274 3895 536 411 3429 2816 4539 228 1628 2730 1401 1317 1329 442
is_linear=0
shrinkage=0.04


Tree=48
num_leaves=31
num_cat=0
split_feature=18 7 23 3 3 7 25 4 27 27 27 35 23 0 25 35 2 0 27 35 28 35 2 16 5 35 7 4 16 29
split_gain=158.68 39.6609 19.8643 14.762 14.4505 11.6294 11.6117 10.0364 11.9552 9.70977 9.1716 11.7592 9.03184 8.65809 8.3514 7.53794 7.23059 6.8094 7.31557 9.47082 7.54192 7.31725 7.1998 6.75227 6.6523 8.57316 6.58233 6.81235 7.55676 6.5945
threshold=1.5000000000000002 1.0000000180025095e-35 1.0000000180025095e-35 1.5000000000000002 1.5000000000000002 0.57499998807907116 0.27500000596046453 0.92020362615585338 3.857566356658936 3.3268313407897954 4.1919245719909677 1.5282284021377566 1.0000000180025095e-35 8.1958847045898455 0.34999999403953558 0.51364025473594677 643.50000000000011 6.1441280841827401 4.6563384532928476 1.6165884137153628 0.60355338454246532 0.94488331675529491 966.50000000000011 109.13837814331056 0.24981146305799487 1.0040274262428286 0.25000000000000006 0.93379816412925731 166.32061004638675 -0.7865660786628722
decision_type=2 2 2 2 2 2 2 2 2 2 2 2 2 2 2 2 2 2 2 2 2 2 2 2 2 2 2 2 2 2
left_child=1 4 3 14 -1 13 17 8 -8 -6 -10 -12 15 -2 24 16 -11 -5 20 23 22 -22 -19 -20 26 -26 27 28 -3 -28
right_child=5 2 -4 6 9 -7 7 -9 10 12 11 -13 -14 -15 -16 -17 -18 18 19 -21 21 -23 -24 -25 25 -27 29 -29 -30 -31
leaf_value=-0.013581980312104336 0.021917337227057576 -0.019262763739867943 0.016789058579946711 0.017371079448285955 0.017392382553933512 0.032799812343309739 0.026879273696775355 -0.019684831913255218 -0.0063924102595934919 -0.00701048060468104 0.018789232636687414 -0.010543300301789078 0.0075909002497005834 0.0010467539211901581 0.015532116644685137 -0.0089024375049838143 0.014708106282446218 -0.0035914541960280037 -0.0047693196414449347 0.035725563515361741 -0.0020000610970527712 -0.035656339857839739 0.024286961570459623 0.023603596672118515 -0.0030482297168427834 -0.044055790701425387 -0.011096479794935825 0.019196677888255301 0.018901371091326974 0.00091550973085388707
leaf_weight=501.20383011456579 175.39785282313824 95.575000585988164 121.95857453718781 30.522947616875172 28.314076520502567 159.49854608252645 64.768808580935001 14.944420009851454 55.768114902079105 50.507377434521914 103.38962721079588 26.191805243492126 71.798470199108124 39.002406269311905 28.190922997891903 575.07746879756451 44.17573830857873 260.53198838233948 53.813828706741333 14.710686355829237 19.434927608817816 20.702797964215279 13.72063487023115 15.687452107667921 16.830468818545345 14.436867624521254 98.134296234697104 7.8318447843193999 7.4962863884866229 270.1476584225893
leaf_count=4193 931 748 530 254 180 1095 296 59 247 599 501 87 354 112 132 4364 447 1526 343 61 143 105 65 98 110 52 503 53 63 1388
internal_value=0 -0.00323591 0.00152556 -9.13796e-06 -0.0083054 0.0245495 0.00384184 0.0103902 0.012329 -0.00484394 0.00701191 0.0127902 -0.00573746 0.0181654 -0.00496802 -0.00718461 0.00321727 -0.000232378 -0.00166036 0.00867968 -0.00446738 -0.0202282 -0.00203099 0.00211596 -0.00615639 -0.0234927 -0.00493223 -0.0133861 -0.0161802 -0.00232791
internal_weight=0 2625.87 1354.79 1232.83 1271.08 373.899 694.188 265.063 250.118 769.873 185.35 129.581 741.559 214.4 538.643 669.761 94.6831 429.125 398.602 84.212 314.39 40.1377 274.253 69.5013 510.452 31.2673 479.185 110.903 103.071 368.282
internal_count=19639 17501 7364 6834 10137 2138 3785 1190 1131 5944 835 588 5764 1043 3049 5410 1046 2595 2341 502 1839 248 1591 441 2917 162 2755 864 811 1891
is_linear=0
shrinkage=0.04


Tree=49
num_leaves=31
num_cat=0
split_feature=31 25 7 23 3 23 20 26 0 25 1 35 7 2 15 3 27 7 22 6 6 0 16 0 16 0 35 25 7 7
split_gain=143.885 31.4923 30.1689 16.1416 15.1503 13.6416 13.1536 11.9384 12.7072 11.1945 11.2303 10.1163 9.53298 9.1453 15.2423 8.93228 8.75099 8.65113 8.77612 8.26252 8.21571 8.21133 7.92161 7.86108 7.48829 7.80416 7.2768 6.97115 6.82029 6.4491
threshold=0.41428571939468389 0.23499999940395358 1.0000000180025095e-35 1.0000000180025095e-35 2.5000000000000004 1.0000000180025095e-35 0.68429487943649303 1.0000000180025095e-35 6.9527173042297372 0.27500000596046453 2.5000000000000004 0.56998494267463695 0.25000000000000006 745.50000000000011 0.21374999731779101 3.5000000000000004 3.3268313407897954 1.0000000180025095e-35 0.84518295526504528 5.6542406082153329 5.9148526191711435 6.7405018806457528 129.04687500000003 7.638195514678956 41.313606262207038 6.4861316680908212 0.95926725864410411 0.31000000238418585 0.90000000596046459 0.25000000000000006
decision_type=2 2 2 2 2 2 2 2 2 2 2 2 2 2 2 2 2 2 2 2 2 2 2 2 2 2 2 2 2 2
left_child=2 6 7 9 5 17 11 8 26 15 19 -2 -13 -9 -15 24 -14 27 22 -11 -21 -12 -19 -5 28 -26 -1 -3 -4 -22
right_child=1 4 3 23 -6 -7 -8 13 -10 10 21 12 16 14 -16 -17 -18 18 -20 20 29 -23 -24 -25 25 -27 -28 -29 -30 -31
leaf_value=-0.0065000032799661482 0.020627292784237656 -0.010146860711051333 -0.0044027214445651391 0.021338545583963604 0.031735039709429279 0.036906884495566228 0.023620243558828406 -0.0064764552601032591 -0.015471567579722064 -0.0031888053989401694 -0.0040957190954813488 -0.013417423380876434 0.031659639357222193 -0.011815238862892048 0.022772330445963464 0.007875212456075505 -0.00034829926891143462 0.025313087729695902 -0.0085372298052460906 0.024097546660876958 -0.017084921026430472 0.031081474203214558 -0.005899801409683823 -0.0038203714390646522 0.011342366568364822 -0.015129208466418204 0.023099871194076527 0.014014784656699432 0.018293228009905321 0.0085627524825171112
leaf_weight=300.03315771091729 31.380944496020675 40.357127655297518 345.66487273573875 76.462055612355471 180.53478400409222 41.074744708836079 46.767349131405354 240.04134604148567 521.09952486306429 231.5934719145298 14.241951379925011 79.263790149241686 14.604831133037804 32.578615095466375 48.444788068532944 77.396270046010613 76.997097060084343 104.86304171383381 16.65376790612936 39.605309166014194 19.098090045154095 35.321707785129547 14.045705251395701 25.880367457866669 18.275184568017721 182.76738625019789 11.967984359711407 32.81271667778492 20.599849365651608 59.344722598791122
leaf_count=3048 270 207 2107 357 1132 234 280 1868 3758 1003 80 540 86 298 294 456 378 552 92 188 121 144 66 74 200 1226 85 149 99 263
internal_value=0 0.0163498 -0.00457551 2.29615e-05 0.0228794 0.0162782 0.004973 -0.0091346 -0.0116558 -0.00147373 0.00377865 0.00047196 -0.00342556 -0.00256103 0.00891545 -0.00472767 0.00532242 0.0119071 0.0178182 0.00120157 0.00972449 0.0212066 0.0215896 0.0150251 -0.00646867 -0.0126349 -0.00522469 0.000772928 -0.00303382 0.00204891
internal_weight=0 679.356 2300.42 1146.25 430.342 249.807 249.014 1154.17 833.101 1043.91 399.205 202.247 170.866 321.065 81.0234 644.704 91.6019 208.732 135.563 349.642 118.048 49.5637 118.909 102.342 567.307 201.043 312.001 73.1698 366.265 78.4428
internal_count=19655 3986 15669 6318 2432 1300 1554 9351 6891 5887 1799 1274 1004 2460 592 4088 464 1066 710 1575 572 224 618 431 3632 1426 3133 356 2206 384
is_linear=0
shrinkage=0.04


Tree=50
num_leaves=31
num_cat=0
split_feature=32 3 31 7 16 23 23 1 35 26 18 29 35 7 23 0 0 27 0 2 35 6 31 1 20 27 19 2 27 5
split_gain=147.368 27.751 24.5834 19.288 16.9033 14.6607 11.341 10.6005 10.0053 9.9492 9.71629 9.25317 10.3993 9.16916 8.87396 8.28827 8.05173 8.00494 7.93028 7.63498 6.88818 6.87843 6.44183 7.95538 7.42468 6.3014 6.16741 6.10181 10.369 6.99039
threshold=1.5000000000000002 2.5000000000000004 0.82623791694641124 0.42499999701976782 15.774839401245119 1.0000000180025095e-35 1.0000000180025095e-35 1.5000000000000002 0.69440114498138439 1.0000000180025095e-35 9.5000000000000018 0.91597560048103344 0.72427573800086986 1.0000000180025095e-35 1.0000000180025095e-35 7.7647182941436776 8.0149955749511737 4.4408848285675058 7.5735280513763437 489.50000000000006 1.41622930765152 6.1473989486694345 0.14642857760190967 2.5000000000000004 0.13516666740179065 3.8659784793853764 1.0000000180025095e-35 693.50000000000011 4.3457512855529794 0.10128523781895639
decision_type=2 2 2 2 2 2 2 2 2 2 2 2 2 2 2 2 2 2 2 2 2 2 2 2 2 2 2 2 2 2
left_child=1 3 4 5 8 7 11 18 -2 16 26 12 -6 -3 17 -11 21 25 20 -19 -1 -9 24 -24 -14 -15 -4 29 -29 -7
right_child=2 13 10 -5 6 27 -8 9 -10 15 -12 -13 22 14 -16 -17 -18 19 -20 -21 -22 -23 23 -25 -26 -27 -28 28 -30 -31
leaf_value=-0.012064695921239817 -0.0055958509308347603 -0.0018486637828053903 0.036650257948866879 -6.1835327576612313e-05 0.014082476307099278 0.021848813917952185 0.027254438837622432 -0.0053745219602745961 0.027252321873718593 -0.0026831089160305531 0.0081962008234712277 0.03119260970005748 -0.014485450766071262 0.0097782409953389143 0.027847956578954395 0.020257279158667089 -0.026498966482807043 -0.0099977141931268127 -0.021124069310532942 0.018271076291745469 0.017564664994341891 -0.021281298395327389 -0.021618674639670519 0.0042428607574403858 0.02475166337114423 -0.0050362704834249631 0.020908643647949882 0.03100137837247844 -0.0074383594100751538 -0.0078436751075173314
leaf_weight=403.80745919048786 16.500020869076252 325.68282016180456 136.35657885298133 501.47920826636255 41.026278134435415 13.332037720829247 26.396655973047018 286.89455197937787 105.51000641286373 113.01412384770811 35.080015100538731 11.936003677546976 12.130803130567076 71.094423223286867 29.412268903106451 30.303708516061306 40.266833484172821 16.847438272088766 192.21415863186121 94.231604848057032 11.25672537088394 49.875951023772359 62.551215998828411 26.167413577437401 15.34479811042547 121.66941689327359 70.94260411709547 25.124130509793758 18.059939958155155 72.105161972343922
leaf_count=4112 93 2265 886 2312 306 66 139 2533 486 995 202 68 72 364 141 147 169 101 1100 488 84 484 290 117 72 641 474 123 87 346
internal_value=0 -0.00407314 0.0186663 -0.00669551 0.0112327 -0.00933927 0.00386312 -0.0107969 0.0227915 -0.00656813 0.0282342 -6.28834e-05 -0.00279778 0.00292118 0.00756586 0.00237954 -0.00996389 0.00543327 -0.014387 0.0138825 -0.0111808 -0.00784206 -0.00889536 -0.0140655 0.00762059 0.000471865 0.0315144 0.00340988 0.0153079 -0.00281654
internal_weight=0 2416.67 559.942 1757.73 317.563 1256.25 195.553 1127.63 122.01 520.355 242.379 169.157 157.221 658.938 333.255 143.318 377.037 303.843 607.278 111.079 415.064 336.771 116.194 88.7186 27.4756 192.764 207.299 128.621 43.1841 85.4372
internal_count=19763 16558 3205 12558 1643 10246 1064 9624 579 4328 1562 925 857 4000 1735 1142 3186 1594 5296 589 4196 3017 551 407 144 1005 1360 622 210 412
is_linear=0
shrinkage=0.04


Tree=51
num_leaves=31
num_cat=0
split_feature=18 23 3 22 8 9 29 2 18 0 34 27 0 0 26 0 28 2 2 12 9 1 27 6 32 0 6 16 0 16
split_gain=135.243 33.4082 25.8076 16.0572 14.1435 13.1305 12.5518 10.2559 8.69317 10.0662 11.3279 8.60554 7.46123 8.67375 7.4546 8.72317 7.57085 7.40924 7.13827 6.96921 7.07784 6.83252 6.63908 6.32337 6.25248 6.08111 6.04121 5.87601 5.44127 5.3763
threshold=1.5000000000000002 1.0000000180025095e-35 1.5000000000000002 0.23948051780462268 7.5000000000000009 1.0000000180025095e-35 0.78656607866287243 978.50000000000011 6.5000000000000009 7.5735280513763437 43.500000000000007 3.4483977556228642 7.9069137573242196 8.0758924484252947 1.0000000180025095e-35 7.1823449134826669 0.37940952181816107 777.50000000000011 500.50000000000006 1.0000000180025095e-35 1.0000000180025095e-35 2.5000000000000004 3.7762025594711308 6.4175486564636239 1.5000000000000002 7.1115038394927987 6.3927540779113778 98.656150817871108 7.151477813720704 68.40332412719728
decision_type=2 2 2 2 2 2 2 2 2 2 2 2 2 2 2 2 2 2 2 2 2 2 2 2 2 2 2 2 2 2
left_child=1 2 7 4 6 12 21 19 -7 -10 -11 -5 -2 -14 15 28 -16 -8 -3 20 -1 -4 -17 26 -20 -18 -22 -9 -6 -13
right_child=5 18 3 11 14 8 17 27 9 10 -12 29 13 -15 16 22 25 -19 24 -21 23 -23 -24 -25 -26 -27 -28 -29 -30 -31
leaf_value=-0.006646357102121604 0.033627723516175781 -0.0028304779444740563 -0.00295529624840335 0.031538563860258724 -0.0074148966803588828 0.022662227196192552 0.0082664695578978289 0.017329010914756901 0.019421852696944165 -0.029380698423280262 0.01070262060381074 -0.0020255815795123433 -0.0086019732655962886 0.025508224046439102 -0.0052071345500817601 -5.5618886364656471e-05 0.00073105484505241603 0.036656293962059459 0.011340016876461257 -0.0019013078542558879 -0.013794971681035152 0.0093400987122523333 -0.023194964644155453 -0.028019136639861445 0.035452495930035438 0.037283687997833617 0.016177068304037052 -0.016177055055359137 0.024227612196540526 0.012274923290787531
leaf_weight=270.96774812415242 157.53259230405092 51.249097712337971 550.66639425419271 22.805725045502186 194.98084722831845 78.724677912890911 66.482659861445427 32.181304909288883 33.289376780390739 20.318110316991806 21.239669591188431 72.738046403974295 15.886021643877028 37.62125451862812 103.55800917930901 24.004536531865597 15.783142138272526 17.616871435195208 187.25698232278228 128.25105411745608 468.76458159741014 81.230845630168915 112.59883104264736 50.883596684783697 17.708973247557878 11.651983536779879 9.4129318129271251 9.3567137718200666 7.1764067113399497 96.155175983905792
leaf_count=1266 1173 252 3432 119 1853 395 392 196 186 62 73 407 91 193 790 140 134 105 853 775 4163 473 738 456 83 74 87 71 58 612
internal_value=0 -0.00322812 -0.004727 -0.00120368 -0.00294355 0.0227197 0.00059789 -0.00971847 0.0135487 0.00362263 -0.00934383 0.00947757 0.0292036 0.015436 -0.00832106 -0.0114386 -0.000207966 0.0149268 0.0104339 -0.0105916 -0.0119766 -0.00135023 -0.0191883 -0.0146712 0.0137458 0.0177338 -0.01314 0.00938513 -0.00606528 0.00616443
internal_weight=0 2603.48 2347.27 1377.45 1185.75 364.612 715.997 969.818 153.572 74.8472 41.5578 191.699 211.04 53.5073 469.754 338.761 130.993 84.0995 256.215 928.28 800.029 631.897 136.603 529.061 204.966 27.4351 478.178 41.538 202.157 168.893
internal_count=19702 17529 16341 9327 8189 2173 4402 7014 716 321 135 1138 1457 284 3787 2789 998 497 1188 6747 5972 3905 878 4706 936 208 4250 267 1911 1019
is_linear=0
shrinkage=0.04


Tree=52
num_leaves=31
num_cat=0
split_feature=18 7 7 2 3 25 23 23 25 30 35 4 35 3 26 27 5 3 27 4 7 27 29 27 25 28 26 29 25 6
split_gain=125.085 31.4256 20.4049 19.6655 16.8633 15.1118 13.3518 11.6959 10.7103 11.6025 9.38977 7.67171 8.39779 8.16298 8.02334 7.48528 7.30086 7.19296 11.2884 8.20269 7.39426 6.82215 6.80488 6.41215 6.40596 6.27362 8.82214 6.63162 6.7711 6.02185
threshold=1.5000000000000002 1.0000000180025095e-35 0.57499998807907116 978.50000000000011 1.5000000000000002 0.27500000596046453 1.0000000180025095e-35 1.0000000180025095e-35 0.23499999940395358 3.8176519870758061 0.48507562279701238 0.91218680143356334 2.5006700754165654 1.5000000000000002 1.0000000180025095e-35 3.3446254730224614 0.22097236663103106 1.5000000000000002 4.6563384532928476 0.89703050255775463 0.90000000596046459 3.4483977556228642 -0.6035533845424651 3.7220716476440434 0.2100000008940697 0.60355338454246532 1.0000000180025095e-35 0.91597560048103344 0.27500000596046453 6.4175486564636239
decision_type=2 2 2 2 2 2 2 2 2 2 2 2 2 2 2 2 2 2 2 2 2 2 2 2 2 2 2 2 2 2
left_child=1 4 8 5 29 10 15 11 9 -2 -3 12 13 -7 23 16 -6 -12 19 20 21 -19 -21 -15 -8 27 -27 -17 -29 -1
right_child=2 3 -4 -5 6 7 24 -9 -10 -11 17 -13 -14 14 -16 25 -18 18 -20 22 -22 -23 -24 -25 -26 26 -28 28 -30 -31
leaf_value=-0.011690408110355139 0.025798621951240181 0.0090191711917827974 0.033854203965771941 0.022880051657490529 -0.0042924761435234248 -0.0032140006785641596 -0.004933779235578202 0.023110025336269966 0.019298962163179566 -0.014396981197629421 -0.0091856864084539532 -0.0093987072907554259 0.033123640585036598 0.020195237552533125 0.019673484388209653 -0.0089562599227420332 0.03512097774229507 0.011214677086443607 0.011916436475889743 0.034633360464934017 0.016947260936718559 -0.010710739789011466 -0.00069936899875474938 -0.00016231822694723301 0.019341497889720925 -0.004536069171081499 0.02250288737444698 -0.0055678376178690319 0.028838663324341957 -0.02723959609699524
leaf_weight=439.36376075726002 14.686188369989393 88.957863435149193 147.83023805171251 63.142456971108913 15.245089042931797 139.21383497864008 24.289868149906397 53.529074244201183 153.81209874898195 34.943509519100189 309.31302005797625 60.686085604131222 15.126877471804617 28.677934184670448 73.985753268003464 532.9878420624882 12.138560540974138 23.510295365005732 82.714409273117781 12.488899543881415 17.607817299664021 233.1670462526381 21.71585851162672 128.07186490297318 53.675667829811573 63.700881849974394 25.407349325716496 21.005208648741245 13.538924023509024 43.546276537701488
leaf_count=3776 75 808 1096 320 107 656 148 218 804 160 1821 253 46 128 326 4441 76 122 469 71 81 1350 127 599 236 528 195 193 82 405
internal_value=0 -0.00278476 0.0225832 0.0014376 -0.00736502 0.000353214 -0.0036428 0.00578684 0.0141433 -0.00196388 -0.00308914 0.00361266 0.00570116 0.0044078 0.0089945 -0.00543742 0.01438 -0.00464806 -0.00103182 -0.00455799 -0.00687849 -0.00863131 0.0134019 0.00376967 0.0118444 -0.00630502 0.00349827 -0.00785111 0.00875743 -0.0131991
internal_weight=0 2596.81 351.272 1351.91 1244.9 1288.77 761.989 499.291 203.442 49.6297 789.475 445.762 385.076 369.949 230.736 684.024 27.3836 700.517 391.204 308.49 274.285 256.677 34.2048 156.75 77.9655 656.64 89.1082 567.532 34.5441 482.91
internal_count=19717 17582 2135 7395 10187 7075 6006 2226 1039 235 4849 2008 1755 1709 1053 5622 183 4041 2220 1751 1553 1472 198 727 384 5439 723 4716 275 4181
is_linear=0
shrinkage=0.04


Tree=53
num_leaves=31
num_cat=0
split_feature=32 7 7 23 3 30 0 1 25 27 5 26 0 5 2 5 25 32 6 25 28 22 2 26 18 7 23 35 30 23
split_gain=109.474 37.9056 19.4345 15.6499 14.2861 11.2105 16.5733 10.847 10.2896 9.72592 14.5915 9.2732 10.0189 8.85619 13.0382 8.35534 7.49905 7.09142 6.87785 6.81262 6.21992 5.83992 5.78739 8.27336 6.36145 6.77698 5.52124 5.51796 8.68379 9.16043
threshold=5.5000000000000009 0.57499998807907116 0.57499998807907116 1.0000000180025095e-35 2.5000000000000004 3.4498615264892583 7.8995227813720712 3.5000000000000004 0.31000000238418585 3.4323716163635258 0.14413403719663623 1.0000000180025095e-35 8.3466410636901873 0.12643428891897204 667.50000000000011 0.13109375536441806 0.23499999940395358 20.500000000000004 5.427147865295411 0.34999999403953558 -1.0000000180025095e-35 0.66628289222717296 655.50000000000011 1.0000000180025095e-35 1.0000000180025095e-35 1.0000000180025095e-35 1.0000000180025095e-35 0.49032931029796606 1.7005987167358401 1.0000000180025095e-35
decision_type=2 2 2 2 2 2 2 2 2 2 2 2 2 2 2 2 2 2 2 2 2 2 2 2 2 2 2 2 2 2
left_child=1 4 3 5 7 -2 16 9 13 10 -1 12 -11 14 -3 -15 -7 -18 -9 22 -12 -8 -6 24 -24 -26 -17 28 29 -13
right_child=2 8 -4 -5 19 6 21 18 -10 11 20 27 -14 15 -16 26 17 -19 -20 -21 -22 -23 23 -25 25 -27 -28 -29 -30 -31
leaf_value=-0.010018597305601777 0.029853395311245229 -0.01409652313465372 0.031274529211742237 0.034271149710319318 -0.0047909740348469872 -0.0066128576455816461 -0.00016917296319959974 0.027021669956558764 0.017264115378511344 -0.0099766383379739573 0.0091624716708798692 -0.01365494725466382 -0.030347513287078187 0.034437155740976541 0.0094301711717284104 0.0042217979747938006 -0.0086576603659792254 0.023606090152848782 -0.003322706662572038 0.017996318032375207 0.0436151174370751 -0.0274995671711015 -0.0081746377173716744 0.015982569801400715 -0.0013962317039679876 0.023934955672384819 0.023314493187870943 -0.0052333327456980721 0.034332371640156331 0.032951094593534534
leaf_weight=41.599807150661945 27.360406298190355 89.341821044683456 157.05845011025667 41.201689317822456 256.75670633278787 24.680825266987085 21.855015560984612 21.417309692129493 105.94741193205118 895.49402449280024 21.240699764341116 25.26774662360549 38.99025335162878 15.018818579614161 62.367469351738691 332.04089475236833 12.035678461194037 62.50517800450325 23.616574935615063 31.246033482253551 13.566730575636027 27.331517860293388 86.05113061517477 63.245275812223554 46.031606568023562 24.514971692115068 24.331911642104387 330.68261032551527 13.174870645627378 6.9741587303578845
leaf_count=313 141 423 1182 250 1806 130 64 142 421 7536 139 265 127 72 279 1568 70 365 166 162 90 87 471 375 345 150 118 2290 172 37
internal_value=0 -0.00250861 0.0205986 0.0126556 -0.00527465 0.00726017 0.00275333 -0.00731638 0.00601104 -0.00794788 0.00580403 -0.00875724 -0.0108896 0.0036748 -0.00442788 0.00699064 0.0120998 0.0183065 0.0116439 0.00048874 0.0242312 -0.015837 -0.00072947 0.00401443 -0.000959753 0.00782355 0.00564822 -0.00342947 0.00937132 -0.00223794
internal_weight=0 2568.92 374.029 216.97 1939.87 175.769 148.408 1432.02 629.048 1386.99 76.4072 1310.58 934.484 523.101 151.709 371.392 99.2217 74.5409 45.0339 507.846 34.8074 49.1865 476.6 219.843 156.598 70.5466 356.373 376.099 45.4168 32.2419
internal_count=19756 17467 2289 1107 14586 857 716 11277 2881 10969 542 10427 7663 2460 702 1758 565 435 308 3309 229 151 3147 1341 966 495 1686 2764 474 302
is_linear=0
shrinkage=0.04


Tree=54
num_leaves=31
num_cat=0
split_feature=18 7 23 7 3 3 23 25 35 32 35 5 22 23 25 25 8 2 6 4 27 2 8 2 5 4 6 5 15 20
split_gain=107.631 29.8559 20.1472 19.0232 13.9455 13.6297 9.59518 10.156 10.3851 9.05895 10.7404 9.07161 8.65225 8.45136 7.91989 7.79844 7.62619 7.59145 7.6992 7.42233 7.34927 7.85728 7.27163 10.7905 7.54135 10.0236 9.32748 6.97377 6.42891 7.3337
threshold=1.5000000000000002 1.0000000180025095e-35 1.0000000180025095e-35 0.57499998807907116 1.5000000000000002 1.5000000000000002 1.0000000180025095e-35 0.31000000238418585 2.5838196277618413 26.500000000000004 1.6003561019897463 0.20622052997350696 0.31377777457237249 1.0000000180025095e-35 0.23499999940395358 0.23499999940395358 7.5000000000000009 697.50000000000011 4.7492611408233651 0.85273316502571117 3.3268313407897954 653.50000000000011 7.5000000000000009 939.50000000000011 0.1991856470704079 0.8956880271434785 5.3057861328125009 0.22097236663103106 0.4291666597127915 0.63786232471466076
decision_type=2 2 2 2 2 2 2 2 2 2 2 2 2 2 2 2 2 2 2 2 2 2 2 2 2 2 2 2 2 2
left_child=1 4 5 6 -1 -3 7 8 9 10 11 -2 17 20 -11 -15 -17 -7 -19 -4 27 -22 23 24 25 26 -23 -6 29 -9
right_child=3 2 19 -5 13 12 -8 28 -10 14 -12 -13 -14 15 -16 16 -18 18 -20 -21 21 22 -24 -25 -26 -27 -28 -29 -30 -31
leaf_value=-0.012447019924441414 -0.015760448060813441 -0.0048300465886066428 0.028419695262034084 0.032152541657820943 -0.0047901430478158192 -0.001671305100820458 0.031117166364588781 0.024602008667047048 -0.026927553735974181 -0.028390768567954101 0.046356122132145218 0.023446776207710518 0.013274447748349993 -0.0046248791913028834 0.0077976844313750043 0.041959496852150766 0.0065910666398167886 -0.0020541782603463983 0.014231287102234398 0.0083196660808967753 -0.010022215005915951 0.049767751778081529 -0.0057822753305882945 -0.024152416817218469 -0.00059942261877475068 -0.0091437456202035292 0.0099135575451598373 0.033791582386580588 0.035028551057867466 -0.0076186540375672435
leaf_weight=475.41504249162972 16.126832261681557 537.29302374273539 49.942764423787594 143.86698744446039 14.247062636539342 385.74355410039425 36.406402476131916 22.24221458286047 16.267898306250572 15.471542939543722 12.61613232642412 17.842217475175858 120.74305403791368 36.993307132273912 20.227580040693283 14.209661126136778 26.849999822676182 74.658355731517076 118.981798350811 73.464409627020359 352.50073890760541 19.71229051053524 191.87242592126131 13.25515130907297 40.73628244176507 11.539747040718792 18.744273003190756 12.867180950939654 26.706007733941078 19.800824627280235
leaf_count=4188 78 3094 240 1116 101 2173 227 113 38 70 60 107 627 205 111 62 117 366 653 311 3113 154 1490 105 281 94 166 75 145 99
internal_value=0 -0.00258072 0.0015004 0.0210639 -0.00709491 -4.78007e-05 0.0129962 0.00873191 0.000422463 0.00634032 0.0176411 0.00499176 0.00362551 -0.00369415 -0.00856006 0.00861882 0.0202115 0.00157593 0.00799558 0.0167776 -0.00513819 -0.00600521 -0.00118402 0.00724944 0.0122589 0.0223558 0.0317927 0.0145825 0.0202949 0.00977031
internal_weight=0 2589.77 1360.83 347.575 1228.94 1237.42 203.708 167.301 98.5522 82.2843 46.5852 33.969 700.127 753.528 35.6991 78.053 41.0597 579.384 193.64 123.407 675.475 648.361 295.86 103.988 90.7326 49.9963 38.4566 27.1142 68.749 42.043
internal_count=19779 17615 7464 2164 10151 6913 1048 821 464 426 245 185 3819 5963 181 384 179 3192 1019 551 5579 5403 2290 800 695 414 320 176 357 212
is_linear=0
shrinkage=0.04


Tree=55
num_leaves=31
num_cat=0
split_feature=32 23 3 31 7 19 0 23 2 5 16 25 7 8 2 28 22 25 8 25 25 0 16 35 0 27 35 27 35 0
split_gain=96.9004 23.5967 20.6338 18.1999 15.6138 10.3167 20.5993 10.234 10.4701 8.26346 8.00215 7.67311 8.57736 8.09809 10.4735 7.90115 7.38161 9.2554 7.33323 6.78578 6.61306 6.21966 6.07265 12.1638 5.96295 6.52357 5.95547 11.9124 7.35828 7.0844
threshold=1.5000000000000002 1.0000000180025095e-35 2.5000000000000004 0.84680575132370006 0.25000000000000006 1.0000000180025095e-35 7.9251558780670175 1.0000000180025095e-35 553.50000000000011 0.20737173408269885 158.47486877441409 0.34999999403953558 1.0000000180025095e-35 3.5000000000000004 667.50000000000011 1.0000000180025095e-35 0.13516666740179065 0.23499999940395358 10.500000000000002 0.34999999403953558 0.17500000447034839 6.8627440929412851 83.128410339355483 0.75940236449241649 8.2390642166137713 3.0228579044342045 0.90007463097572338 4.4349746704101571 0.80565369129180919 5.9295008182525644
decision_type=2 2 2 2 2 2 2 2 2 2 2 2 2 2 2 2 2 2 2 2 2 2 2 2 2 2 2 2 2 2
left_child=2 3 4 11 7 -5 -7 8 -1 16 -11 12 24 14 -14 -13 17 -10 22 26 -6 -19 -18 -24 25 -2 27 29 -29 -4
right_child=1 -3 19 5 20 6 -8 -9 9 10 -12 15 13 -15 -16 -17 18 21 -20 -21 -22 -23 23 -25 -26 -27 -28 28 -30 -31
leaf_value=-0.015868162071715094 0.022191605768100829 0.034753122868302337 0.020505273548602432 0.029874842349560005 -0.0075547950839471023 0.022341401558626569 -0.027747104834891512 0.0024180663397094424 -0.027095725214938398 -0.02314128376572408 0.013287656686732674 0.032326551999753012 -0.018940520807393106 0.014762282309160225 0.013028160271919399 -0.0029749151623177333 -0.0061105850847432809 0.027000375740856012 0.025397443021348637 0.018762855419266446 0.0018923910712541851 -0.0095922799362624222 0.02909652805344945 -0.0043351653139453777 -0.032170100399309669 -0.0089024392993510889 -0.0022794439455563367 0.010489286388401216 0.036362959804834318 -0.0031211212458476818
leaf_weight=307.36158000864089 11.376091137528418 84.434995070099831 20.890575243160129 103.80805695801973 156.52122040092945 46.61386789008975 16.119731478393078 123.72209192812443 48.62307064794004 73.170358186587691 9.7476595900952798 28.465832762420177 31.701682716608047 100.84530211612582 30.020715393126011 14.735998943448065 422.26926177740097 7.9155661594122639 11.781893251463769 37.854788091033697 468.30901616439223 27.674725733697414 22.984414283186197 56.117832619696856 11.688872203230856 54.462707418017089 302.8118687197566 97.548558441922069 20.410247549414635 177.91488134860992
leaf_count=3002 56 557 179 718 1017 355 68 592 560 609 88 150 164 559 149 72 3482 99 104 191 2070 225 307 469 22 331 1581 712 115 1227
internal_value=0 0.0155409 -0.00326937 0.0117969 -0.00555294 0.0222161 0.00901127 -0.00839302 -0.00974947 -0.00694656 -0.0186467 0.00555894 0.00268854 0.00788171 -0.00347062 0.0206865 -0.00526571 -0.0161065 -0.00343102 0.00275984 -0.000490702 -0.00045023 -0.00420668 0.00585692 -0.00812536 -0.00303394 0.00172487 0.00554309 0.0154978 -0.000458945
internal_weight=0 534.274 2393.63 449.839 1736.2 166.542 62.7336 1111.37 987.646 680.285 82.918 283.297 240.095 162.568 61.7224 43.2018 597.367 84.2134 513.153 657.431 624.83 35.5903 501.372 79.1022 77.5277 65.8388 619.576 316.764 117.959 198.805
internal_count=19830 3201 16629 2644 12624 1141 423 9537 8945 5943 697 1503 1281 872 313 222 5246 884 4362 4005 3087 324 4258 776 409 387 3814 2233 827 1406
is_linear=0
shrinkage=0.04


Tree=56
num_leaves=31
num_cat=0
split_feature=31 32 26 7 7 32 15 6 29 25 16 15 16 0 25 30 32 2 2 25 35 16 28 2 5 2 0 27 0 1
split_gain=104.449 22.7588 17.2431 14.78 14.3419 10.4212 10.1882 9.46835 8.95537 8.54148 8.85615 8.01508 7.61791 7.68055 7.34581 9.04013 8.19999 7.27318 7.23414 9.0364 9.4248 7.58828 6.96344 7.26919 6.74421 8.21441 6.64353 6.6043 8.09332 9.761
threshold=0.41428571939468389 2.5000000000000004 1.0000000180025095e-35 0.42499999701976782 1.0000000180025095e-35 10.500000000000002 0.15795455127954486 4.4716224670410165 0.78656607866287243 0.27500000596046453 148.14465332031253 0.21374999731779101 0.49037019908428198 7.0527117252349862 0.34999999403953558 3.65057384967804 22.500000000000004 435.50000000000006 879.50000000000011 0.31000000238418585 1.069010376930237 185.421012878418 -0.6035533845424651 721.50000000000011 0.32774744927883154 486.50000000000006 6.5875263214111337 3.5336854457855229 7.2484977245330819 2.5000000000000004
decision_type=2 2 2 2 2 2 2 2 2 2 2 2 2 2 2 2 2 2 2 2 2 2 2 2 2 2 2 2 2 2
left_child=2 7 4 5 26 -3 -4 -2 18 10 12 -5 22 -14 15 -7 -17 -13 21 20 -20 -6 -8 -24 25 -11 -1 -9 29 -29
right_child=1 3 6 11 8 14 9 27 -10 24 -12 17 13 -15 -16 16 -18 -19 19 -21 -22 -23 23 -25 -26 -27 -28 28 -30 -31
leaf_value=-0.0021000619842791762 0.029010738196519514 0.033638129379729931 -0.010294796027057587 -0.0089749737214728526 -0.0063148074970006589 -0.024056863041429139 -0.0056421319803222391 0.021656747706557584 0.0090626764158125445 -0.0095559563998623941 0.027542530272903838 -0.0050283378052724164 0.0016419041247718324 -0.021096413382753147 0.023439683454253891 0.032011405086527216 0.00144397998624128 0.030873067291206008 0.013601440275975705 0.037742755753555894 -0.017747046916171922 0.015220030414743117 0.0019310601129885108 0.023927080613709784 0.032939353196873251 0.010690878560335985 -0.011734582653383858 0.010883511871485523 -0.0083936945725649904 -0.021352310233896582
leaf_weight=139.50129235815257 22.450908578932285 26.564724020659924 99.263277433812618 8.3284110836684686 607.51648967526853 15.994226947426794 100.15943460352719 24.806837096810341 92.785061661154032 37.118238121271133 14.78125276789069 8.9300634339451772 40.519477726891637 54.578641571104527 31.49951646476984 15.050865016877649 80.779270593076944 189.86869673058391 36.809488963335752 11.279698245227335 23.387685872614384 25.492644336074591 78.103122163563967 32.987889084964991 15.918822810053824 183.78985013067722 663.61318501085043 117.62881585024297 91.681296080350876 15.307238057255743
leaf_count=1516 116 135 810 53 3461 68 679 132 509 189 112 74 465 381 171 79 382 1415 231 48 99 162 518 196 75 873 5409 832 452 112
internal_value=0 0.0141198 -0.00406568 0.0204595 -0.00630364 0.0115107 0.00138655 0.00524322 -0.00249354 0.00349407 -0.000761769 0.0276192 -0.00229723 -0.0115738 0.00700289 0.00204235 0.00680111 0.0292264 -0.00403691 0.00787351 0.00124296 -0.00540235 0.00194816 0.0087703 0.00922291 0.00723367 -0.0100704 0.00289013 0.000644699 0.00691018
internal_weight=0 648.891 2257.61 377.016 1600.39 169.889 657.22 271.875 797.271 557.957 321.13 207.127 306.349 95.0981 143.324 111.824 95.8301 198.799 704.486 71.4769 60.1972 633.009 211.25 111.091 236.827 220.908 803.114 249.424 224.617 132.936
internal_count=19754 4021 15733 2377 11435 835 4298 1644 4510 3488 2351 1542 2239 846 700 529 461 1489 4001 378 330 3623 1393 714 1137 1062 6925 1528 1396 944
is_linear=0
shrinkage=0.04


Tree=57
num_leaves=31
num_cat=0
split_feature=18 7 23 7 3 0 18 2 27 23 0 18 2 23 35 3 0 28 2 0 35 0 35 34 5 31 25 2 31 29
split_gain=90.1507 29.5427 16.9445 15.6749 15.4888 9.75498 9.27264 8.4883 8.21226 7.6248 8.0569 14.4431 9.74266 7.30853 7.67535 7.47473 7.2286 6.89252 9.24181 9.34335 8.31954 7.97968 7.75183 6.84391 6.61897 6.59808 6.53565 6.18688 5.78779 5.5749
threshold=1.5000000000000002 0.57499998807907116 1.0000000180025095e-35 0.57499998807907116 1.5000000000000002 7.638195514678956 11.500000000000002 978.50000000000011 3.3268313407897954 1.0000000180025095e-35 7.5474979877471933 6.5000000000000009 797.50000000000011 1.0000000180025095e-35 1.3396216034889223 3.5000000000000004 7.3172068595886239 -0.37940952181816096 657.50000000000011 6.6795794963836679 2.2683899402618413 7.8062870502471933 1.223888158798218 3.5000000000000004 0.14645647257566455 0.41428571939468389 0.27500000596046453 635.50000000000011 0.12916667014360431 1.0000000180025095e-35
decision_type=2 2 2 2 2 2 2 2 2 2 2 2 2 2 2 2 2 2 2 2 2 2 2 2 2 2 2 2 2 2
left_child=1 2 4 9 7 -4 -5 16 25 10 -2 -12 -13 15 -15 -3 -1 18 21 23 22 27 28 -20 -24 29 -18 -10 -21 -6
right_child=3 13 5 6 8 -7 -8 -9 17 -11 11 12 -14 14 -16 -17 26 -19 19 20 -22 -23 24 -25 -26 -27 -28 -29 -30 -31
leaf_value=-0.0071900745584704004 0.017483841175428859 0.0016136529190769544 0.0105328969878336 0.034267898670961736 0.015991133421957699 -0.010642455222544723 0.0044094680043313518 0.0095928335037625788 -0.0069278578688045309 0.028436395818145523 0.016929842590205642 -0.029842871205019793 0.0070713174831668977 0.0089837561386978682 0.043564947957390202 0.014143433592571513 -0.019168442650032941 0.00018990304861335187 0.001835889822541327 -0.005633058831748524 0.018020257647249221 -0.02993054796828163 0.0013352207306498306 0.026817155573504423 -0.027384201221176352 0.038680230471487172 -0.0078660026565756623 -0.026271712262270569 0.022208446805860333 -0.016079849531085828
leaf_weight=319.23376315273345 74.747760124504566 503.72892549447715 156.27296733483672 115.23899085819721 20.830870343372226 42.876209989190102 20.143165767192841 29.873588260263205 257.51350876316428 35.266010895371437 38.952604025602341 27.180469870567322 17.758149385452271 37.992965683341026 12.898792617022989 87.90511205419898 251.46748655289412 390.26112887822092 50.436295157298446 79.702296104282141 18.552867949008942 31.119315356016159 17.325698234140873 25.176942592486739 45.678841881453991 10.242246158421038 127.17730586975813 27.991150556132197 12.001531183719633 12.06017445027828
leaf_count=3419 464 2310 807 981 138 135 138 225 2201 230 177 93 67 184 52 428 1768 3010 391 631 80 136 120 240 253 49 680 240 84 81
internal_value=0 -0.00261324 -0.0050902 0.0195569 -0.00636472 0.00591342 0.0299542 -0.0107963 -0.00312093 0.0120659 0.00811792 -0.000439995 -0.0155759 0.00480352 0.0190644 0.00351671 -0.011694 -0.00390104 -0.006715 -0.000931466 -0.00604102 -0.0112266 -0.00911964 0.0106306 -0.0196885 0.0135718 -0.0154335 -0.00899391 -0.00159312 0.003984
internal_weight=0 2568.32 1925.79 329.287 1726.65 199.149 135.382 727.752 998.893 193.905 158.639 83.8912 44.9386 642.526 50.8918 591.634 697.879 955.76 565.498 248.874 173.261 316.624 154.708 75.6132 63.0045 43.1333 378.645 285.505 91.7038 32.891
internal_count=19812 17662 14688 2150 13746 942 1119 6092 7654 1031 801 337 160 2974 236 2738 5867 7386 4376 1799 1168 2577 1088 631 373 268 2448 2441 715 219
is_linear=0
shrinkage=0.04


Tree=58
num_leaves=31
num_cat=0
split_feature=31 23 7 3 7 25 20 3 1 27 0 29 26 4 27 27 30 4 0 0 23 25 28 8 23 6 6 29 28 6
split_gain=81.5382 20.2543 16.9285 16.287 14.697 14.8312 11.0616 9.22677 13.2108 8.16504 8.74166 7.69301 7.67893 8.24333 10.2866 9.247 7.11927 6.81628 13.8022 8.52 6.66139 7.40644 6.56865 6.20628 5.97506 5.9051 11.9552 7.29319 7.84408 6.06597
threshold=0.28991597890853887 1.0000000180025095e-35 1.0000000180025095e-35 1.5000000000000002 0.57499998807907116 0.31000000238418585 0.31377777457237249 3.5000000000000004 1.5000000000000002 2.9831503629684453 7.2484977245330819 0.91597560048103344 1.0000000180025095e-35 0.89776721596717846 3.4483977556228642 3.6750333309173588 1.8688347935676577 0.88657814264297496 7.5315487384796151 7.5153408050537118 1.0000000180025095e-35 0.23499999940395358 0.12940952181816109 7.5000000000000009 1.0000000180025095e-35 5.3057861328125009 5.2755572795867929 0.91597560048103344 0.78656607866287243 5.6472105979919442
decision_type=2 2 2 2 2 2 2 2 2 2 2 2 2 2 2 2 2 2 2 2 2 2 2 2 2 2 2 2 2 2
left_child=2 4 3 20 5 7 -6 12 -9 -4 11 24 13 14 -2 -16 -3 19 -19 -12 21 -1 -22 -7 -11 26 -5 28 29 -27
right_child=1 16 9 25 6 23 -8 8 -10 10 17 -13 -14 -15 15 -17 -18 18 -20 -21 22 -23 -24 -25 -26 27 -28 -29 -30 -31
leaf_value=-0.020357070298959962 0.0047468813682711797 0.0049420000355905151 0.031033999307529689 -0.0013109162805664282 0.0033939539478145286 0.0074598716466139948 0.022301797266951959 -0.011104557187838955 0.033066616031432246 0.00020493016012799951 0.008728164321026792 0.021278407329808801 0.0080854063350325432 0.017122914410945794 -0.045572752231440479 -0.012965806627172279 0.034309707129242473 -0.023080832656448291 -0.0024128557263681447 -0.0059436912479497459 0.0098613160620870405 -0.0088735886639786515 -0.020855342182864948 0.027905151452518866 0.014422729561600671 -0.019044714767877426 0.041280800224953937 0.018751836236104345 0.012051619483534162 -0.0061017533763572185
leaf_weight=203.77940194308758 41.090210452675819 16.78444455191493 11.188598737120627 372.51331693865359 70.605722766369581 52.972701944410801 170.26532212644815 16.735995531082153 25.084683492779732 521.50693150795996 102.20577967911959 31.312891324982047 56.060041973367333 15.68412386998534 15.444835755974053 86.102406159043312 76.227664459496737 77.713232979178429 148.65159418433905 159.43210892379284 34.488244954496622 168.89722496643662 14.034887596964834 44.306608445942402 50.016364302486181 97.394525211304426 8.8500280156731588 13.923548012971876 23.553483072668314 146.07605368643999
leaf_count=2280 200 89 52 2863 329 287 1187 121 150 3451 531 204 361 135 89 614 542 415 594 625 166 1358 69 240 251 843 73 110 197 1286
internal_value=0 0.0120318 -0.00374429 -0.00728974 0.00925213 0.0040207 0.016833 -0.0010573 0.0156899 -0.00025152 -0.00062862 0.0025897 -0.00443911 -0.00891945 -0.0119802 -0.0187096 0.0292258 -0.0045986 -0.00964837 -0.000189569 -0.0134219 -0.0152279 0.000502919 0.0171464 0.00149514 -0.00336133 -0.000112316 -0.00773962 -0.00925011 -0.0113923
internal_weight=0 687.365 2185.54 1083.51 594.353 353.482 240.871 256.202 41.8207 1102.03 1090.84 602.836 214.382 158.322 142.637 101.547 93.0121 488.003 226.365 261.638 421.2 372.677 48.5231 97.2793 571.523 662.311 381.363 280.948 267.024 243.471
internal_count=19712 4344 15368 9245 3713 2197 1516 1670 271 6123 6071 3906 1399 1038 903 703 631 2165 1009 1156 3873 3638 235 527 3702 5372 2936 2436 2326 2129
is_linear=0
shrinkage=0.04


Tree=59
num_leaves=31
num_cat=0
split_feature=32 7 7 0 25 31 23 29 6 27 30 30 30 0 4 0 0 28 27 25 23 5 0 0 23 31 29 26 15 27
split_gain=78.7145 27.8105 12.5903 11.2899 9.69774 9.4873 9.27651 8.77336 8.19998 7.99138 7.67252 8.70464 7.55692 9.14572 8.03786 7.36844 6.97055 6.09763 6.39023 6.012 5.83894 7.19251 7.69029 5.68586 5.7108 6.59468 7.63552 5.90484 7.64622 5.6526
threshold=5.5000000000000009 1.0000000180025095e-35 0.57499998807907116 6.5875263214111337 0.23499999940395358 0.28991597890853887 1.0000000180025095e-35 0.91597560048103344 4.4716224670410165 3.3446254730224614 3.4498615264892583 3.6242519617080693 4.0342013835906991 7.8845748901367196 0.81926885247230541 7.255584955215455 7.5888266563415536 0.78656607866287243 4.8524208068847665 0.23499999940395358 1.0000000180025095e-35 0.20852514356374743 7.3369317054748544 8.4941287040710467 1.0000000180025095e-35 0.12916667014360431 -0.12940952181816107 1.0000000180025095e-35 0.15795455127954486 3.9617646932601933
decision_type=2 2 2 2 2 2 2 2 2 2 2 2 2 2 2 2 2 2 2 2 2 2 2 2 2 2 2 2 2 2
left_child=1 3 6 -1 16 7 10 20 -7 -6 -2 -12 14 19 -13 -9 -5 18 -10 -14 -3 22 -22 24 25 27 -27 29 -29 -11
right_child=2 5 -4 4 9 8 -8 15 17 23 11 12 13 -15 -16 -17 -18 -19 -20 -21 21 -23 -24 -25 -26 26 -28 28 -30 -31
leaf_value=0.0015081065581969159 0.027200045469368599 -0.0018448475147250852 0.02718756103234405 -0.0091941414336070004 0.018811045894522042 0.03311537263965917 0.029346921300716249 0.02649022341082952 0.011229331130869888 -0.0010426178187473499 -0.022523516891640605 0.033790260096014206 -0.011768478381881923 -0.016870327316832249 -0.0021099039461878613 -0.001934079797479261 -0.019207148945484368 -0.01478694604765066 -0.010914959115771804 0.016429656233302354 0.013647676139073969 0.025598234329290852 -0.012245716165652808 -0.033584777708449073 0.0082364266172525701 -0.0071865056252363125 0.026609460322774413 -0.023345748361653183 0.0049405651355746852 -0.015299221334274492
leaf_weight=210.69075664877892 24.56225398182869 935.65154060721397 137.81856831163168 366.96992579475045 20.76773963868618 18.541945792734623 36.210419535636902 33.531400384381413 170.05603328160942 59.935963705182076 15.874607205390928 25.862024635076523 14.563401646912096 29.716707438230515 15.197490699589251 24.326297231018543 163.52861674875021 17.836258701980114 22.11236360669136 46.048033900558949 37.063848584890366 25.909965738654137 32.637092843651772 9.3193810880184156 46.328633084893227 21.60021135956049 17.990610085427761 16.608842317014933 83.73961491137743 174.25531402975321
leaf_count=2216 135 5394 1169 3791 113 91 243 211 888 429 72 150 80 93 64 103 1045 91 120 286 181 123 104 22 193 149 124 147 539 1323
internal_value=0 -0.00245865 0.0178442 -0.00688125 -0.00868237 0.00154565 0.0114545 -1.47426e-05 0.00891718 -0.0043387 0.00738958 0.00376516 0.00723152 0.000643524 0.0210216 0.0148739 -0.0123412 0.0064884 0.00859506 0.00949486 -0.000877225 0.00843574 0.00151985 -0.00553929 -0.00476162 -0.0064064 0.00871193 -0.00823671 -0.000105866 -0.0116903
internal_weight=0 2509.4 345.854 1191.74 981.045 1317.67 208.035 1089.12 228.547 450.546 171.825 147.262 131.388 90.3281 41.0595 57.8577 530.499 210.005 192.168 60.6114 1031.26 95.6109 69.7009 429.779 420.459 374.131 39.5908 334.54 100.348 234.191
internal_count=19689 17397 2292 10091 7875 7306 1123 6116 1190 3039 880 745 673 459 214 314 4836 1099 1008 366 5802 408 285 2926 2904 2711 273 2438 686 1752
is_linear=0
shrinkage=0.04


Tree=60
num_leaves=31
num_cat=0
split_feature=33 25 0 27 7 7 35 6 2 6 7 6 18 0 25 29 27 0 23 27 0 35 0 27 28 32 30 2 0 35
split_gain=69.632 21.8985 16.5465 13.6203 11.9939 10.9744 10.4744 13.1432 9.43627 9.12734 8.89518 8.22642 7.63792 10.0849 7.13275 6.82823 7.34796 6.72568 6.7032 8.91092 7.07176 8.11308 6.56886 6.26032 7.15698 5.84263 7.31381 5.61274 5.74005 6.46276
threshold=1.0000000180025095e-35 0.27500000596046453 6.455167531967164 3.5931932926177983 0.42499999701976782 0.57499998807907116 1.1548813581466677 4.7492611408233651 996.50000000000011 2.8617925643920903 1.0000000180025095e-35 2.2499048709869389 6.5000000000000009 7.5735280513763437 0.34999999403953558 -0.37940952181816096 3.3268313407897954 7.7815537452697763 1.0000000180025095e-35 4.0664591789245614 7.255584955215455 0.64001700282096874 7.6852409839630136 3.4160846471786503 -0.6035533845424651 1.5000000000000002 2.2499048709869389 527.50000000000011 8.3654389381408709 2.3028146028518681
decision_type=2 2 2 2 2 2 2 2 2 2 2 2 2 2 2 2 2 2 2 2 2 2 2 2 2 2 2 2 2 2
left_child=1 2 -1 6 12 8 15 -8 9 -5 27 -12 17 -14 18 16 -3 23 19 -7 21 -21 -22 -2 -25 -13 -27 -4 29 -29
right_child=4 3 10 5 -6 14 7 -9 -10 -11 11 25 13 -15 -16 -17 -18 -19 -20 20 22 -23 -24 24 -26 26 -28 28 -30 -31
leaf_value=0.0062022733221375852 0.020085375337791311 0.015003582415102246 -0.015870019985852614 -0.023809887739350614 0.024324664108266721 -0.010470833763704519 0.055119929524063437 0.011426833133502819 0.023215298286639117 -0.0013194182557101342 0.023731827615980659 -0.0050588745259904444 0.016652306252667604 -0.012211496442259114 0.02601893863377918 0.018016136214384495 -0.020219128428268798 0.033541032352948148 0.028174808172130802 0.00040824179283523962 -0.014507410436436548 0.029562971680064359 0.013431916375886539 -0.028575910574162186 0.012522728225093894 0.02791518879517426 -0.00081872249536333848 -0.0075176586744970606 -0.027808763685670264 0.013438048078963297
leaf_weight=192.16890094988048 31.776087142527103 13.925106938928364 169.72816677764058 28.406160540878773 183.90051006898284 51.106180794537067 17.953111737966537 27.685774870216846 21.832328453660011 579.36784755066037 15.829464882612227 610.80128925666213 31.395799495279789 44.108947351574898 31.42275570333004 33.937772043049335 21.790174029767513 26.068845510482788 17.179364159703255 25.154443748295307 27.468806639313698 37.095164194703102 22.818133264780045 10.360252521932127 13.233779482543467 17.550257295370102 51.142091698944569 449.6032100059092 19.269745200872421 23.05180985480547
leaf_count=2043 196 73 1706 136 1486 193 72 120 124 3508 75 3700 195 147 135 194 119 113 76 118 94 153 65 63 82 83 254 4209 73 117
internal_value=0 -0.00179897 -0.0047356 0.00295396 0.0174203 0.00117185 0.0157249 0.030207 -0.00148472 -0.00244522 -0.00629142 -0.00311867 0.00912577 -8.95708e-05 0.00899264 0.0056575 -0.0064187 0.017467 0.00578159 0.00311893 0.00936552 0.0181613 -0.00180085 0.00899368 -0.00634667 -0.00381199 0.00710459 -0.00960617 -0.00738946 -0.00644331
internal_weight=0 2506.29 1549.14 957.143 340.844 841.851 115.292 45.6389 629.606 607.774 1356.98 695.323 156.944 75.5047 212.245 69.6531 35.7153 81.439 180.822 163.643 112.537 62.2496 50.2869 55.3701 23.594 679.494 68.6923 661.653 491.925 472.655
internal_count=19722 17440 12260 5180 2282 4602 578 192 3768 3644 10217 4112 796 342 834 386 192 454 699 623 430 271 159 341 145 4037 337 6105 4399 4326
is_linear=0
shrinkage=0.04


Tree=61
num_leaves=31
num_cat=0
split_feature=18 23 3 26 23 3 8 25 5 25 30 2 8 1 27 27 16 27 2 6 16 2 2 30 20 8 4 32 20 27
split_gain=69.9568 22.9719 17.0702 12.5661 11.803 12.862 9.2523 8.77003 7.39916 7.31997 7.08936 7.04482 7.99394 6.92683 10.5197 6.8823 9.5389 7.87665 8.68961 7.43067 6.3387 8.67087 15.9992 8.65362 7.92899 6.4152 7.20322 6.24184 6.14524 6.08648
threshold=1.5000000000000002 1.0000000180025095e-35 3.5000000000000004 1.0000000180025095e-35 1.0000000180025095e-35 2.5000000000000004 4.5000000000000009 0.34999999403953558 0.2542980313301087 0.31000000238418585 4.2696731090545663 573.50000000000011 6.5000000000000009 1.5000000000000002 3.4483977556228642 4.5125062465667733 33.419235229492195 3.5452966690063481 683.50000000000011 4.5379471778869638 115.33442306518556 783.50000000000011 819.50000000000011 2.0126758217811589 0.13516666740179065 7.5000000000000009 0.82364079356193554 1.5000000000000002 0.22857142984867099 3.5821281671524052
decision_type=2 2 2 2 2 2 2 2 2 2 2 2 2 2 2 2 2 2 2 2 2 2 2 2 2 2 2 2 2 2
left_child=1 2 3 6 5 8 -1 27 10 -10 -2 12 -5 -4 -15 17 19 18 -13 -17 21 25 -23 24 -22 -19 -27 -3 -8 -30
right_child=4 7 13 11 -6 -7 28 -9 9 -11 -12 15 -14 14 -16 16 -18 20 -20 -21 23 22 -24 -25 -26 26 -28 -29 29 -31
leaf_value=0.00020487727355579595 0.01689207750958183 0.0052321279935816098 -0.00045982653985205194 0.0022791120229435587 0.033767339776808541 0.024733331751341629 -0.0091483926543827216 0.03692147271816696 -0.019420804222171847 0.012473219974340349 -0.0086498967445150874 0.043510290760345537 -0.013332632512587306 0.044701964254153924 0.0081906354473611238 0.0012281464322866672 -0.0031668822943476632 -0.0032395575209856631 0.0011284307614557222 0.029905838626944771 -0.0035304318003347881 0.045518561998897179 -0.0041508760940946587 -0.020076270982115025 0.040211354651281027 0.0062018993525841662 -0.02775799083922326 0.028877432487675173 0.022134794877711417 -0.0032288513674650237
leaf_weight=255.09260985814035 87.150075800716877 219.9225015565753 145.63880394771695 104.23129027709365 59.32030962780118 102.47916353493929 1057.2521770261228 15.2533862888813 27.356647953391075 17.201666325330734 20.272491686046124 11.214544650167229 102.68368925154209 12.213867466896771 130.34747017361224 20.995539240539074 40.450006742030382 80.927467416971922 18.950883345678449 45.705064907670021 10.173660188913347 11.766045667231081 41.01434076204896 7.9518029429018489 15.548603817820547 11.875779476016758 44.974747749045491 17.644743695855141 15.837134942412375 98.08125208131969
leaf_count=1219 497 1031 949 607 474 844 8672 72 142 113 81 77 882 70 777 124 314 457 119 277 96 72 260 59 118 83 363 85 86 766
internal_value=0 -0.00211182 -0.00338072 -0.00469579 0.0178523 0.0139077 -0.00669772 0.00928275 0.00638165 -0.00710127 0.0120019 0.000332902 -0.00552185 0.00569093 0.0118939 0.00369553 0.0120977 8.98476e-05 0.0186104 0.0211774 -0.00254417 -0.00539293 0.00817927 0.0129752 0.0239041 -0.0106348 -0.0206943 0.00721475 -0.00819896 0.000618313
internal_weight=0 2535.75 2282.93 1994.73 313.78 254.46 1426.26 252.821 151.981 44.5583 107.423 568.463 206.915 288.2 142.561 361.548 107.151 254.398 30.1654 66.7006 224.232 190.558 52.7804 33.6741 25.7223 137.778 56.8505 237.567 1171.17 113.918
internal_count=19786 17635 16447 14651 2151 1677 10743 1188 833 255 578 3908 1489 1796 847 2419 715 1704 196 401 1508 1235 332 273 214 903 446 1116 9524 852
is_linear=0
shrinkage=0.04


Tree=62
num_leaves=31
num_cat=0
split_feature=32 9 23 23 0 15 9 12 3 25 0 0 20 35 35 27 35 25 1 27 27 2 27 29 3 35 0 35 34 35
split_gain=58.8962 16.7621 13.0073 12.4471 11.0772 10.7506 10.2679 8.642 9.39107 8.1014 7.15821 11.2567 6.6422 8.25754 6.13207 6.08285 5.94245 6.42206 7.70606 5.70115 7.07708 5.69827 6.61043 5.72778 5.84629 5.72291 7.5984 5.66636 5.82548 5.55717
threshold=4.5000000000000009 1.0000000180025095e-35 1.0000000180025095e-35 1.0000000180025095e-35 7.6088676452636728 0.21374999731779101 1.0000000180025095e-35 1.0000000180025095e-35 3.5000000000000004 0.34999999403953558 7.9069137573242196 8.0882534980773944 0.61184212565422069 2.1240894794464116 1.4276303648948672 3.4919505119323735 1.4746742248535158 0.23499999940395358 2.5000000000000004 3.2445416450500493 4.4959130287170419 653.50000000000011 3.7220716476440434 0.91597560048103344 3.5000000000000004 0.99136292934417736 6.6280195713043222 0.48507562279701238 3.5000000000000004 0.41888718307018286
decision_type=2 2 2 2 2 2 2 2 2 2 2 2 2 2 2 2 2 2 2 2 2 2 2 2 2 2 2 2 2 2
left_child=1 7 4 5 21 -2 10 8 19 12 -7 -12 14 -14 -8 -4 -6 -18 -19 -1 -21 22 -3 24 29 26 -25 28 -23 -24
right_child=3 2 15 -5 16 6 9 -9 -10 -11 11 -13 13 -15 -16 -17 17 18 -20 20 -22 27 23 25 -26 -27 -28 -29 -30 -31
leaf_value=0.016810598832475567 -0.016988801612516511 0.0030103991722053233 0.028853437287244162 0.031119207286605929 -0.024391380528318681 0.025461964612207809 -0.0041572717034908616 0.015092041995896541 0.010673860054703641 0.023951419330885321 -0.024660056939320683 0.019754383757456653 0.00034566969673017296 -0.032263627671662617 0.027656731546628219 0.0029146088808401339 -0.015170373873448127 -0.0070735873443087951 0.020888386216718857 -0.0047128871929392399 0.0042316217969527274 0.0011818562906377018 -0.025837625269676791 -0.0085390736215451273 0.0011589190414540895 -0.018124390641553658 0.039520864931811159 -0.0029415789497265203 0.024146602076338106 -0.0097787637782705862
leaf_weight=25.055805943906307 18.361403524875641 91.752187361940742 13.990129075944422 61.478617750108242 54.952855661511421 109.42734557949007 18.338914394378662 70.43457256257534 124.52321487292647 24.589687868952751 11.919494092464445 24.723209246993065 41.380730297416449 15.730615049600599 17.53931537270546 159.33701705932617 166.47572314739227 110.07083650678396 16.386270351707935 451.88556368462741 203.86222076788545 55.157397456467152 37.002372298389673 7.9178760293871226 69.879200043156743 7.0457854866981497 10.811298064887522 416.40360869467258 24.162439376115799 388.65374463796616
leaf_count=106 98 852 62 501 412 968 99 307 598 129 74 143 217 36 73 772 1003 527 77 2128 960 549 551 89 556 58 114 3556 317 3900
internal_value=0 -0.00260299 -0.00499889 0.0150133 -0.00623156 0.0113078 0.0133915 0.00185759 0.000665573 0.00447938 0.0204079 0.00477826 -0.00106558 -0.00942389 0.0120343 0.00531352 -0.0124432 -0.0100515 -0.00318148 -0.00119091 -0.00192776 -0.00426375 -0.0068361 -0.008574 -0.00953608 0.00927723 0.0203396 -0.00106782 0.0085992 -0.0112891
internal_weight=0 2505.76 1630 343.489 1456.67 282.011 263.649 875.761 805.327 117.579 146.07 36.6427 92.9896 57.1113 35.8782 173.327 347.886 292.933 126.457 680.804 655.748 1108.79 613.062 521.31 495.535 25.775 18.7292 495.723 79.3198 425.656
internal_count=19832 17494 13395 2338 12561 1837 1739 4099 3792 554 1185 217 425 253 172 834 2019 1607 604 3194 3088 10542 6120 5268 5007 261 203 4422 866 4451
is_linear=0
shrinkage=0.04


Tree=63
num_leaves=31
num_cat=0
split_feature=18 7 7 25 29 3 23 23 18 27 26 15 5 0 28 1 23 5 18 29 25 35 27 5 1 27 25 26 28 35
split_gain=56.5131 22.9221 18.4859 13.3349 12.2674 10.4446 9.92981 9.28933 9.64497 8.67432 9.00266 11.8646 9.14167 8.26799 7.54436 7.23971 6.99877 6.7506 6.42294 6.30896 6.65912 6.26694 6.20078 6.03235 5.89123 7.83885 5.8235 5.717 11.3967 5.48132
threshold=1.5000000000000002 1.0000000180025095e-35 0.57499998807907116 0.34999999403953558 0.60355338454246532 1.5000000000000002 1.0000000180025095e-35 1.0000000180025095e-35 7.5000000000000009 2.9831503629684453 1.0000000180025095e-35 0.19597221910953525 0.18651568889617923 7.536893606185914 -0.6035533845424651 3.5000000000000004 1.0000000180025095e-35 0.20852514356374743 11.500000000000002 0.91597560048103344 0.27500000596046453 1.2791697382926943 4.0154814720153817 0.09622471779584886 1.5000000000000002 4.5586025714874276 0.2100000008940697 1.0000000180025095e-35 -0.6035533845424651 0.50824812054634105
decision_type=2 2 2 2 2 2 2 2 2 2 2 2 2 2 2 2 2 2 2 2 2 2 2 2 2 2 2 2 2 2
left_child=1 5 7 6 -5 15 9 8 -2 -3 -11 -12 22 -10 -15 23 19 -8 -4 29 -21 -20 -13 27 -24 -26 -18 -1 -29 -7
right_child=2 3 18 4 -6 16 17 -9 13 10 11 12 -14 14 -16 -17 26 -19 21 20 -22 -23 24 -25 25 -27 -28 28 -30 -31
leaf_value=-0.0060148039440693192 0.01217495186062249 0.032988278611836543 0.032803422987645027 0.0087323922792863981 0.044963523691942398 0.0043205905422028495 0.0058585620171331563 0.028061190955054171 0.010586083155036626 -0.0027120872200791586 -0.0060703319229082385 -0.0075256826451392733 0.02006859520473538 -0.036752971154459711 -0.00086929675410821043 0.016765506712866543 -0.0077623558243543004 0.027194506427993322 0.028584138992086672 -0.0027605388042832293 0.031586832373892204 -0.015125250668617187 0.0012340749722325904 -0.01295848149163106 0.0051844433942940474 0.042213847290859592 0.015885433194133443 -0.013068276504494419 0.055041712452400242 -0.0063079010752419675
leaf_weight=41.788914605975151 97.257468588650227 10.608911089599131 101.21175844781101 63.87979219853878 18.122402906417847 89.346909811720252 81.598358940333128 30.962514907121658 21.858590085059404 782.74719066917896 102.60329901427031 49.228456512093544 88.960568863898516 17.711600229144096 18.065370060503483 13.635071754455565 22.42493861541152 32.415178567171097 7.8402390480041531 19.869446232914925 14.123973220586775 9.3881052508950216 53.299432702362537 380.35598872601986 21.302149374037981 14.940648734569548 53.228906184434891 6.4637779220938683 6.0668749473988992 533.62538000568748
leaf_count=398 554 53 966 299 88 1007 354 225 136 4581 684 247 435 57 69 96 142 158 70 184 82 58 275 3566 103 76 239 61 62 4307
internal_value=0 -0.00142546 0.0167773 0.00219603 0.0176193 -0.0054694 0.0011474 0.00875188 0.00458351 -2.86872e-06 -0.000375915 0.00514279 0.0102037 -0.0082054 -0.019639 -0.0102654 -0.00251467 0.0122888 0.0290163 -0.00384704 0.0124727 0.00567011 0.00368438 -0.0111862 0.00987721 0.0218587 0.00885648 0.00124337 0.0229451 -0.00477461
internal_weight=0 2500.64 304.296 1319.71 82.0022 1180.93 1237.7 185.856 154.893 1123.69 1113.08 330.335 227.731 57.6356 35.777 448.311 732.62 114.014 118.44 656.966 33.9934 17.2283 138.771 434.676 89.5422 36.2428 75.6538 54.3196 12.5307 622.972
internal_count=19632 17497 2135 7353 387 10144 6966 1041 816 6454 6401 1820 1136 262 126 4183 5961 512 1094 5580 266 128 701 4087 454 179 381 521 123 5314
is_linear=0
shrinkage=0.04


Tree=64
num_leaves=31
num_cat=0
split_feature=18 25 7 7 0 23 23 3 6 2 26 6 16 35 35 27 6 0 0 32 2 12 35 22 6 29 2 27 13 28
split_gain=57.2452 22.1572 15.0158 14.2806 10.4253 8.80567 8.33859 8.60978 8.78539 8.06229 7.63619 9.05729 10.2437 8.08452 7.48593 7.45845 8.19822 6.96176 8.46797 6.57627 8.18401 8.47758 7.06922 6.39666 6.3253 6.2476 6.09308 5.51585 4.6962 6.43163
threshold=1.5000000000000002 0.34999999403953558 1.0000000180025095e-35 0.42499999701976782 6.5875263214111337 1.0000000180025095e-35 1.0000000180025095e-35 1.5000000000000002 2.6020033359527592 483.50000000000006 1.0000000180025095e-35 5.2443854808807382 94.371532440185561 2.3028146028518681 2.1240894794464116 3.5931932926177983 6.1622610092163095 7.7815537452697763 7.5786535739898691 1.0000000180025095e-35 697.50000000000011 1.0000000180025095e-35 1.0040274262428286 0.31377777457237249 5.4402484893798837 0.12940952181816107 789.50000000000011 3.9972823858261113 1.0000000180025095e-35 0.37940952181816107
decision_type=2 2 2 2 2 2 2 2 2 2 2 2 2 2 2 2 2 2 2 2 2 2 2 2 2 2 2 2 2 2
left_child=1 2 4 5 -1 14 7 8 -4 -5 13 27 24 19 17 16 28 18 -2 -9 21 25 -22 -14 -13 -21 -24 -12 29 -6
right_child=3 -3 6 9 15 -7 -8 10 -10 -11 11 12 23 -15 -16 -17 -18 -19 -20 20 22 -23 26 -25 -26 -27 -28 -29 -30 -31
leaf_value=0.0015667940729287536 0.0099739218369303932 0.012577729797665221 0.026556743399640252 -0.0065922705956562386 0.0046176062299093943 0.027634565045618481 0.010122613425790355 -0.005327302122664814 -0.0060934658877189324 0.027069694461409801 0.0019705066656433663 -0.035824872609361021 0.0032508497587706909 -0.020708584383200113 -0.013676102699093338 -0.0096584476808091804 -0.027627672198747767 0.029567261088184589 -0.020957126915461036 0.0027662102807363273 0.023345417656398637 0.02960276744619865 0.017368681123773436 0.037725173182601275 -0.0039552033655816561 -0.01415045341653141 -0.013783005551201481 0.022674606742113471 -0.01221404545285224 0.034375572321879204
leaf_weight=203.40625054948032 56.672345336526632 148.98420709371567 11.609656658023594 11.59303233027458 54.067037627100945 25.222820099443197 111.45137864723802 181.64104842208326 481.14310758560896 143.28813817165792 29.42071527056396 11.417502660304306 26.533355006948113 29.105596944689751 31.962726950645447 815.45527566596866 10.815613675862549 17.456463485956192 16.690464988350868 91.494618479162455 52.418491538614035 11.408800952136515 16.580751158297062 11.065748039633034 41.149662602692842 53.995055925101042 19.873763062059879 69.889678183943033 15.253815352916716 13.103837639093397
leaf_count=2183 343 839 55 114 382 182 506 946 2866 1264 150 60 175 95 89 6887 87 72 77 612 348 63 81 57 212 355 96 345 131 91
internal_value=0 -0.00228253 -0.00322957 0.0160712 -0.00660642 0.00704366 -0.000219978 -0.0012482 -0.00521996 0.0244981 0.00178814 0.00849348 -0.000712633 -0.0010198 0.00243859 -0.00843537 0.00223954 0.00828243 0.00256751 0.000411157 0.00466102 -0.000860877 0.0142139 0.0147899 -0.0119366 -0.00361876 0.000552261 0.016701 0.00672031 0.0112489
internal_weight=0 2511.28 2362.3 302.886 1112.1 148.005 1250.2 1138.75 492.753 154.881 645.995 189.477 90.1663 456.518 122.782 908.696 93.2403 90.8193 73.3628 427.413 245.771 156.898 88.873 37.5991 52.5672 145.49 36.4545 99.3104 82.4247 67.1709
internal_count=19763 17622 16783 2141 9761 763 7022 6516 2921 1378 3595 999 504 2596 581 7578 691 492 420 2501 1555 1030 525 232 272 967 177 495 604 473
is_linear=0
shrinkage=0.04


Tree=65
num_leaves=31
num_cat=0
split_feature=22 23 3 3 12 4 19 10 27 26 3 2 5 16 28 27 0 27 6 4 6 8 20 4 2 35 35 4 5 31
split_gain=55.2473 14.4804 12.8735 12.2792 9.9439 9.03181 8.66762 7.75515 7.06982 7.01713 8.12581 7.01086 6.89575 7.88436 6.87787 7.5706 7.34425 6.77007 7.7362 6.70883 5.91743 5.87789 7.04238 5.81908 9.59604 11.7752 9.52163 5.77064 6.82527 5.676
threshold=0.41562499105930334 1.0000000180025095e-35 2.5000000000000004 1.5000000000000002 1.0000000180025095e-35 0.89851060509681713 1.0000000180025095e-35 1.0000000180025095e-35 4.4779047966003427 1.0000000180025095e-35 3.5000000000000004 1019.5000000000001 0.22273581475019458 4.177243947982789 -0.6035533845424651 4.5331368446350107 7.618739366531373 3.5821281671524052 5.2755572795867929 0.89112007617950451 6.2567088603973398 4.5000000000000009 0.25690476596355444 0.84078967571258556 577.50000000000011 2.3680539131164555 2.0560559034347539 0.86090886592865001 0.20298065990209582 0.69788244366645824
decision_type=2 2 2 2 2 2 2 2 2 2 2 2 2 2 2 2 2 2 2 2 2 2 2 2 2 2 2 2 2 2
left_child=1 3 21 4 7 19 9 11 -4 10 -5 23 -3 -14 15 -11 -17 -9 -19 -6 -20 22 -2 -1 26 -26 -25 28 -12 -23
right_child=2 12 8 6 5 -7 -8 17 -10 14 27 -13 13 -15 -16 16 -18 18 20 -21 -22 29 -24 24 25 -27 -28 -29 -30 -31
leaf_value=-0.01935590524797897 -0.0094847087910604182 0.0035761399722424865 0.027381774968892242 -0.0046532548752446293 0.0028053506441178232 0.023453684244674346 0.029599310192879882 0.02362399114520938 -0.010012391322738691 -0.0070246772401549229 0.032586647691367564 0.01267830043429328 0.032548673399373451 0.0021907994859534088 0.0087677054665891169 0.0023090583000809758 0.036900794631600176 -0.016722847798700587 0.011523888002080897 -0.025565710975926064 -0.010934478645466168 0.022463814190564649 0.026619599597892587 -0.018764832317757791 -0.0022617750131524029 -0.028204206761675767 0.009878289959854571 -0.016891495338112059 0.0042330003432546033 0.00075470758064966384
leaf_weight=103.88652637787163 9.6105138733983022 191.92029535770416 124.94926572591066 732.29314773902297 78.11780603043735 27.439099870622158 13.142395928502081 15.659473218023775 7.6609314419329158 130.87292630597949 12.898811254650353 19.550206307321787 30.132989622652531 24.382152546197176 201.04748065583408 41.045019986107945 11.036234825849531 40.423268523067236 55.510424423962831 14.012164607644079 26.022845353931189 21.09752219170332 43.060870002955198 178.30928444489837 298.90261116810143 28.945439204573631 19.459846161305904 16.508553680032492 166.9011164419353 117.20975185930729
leaf_count=878 43 899 1086 5466 515 147 90 69 45 863 79 145 143 124 1287 289 51 178 275 82 130 100 351 1719 2639 110 93 98 1076 641
internal_value=0 -0.00193015 0.015595 -0.00294753 -0.00653048 0.00416102 -0.000492197 -0.00816195 0.0251048 -0.000838061 -0.00271763 -0.0099856 0.00723395 0.019529 0.00369768 -0.0019083 0.0107328 0.000458958 -0.00284865 -0.00196116 0.00426571 0.00879997 0.019926 -0.0107274 -0.00895508 -0.00470934 -0.0158758 0.00447698 0.0066032 0.00433924
internal_weight=0 2478.42 323.589 2231.98 906.239 119.569 1325.75 786.67 132.61 1312.6 928.602 649.054 246.435 54.5151 384.002 182.954 52.0813 137.616 121.957 92.13 81.5333 190.979 52.6714 629.504 525.617 327.848 197.769 196.308 179.8 138.307
internal_count=19711 17445 2266 16279 6980 744 9299 6236 1131 9209 6719 5584 1166 267 2490 1203 340 652 583 597 405 1135 394 5439 4561 2749 1812 1253 1155 741
is_linear=0
shrinkage=0.04


Tree=66
num_leaves=31
num_cat=0
split_feature=18 25 9 26 23 29 0 20 15 1 15 26 18 35 4 35 0 5 5 4 5 16 16 16 25 27 5 6 34 5
split_gain=45.254 15.8123 13.129 13.058 10.6371 9.49805 9.24184 9.21489 10.1449 8.11576 8.09384 7.4684 7.26631 6.83252 7.00292 6.69058 7.50721 6.26246 6.65728 6.49846 6.35938 6.1583 5.81698 5.70901 7.69397 6.33422 5.66038 5.58559 7.32384 5.66316
threshold=1.5000000000000002 0.34999999403953558 1.0000000180025095e-35 1.0000000180025095e-35 1.0000000180025095e-35 0.78656607866287243 6.8090240955352792 0.60772728919982921 0.35625000298023229 3.5000000000000004 0.15795455127954486 1.0000000180025095e-35 11.500000000000002 0.59463232755661022 0.78667956590652477 1.4027330875396731 7.2413599491119394 0.14865864068269732 0.13362853229045871 0.74491518735885631 0.22422358393669131 38.977735519409187 1.2610096335411074 7.3719546794891366 0.17500000447034839 4.246349811553956 0.17218184471130374 6.4175486564636239 9.5000000000000018 0.48902337253093725
decision_type=2 2 2 2 2 2 2 2 2 2 2 2 2 2 2 2 2 2 2 2 2 2 2 2 2 2 2 2 2 2
left_child=1 3 11 4 6 15 23 -4 -9 27 13 12 -2 -5 -15 16 -3 18 -6 -19 -21 -10 -17 24 -1 -26 -27 28 29 -8
right_child=2 5 7 10 17 -7 9 8 21 -11 -12 -13 -14 14 -16 22 -18 19 -20 20 -22 -23 -24 -25 25 26 -28 -29 -30 -31
leaf_value=0.0077553269360375442 0.021803841640310177 0.008035777798630404 0.02118399856546636 0.013529208420759185 0.0037508056111598184 0.035829925819417553 -0.0070902705209684959 -0.019602928067747438 0.016884588493610811 0.011948302531696549 0.0041553976101609026 0.038019038276760821 -0.0036658211398863912 0.011023604092013842 -0.019128508476913237 0.036130341662371161 -0.016485927193252203 -0.0092921016211649984 -0.024291584402049895 0.0093783641674949122 0.035581710132513884 -0.0080445065312516936 0.0034069126449391969 0.0046691796020680264 -0.016186869244199927 -0.013718791513883733 0.0068911459777286381 -0.020836176372492524 0.017637069629400842 -0.028783942074461943
leaf_weight=59.556310452520847 101.0947722773999 72.166475426405668 40.906858827918768 16.807373180985451 56.444242600351572 19.465353906154633 953.604033626616 30.065951339900494 40.90056549012661 32.821305882185698 595.66186280362308 38.593150001019239 21.057707771658897 13.853042691946028 62.23705318570137 17.93508418649435 25.351678267121315 15.591223552823065 15.665276583284138 46.939698960632086 21.269013546407223 23.630123224109411 16.222489915788174 202.32034972682595 87.160765748471022 32.415089167654514 54.069210566580296 48.297236435115337 16.995336078107357 17.901285871863365
leaf_count=705 951 452 220 209 266 105 6649 133 228 190 3773 357 147 95 477 78 136 76 79 222 101 115 74 2212 542 259 314 366 82 89
internal_value=0 -0.001378 0.0151054 -0.00218799 -0.00410648 0.0110781 -0.00513744 0.00580734 -0.001143 -0.0071343 0.00243856 0.0227757 0.0174248 -0.00842544 -0.0134972 0.00693777 0.0014577 0.00578535 -0.00283236 0.013094 0.01833 0.00778854 0.0216371 -0.000223048 -0.00447105 -0.00870498 -0.000969125 -0.00776023 -0.00708057 -0.00754832
internal_weight=0 2500.75 296.249 2349.61 1661.05 151.141 1505.14 135.503 94.5966 1069.62 688.559 160.746 122.152 92.8975 76.0901 131.676 97.5182 155.909 72.1095 83.7999 68.2087 64.5307 34.1576 435.522 233.201 173.645 86.4843 1036.8 988.501 971.505
internal_count=19702 17551 2151 16706 12152 845 11408 696 476 7376 4554 1455 1098 781 572 740 588 744 345 399 323 343 152 4032 1820 1115 573 7186 6820 6738
is_linear=0
shrinkage=0.04


Tree=67
num_leaves=31
num_cat=0
split_feature=31 25 25 3 35 29 6 26 6 8 27 27 16 6 30 6 30 34 7 27 23 29 5 35 2 35 29 6 2 25
split_gain=47.0317 21.8716 12.9412 12.6078 10.177 10.0932 9.6655 8.24843 7.55503 7.37892 7.21237 7.1904 7.10113 7.06337 6.57223 6.38948 6.27001 7.7763 6.15621 5.80675 6.19605 5.53587 5.33447 5.26768 7.17784 6.33293 5.23533 9.12718 8.53314 5.23449
threshold=0.41428571939468389 0.23499999940395358 0.27500000596046453 2.5000000000000004 0.48507562279701238 0.91597560048103344 2.2499048709869389 1.0000000180025095e-35 4.1666352748870858 7.5000000000000009 3.9070099592208867 4.41219186782837 129.04687500000003 4.1971738338470468 1.0000000180025095e-35 2.8617925643920903 4.182021141052247 11.500000000000002 0.57499998807907116 5.2070240974426278 1.0000000180025095e-35 0.78656607866287243 0.1500661373138428 3.566759586334229 406.50000000000006 2.6709638833999638 -0.98296290636062611 6.1537954807281503 567.50000000000011 0.14500000327825549
decision_type=2 2 2 2 2 2 2 2 2 2 2 2 2 2 2 2 2 2 2 2 2 2 2 2 2 2 2 2 2 2
left_child=2 9 4 12 21 7 -6 13 15 11 -11 16 23 14 -4 -9 17 -2 -18 20 -15 29 -22 24 -3 -26 27 28 -8 -1
right_child=1 3 5 -5 6 -7 26 8 -10 10 -12 -13 -14 19 -16 -17 18 -19 -20 -21 22 -23 -24 -25 25 -27 -28 -29 -30 -31
leaf_value=0.018983953833550067 0.0062754157326463111 -0.019501046488134475 -0.016071473353963521 0.024838068644469382 0.014619103499677861 0.018746811238853908 -0.01007718615636753 -0.0029140946243390439 0.0024502389353267848 -0.022985789902373974 0.0020647437769830959 -0.0087610094418859932 -0.0097634609127805055 -0.0015800102040647488 0.012825599195517302 0.029352446911115798 -0.029720273953718204 0.030747824856892349 0.010733729280600015 -0.028038479093186981 0.00018048678737397125 0.024682607938435384 0.027592973476494503 -0.012389013609703507 0.013402074289656682 0.044617821604595681 -0.0079303211518716183 -0.02647645363010942 0.021782067452521429 -0.0018860451810381138
leaf_weight=20.768786290660501 66.392651489004493 8.1649391576647741 90.325961656868458 145.6326218303293 31.389288492500782 45.972587436437607 19.574213985353708 13.304947130382059 205.50062395259738 34.810987295582891 36.142582012340426 43.661457212641835 25.398975674062967 375.97395215183496 13.056642282754181 32.170955717563629 9.7429423406720179 29.225389655679464 10.773195829242466 10.072290621697901 22.496349975466728 16.440062595531344 20.996100798249245 11.602086111903189 162.63981144875288 9.6674760207533819 1095.8450787588954 11.227093663066624 35.229036264121532 122.02425592206419
leaf_count=298 386 50 420 1135 202 235 171 57 1068 210 315 265 144 2327 87 150 54 232 107 65 94 183 87 31 1034 47 8504 99 248 1375
internal_value=0 0.00968313 -0.00299521 0.0157756 -0.00540522 0.000936104 -0.00667202 -0.000153475 0.00579827 4.29229e-05 -0.0105187 0.00480461 0.00953574 -0.00296762 -0.0122478 0.0201871 0.00996668 0.0142321 -0.009411 -0.000687631 9.90574e-05 0.00405298 0.0140452 0.0121621 0.0138589 0.0156453 -0.00727136 0.00357651 0.0104487 0.00136972
internal_weight=0 593.855 2182.37 363.106 1352.5 829.87 1193.26 783.898 250.977 230.749 70.9536 159.796 217.473 532.921 103.383 45.4759 116.134 95.618 20.5161 429.539 419.466 159.233 43.4925 192.074 180.472 172.307 1161.88 66.0303 54.8033 142.793
internal_count=19680 4010 15670 2441 11080 4590 9224 4355 1275 1569 525 1044 1306 3080 507 207 779 618 161 2573 2508 1856 181 1162 1131 1081 9022 518 419 1673
is_linear=0
shrinkage=0.04


Tree=68
num_leaves=31
num_cat=0
split_feature=32 23 7 3 31 25 28 23 4 23 6 0 2 7 27 27 27 28 26 26 2 0 28 35 4 2 2 27 35 0
split_gain=45.08 17.0718 16.5102 15.4064 10.6555 7.55393 9.98303 7.1546 7.1088 8.08755 6.71173 6.04189 5.98516 5.67848 5.66712 6.19789 5.60152 5.55596 5.37853 5.36186 6.69164 9.34267 7.99132 5.3336 5.20097 6.69715 5.14067 5.03221 6.593 7.94977
threshold=1.5000000000000002 1.0000000180025095e-35 0.57499998807907116 1.5000000000000002 0.9049125909805299 0.34999999403953558 1.0000000180025095e-35 1.0000000180025095e-35 0.79468134045600902 1.0000000180025095e-35 2.2499048709869389 7.1356794834136972 514.50000000000011 1.0000000180025095e-35 2.8063815832138066 2.9311902523040776 3.3446254730224614 -0.91597560048103321 1.0000000180025095e-35 1.0000000180025095e-35 850.50000000000011 8.3298983573913592 -0.6035533845424651 0.70808297395706188 0.94005209207534801 721.50000000000011 657.50000000000011 3.6750333309173588 1.3077853322029116 7.0867292881011972
decision_type=2 2 2 2 2 2 2 2 2 2 2 2 2 2 2 2 2 2 2 2 2 2 2 2 2 2 2 2 2 2
left_child=2 4 3 7 5 14 17 24 9 18 -4 -9 -3 -6 -2 -16 -10 -7 23 20 21 -17 -22 -5 -1 -26 -18 -20 29 -29
right_child=1 12 10 8 13 6 -8 11 16 -11 -12 -13 -14 -15 15 19 26 -19 27 -21 22 -23 -24 -25 25 -27 -28 28 -30 -31
leaf_value=-0.01104803205530968 0.023034407323420006 -0.0025357389354494857 0.026065168401407181 0.0074231835740533672 -0.0018642573082137959 0.0024250379537835067 -0.0072920804600412736 0.015563235351813663 0.012735363185614001 0.025815476862837729 0.0027331121156111944 -0.0060904772312706358 0.03327250810924335 0.025725462742820195 -0.025753223861418928 -0.0024432288521663349 -0.006956871361455519 0.038026876263890251 0.034602563264385496 0.011587117377232921 -0.006886263132038605 -0.037069444016060195 0.028049565785009781 -0.0068202734799652064 -0.0061720652616842533 0.031613997457294568 -0.00024964937208975702 0.0046076620430694501 -0.015308168073181111 0.043259309867048908
leaf_weight=624.92872060276568 16.726840436458588 8.1732067316770536 18.587918221950531 63.610952755436301 14.256258502602575 9.6464669927954656 16.405997835099697 31.128375317901373 31.580360470339656 23.183076176792383 499.23471031710505 52.723853424191475 60.518867213279009 63.975036531686783 11.896782904863356 134.7380167581141 411.0601612739265 26.820389650762081 10.221766155213116 62.943473692983389 17.873750440776348 11.782902076840399 21.283101244829595 115.43392278254032 23.940580740571022 8.6280911788344365 328.30414020642638 38.569106264039874 15.301067240536211 9.1518383696675283
leaf_count=5624 108 66 76 557 80 60 95 183 193 113 2303 201 489 595 62 825 3408 184 61 368 100 28 125 758 183 65 2426 294 77 57
internal_value=0 0.0108727 -0.00261154 -0.00443238 0.0076864 0.00447786 0.0180412 -0.00883588 -0.00130175 0.00419369 0.00366771 0.0021233 0.0290607 0.0207766 0.00178052 0.000250798 -0.00327114 0.029225 0.00201943 0.0016907 -0.00175184 -0.00568948 0.0125429 -0.00173377 -0.0102357 0.00508812 -0.00398733 0.0109963 0.006221 0.0134621
internal_weight=0 477.041 2305.59 1787.77 408.349 330.118 52.8729 741.35 1046.42 275.472 517.823 83.8522 68.6921 78.2313 277.245 260.518 770.945 36.4669 252.289 248.621 185.678 146.521 39.1569 179.045 657.497 32.5687 739.364 73.2438 63.022 47.7209
internal_count=19764 3185 16579 14200 2630 1955 339 6256 7944 1917 2379 384 555 675 1616 1508 6027 244 1804 1446 1078 853 225 1315 5872 248 5834 489 428 351
is_linear=0
shrinkage=0.04


Tree=69
num_leaves=31
num_cat=0
split_feature=32 23 7 15 6 0 25 29 23 0 25 18 35 0 14 15 35 27 0 4 6 29 0 8 30 15 0 28 8 1
split_gain=34.5423 19.9033 12.9191 12.3073 10.8833 11.9858 8.52596 8.15758 7.37643 7.93632 6.79958 6.78926 7.97374 8.94615 8.67048 7.53754 7.12671 6.64342 6.58094 9.21507 8.61895 6.85315 7.89607 5.72283 5.69853 5.42265 5.18833 5.47715 5.20682 5.17229
threshold=1.5000000000000002 1.0000000180025095e-35 1.0000000180025095e-35 0.13516666740179065 5.2443854808807382 8.5896992683410662 0.34999999403953558 0.12940952181816107 1.0000000180025095e-35 6.5736558437347421 0.17500000447034839 9.5000000000000018 1.6378464698791506 7.27655053138733 1.0000000180025095e-35 0.39333333075046545 1.1689349412918093 3.8659784793853764 8.0149955749511737 0.88483822345733654 5.7667560577392587 0.91597560048103344 7.3105444908142099 7.5000000000000009 3.3140207529067998 0.35625000298023229 7.8617253303527841 -0.91597560048103321 7.5000000000000009 1.5000000000000002
decision_type=2 2 2 2 2 2 2 2 2 2 2 2 2 2 2 2 2 2 2 2 2 2 2 2 2 2 2 2 2 2
left_child=2 3 8 -2 17 6 11 -8 9 -1 -3 12 13 15 -14 -6 -13 -5 21 29 -21 -4 -23 24 -15 -16 27 -10 -29 -20
right_child=1 10 18 4 5 -7 7 -9 26 -11 -12 16 14 23 25 -17 -18 -19 19 20 -22 22 -24 -25 -26 -27 -28 28 -30 -31
leaf_value=0.001618161654912719 -0.014305532170528459 -0.0038321815077035628 0.0011806855368631001 0.027445077722500856 0.00032619231645544556 -0.0273124790762472 0.0057397611857921242 0.03777157742536668 -0.016549719500580883 -0.0077483028182276448 0.033979603760943805 0.01081333126718812 0.047357990496691302 -0.018557148508065221 -0.0078361635895088204 0.024632695458112967 -0.024551754025957485 0.001794641709573647 -0.034370034401101278 -0.010331708567391629 0.0215186015125313 0.025149976443264801 -0.0053598754359313406 -0.033317180252361411 0.011333503593942482 0.02168346395732049 0.026704454990657562 0.018471175635315321 -0.0016351522808748264 -0.0067889677393167015
leaf_weight=175.15586635842919 39.278076767921448 8.2247057259082776 1020.2262320723385 63.868861861526966 56.111197780817747 15.405486881732939 27.155726231634617 23.437373220920563 20.078916307538748 814.89671031758189 60.78183214366436 12.869727104902266 11.771913617849348 17.849872328341007 15.776620931923388 30.134561337530613 23.083521209657192 21.794175507500768 22.788548603653908 31.900474779307842 20.728603333234787 38.617285467684269 19.469622939825058 12.324138715863226 19.101996883749962 21.674181677401066 12.66409222781658 30.45651575550437 55.657790768891573 21.562932521104813
leaf_count=1970 253 55 5973 451 379 37 193 173 105 7241 517 91 69 80 64 268 92 128 74 103 79 238 88 67 157 144 44 160 283 62
internal_value=0 0.0099082 -0.00186825 0.00649848 0.00875769 0.00494652 0.00696485 0.0214507 -0.00496122 -0.00609131 0.0294919 0.00348128 0.00658829 0.00148398 0.020035 0.00918476 -0.0119898 0.021109 0.00105349 -0.00882106 0.00254147 0.00195626 0.0150856 -0.0118269 -0.00331685 0.00948112 0.00439715 0.00129242 0.00573381 -0.0218321
internal_weight=0 480.644 2284.2 411.637 372.359 286.696 271.291 50.5931 1108.91 990.053 69.0065 220.698 184.744 135.522 49.2227 86.2458 35.9532 85.663 1175.29 96.9806 52.6291 1078.31 58.0869 49.276 36.9519 37.4508 118.857 106.193 86.1143 44.3515
internal_count=19638 3218 16420 2646 2393 1814 1777 366 9803 9211 572 1411 1228 951 277 647 183 579 6617 318 182 6299 326 304 237 208 592 548 443 136
is_linear=0
shrinkage=0.04


Tree=70
num_leaves=31
num_cat=0
split_feature=18 3 7 25 1 18 35 7 31 29 6 6 6 35 27 31 7 5 16 20 6 27 35 20 0 0 29 35 35 3
split_gain=40.1556 14.8952 13.4573 13.2816 12.9563 12.9383 10.9004 9.40153 7.26959 7.31825 8.09304 9.52648 6.93847 6.77481 6.61373 8.48512 7.18051 6.74092 7.21971 6.33784 6.29489 6.85663 5.87798 7.19667 5.87201 6.24614 5.7231 5.65172 8.08078 5.62575
threshold=1.5000000000000002 3.5000000000000004 0.42499999701976782 0.23499999940395358 1.5000000000000002 9.5000000000000018 1.5282284021377566 0.57499998807907116 0.59545454382896434 -0.91597560048103321 3.979637980461121 2.9700856208801274 2.2499048709869389 0.54093557596206676 4.0851352214813241 0.7992805838584901 0.72499999403953563 0.102346058934927 77.539569854736342 0.53433334827423107 4.8162329196929941 3.9229624271392827 2.1240894794464116 0.77238947153091442 7.8143978118896493 7.5735280513763437 0.91597560048103344 0.93948763608932506 1.7290275692939761 2.5000000000000004
decision_type=2 2 2 2 2 2 2 2 2 2 2 2 2 2 2 2 2 2 2 2 2 2 2 2 2 2 2 2 2 2
left_child=1 3 19 4 12 -4 -7 -5 9 -3 11 -11 -1 -9 15 16 -6 18 -16 -2 -12 -22 23 24 25 -21 -14 -15 29 -29
right_child=2 8 5 7 14 6 -8 13 -10 10 20 -13 26 27 17 -17 -18 -19 -20 22 21 -23 -24 -25 -26 -27 -28 28 -30 -31
leaf_value=0.020014670345773901 0.020194976121010948 0.018342540399190109 0.029117331755369659 -0.0017264486673200616 -0.011911614705593085 0.020519213580199355 -0.023899158021736512 -0.0078241888772235969 0.022317908818728444 -0.0065202831531075943 -0.013028865616729507 0.026191078134366046 -0.011343903519997102 0.017427462947803708 0.029123700336701579 0.020386412631726393 0.013793686047498756 0.00013920127224350228 -0.0064886873318559879 0.0014178385646758573 -0.014072072163922962 0.0093067120080964055 -0.014208117163244717 0.025355772748895517 0.021761796969627111 -0.029857972886550767 0.0061591495254356681 -0.0065657440061152239 0.019817049515176283 0.017676500417678664
leaf_weight=10.450947191566227 33.029515586793423 45.884193511679769 110.98128802515566 779.36618651635945 166.90209941379726 17.272390887141231 14.32976348698139 39.983023703098297 39.133179739117622 22.084956403821707 64.435952212661505 34.983766231685877 556.19572639092803 89.321523070335388 25.607380026951432 14.888712450861929 17.70662983879447 289.81824974622577 12.656945798546074 35.641687944531441 25.755570854991674 70.904294291511178 29.058784455060959 20.755514889955521 12.134719185531138 12.229240462183951 30.370554693043232 77.147716291248798 36.453835487365723 17.010163433849812
leaf_count=78 189 273 1155 5130 1382 160 80 210 233 129 405 209 4909 389 217 89 85 2316 118 237 171 476 83 140 56 60 263 282 114 73
internal_value=0 -0.00162291 0.0141742 -0.00278747 -0.00579601 0.0227889 0.000154356 0.000472919 0.00665264 0.00418065 0.00106257 0.01374 -0.00982199 0.00703061 -0.00122026 -0.00692698 -0.0093247 0.00227078 0.0176068 0.00537957 -0.00354187 0.00291832 0.000642169 0.0061997 -0.00103038 -0.00744896 -0.0104198 0.00977733 0.00436169 -0.00190968
internal_weight=0 2467.06 285.433 2163.88 1124.6 142.583 31.6022 1039.28 303.182 264.049 218.165 57.0687 597.017 259.916 527.58 199.497 184.609 328.083 38.2643 142.849 161.096 96.6599 109.82 80.7612 60.0056 47.8709 586.566 219.933 130.612 94.1579
internal_count=19711 17551 2160 15655 9457 1395 240 6198 1896 1663 1390 338 5250 1068 4207 1556 1467 2651 335 765 1052 647 576 493 353 297 5172 858 469 355
is_linear=0
shrinkage=0.04


Tree=71
num_leaves=31
num_cat=0
split_feature=32 23 7 0 25 6 0 25 0 15 2 27 1 27 27 6 31 29 25 3 6 26 26 8 27 5 26 27 35 4
split_gain=30.8231 16.4617 12.8359 11.6932 11.3497 10.8452 10.2786 9.42224 8.3918 7.81355 7.70645 7.23993 7.00526 12.4479 8.45413 6.97659 6.91314 7.09738 9.8787 7.01206 6.86311 7.75533 6.76419 6.5543 6.47585 6.71037 6.22218 6.63713 6.63382 7.69409
threshold=1.5000000000000002 1.0000000180025095e-35 0.90000000596046459 8.4941287040710467 0.23499999940395358 6.2643496990203866 7.27655053138733 0.27500000596046453 7.5261752605438241 0.31377777457237249 514.50000000000011 4.8922271728515634 1.5000000000000002 4.0851352214813241 3.4483977556228642 5.1901714801788339 0.18465909361839297 0.91597560048103344 0.31000000238418585 1.5000000000000002 4.3107767105102548 1.0000000180025095e-35 1.0000000180025095e-35 7.5000000000000009 3.8033230304718022 0.27144037187099462 1.0000000180025095e-35 5.0635437965393075 2.5006700754165654 0.94005209207534801
decision_type=2 2 2 2 2 2 2 2 2 2 2 2 2 2 2 2 2 2 2 2 2 2 2 2 2 2 2 2 2 2
left_child=2 5 3 4 8 20 9 -8 12 -7 -3 -10 14 -14 -1 -4 17 26 19 -19 -2 -22 24 -13 25 -16 27 -6 29 -28
right_child=1 10 15 -5 16 6 7 -9 11 -11 -12 23 13 -15 22 -17 -18 18 -20 -21 21 -23 -24 -25 -26 -27 28 -29 -30 -31
leaf_value=0.014910394909879837 0.033397157844130526 -0.0080138244953801077 0.0027565159636053784 -0.024846757374460002 -0.0024212289534681973 -0.0058405571844371363 -0.033815981152944437 -0.001350272762722207 -0.012714341539428608 0.031844244775385951 0.032000740122196128 0.024997341773069896 -0.0081139701771365414 0.0064084310046163863 -0.032873122385278328 0.031732017077340788 0.0097529003220772625 -0.020281428418593067 0.038200660664996278 0.015099635091148532 0.0041307043184668621 0.018862157250582365 0.00073043957774655583 -0.0098561960363356092 -0.008270073431916455 0.0070545652115926154 0.00089964906127567548 -0.021323380289549321 0.031088804019610606 0.033158855027847045
leaf_weight=26.722953049466014 16.381095796823502 7.9905342608690253 27.182099770754576 34.813428230583668 574.63787044212222 18.520058304071426 24.747855737805367 31.115398325026035 267.42387790232897 13.941507037729023 59.683279633522034 14.813639149069788 147.96235235035419 253.12487972714007 32.363072086125612 24.832962863147259 122.27223788574338 12.743339013308285 15.853195533156393 20.873719900846481 220.55613768100739 76.013717448338866 115.20120469294488 16.100385099649429 276.02979195304215 7.5966754090040913 257.80149028450251 29.409296832978725 11.568090558052061 10.405863545835016
leaf_count=247 100 65 118 100 3634 124 114 143 1626 113 502 80 1325 2255 345 113 707 84 80 115 1515 518 1072 116 2810 65 1469 187 41 55
internal_value=0 0.00920931 -0.00202208 -0.00248306 -0.00210912 0.00605857 -0.0062156 -0.0164045 -0.00484143 0.011253 0.0271816 -0.0106002 -0.00282138 0.00103739 -0.00619109 0.0172527 0.000890132 -0.000289366 0.0141513 0.00130187 0.00954021 0.00800758 -0.00756166 0.00734931 -0.0105703 -0.0253081 -0.00112778 -0.00340885 0.00378638 0.00238741
internal_weight=0 468.95 2299.73 2247.72 2212.9 401.276 88.3248 55.8633 1157.34 32.4616 67.6738 298.338 859.001 401.087 457.914 52.0151 1055.57 933.293 49.4703 33.6171 312.951 296.57 431.191 30.914 315.99 39.9597 883.823 604.047 279.775 268.207
internal_count=19838 3194 16644 16413 16313 2627 494 257 9941 237 567 1822 8119 3580 4539 231 6372 5665 279 199 2133 2033 4292 196 3220 410 5386 3821 1565 1524
is_linear=0
shrinkage=0.04


Tree=72
num_leaves=31
num_cat=0
split_feature=27 0 23 31 26 7 0 2 30 6 27 6 15 35 2 35 1 2 0 7 35 28 0 35 27 6 27 4 6 25
split_gain=31.0386 13.7391 14.1694 11.5893 11.5102 8.74906 8.47571 7.76301 7.56701 7.15156 8.43012 12.1694 6.58671 11.9383 8.88412 7.63156 6.44423 7.09993 6.27665 6.09741 6.06959 6.15117 6.12655 6.05119 6.04753 5.73123 7.96599 5.85757 5.68865 5.67599
threshold=3.6519552469253544 8.5896992683410662 1.0000000180025095e-35 0.83805400133132946 1.0000000180025095e-35 0.57499998807907116 7.255584955215455 641.50000000000011 2.1383330821990971 4.1971738338470468 4.1581013202667245 6.0879099369049081 0.21374999731779101 2.6709638833999638 816.50000000000011 2.0223672389984135 1.5000000000000002 607.50000000000011 7.3689653873443612 0.42499999701976782 3.0526034832000737 -0.6035533845424651 8.0346298217773455 1.7290275692939761 3.8867046833038335 5.8565025329589853 4.4073286056518564 0.80873921513557445 5.9148526191711435 0.23499999940395358
decision_type=2 2 2 2 2 2 2 2 2 2 2 2 2 2 2 2 2 2 2 2 2 2 2 2 2 2 2 2 2 2
left_child=3 2 4 12 6 20 7 -2 25 -7 24 -12 14 16 15 28 17 -14 -8 29 21 22 -6 -21 -11 27 -27 -4 -1 -20
right_child=1 -3 8 -5 5 9 18 -9 -10 10 11 -13 13 -15 -16 -17 -18 -19 19 23 -22 -23 -24 -25 -26 26 -28 -29 -30 -31
leaf_value=0.015749123925436044 -0.0056588974457742192 -0.027483442870071088 0.018834809752104983 0.018524692479959266 -0.0085524146852993827 0.028914103791260311 -0.016996399471878167 0.0021992751082201144 0.028956662984848208 0.010370493470412427 0.0055751352207987302 0.042832648384378579 0.005320673070511199 0.038305891084432393 -0.025484812332091378 -0.024501527871934201 0.011340034609962198 -0.016720793215595515 -0.01403612655874849 -0.0060825246695635294 0.030409975474432326 0.0030310197290007628 0.02040946950703067 0.0091344718918931721 -0.017545442916637226 0.029599351632140211 -0.0021122312636803844 -0.0020837249526012482 -0.0065702192876860568 -0.0033988595943017386
leaf_weight=47.109851509332657 407.7000183314085 30.993518121540546 23.704733029007912 143.78236243128777 179.7962679490447 25.484034065157175 103.24078931286931 393.54487181268632 22.733629535883665 18.750298116356134 62.72106110304594 16.369698546826839 74.682004239410162 18.007292687892914 20.59654113650322 12.096570663154123 152.58276244439185 31.657742992043495 181.85027898102999 103.33953047543764 7.7553350627422324 219.98979558795691 10.611926853656767 67.332057356834412 29.619815111160278 29.285320676863194 20.883578065782785 126.74865041300654 27.664002075791359 145.36668585240841
leaf_count=418 3838 81 120 1190 1486 106 792 3247 178 97 285 80 493 74 141 45 892 195 1435 456 28 1705 51 253 147 140 105 593 248 870
internal_value=0 -0.00186035 -0.00147419 0.00890726 -0.00255698 0.0022245 -0.00450457 -0.00180336 0.00803068 0.0103439 0.00624172 0.0141527 0.00523262 0.00847735 -0.00313079 0.00262349 0.00612515 -0.00142869 -0.00808708 -0.00617906 -0.00078038 -0.00151441 -0.00674293 -4.29634e-05 -0.00674195 0.00539702 0.016824 0.00141595 0.00753561 -0.00935986
internal_weight=0 2227.82 2196.83 528.179 1973.47 571.098 1402.37 801.245 223.356 152.945 127.461 79.0908 384.397 276.93 107.467 86.8704 258.923 106.34 601.129 497.889 418.153 410.398 190.408 170.672 48.3701 200.622 50.1689 150.453 74.7739 327.217
internal_count=19789 16093 16012 3696 14876 3985 10891 7085 1136 715 609 365 2506 1654 852 711 1580 688 3806 3014 3270 3242 1537 709 244 958 245 713 666 2305
is_linear=0
shrinkage=0.04


Tree=73
num_leaves=31
num_cat=0
split_feature=31 25 3 5 5 23 35 8 25 27 2 35 35 21 7 5 6 8 28 27 6 27 25 0 29 35 25 2 4 6
split_gain=28.1365 12.2813 12.2757 9.29763 11.5387 8.39323 8.09966 7.39981 6.86717 7.96377 5.98615 7.80003 10.1778 9.43631 7.04253 10.4852 10.3945 7.93711 7.23811 6.25531 6.54327 7.43543 8.85789 8.39622 8.46131 7.22609 12.1864 8.77651 6.24477 6.16102
threshold=0.41428571939468389 0.23499999940395358 2.5000000000000004 0.20399386435747149 0.19839283823966983 1.0000000180025095e-35 1.1928310394287112 10.500000000000002 0.27500000596046453 4.246349811553956 483.50000000000006 0.49032931029796606 0.41442993283271795 1.0000000180025095e-35 0.57499998807907116 0.16991239041090014 5.427147865295411 1.5000000000000002 -0.91597560048103321 3.4323716163635258 5.3913497924804696 4.461876869201661 0.31000000238418585 7.5315487384796151 0.60355338454246532 1.4276303648948672 0.17500000447034839 864.50000000000011 0.87131577730178844 5.6112999916076669
decision_type=2 2 2 2 2 2 2 2 2 2 2 2 2 2 2 2 2 2 2 2 2 2 2 2 2 2 2 2 2 2
left_child=2 6 3 4 7 -3 -2 10 -5 -10 29 12 -12 -14 16 17 19 -16 -18 -13 21 23 25 28 -25 27 -27 -23 -21 -1
right_child=1 5 -4 8 -6 -7 -8 -9 9 -11 11 14 13 -15 15 -17 18 -19 -20 20 -22 22 -24 24 -26 26 -28 -29 -30 -31
leaf_value=-0.013665722226497612 0.0074454584036297835 0.010561186681777999 0.0034953664673574793 -0.016760436909913485 0.035144053901857888 0.028361022358307765 -0.0078671807170885531 0.021446392227384235 0.011261184252138942 -0.013628893435774607 -0.0028122122931879285 0.019071411179052981 0.0053763664122778512 0.037442521749580349 -0.013403906860599606 -0.018700855274108343 -0.01999473065453752 0.0096005468905530911 -0.0064042869739224699 -0.01561597244775717 0.026587280515019518 -0.011782666016307666 0.026808659742087029 -0.023346810084258988 0.0098819569502924896 -0.014643689892696246 0.030931115866305856 0.025676834258744258 0.0031047306847586179 -0.00022497062876721108
leaf_weight=143.17029088363051 133.55842333473265 300.51600489392877 590.37001970969141 128.17901108972728 11.219827994704245 48.775727119296789 91.351877193897963 18.509525114670396 37.552531685680151 40.891215566545725 68.783100564032793 23.22186216339469 34.443739514797926 24.679551620036364 25.932717174291611 28.223702512681484 80.842818737030029 176.76346630603075 273.55115711688995 35.334547627717257 10.843873802572487 68.683591160923243 22.311078410595655 64.011808767914772 13.866498373448847 13.393534526228903 23.351124316453934 9.7403072975575906 118.79209962114692 87.537993779405951
leaf_count=1158 1058 1996 3691 1099 78 431 504 182 214 225 774 144 274 260 104 118 684 741 2324 307 89 609 129 356 80 84 135 82 1028 801
internal_value=0 0.00852107 -0.00141966 -0.00325383 -0.00205844 0.0131941 0.0012114 -0.00241494 -0.0111254 -0.0017298 -0.00277401 -0.00155481 0.00766573 0.0195488 -0.00276052 0.00333424 -0.00462127 0.00655518 -0.00959929 -0.000223846 -0.00149557 -0.00245846 0.00486867 -0.00680482 -0.017331 0.000233281 0.0144206 -0.00660733 -0.00133218 -0.00861164
internal_weight=0 574.202 2174.2 1583.83 1377.21 349.292 224.91 1365.99 206.623 78.4437 1347.48 1116.77 127.906 59.1233 988.864 230.92 757.944 202.696 354.394 403.55 380.328 369.485 137.48 232.005 77.8783 115.169 36.7447 78.4239 154.127 230.708
internal_count=19759 3989 15770 12079 10541 2427 1562 10463 1538 439 10281 8322 1308 534 7014 963 6051 845 3008 3043 2899 2810 1039 1771 436 910 219 691 1335 1959
is_linear=0
shrinkage=0.04


Tree=74
num_leaves=31
num_cat=0
split_feature=22 29 23 1 7 18 25 26 35 0 25 28 16 4 22 8 7 0 16 29 35 7 0 20 2 0 27 27 25 8
split_gain=27.7805 16.3521 11.3591 9.63822 10.8143 9.37528 7.95723 6.75118 8.01446 7.06438 6.34968 6.0956 5.97993 6.74132 5.75904 6.10311 6.64253 5.59204 8.68321 5.87513 5.42512 5.21904 6.6903 5.4007 6.6435 5.33101 5.12093 8.25321 5.47823 5.0888
threshold=0.41083332896232611 0.91597560048103344 1.0000000180025095e-35 1.5000000000000002 0.72499999403953563 10.500000000000002 0.23499999940395358 1.0000000180025095e-35 2.9135024547576909 7.9779667854309091 0.31000000238418585 0.60355338454246532 31.242278099060062 0.81811532378196727 0.13516666740179065 5.5000000000000009 0.57499998807907116 8.0149955749511737 0.49037019908428198 -0.6035533845424651 2.5838196277618413 1.0000000180025095e-35 7.8224425315856942 0.71924641728401195 867.50000000000011 6.4393184185028085 3.4766128063201909 3.8033230304718022 0.14500000327825549 2.5000000000000004
decision_type=2 2 2 2 2 2 2 2 2 2 2 2 2 2 2 2 2 2 2 2 2 2 2 2 2 2 2 2 2 2
left_child=1 2 3 17 7 6 -2 8 -5 14 -3 21 13 -13 -9 -16 26 29 19 -19 -4 22 23 24 -8 -23 -17 -28 -29 -1
right_child=5 10 20 4 -6 -7 11 9 -10 -11 -12 12 -14 -15 15 16 -18 18 -20 -21 -22 25 -24 -25 -26 -27 27 28 -30 -31
leaf_value=0.0071152403809589095 0.0039277434275600161 0.0080479480785395126 0.0079077758046511831 -0.0030156466319618538 0.012844108923373104 -0.005805477345848944 0.0031723195035731262 -0.014437027317484606 -0.026559621954706843 0.025819845447979752 0.031474767157574385 0.033463249840719515 -0.015939489930306867 -0.012419377666958576 -0.0094040123256664641 0.032825832467141949 0.032005383260162099 -0.018152691188451919 -0.027694567293113353 0.01247679475187157 -0.016859141301488668 -0.0062787816387836074 0.026566346662898858 0.025046957984942681 -0.033366654432043036 0.024608651946185844 -0.022786506405528258 -0.020330237070090379 0.0093231066194776006 -0.0057615612288356554
leaf_weight=50.303190268576145 139.14120138436556 104.56277782656252 207.35119261592627 589.19197118468583 88.133005861192942 55.124674372375011 28.080778077244759 28.336746372282505 22.136049278080463 19.530733697116375 21.220730558037758 10.675702169537546 16.67182644456625 7.2067363262176505 39.339962095022202 7.8461014293134204 14.46402684599161 16.251107975840569 43.340363867580891 20.236117951571941 13.32323022186756 8.7816180977970344 20.687185406684875 8.7954961806535703 8.9539793953299505 136.93642500415444 15.560176223516462 9.1103669516742212 105.20250918343663 892.07096682675183
leaf_count=242 964 741 1003 4575 395 335 187 263 76 79 109 96 100 45 177 55 64 66 192 92 32 79 86 67 57 1111 124 98 811 7510
internal_value=0 -0.00147928 -0.0022919 -0.00326128 -0.000333116 0.00945552 0.011654 -0.00172518 -0.003952 0.00394704 0.012431 0.0159435 0.000333993 0.015583 0.00178878 0.00431386 0.00793597 -0.00594477 -0.0160038 -0.00139972 0.00627448 0.0184581 0.00880124 6.74329e-06 -0.00691875 0.0226874 0.00498611 0.00283188 0.00665089 -0.00506059
internal_weight=0 2307.51 2181.73 1961.05 938.852 441.056 385.931 850.719 611.328 239.391 125.784 246.79 34.5543 17.8824 219.86 191.523 152.183 1022.2 79.8276 36.4872 220.674 212.235 66.5174 45.8303 37.0348 145.718 137.719 129.873 114.313 942.374
internal_count=19831 16704 15854 14819 6717 3127 2792 6322 4651 1671 850 1828 241 141 1592 1329 1152 8102 350 158 1035 1587 397 311 244 1190 1088 1033 909 7752
is_linear=0
shrinkage=0.04


Tree=75
num_leaves=31
num_cat=0
split_feature=22 0 3 26 0 16 16 2 27 0 15 16 16 22 27 0 12 27 4 5 2 30 4 2 15 0 3 5 27 7
split_gain=23.6742 16.0072 12.5983 9.47864 7.59038 8.60255 7.81208 9.93239 12.5475 7.92176 6.76616 7.58786 13.6412 6.62536 6.45118 14.176 6.67442 7.6609 9.576 6.0527 5.69512 5.99521 5.65742 5.63001 11.1642 6.09193 5.90661 6.71996 5.82875 5.43111
threshold=0.37299999594688421 8.3884496688842791 2.5000000000000004 1.0000000180025095e-35 6.5875263214111337 68.40332412719728 104.911678314209 996.50000000000011 4.367547035217286 7.3689653873443612 0.15795455127954486 171.800163269043 190.20178985595706 0.47723214328289038 3.3268313407897954 7.5837528705596933 1.0000000180025095e-35 4.4514360427856454 0.88176158070564281 0.12760805338621142 1125.0000000000002 4.2555875778198251 0.84193292260169994 738.50000000000011 0.21374999731779101 7.9983341693878183 1.5000000000000002 0.1180059276521206 4.2731876373291025 1.0000000180025095e-35
decision_type=2 2 2 2 2 2 2 2 2 2 2 2 2 2 2 2 2 2 2 2 2 2 2 2 2 2 2 2 2 2
left_child=1 3 20 4 5 -1 7 14 9 -9 -5 23 -13 -4 15 -6 -16 18 22 -3 21 -2 -18 25 -25 29 27 -26 -29 -12
right_child=2 19 13 10 6 -7 -8 8 -10 -11 11 12 -14 -15 16 -17 17 -19 -20 -21 -22 -23 -24 24 26 -27 -28 28 -30 -31
leaf_value=-0.0014768899766694574 0.0042343841877391158 -0.0069889280412429268 0.0060458521332943174 -0.0071806642085757363 0.025807759238704785 0.01370372478912249 -0.010574806384513713 0.009616287684108854 -0.012521492817285582 0.053970946832749091 -0.002929312476760813 0.056119453041277821 -0.0080481617087296807 0.022349755027268645 -0.005295190368725217 -0.018377651003072426 0.013634055373874977 -0.011506943330853116 -0.0016600019354908607 -0.034232658421673688 0.027383548418334611 -0.01139147344964417 0.052305156615486841 -0.0087494352043552201 0.022132132023895652 -0.016681181109989313 0.023636916872183167 -0.025037174291817621 0.01153470886118684 0.0067339911408386723
leaf_weight=210.31451586075127 213.45827757567167 23.954194188117981 64.621939484030008 92.837575731799006 31.118526007980108 81.237722003832459 253.92294873297215 14.214516069740059 14.480679310858248 11.670220322906969 169.01984660886228 9.9228728525340575 8.7483812943100911 110.91959314420819 867.37744607403874 16.157312974333763 15.947466328740122 23.571240872144699 27.451931945979595 30.410968877375126 12.249750435352324 46.070133794099092 10.262588430196045 36.229627165943384 17.340266078710556 27.012831725180149 67.264671739190817 13.474488303065302 11.06284900382161 202.70490963570774
leaf_count=1795 1342 86 389 811 201 865 2084 96 82 59 1425 69 60 1088 6277 70 104 132 152 88 73 271 56 290 109 103 345 75 64 1108
internal_value=0 -0.00184878 0.00819342 -0.00131625 -0.00299508 0.00281756 -0.00431503 -0.00275772 0.0162244 0.0320504 0.00272064 0.00437362 0.0281841 0.0164835 -0.00356131 0.0105737 -0.00428958 0.00685263 0.0150408 -0.0229025 0.00275753 0.00139466 0.0314106 0.00345634 0.0101376 0.000982045 0.0164517 0.0043594 -0.00892182 0.00234801
internal_weight=0 2287.71 447.32 2233.35 1577.73 291.552 1286.17 1032.25 40.3654 25.8847 655.618 562.781 18.6713 175.542 991.887 47.2758 944.611 77.2332 53.662 54.3652 271.778 259.528 26.2101 544.109 145.372 398.738 109.142 41.8776 24.5373 371.725
internal_count=19769 16606 3163 16432 11973 2660 9313 7229 237 155 4459 3648 129 1477 6992 271 6721 444 312 174 1686 1613 160 3519 883 2636 593 248 139 2533
is_linear=0
shrinkage=0.04


Tree=76
num_leaves=31
num_cat=0
split_feature=32 23 29 1 25 6 25 1 3 29 0 30 0 16 15 30 16 3 27 34 15 34 6 16 35 16 35 22 25 27
split_gain=29.0177 17.0976 9.77709 8.94089 9.23187 8.53951 8.00271 7.50836 14.9717 8.24214 7.91692 6.67657 7.57423 11.9539 6.30219 8.85543 10.8794 6.26801 6.24215 6.21945 6.10224 5.99507 7.68827 5.91991 5.79439 7.44531 6.61188 10.9318 8.98654 10.9491
threshold=1.5000000000000002 1.0000000180025095e-35 0.91597560048103344 1.5000000000000002 0.23499999940395358 2.2499048709869389 0.31000000238418585 2.5000000000000004 2.5000000000000004 0.78656607866287243 8.5896992683410662 1.0000000180025095e-35 8.0083642005920428 199.34145355224612 0.39333333075046545 3.1567740440368657 2.865721702575684 3.5000000000000004 5.2385673522949228 8.5000000000000018 0.15795455127954486 19.500000000000004 5.9851942062377939 37.327409744262702 0.51364025473594677 199.34145355224612 0.64369457960128795 0.18722222000360492 0.17500000447034839 3.5931932926177983
decision_type=2 2 2 2 2 2 2 2 2 2 2 2 2 2 2 2 2 2 2 2 2 2 2 2 2 2 2 2 2 2
left_child=2 7 3 4 5 -1 -4 10 9 23 14 -6 13 20 15 16 19 -7 24 -2 -13 -17 -23 -9 -5 26 -26 -28 -29 -30
right_child=1 -3 6 18 11 17 -8 8 -10 -11 -12 12 -14 -15 -16 21 -18 -19 -20 -21 -22 22 -24 -25 25 -27 27 28 29 -31
leaf_value=0.021003745904887485 0.040374692896479089 0.027772757745654908 0.0038676670654010223 0.0077122048533681924 -0.0057121981032807892 -0.011034865492654998 0.0304699340934225 -0.011343010839427761 0.030615165620839373 0.028424544704430423 -0.027973357464032955 -0.0030241322399991088 -0.018638105944232534 -0.036381535443140607 0.012039066692118267 -0.032878385943539506 -0.0023890777910886129 0.0014439021907003691 -0.0192182274698325 0.0041614779782221155 0.011299501399790326 0.0099603386614700185 -0.022185739417923428 0.013634091982452887 -0.010527399820362073 0.025820836421835761 -0.0072563259622302877 -0.0056070409654623348 0.024541976070675015 0.0038460073819429341
leaf_weight=13.275204803794621 16.475223489105705 63.38826148211956 98.759219726547599 145.56061069853604 282.3039220534265 507.19723746739328 20.377601146697998 45.660714946687222 48.246990937739611 14.042419005185364 11.627133645117281 66.12571538053453 21.31278134137392 8.5905592143535596 85.406310131773353 15.866692274808882 78.053069544024765 73.233464062213898 24.655473105609417 13.740145809948443 161.42622826620936 23.873030044138432 20.214421842247248 20.361020937561989 108.16078539192677 14.39869751408696 226.7079348154366 131.71348668634892 45.062773235142231 322.19768590480089
leaf_count=98 75 564 721 1308 1501 4680 100 253 416 81 25 546 80 69 693 95 480 543 167 77 1158 198 124 114 907 103 1724 974 209 1678
internal_value=0 0.00880978 -0.00221687 -0.00283697 -0.00527771 -0.00871144 0.00884576 0.0056306 0.0134952 0.00268393 0.00175378 -0.00148257 0.00316358 0.00527127 0.00332476 -0.00118895 0.00562428 -0.00946086 -0.000115603 0.0251878 0.00714703 -0.013277 -0.00510202 -0.00346571 0.000395965 -0.00087471 -0.00139637 -1.0219e-05 0.00329786 0.00650457
internal_weight=0 456.955 2271.06 2151.92 1133.47 593.706 119.137 393.567 128.311 80.0642 265.256 539.759 257.455 236.143 253.629 168.223 108.268 580.431 1018.46 30.2154 227.552 59.9541 44.0875 66.0217 993.802 848.241 833.843 725.682 498.974 367.26
internal_count=19761 3195 16566 15745 8675 5321 821 2631 864 448 1767 3354 1853 1773 1742 1049 632 5223 7070 152 1704 417 322 367 6903 5595 5492 4585 2861 1887
is_linear=0
shrinkage=0.04


Tree=77
num_leaves=31
num_cat=0
split_feature=7 18 2 25 19 0 3 2 29 16 35 1 2 7 27 29 23 0 6 28 25 2 30 27 28 27 31 4 4 4
split_gain=21.1647 19.0755 9.72611 9.71779 8.47975 7.90697 7.10497 10.4064 7.04354 6.91746 6.77049 6.00375 5.92345 5.92048 7.32584 7.15033 6.75397 7.9585 5.32389 5.28262 7.07697 7.03196 5.14893 5.07107 8.34121 4.90755 5.9397 4.90631 7.01598 8.98877
threshold=1.0000000180025095e-35 1.5000000000000002 978.50000000000011 0.34999999403953558 1.0000000180025095e-35 7.9983341693878183 1.5000000000000002 406.50000000000006 0.91597560048103344 103.92748260498048 1.41622930765152 1.5000000000000002 445.50000000000006 0.90000000596046459 5.2385673522949228 -0.12940952181816107 1.0000000180025095e-35 7.3369317054748544 5.9776182174682626 0.60355338454246532 0.2100000008940697 601.50000000000011 4.4829866886138925 4.461876869201661 1.0000000180025095e-35 3.3995279073715214 0.86974194645881664 0.82364079356193554 0.86279779672622692 0.89665171504020702
decision_type=2 2 2 2 2 2 2 2 2 2 2 2 2 2 2 2 2 2 2 2 2 2 2 2 2 2 2 2 2 2
left_child=3 2 8 6 22 -6 7 -1 13 -4 23 -10 18 14 16 -15 -2 -18 -9 25 21 -21 -3 24 -5 26 -8 -22 -29 -30
right_child=1 4 9 10 5 -7 19 12 11 -11 -12 -13 -14 15 -16 -17 17 -19 -20 20 27 -23 -24 -25 -26 -27 -28 28 29 -31
leaf_value=-0.031422412730109824 -0.00089866671877801303 0.026470006758016491 0.022863862773205637 0.020897760547329475 0.012815643091818429 -0.017208809279778494 0.00057974312131019883 -0.0055815826230678689 0.023559460488804099 -0.0086778261182741661 0.023864913393788493 1.0211869958155375e-06 -0.0080171341369747271 0.023484099907160192 -0.020006570069502669 -0.0037304736699258229 0.018554721214903331 -0.0042363352595292123 0.034278280919952074 -0.028724502891907179 0.024363291994117013 0.0061107447321990284 -0.0012301999599187243 -0.017437588761212087 -0.013332407064950338 -0.0046854222352307184 0.032710356223144464 -0.01677385520734051 0.033070129523730021 -0.014126164620513904
leaf_weight=28.105249915271997 986.995391394943 89.24521217495203 52.522959131747484 27.428240668028593 49.899681365117431 17.328832060098648 38.072326524183154 10.058335654437544 37.666110191494226 12.836082994937895 29.670867018401623 30.707239609211683 388.86959545686841 34.999692756682634 27.740214448422194 25.689399510622025 61.974291633814573 38.721986673772335 8.425677474588154 13.76870705001056 31.619466453790665 21.168829783797264 11.972386758774517 15.472840808331965 16.852926220744848 557.04226851463318 10.17266773432493 15.084339991211889 15.474492136389019 8.8012499362230283
leaf_count=297 5811 852 261 199 515 102 263 112 219 74 147 157 3648 161 161 109 324 132 100 155 192 202 117 119 125 4790 66 101 118 61
internal_value=0 0.00343128 0.00179041 -0.00365588 0.0160202 0.00480296 -0.00464981 -0.00866267 0.000987483 0.0165956 0.00891188 0.0132798 -0.00694652 0.000251541 -0.000419948 0.0122128 0.000115387 0.00987877 0.0141608 -0.00217539 0.0059902 -0.00842962 0.0232332 0.000954517 0.00785696 -0.00361928 0.00838698 0.0131244 0.00335428 0.0161862
internal_weight=0 1478.3 1309.85 1236.09 168.446 67.2285 1146.66 435.459 1244.49 65.359 89.4249 68.3733 407.354 1176.12 1115.43 60.6891 1087.69 100.696 18.484 711.204 105.917 34.9375 101.218 59.754 44.2812 605.287 48.245 70.9795 39.3601 24.2757
internal_count=19690 8995 7409 10695 1586 617 10105 4157 7074 335 590 376 3860 6698 6428 270 6267 456 212 5948 829 357 969 443 324 5119 329 472 280 179
is_linear=0
shrinkage=0.04


Tree=78
num_leaves=31
num_cat=0
split_feature=7 18 2 25 19 27 23 27 2 27 29 16 28 6 4 2 4 4 21 35 27 6 28 8 30 28 27 31 35 35
split_gain=26.3774 19.2135 9.85077 9.5529 8.37383 7.99081 7.20252 6.31822 10.2029 5.61361 8.24333 7.08683 6.88886 6.74179 7.03968 6.65887 11.8586 9.25861 6.53144 6.78093 5.45305 7.93866 9.70017 9.3117 8.04854 6.75193 6.71593 6.64481 5.27551 5.23579
threshold=1.0000000180025095e-35 1.5000000000000002 978.50000000000011 0.23499999940395358 1.0000000180025095e-35 3.8659784793853764 1.0000000180025095e-35 3.0610489845275883 777.50000000000011 3.9617646932601933 0.91597560048103344 171.800163269043 -0.6035533845424651 6.1323122978210458 0.77627015113830578 734.50000000000011 0.88445961475372326 0.79819598793983471 1.0000000180025095e-35 1.100880026817322 3.6750333309173588 5.3636341094970712 -0.37940952181816096 7.5000000000000009 1.7005987167358401 0.12940952181816109 4.0208768844604501 0.2264957278966904 1.100880026817322 1.2419911026954653
decision_type=2 2 2 2 2 2 2 2 2 2 2 2 2 2 2 2 2 2 2 2 2 2 2 2 2 2 2 2 2 2
left_child=3 2 20 5 -3 -1 9 8 -6 10 13 -11 -13 15 -15 18 17 -17 -5 -20 21 22 24 -23 -2 -24 27 -22 -8 -4
right_child=1 4 29 6 7 -7 28 -9 -10 11 -12 12 -14 14 -16 16 -18 -19 19 -21 26 23 25 -25 -26 -27 -28 -29 -30 -31
leaf_value=-0.016803024741560743 -0.0065797504625934944 0.02247900052766192 0.0072894001742936886 -0.013053574502951462 -0.038238667258984498 -0.0061847476394951764 0.00051083063214405486 0.011408576995428488 0.017979728088157062 -0.00786025049124142 0.028485510954930921 -0.010710635563432562 0.035772716701665701 -0.039696066852559109 -0.0035972169023390644 0.021640828994131556 0.045991443815972977 -0.015979159782702607 0.022234940017889126 -0.0075158227284254095 -0.0095478284288525658 -0.0083104411369705443 0.049205395997973876 0.024582028115221005 0.025577273444015933 0.014224148991787439 0.00088726212627668615 0.0068740094428066615 0.021249653691835225 0.031685639240374847
leaf_weight=149.54315616749227 38.555535320192575 100.54464994743466 40.714609526097775 46.943351395428181 10.247334817424418 470.8600401263684 45.818802356719971 49.427398163825274 7.3436335958540431 325.58003368973732 15.122314780950544 7.5195312425494221 10.174280051141976 10.619258396327494 28.916824694722891 19.082394063472748 12.324791543185709 18.838913638144732 22.951704155653715 22.606576882302761 209.27515124902129 70.975408086553216 14.795167498290537 14.986367000266908 16.017738029360771 23.808427952229977 819.08290462195873 46.940065316855907 32.46282909065485 20.983607165515423
leaf_count=1417 196 997 230 295 83 4975 229 470 69 2511 92 77 92 58 175 123 85 105 214 128 1201 393 72 102 93 123 4687 251 151 89
internal_value=0 0.00260984 0.000975577 -0.00529001 0.0152833 -0.00878997 -0.00176489 0.00414944 -0.0153298 -0.00341395 0.00194896 -0.00649141 0.0169366 -0.00053778 -0.0147378 0.00354441 0.014969 0.00308738 -0.00284677 0.007777 0.000196053 0.00661712 0.0145783 -0.00214751 0.00342917 0.0293943 -0.00088396 -0.00650932 0.0094262 0.0163209
internal_weight=0 1483.7 1316.13 1239.36 167.563 620.403 618.962 67.0184 17.591 540.68 197.406 343.274 17.6938 182.284 39.5361 142.748 50.2461 37.9213 92.5016 45.5583 1254.44 179.139 93.1769 85.9618 54.5733 38.6036 1075.3 256.215 78.2816 61.6982
internal_count=19783 9056 7437 10727 1619 6392 4335 622 152 3955 1275 2680 169 1183 233 950 313 228 637 342 7118 979 484 495 289 195 6139 1452 380 319
is_linear=0
shrinkage=0.04


Tree=79
num_leaves=31
num_cat=0
split_feature=23 7 27 27 16 3 2 35 27 0 34 30 31 26 28 25 0 35 4 4 2 30 0 0 35 6 14 4 0 6
split_gain=20.4402 15.265 10.2225 9.50924 12.4806 8.98587 8.30897 7.59319 7.21316 6.46045 6.3849 5.51642 5.47756 4.99498 9.1967 5.19013 7.10511 6.94285 5.84466 7.63206 7.08816 5.70231 5.11448 4.991 6.83999 7.00721 10.7056 5.06773 4.78991 4.76261
threshold=1.0000000180025095e-35 1.0000000180025095e-35 4.4846959114074716 3.6519552469253544 16.719023704528812 3.5000000000000004 569.50000000000011 1.2699917554855349 3.9617646932601933 7.6477832794189462 37.500000000000007 2.3502402305603032 0.92762354016304027 1.0000000180025095e-35 -0.6035533845424651 0.34999999403953558 8.2390642166137713 1.655431389808655 0.83346602320671093 0.84650060534477245 919.50000000000011 3.6762205362319951 8.1507554054260272 7.255584955215455 1.3281396031379702 5.9851942062377939 0.89587974548339855 0.88483822345733654 8.0248608589172381 5.4992132186889657
decision_type=2 2 2 2 2 2 2 2 2 2 2 2 2 2 2 2 2 2 2 2 2 2 2 2 2 2 2 2 2 2
left_child=1 5 6 4 9 13 8 12 -2 -3 -9 -8 -6 15 -15 16 18 -17 20 -20 21 -1 -21 -5 25 -25 27 -27 -12 -10
right_child=2 3 -4 23 7 -7 11 10 29 -11 28 -13 -14 14 -16 17 -18 -19 19 22 -22 -23 -24 24 -26 26 -28 -29 -30 -31
leaf_value=-0.01323291531348815 -0.010293543273478921 0.010670286122263197 -0.0018778499567564909 0.0028433693635740369 0.0022267697322398382 0.0047524664990593228 0.014898640295440193 -0.022045961905300553 -0.00077323569625134287 0.029166735221012194 -0.011185903361229986 0.03261912174095169 0.030770716892608903 -0.0089127717591641707 0.0057985234043054622 -0.0031070873225492652 -0.026448499749872442 0.033103117199473626 0.014147057676978126 -0.0069955610366263209 -0.039184750732396557 0.012831020680856156 0.025511740154959266 -0.014636435432898151 0.0009403942511157675 0.031512668325581729 -0.017236469463715355 -0.0018276078987690438 0.028053728356054124 0.028733919449903507
leaf_weight=143.25376332737505 31.638568963855505 96.710567478090525 77.360774181783199 609.00289544276893 53.725456032902002 151.05633062310517 102.96454719826579 33.081446312367916 15.606776177883146 45.032861672341824 9.0230243429541606 41.414640668779612 11.567677441984413 125.92355429194868 143.17354616522789 34.498378228396177 31.69520927220583 9.1105135977268201 29.428945077583194 386.74737391155213 14.12295190617442 13.219045244157313 5.9809435829520217 113.01353591680527 299.12023521214724 16.887561544775966 21.453823946416378 11.543842017650602 7.2968884557485572 17.633829068392515
leaf_count=1366 195 671 377 4098 467 1106 473 166 76 253 86 425 98 1118 1209 268 136 41 295 4217 102 64 37 638 1308 98 140 66 49 95
internal_value=0 -0.000746026 0.0105164 0.00213171 0.00901859 -0.00425392 0.0150728 -0.000808259 0.0030545 0.0168708 -0.0123712 0.0203579 0.008048 -0.00571265 -0.00110057 -0.00756159 -0.00849406 0.00557762 -0.0074483 -0.00488326 -0.0136656 -0.0108969 -0.00637375 0.000469025 -0.00265944 -0.00920083 0.00320291 0.0187453 0.00750603 0.0156224
internal_weight=0 2415.67 286.619 1327.46 256.438 1088.21 209.258 114.694 64.8792 141.743 49.4014 144.379 65.2931 937.154 269.097 668.057 624.448 43.6089 592.753 422.157 170.596 156.473 392.728 1071.02 462.019 162.899 49.8852 28.4314 16.3199 33.2406
internal_count=19738 18097 1641 8138 1790 9959 1264 866 366 924 301 898 565 8853 2327 6526 6217 309 6081 4549 1532 1430 4254 6348 2250 942 304 164 135 171
is_linear=0
shrinkage=0.04


Tree=80
num_leaves=31
num_cat=0
split_feature=31 29 23 1 1 2 8 27 16 7 15 16 2 2 27 7 5 35 27 4 0 5 6 8 5 5 35 16 15 16
split_gain=24.6732 12.6671 12.4245 10.0705 9.70927 10.979 7.44035 9.57457 7.05216 6.34846 6.29789 10.1341 6.27031 6.67098 10.0816 6.02621 5.73552 5.73308 5.70202 7.24911 10.744 6.75669 6.35924 5.94214 5.90707 8.99419 5.72721 5.61428 5.55164 5.19331
threshold=0.7379862666130067 0.91597560048103344 1.0000000180025095e-35 1.5000000000000002 1.5000000000000002 719.50000000000011 8.5000000000000018 3.7577049732208256 203.88082122802737 0.72499999403953563 0.52742856740951549 21.11135292053223 500.50000000000006 541.50000000000011 3.91501796245575 0.25000000000000006 0.14206589013338092 0.93376556038856517 4.4073286056518564 0.88778588175773632 8.0758924484252947 0.12877520918846133 6.2719328403472909 9.5000000000000018 0.18558321893215182 0.20737173408269885 0.94488331675529491 171.800163269043 0.12099999934434892 39.57793045043946
decision_type=2 2 2 2 2 2 2 2 2 2 2 2 2 2 2 2 2 2 2 2 2 2 2 2 2 2 2 2 2 2
left_child=1 2 3 15 5 10 7 -3 9 28 11 16 17 -14 -15 18 -2 -4 21 22 26 27 23 24 -20 -26 -21 -1 -5 -28
right_child=4 6 12 8 -6 -7 -8 -9 -10 -11 -12 -13 13 14 -16 -17 -18 -19 19 20 -22 -23 -24 -25 25 -27 29 -29 -30 -31
leaf_value=-0.021726832179359924 -0.010887211308769582 0.038986485544529159 0.0078167632017744834 -0.015763900604189966 0.014465637445780917 -0.03674044901510537 -0.010091537153980352 0.0090069550609162795 0.027037241010087636 0.009429295301397727 0.023211633332671209 -0.011155666749158721 0.032524996100530473 0.023017001276707617 0.0011526980981083775 -0.0019150610193661569 0.021133347709518559 -0.018890718960337373 -0.017396248455696883 0.010641053167373671 0.043187878729214819 -0.0076038548082572087 -0.033119072029302976 0.023734499049345392 0.027781504067555862 -0.0073820601365157537 -0.00044609137549713715 0.011301116785408041 -0.00077941434838594528 -0.030713854174933903
leaf_weight=106.88291564397514 10.374900564551352 19.857437506318092 23.859768249094486 39.623290155082941 246.20607802271843 9.3031680285930616 21.007407005876303 87.027129076421261 13.20632668212056 92.188566774129868 21.247158501297235 55.729925828054547 17.523654356598854 45.734546907246113 115.90094921737909 401.97355137392879 35.485984861850739 23.940881945192814 56.914375899359584 41.807872265577316 8.6868411153554899 254.94614908099174 13.543028153479097 8.1592208407819253 12.746315848082302 53.223166454583406 28.788926567882299 7.7037464790046206 804.52987902797759 11.282399345189331
leaf_count=1166 55 123 143 396 1893 62 172 569 98 423 189 396 83 231 540 2124 288 92 602 541 56 2346 140 77 109 448 239 89 5866 115
internal_value=0 -0.00119145 -0.00191186 -0.00294118 0.0098022 0.00102714 0.0109462 0.0151905 1.5241e-05 -0.000422697 0.00443026 0.000129938 0.00690826 0.0103203 0.00754488 -0.00572437 0.0137372 -0.00578109 -0.00824201 -0.00333333 0.00546654 -0.0113309 -0.00884478 -0.00587592 -0.00819061 2.96324e-05 0.000530209 -0.0193506 -0.00151836 -0.0100232
internal_weight=0 2311.06 2183.17 1956.21 378.347 132.141 127.892 106.885 949.548 936.342 122.838 101.591 226.96 179.159 161.635 1006.66 45.8609 47.8007 604.685 235.152 90.566 369.533 144.586 131.043 122.884 65.9695 81.8792 114.587 844.153 40.0713
internal_count=19671 16788 15924 14835 2883 990 864 692 6783 6685 928 739 1089 854 771 8052 343 235 5928 2327 951 3601 1376 1236 1159 557 895 1255 6262 354
is_linear=0
shrinkage=0.04


Tree=81
num_leaves=31
num_cat=0
split_feature=18 23 0 7 3 0 29 4 5 22 35 20 35 14 8 35 4 20 6 6 4 7 4 5 5 29 6 6 21 32
split_gain=26.7608 9.96746 9.94026 8.88682 7.09988 6.97696 9.75056 6.36063 7.99025 8.74511 6.03501 7.72283 6.82154 6.59376 6.82589 7.14256 5.17477 7.80479 4.84734 8.94149 8.20653 7.09285 5.94893 6.81394 13.9899 6.94178 9.34294 7.50811 6.19451 4.77476
threshold=1.5000000000000002 1.0000000180025095e-35 8.3884496688842791 0.57499998807907116 2.5000000000000004 8.2677049636840838 -0.37940952181816096 0.78083589673042308 0.29724532365798956 0.73861607909202587 0.48507562279701238 0.16550000011920932 0.39006556570529943 1.2424533367156985 10.500000000000002 1.1145352125167849 0.81926885247230541 0.59892860054969799 3.979637980461121 4.7492611408233651 0.80873921513557445 0.57499998807907116 0.82904136180877697 0.22422358393669131 0.24699397385120395 1.0000000180025095e-35 5.2548844814300546 5.6294164657592782 1.0000000180025095e-35 1.5000000000000002
decision_type=2 2 2 2 2 2 2 2 2 2 2 2 2 2 2 2 2 2 2 2 2 2 2 2 2 2 2 2 2 2
left_child=2 3 4 7 5 10 -7 8 9 -2 11 12 -1 14 29 -16 -9 -18 20 -20 -6 -22 23 -21 -25 -26 -27 -28 -29 -12
right_child=1 -3 -4 -5 18 6 -8 16 -10 -11 13 -13 -14 -15 15 -17 17 -19 19 22 21 -23 -24 24 25 26 27 28 -30 -31
leaf_value=0.00032795063329966518 -0.037154579872546341 0.029960792762321657 -0.016741711804166837 0.019769879329603779 0.025841122824320859 -0.0074282624013459284 0.036352166949473831 0.027497346126440229 0.0077779647504059995 0.00021263394929573354 -0.003275062085852095 -0.0013263955140557305 0.026318351123501255 -0.011439027734925568 -0.00019055893592105012 0.047765058087625246 0.020055534257717986 -0.012812047303725682 -0.0082888695693314526 -0.0046258322960764627 -0.0047515794458419863 0.019328020456720395 0.01571936846363866 0.026022368344471296 0.0071924291322858691 0.016404939530721079 -0.037749380470395631 0.010577744666272806 -0.018762657328828907 0.00705152757060075
leaf_weight=27.986319153569639 16.939817860722542 42.126870237290859 60.167552106082439 75.637764601036906 34.951549291610718 13.958433367311956 15.783845670521258 20.729311972856522 38.823492083698511 21.231583973392844 1216.0426292382181 132.54168751090765 36.393924295902252 138.55690333619714 11.328301385045053 6.830621361732482 20.952994555234909 21.38287715241313 120.71416696347296 149.23917893692851 58.084482576698065 27.103058312088251 57.089244693517685 44.168476454913616 131.31426976434886 17.680578777566552 15.345818489789961 18.610560961067677 24.526174612343311 74.2680400647223
leaf_count=429 76 470 195 868 196 56 69 117 280 132 9048 1223 430 1206 110 50 112 91 726 1006 350 125 362 300 825 114 99 102 178 387
internal_value=0 0.0125526 -0.000952217 0.00890868 -0.000538029 -0.00195153 0.016632 0.00284746 -0.0048261 -0.0173945 -0.00230754 0.00423203 0.0153705 -0.00320211 -0.00231375 0.0207975 0.0120763 0.00362578 0.00284321 0.00131003 0.0100859 0.00317715 0.00386518 0.00210739 0.00610553 0.0016576 -0.00782496 -0.0154504 -0.00619647 -0.00267069
internal_weight=0 257.825 2432.69 215.698 2372.52 1673.69 29.7423 140.06 76.9949 38.1714 1643.95 196.922 64.3802 1447.03 1308.47 18.1589 63.0652 42.3359 698.828 578.688 120.139 85.1875 457.974 400.885 251.646 207.477 76.1631 58.4826 43.1367 1290.31
internal_count=19732 2146 17586 1676 17391 13008 125 808 488 208 12883 2082 859 10801 9595 160 320 203 4383 3712 671 475 2986 2624 1618 1318 493 379 280 9435
is_linear=0
shrinkage=0.04


Tree=82
num_leaves=31
num_cat=0
split_feature=25 22 22 3 27 16 25 29 29 27 27 29 35 27 35 35 25 29 27 35 7 26 15 20 7 7 2 23 2 28
split_gain=21.005 10.6639 8.68378 9.19424 8.23217 13.3861 7.8275 6.71367 6.54125 6.30874 9.07617 5.89911 13.9253 7.98147 6.17963 5.84182 5.83528 5.79438 5.53582 5.43057 10.7487 6.62646 9.55385 6.02533 6.76279 5.40697 9.00371 5.06858 5.9295 6.54043
threshold=0.34999999403953558 0.75671327114105236 0.72482097148895275 1.5000000000000002 3.3268313407897954 115.33442306518556 0.23499999940395358 0.78656607866287243 0.78656607866287243 2.9311902523040776 2.7245740890502934 0.37940952181816107 0.72427573800086986 5.1366803646087655 1.9466612339019778 1.4605025053024294 0.2100000008940697 1.0000000180025095e-35 4.312810182571412 1.8652482032775881 1.0000000180025095e-35 1.0000000180025095e-35 0.15795455127954486 0.21374999731779101 0.57499998807907116 1.0000000180025095e-35 643.50000000000011 1.0000000180025095e-35 990.50000000000011 0.78656607866287243
decision_type=2 2 2 2 2 2 2 2 2 2 2 2 2 2 2 2 2 2 2 2 2 2 2 2 2 2 2 2 2 2
left_child=1 2 3 6 5 17 11 27 19 10 -3 13 -13 14 -1 -4 -11 -5 -16 21 -21 -8 -23 -24 -25 -14 -27 28 29 -2
right_child=7 9 15 4 -6 -7 8 -9 -10 16 -12 12 25 -15 18 -17 -18 -19 -20 20 -22 22 23 24 -26 26 -28 -29 -30 -31
leaf_value=-0.0065096655823331561 0.0070214000512257473 0.022848187833189863 -0.0028947462382302703 0.027569282247734007 0.00026742788724353091 -0.026458754184552645 -0.0039484829881538831 0.029091144551336882 -0.012904344136733826 -0.0061098522007462632 -0.032751197860318965 0.017529679932765819 -0.019285359468445319 -0.037247238473934172 -0.0090516758384329155 -0.048142573820946916 0.023814263042731695 0.0045881103375820728 -0.03673915351150786 -0.0038687869831732819 0.031044380381433114 -0.021323968966019593 0.032497630177200733 -0.00023527956015797276 0.026149848467006978 -0.015622146841125801 0.016755345157058392 0.026607718701516847 0.032721263728934018 -0.019904039667469533
leaf_weight=320.84595075622201 131.29002060182393 6.5213780440390101 8.5598985403776187 45.487264899536967 1321.6207280755043 10.246967021375893 234.17300134152174 31.077162481844425 54.076296497136354 11.890818171203135 8.7080538906156999 45.201937211677432 42.185048192739487 14.49767362885177 27.784972190856934 8.4987358674406988 54.941687265411019 29.325812444090843 20.257563970983028 28.110354065895081 25.555424086749554 13.505701787769793 17.676705863326788 54.575050853192806 19.712350536137819 26.782415632158518 24.298461571335793 21.52272167801857 10.737947776913641 14.246482849121092
leaf_count=3058 844 69 77 293 9419 74 1601 211 314 110 71 536 386 123 133 47 576 190 89 113 95 116 123 325 85 154 134 163 77 88
internal_value=0 -0.000738411 -0.00122933 -0.00101274 0.00105265 0.0129666 -0.00400629 0.0124124 -0.000120021 0.0132658 -0.00905448 -0.00732481 -0.000239863 -0.00986917 -0.00859813 -0.028124 0.0184673 0.018915 -0.0217281 0.0016941 0.0132748 -0.000202721 0.00803265 0.012706 0.00726809 -0.0090392 -0.000169615 0.00920593 0.00650335 0.0041516
internal_weight=0 2475.04 2392.98 2375.92 1406.68 85.06 969.239 208.874 447.385 82.0619 15.2294 521.854 138.468 383.386 368.888 17.0586 66.8325 74.8131 48.0425 393.309 53.6658 339.643 105.47 91.9641 74.2874 93.2659 51.0809 177.797 156.274 145.537
internal_count=19694 18311 17485 17361 9976 557 7385 1383 2772 826 140 4613 1210 3403 3280 124 686 483 222 2458 208 2250 649 533 410 674 288 1172 1009 932
is_linear=0
shrinkage=0.04


Tree=83
num_leaves=31
num_cat=0
split_feature=31 23 25 28 5 35 35 16 29 35 27 25 35 23 14 30 19 35 35 2 21 5 2 3 4 27 4 5 4 4
split_gain=17.2676 10.6853 7.56531 8.90609 11.7859 9.45408 8.15036 8.0667 7.52037 8.81999 9.90375 8.5268 7.11948 7.06491 6.32978 10.1072 5.89843 9.37644 6.96812 8.92853 15.8961 6.51015 5.776 5.72089 5.56858 5.55545 5.74372 8.92095 5.94981 5.63614
threshold=0.28991597890853887 1.0000000180025095e-35 0.23499999940395358 0.60355338454246532 0.25658404827117925 0.98620155453681957 0.87759780883789074 152.30574035644534 0.91597560048103344 2.5838196277618413 4.6419839859008798 0.34999999403953558 1.0556135773658755 1.0000000180025095e-35 0.89587974548339855 1.8688347935676577 1.0000000180025095e-35 0.65238451957702648 1.2608175277709963 791.50000000000011 17.500000000000004 0.17653518170118335 541.50000000000011 2.5000000000000004 0.89904454350471508 4.3181543350219735 0.82460430264472973 0.24228786677122119 0.87961369752883922 0.88176158070564281
decision_type=2 2 2 2 2 2 2 2 2 2 2 2 2 2 2 2 2 2 2 2 2 2 2 2 2 2 2 2 2 2
left_child=8 2 6 7 5 -5 -2 16 9 13 -11 -10 -3 14 15 25 17 21 -18 20 -20 -4 -14 24 -17 -1 27 -27 -28 -30
right_child=1 12 3 4 -6 -7 -8 -9 11 10 -12 -13 22 -15 -16 23 18 -19 19 -21 -22 -23 -24 -25 -26 26 28 -29 29 -31
leaf_value=-0.0046389318622390083 0.0073046568405465973 0.0059483822207215169 -0.025804366352286279 0.0050531831642870928 0.016682144469215305 -0.041310218863847344 -0.0081585270952287733 -0.012353683114395107 0.0043932971388213225 -0.020766942087100202 0.012060600164191849 0.041930878679253318 -0.0002159429601486817 0.0052878030437272586 -0.007790797242986691 0.036246047003092238 0.017253049197029385 0.020272244936489825 -0.051970636265888354 0.014652499017064701 0.011700108372508559 0.009671866733938805 0.038128067176571717 -0.0058643369660673515 0.0026027776197113397 -0.017766460264155147 0.0094104603893339998 0.0012232100945164296 -0.02491412144115988 0.00088214289178988048
leaf_weight=711.67172735743225 89.253049248829484 34.632410876452923 11.0254103243351 10.640167303383352 16.605154935270548 16.72198860347271 133.74761190265417 21.182240821421146 100.28961000218987 74.404029183089733 16.805336929857731 8.8068485856056196 7.7048668302595607 190.46962572261691 326.16350600216538 21.15507922321558 24.869353793561459 149.6463931389153 12.064219214022161 13.800951205193995 10.227183993905781 20.83077547326684 31.593973848968744 12.672483194619415 12.424260567873715 59.812799355015159 150.00397801212966 109.40521149896085 12.269470956176518 267.54744851030409
leaf_count=5344 770 314 83 67 137 77 805 134 701 271 67 42 56 905 3149 107 234 995 77 92 53 164 292 75 61 436 1144 715 102 2213
internal_value=0 0.00566545 0.0036418 0.00768894 -0.00868362 -0.024165 -0.00195968 0.0104642 -0.00200654 -0.00257672 -0.0145895 0.00812384 0.019711 -0.00197699 -0.00280441 -0.00159616 0.0125423 0.0161247 0.00170317 -0.00935473 -0.0242006 -0.00340547 0.030964 0.0163886 0.0246442 -0.0022548 0.000583611 -0.00561812 0.00303991 -0.00041776
internal_weight=0 604.546 530.614 307.614 43.9673 27.3622 223.001 263.647 2073.9 1964.8 91.2094 109.096 73.9313 1873.6 1683.13 1356.96 242.464 181.503 60.9617 36.0924 22.2914 31.8562 39.2988 46.2518 33.5793 1310.71 599.039 169.218 429.821 279.817
internal_count=19682 4350 3688 2113 281 144 1575 1832 15332 14589 338 743 662 14251 13346 10197 1698 1242 456 222 130 247 348 243 168 9954 4610 1151 3459 2315
is_linear=0
shrinkage=0.04


Tree=84
num_leaves=31
num_cat=0
split_feature=1 31 3 8 0 5 0 21 27 4 5 0 21 28 8 8 19 2 28 4 2 16 0 4 1 18 5 4 16 0
split_gain=20.1288 12.8931 9.27733 9.15383 8.94035 8.92358 9.64552 8.84244 8.57795 8.15815 8.12584 7.7578 7.73273 7.60167 7.59664 7.55678 7.10851 6.94432 6.03949 5.98404 6.2116 8.18085 9.65755 7.15117 5.84929 5.99962 5.78827 6.40782 5.65445 8.15972
threshold=3.5000000000000004 0.81857365369796764 1.5000000000000002 7.5000000000000009 5.8748321533203134 0.17813203483819964 8.3298983573913592 17.500000000000004 4.7108805179595956 0.86475017666816723 0.082539610564708724 7.7647182941436776 1.5000000000000002 -0.6035533845424651 6.5000000000000009 5.5000000000000009 1.0000000180025095e-35 933.50000000000011 -0.7865660786628722 0.87258839607238781 639.50000000000011 9.7678117752075213 6.8090240955352792 0.90743860602378856 1.5000000000000002 1.0000000180025095e-35 0.14944893121719363 0.66712984442710888 101.35812377929689 7.7981107234954843
decision_type=2 2 2 2 2 2 2 2 2 2 2 2 2 2 2 2 2 2 2 2 2 2 2 2 2 2 2 2 2 2
left_child=1 2 5 19 -5 9 -7 11 16 28 -11 24 14 -13 15 -2 18 -16 26 -4 -21 23 -23 -22 25 -3 -6 -28 29 -1
right_child=12 7 3 4 8 6 -8 -9 -10 10 -12 13 -14 -15 17 -17 -18 -19 -20 20 21 22 -24 -25 -26 -27 27 -29 -30 -31
leaf_value=0.0056088484905642425 0.0093498770242391692 -0.021575559890094517 0.00077280400495280096 0.02574752582518847 -0.027418246413656536 -0.0096087310990418048 -0.040794851562235883 0.022541439224131283 0.0065468520611961538 0.031258255601681724 -0.004807305208476392 0.008192937205362235 0.027919608612269494 -0.024499469073979548 0.045945110936936803 -0.029488054456462486 0.027734288548602819 0.0078534084442137622 -0.0044544384320898472 0.0016581682352062464 0.030686135615167098 0.026615197773507761 -0.014243225159703349 0.0067431014550373616 0.014286608127237864 0.0051127632787864941 -0.03629430794693015 -0.0050878509653178826 -0.012157298934069326 0.038307721378210639
leaf_weight=45.842546006664634 16.390460722148418 14.954069145023821 603.66445945389569 13.816223552450536 39.77495982684195 159.72247668728232 16.009876027703285 48.935670491307974 85.56048477999866 8.1742023788392526 675.25691474694759 18.38257771730423 48.763769790530205 24.873357936739922 8.7132839374244195 12.478100940585138 7.1660165749490252 30.953015562146902 260.47900072857738 119.75553037784994 49.868643883615732 11.743022453039883 26.359440211206675 34.714547030627728 95.387922808527946 63.728198481723666 10.220116570591925 83.814381301403046 14.082649724557994 15.106082938611506
leaf_count=359 83 89 3741 160 389 1256 43 527 713 65 5295 108 399 119 61 75 52 217 2128 821 266 108 170 185 738 515 76 677 119 76
internal_value=0 -0.000772319 -0.00174643 0.000378799 -0.003898 -0.00480487 -0.012877 0.0075239 -0.00484089 -0.00290565 -0.00428599 0.00396766 0.0160382 -0.010858 0.00703247 -0.00826026 -0.00728833 0.0180246 -0.00806161 0.00291357 0.00819401 0.0144448 -0.000951479 0.0212422 0.00773329 -0.000368616 -0.0149145 -0.00916474 0.0094522 0.0146729
internal_weight=0 2547.39 2281.13 1346.94 500.831 934.195 175.732 266.262 487.015 758.462 683.431 217.326 117.299 43.2559 68.5349 28.8686 401.454 39.6663 394.288 846.106 242.441 122.686 38.1025 84.5832 174.07 78.6823 133.809 94.0345 75.0313 60.9486
internal_count=19630 18795 16699 9486 4195 7213 1299 2096 4035 5914 5360 1569 835 227 436 158 3322 278 3270 5291 1550 729 278 451 1342 604 1142 753 554 435
is_linear=0
shrinkage=0.04


Tree=85
num_leaves=31
num_cat=0
split_feature=25 31 27 0 0 20 6 27 35 22 30 28 27 27 1 3 4 2 18 16 13 23 7 28 2 4 2 9 1 4
split_gain=16.2378 14.34 9.00366 8.4282 7.85898 7.70272 8.25018 8.12124 6.78286 8.20075 7.39973 8.87713 6.63965 7.81368 6.79331 5.90224 5.82391 7.49758 5.69206 8.48458 11.0689 7.07179 6.5844 8.66745 7.67948 6.9367 7.14155 6.81635 5.41188 12.0084
threshold=0.27500000596046453 0.1702898591756821 5.2385673522949228 8.5896992683410662 8.3884496688842791 0.7655925750732423 5.6750385761260995 3.3268313407897954 2.0560559034347539 0.22083333134651187 2.5249279737472539 -1.0000000180025095e-35 4.0154814720153817 5.11529564857483 3.5000000000000004 3.5000000000000004 0.82460430264472973 760.50000000000011 1.0000000180025095e-35 19.564964294433597 1.0000000180025095e-35 1.0000000180025095e-35 1.0000000180025095e-35 -1.0000000180025095e-35 807.50000000000011 0.890640288591385 713.50000000000011 1.0000000180025095e-35 2.5000000000000004 0.89665171504020702
decision_type=2 2 2 2 2 2 2 2 2 2 2 2 2 2 2 2 2 2 2 2 2 2 2 2 2 2 2 2 2 2
left_child=4 2 18 -3 5 6 7 -1 10 -10 -8 -12 14 15 -9 16 17 -14 21 -20 22 28 23 24 -21 26 -25 -24 -2 -30
right_child=1 3 -4 -5 -6 -7 8 12 9 -11 11 -13 13 -15 -16 -17 -18 -19 19 20 -22 -23 27 25 -26 -27 -28 -29 29 -31
leaf_value=0.015372499257735242 -0.0044359068406248153 0.012590346328166484 -0.026042270625782359 -0.017039426267493791 -0.018790759285040131 0.019196919925737733 -0.0056934388112888003 -0.0074027659461973015 -0.0027328076264182409 0.034016614695469023 -0.0084850279667653232 -0.041331388806593219 -0.017572839187052627 -0.015872040926227692 0.025610135543258781 0.010667180141381185 0.0023820943259426726 0.012107234126861575 0.021942664432337559 -0.015695133761698888 -0.010951802889875217 0.011920742272496494 0.0068438706067526882 0.043507917825036872 0.019762304499101324 -0.011124209698076938 -0.0037170384698455802 0.030187892646406408 0.021110969541085531 -0.016184926257045207
leaf_weight=49.660411568358541 378.11716651543975 296.38771228678524 17.247686501592398 14.504617460072039 43.883524440228939 25.016715560108423 466.16213737800717 259.09059419296682 29.915187880396843 12.204834640026091 37.361860210075974 19.5855403393507 51.223278539255261 37.488444397225976 8.4444651827216131 112.21454630978405 396.12124239653349 16.712051071226597 43.926510497927666 45.799544509500265 63.383982956409454 58.322121098637581 52.562005184590816 14.175136227160698 10.467298131436108 8.6538901068270189 7.0663096718490115 32.012353431433439 38.383516058325768 19.228618904948235
leaf_count=362 1890 2170 100 41 168 249 4414 2121 149 64 276 130 400 305 59 766 3407 105 285 406 459 219 242 117 86 76 57 224 186 87
internal_value=0 0.003861 0.000985871 0.0111079 -0.00247537 -0.00198065 -0.0023599 -4.28149e-05 -0.00616261 0.00897512 -0.00741102 -0.0208007 -0.000944299 0.0013499 -0.00617845 0.00252127 0.000514164 -0.0101341 0.00165537 0.00621162 0.00309925 -0.00092355 0.00838195 0.000540967 -0.00864707 0.0172919 0.0288298 0.0161731 -0.00268936 0.00853772
internal_weight=0 1100.24 789.346 310.892 1565.08 1521.2 1496.18 930.955 565.23 42.12 523.11 56.9474 881.295 613.76 267.535 576.271 464.057 67.9353 772.098 278.047 234.121 494.051 170.737 86.1622 56.2668 29.8953 21.2414 84.5744 435.729 57.6121
internal_count=19620 6645 4434 2211 12975 12807 12558 7525 5033 213 4820 406 7163 4983 2180 4678 3912 505 4334 1952 1667 2382 1208 742 492 250 174 466 2163 273
is_linear=0
shrinkage=0.04


Tree=86
num_leaves=31
num_cat=0
split_feature=25 26 5 29 0 29 0 25 23 1 7 23 7 2 27 30 4 4 6 32 5 4 15 27 4 0 0 25 16 2
split_gain=14.2378 11.523 13.5989 9.36255 7.46732 7.2136 7.20623 7.42096 7.15907 6.74176 6.59117 6.22695 6.56079 5.89127 6.42059 5.79061 6.00522 8.99608 8.31379 6.26678 5.7096 5.67462 7.43292 6.65415 5.70855 5.66085 5.46662 8.50164 5.9817 7.11233
threshold=0.34999999403953558 1.0000000180025095e-35 0.22601848840713504 0.37940952181816107 8.3654389381408709 0.78656607866287243 8.2677049636840838 0.17500000447034839 1.0000000180025095e-35 1.5000000000000002 0.42499999701976782 1.0000000180025095e-35 1.0000000180025095e-35 894.50000000000011 3.8659784793853764 1.0000000180025095e-35 0.90110319852828991 0.87791547179222118 5.881927728652955 23.500000000000004 0.25942908227443701 0.82672253251075756 0.12099999934434892 3.9824810028076176 0.90959092974662792 7.0527117252349862 6.8090240955352792 0.14500000327825549 5.2000310420989999 655.50000000000011
decision_type=2 2 2 2 2 2 2 2 2 2 2 2 2 2 2 2 2 2 2 2 2 2 2 2 2 2 2 2 2 2
left_child=1 4 3 21 11 8 7 -5 13 20 -6 26 -13 15 -15 -2 17 18 -17 -20 -4 -3 -23 24 -24 -11 27 -1 -29 -30
right_child=5 2 9 6 10 -7 -8 -9 -10 25 -12 12 -14 14 -16 16 -18 -19 19 -21 -22 22 23 -25 -26 -27 -28 28 29 -31
leaf_value=0.017287634058987419 -0.010733553320798702 -0.015150732026048906 0.018083454046038672 -0.010088551891968903 -0.025478869970114407 0.0273541660086669 0.040246645562353106 0.011406193912639764 0.027193327155397861 0.0095240598455264367 0.0036602659140806794 -0.0026196819337020332 0.012920310602377418 0.038519362447933282 -0.0032959830650584588 0.019724705280852114 0.034130004130824759 -0.025959118344594422 -0.025910485460633223 0.013415527139636741 -0.0021924930241337954 -0.025955453373980739 -0.0034908035486116533 0.0040824953034853794 -0.027837997110871902 0.028997867844393163 -0.0043398982494536114 -0.005505698795214147 -0.0030577583567440955 0.01235219879680805
leaf_weight=43.585701316595078 46.999855324625969 51.910582361742854 31.690917283296585 32.384104771539569 38.467733018100262 31.116101618856192 8.8577583506703359 102.33284931257367 21.919877760112286 49.66053082421422 17.26246365904808 85.478695586323738 85.281263008713722 12.521594364196064 9.3750973753631097 38.810152124613523 8.9926157481968385 12.653083343058823 13.373125277459623 9.5572736337780935 64.203374395146966 16.266712382435799 76.735244493931532 220.84252517297864 17.527742877602577 49.870947934687138 1086.8817655071616 213.13436137326062 100.38087751157582 88.615711778402328
leaf_count=549 237 338 210 306 148 215 33 640 169 366 63 477 524 93 59 281 65 86 84 78 436 143 538 1524 119 309 8054 1617 1177 864
internal_value=0 -0.00073973 0.00350801 0.000152269 -0.00248586 0.0101715 0.00879372 0.00616716 0.00682666 0.0124617 -0.0166389 -0.00200383 0.00520106 0.00358053 0.0218386 0.000230722 0.00651729 0.00237335 0.00881213 -0.0097583 0.0047408 -0.00311359 -0.00114836 0.000287889 -0.00850236 0.0196606 -0.00281232 0.000915425 -0.000935879 0.00422127
internal_weight=0 2481.37 722.283 526.858 1759.09 205.319 143.575 134.717 174.203 195.426 55.7302 1703.36 170.76 152.283 21.8967 130.386 83.3863 74.3936 61.7406 22.9304 95.8943 383.283 331.372 315.106 94.263 99.5315 1532.6 445.717 402.131 188.997
internal_count=19802 18435 4962 3641 13473 1367 979 946 1152 1321 211 13262 1001 983 152 831 594 529 443 162 646 2662 2324 2181 657 675 12261 4207 3658 2041
is_linear=0
shrinkage=0.04


Tree=87
num_leaves=31
num_cat=0
split_feature=31 25 7 29 32 23 19 18 35 28 13 35 26 29 30 28 15 4 16 5 6 2 5 5 25 2 6 6 6 25
split_gain=15.3874 8.93121 7.61735 6.31425 6.07351 5.583 5.49582 9.01602 7.00425 4.27971 4.11929 7.27874 6.57563 5.90912 8.04649 5.68152 8.10639 5.59019 5.36716 5.03341 6.47932 4.84126 4.70585 5.65829 6.92598 6.12652 4.5671 6.71221 6.26606 5.38999
threshold=0.82623791694641124 0.34999999403953558 1.0000000180025095e-35 0.91597560048103344 1.5000000000000002 1.0000000180025095e-35 1.0000000180025095e-35 9.5000000000000018 2.2204338312149052 0.60355338454246532 1.0000000180025095e-35 1.3173897862434389 1.0000000180025095e-35 0.12940952181816107 2.0126758217811589 -0.6035533845424651 0.15795455127954486 0.89776721596717846 6.953754425048829 0.096887111663818373 4.4716224670410165 697.50000000000011 0.10842065513134004 0.18651568889617923 0.23499999940395358 673.50000000000011 5.482717990875245 5.6542406082153329 5.4488878250122079 0.27500000596046453
decision_type=2 2 2 2 2 2 2 2 2 2 2 2 2 2 2 2 2 2 2 2 2 2 2 2 2 2 2 2 2 2
left_child=1 2 10 5 -2 -3 7 9 -8 -6 12 17 26 -13 -15 16 -14 18 -12 -17 -21 -19 -18 24 -24 -26 28 -28 -1 -29
right_child=4 3 -4 -5 6 -7 8 -9 -10 -11 11 13 15 14 -16 19 22 21 -20 20 -22 -23 23 -25 25 -27 27 29 -30 -31
leaf_value=-0.0028078673711879869 0.0027079783736057073 0.0029689194843902367 0.00073754565121898665 0.034894925788841007 0.027833909665272289 0.027590987257721831 0.011768068540364886 -0.013244205045066442 -0.019707624390194571 0.0015314227722363558 0.014399489559983641 -0.026875223892793697 -0.030681543895638454 -0.020056488460479881 0.020293439063674045 0.034617353593483065 -0.019846393799164749 0.022246510739594761 -0.01075765944579613 -0.009799460305840741 0.011125640467145008 -0.010438024703388442 -0.0018832879248282986 -0.0074130744343656471 0.0097639987144549755 0.050956516407688397 -0.022781975771215893 -0.010172730799144929 0.028428331115570131 0.0033329171149017833
leaf_weight=320.22140367515385 138.41379529237747 127.98291219770908 1160.3850264903158 11.263729870319365 73.440191214904189 14.760789878666399 45.620261074975133 10.289237972348927 12.90128657966852 11.669836126267908 13.940003175288437 48.14453712105751 13.429524974897502 17.438663251698021 11.378596082329748 8.8623611927032453 13.664447616785763 19.808724569156769 97.524284552782774 29.786060083657503 93.325234021991491 9.4143006056547147 26.153531247749925 38.591095305979252 15.58823708817363 8.5165795758366567 44.29901934042573 145.98653713986278 8.621069345623253 68.290573086589575
leaf_count=2778 838 761 6790 62 773 92 489 86 76 110 148 299 148 132 56 81 123 281 1100 198 744 126 255 269 109 55 433 1664 79 527
internal_value=0 -0.000846999 -0.00149774 0.00840468 0.00885025 0.00586109 0.0142681 0.0201025 0.00440718 0.0243454 -0.00395775 -0.00883734 -0.00266828 -0.0185662 -0.00384115 0.00277894 -0.00365082 -0.00332962 -0.00741309 0.00839788 0.00598721 0.0117229 0.00040962 0.00389319 0.0125262 0.0271069 -0.00496889 -0.00892613 -0.00182206 -0.00587743
internal_weight=0 2367.38 2213.37 154.007 292.335 142.744 153.921 95.3993 58.5215 85.11 1052.98 217.649 835.336 76.9618 28.8173 247.917 115.943 140.687 111.464 131.974 123.111 29.223 102.514 88.8494 50.2583 24.1048 587.419 258.576 328.842 214.277
internal_count=19682 17310 16395 915 2372 853 1534 969 565 883 9605 2142 7463 487 188 1982 959 1655 1248 1023 942 407 811 688 419 164 5481 2624 2857 2191
is_linear=0
shrinkage=0.04


Tree=88
num_leaves=31
num_cat=0
split_feature=18 19 0 18 16 30 35 2 0 6 31 6 6 0 2 5 5 27 35 8 28 28 2 23 0 6 15 25 2 0
split_gain=17.5054 6.88092 6.8981 10.6321 10.5835 13.0397 13.3297 10.9546 10.2948 9.36265 8.34124 7.40326 8.31553 6.90537 7.2061 7.48087 7.65552 6.32912 7.12774 8.19978 6.31446 8.08636 6.30645 6.5099 6.37182 6.12274 5.97621 5.73934 5.69227 5.58655
threshold=1.5000000000000002 1.0000000180025095e-35 6.9902460575103769 1.0000000180025095e-35 1.2610096335411074 1.0000000180025095e-35 1.2791697382926943 765.50000000000011 7.1899151802062997 5.8274729251861581 0.7992805838584901 5.8985257148742685 5.708768606185914 8.0248608589172381 749.50000000000011 0.11374525725841524 0.24581386148929599 3.5931932926177983 1.3699100613594057 7.5000000000000009 -0.98296290636062611 0.12940952181816109 411.50000000000006 1.0000000180025095e-35 8.5896992683410662 5.5073599815368661 0.15795455127954486 0.17500000447034839 867.50000000000011 7.5153408050537118
decision_type=2 2 2 2 2 2 2 2 2 2 2 2 2 2 2 2 2 2 2 2 2 2 2 2 2 2 2 2 2 2
left_child=1 2 3 28 5 7 8 29 -7 13 -8 12 -5 14 15 -6 17 -17 -19 -20 -11 -22 -2 24 27 -3 -14 -24 -1 -4
right_child=22 25 4 11 9 6 10 -9 -10 20 -12 -13 26 -15 -16 16 -18 18 19 -21 21 -23 23 -25 -26 -27 -28 -29 -30 -31
leaf_value=-0.0034186171273981394 -0.020888586108951279 0.039436248190800702 -5.8097825118390093e-05 0.006507397685619927 -0.021069456003604804 0.018006672216251161 0.044746928629598851 0.0086650904921164364 -0.025710631169399551 0.017578865081921451 0.0078581819585024932 -0.0015237702899901027 0.0041048608578295063 -0.025181681904744641 -0.0184987982814823 0.021056361576521243 -0.018668953327149809 -0.0085614037752539934 0.018002189823814924 -0.010197887560816452 -0.0069719965527711989 0.0070938101638693771 -0.010267393692193571 0.026807298396392714 -0.015952033019828001 -0.0036643445361450961 0.031828889666471606 0.012872210396279882 0.0095434175974404359 -0.0084267534413885875
leaf_weight=482.64448827132583 8.1316892951726896 10.817913670092823 289.0599936619401 238.76388525776565 37.007238507270813 15.755029112100603 24.817133128643036 143.63877608254552 14.792493425309656 24.51350262016058 17.050750225782394 129.16487419046462 18.77357255667448 42.922267928719521 82.184272717684507 20.787134606391191 34.808135520666838 93.404066070914268 44.853816263377666 23.857413537800312 215.90200678631663 91.592835620045662 17.543456800282001 36.726484529674053 13.833375833928583 8.4264068119227868 39.154284657910466 171.91075385920703 59.092757172882557 226.57611595839262
leaf_count=3628 71 81 1927 2321 316 80 101 769 59 176 78 1386 210 185 572 140 211 831 246 182 1558 661 120 451 36 66 357 1463 386 1137
internal_value=0 -0.00067089 -0.000869884 0.00174121 -0.00262009 0.000758577 0.0166317 -0.00102997 -0.00344225 -0.0060854 0.0307671 0.00645555 0.00991629 -0.0103575 -0.00833142 -0.00493238 -0.00202251 0.00131313 -0.00144418 0.00819927 -0.00116526 -0.00276348 0.0104415 0.0116668 0.00869697 0.0219957 0.0232808 0.0106446 -0.00197481 -0.00375373
internal_weight=0 2430.36 2411.12 967.594 1443.52 731.69 72.4154 659.275 30.5475 711.833 41.8679 425.857 296.692 379.824 336.902 254.718 217.711 182.902 162.115 68.7112 332.008 307.495 248.146 240.014 203.288 19.2443 57.9279 189.454 541.737 515.636
internal_count=19805 17664 17517 8288 9229 4151 318 3833 139 5078 179 4274 2888 2683 2498 1926 1610 1399 1259 428 2395 2219 2141 2070 1619 147 567 1583 4014 3064
is_linear=0
shrinkage=0.04


Tree=89
num_leaves=31
num_cat=0
split_feature=31 23 6 25 30 2 25 4 0 3 0 34 30 4 2 27 34 30 0 20 7 0 15 4 0 4 30 20 1 0
split_gain=14.5344 9.13925 8.39652 7.34642 7.00428 9.66117 6.682 8.25358 7.75303 6.91983 6.13517 5.95821 6.89372 5.62926 6.92446 5.41963 8.14428 8.13784 6.95909 6.47589 6.40168 7.55126 5.62328 5.17859 5.15755 5.96984 5.33876 4.97299 5.29641 5.28008
threshold=0.28991597890853887 1.0000000180025095e-35 3.979637980461121 0.34999999403953558 1.8688347935676577 514.50000000000011 0.23499999940395358 0.89524361491203319 7.12768578529358 2.5000000000000004 8.6280183792114276 6.5000000000000009 4.4601275920867929 0.85531020164489757 599.50000000000011 4.3340172767639169 14.500000000000002 3.65057384967804 7.6477832794189462 0.61612781882286083 0.42499999701976782 7.9069137573242196 0.52742856740951549 0.89156287908554088 7.6666874885559091 0.85050284862518322 3.4498615264892583 0.13516666740179065 4.5000000000000009 6.8308596611022958
decision_type=2 2 2 2 2 2 2 2 2 2 2 2 2 2 2 2 2 2 2 2 2 2 2 2 2 2 2 2 2 2
left_child=3 2 -2 10 -3 -6 7 8 -4 15 27 -11 -13 14 -5 16 18 -18 -8 -19 22 -22 -21 -15 26 -26 -10 29 -29 -1
right_child=1 4 6 13 5 -7 9 -9 24 11 -12 12 -14 23 -16 -17 17 19 -20 20 21 -23 -24 -25 25 -27 -28 28 -30 -31
leaf_value=0.001969122932821693 0.034987419537485812 -0.0033243079037316371 0.0033061180884324222 0.035781101483537789 -0.015970973502609908 0.032831900927739202 0.0063875663964905885 0.018989809971503461 -0.011727971957563484 0.0030116122844821491 -0.024457910872198986 0.027861315066415697 -0.0061840757036997407 -0.011629006030325413 0.0052320840439897473 -0.01174946313761234 -0.022045602969765651 0.027732519570789271 0.034927004070186299 -0.022883146137343841 0.030662170330381766 -0.011329541377637782 0.0077062312084778487 0.0094975899131135594 0.0068244836002824064 -0.021920012951252076 -0.039428841812167888 -0.0011628916118161738 0.027803464181564749 -0.010371523181615381
leaf_weight=77.011733422987163 11.515337508171795 16.144416503608227 92.225970285013318 19.196104273200035 6.31385738775134 44.55436585098505 39.190471909940243 23.826284021139145 38.34881292283535 42.557261247187853 17.345565490424633 54.70585304684937 10.658928740769623 29.295536901801825 28.871259473264217 34.170858096331358 22.000730663537979 13.511168662458656 20.013667702674866 23.05058927834034 14.753808949142696 10.192903645336626 14.310099728405474 43.655490264296532 32.816196583211422 15.349303707480429 15.538970220834015 1646.5681631844491 8.1644337177276594 191.26541331410408
leaf_count=903 70 89 763 110 65 481 244 196 248 232 49 586 117 172 155 212 144 85 88 95 167 68 73 256 152 76 123 12059 48 1627
internal_value=0 0.00564554 0.0038423 -0.00143789 0.0193496 0.0263994 0.00301679 -0.00229657 -0.00507401 0.00688063 -0.00203697 0.0148815 0.0222908 0.00804451 0.0183741 0.00225713 0.00541463 -0.00171235 0.0168613 0.00460282 -0.00111929 0.0139374 -0.0113704 0.000929689 -0.0125652 -0.00284447 -0.0208409 -0.00180954 -0.00098658 -0.00684066
internal_weight=0 595.75 528.737 2061.37 67.0126 50.8682 517.222 218.106 194.279 299.116 1940.36 107.922 65.3648 121.018 48.0674 191.194 157.023 97.8193 59.2041 75.8186 62.3074 24.9467 37.3607 72.951 102.053 48.1655 53.8878 1923.01 1654.73 268.277
internal_count=19753 4374 3739 15379 635 546 3669 1558 1362 2111 14686 935 703 693 265 1176 964 632 332 488 403 235 168 428 599 228 371 14637 12107 2530
is_linear=0
shrinkage=0.04


Tree=90
num_leaves=31
num_cat=0
split_feature=25 3 2 12 29 35 0 15 2 2 35 1 2 5 5 0 13 28 0 6 1 8 16 4 21 28 30 30 30 2
split_gain=14.2619 11.3556 7.68853 7.0131 9.59294 9.2107 6.94136 8.66852 7.21036 7.44882 6.70167 6.47956 6.11208 8.41063 6.00515 7.4858 5.93089 9.77952 8.46731 7.76024 6.56675 6.25817 6.13095 5.67359 5.41584 5.3632 5.98491 4.70234 11.0505 4.58818
threshold=0.34999999403953558 2.5000000000000004 483.50000000000006 1.0000000180025095e-35 1.0000000180025095e-35 1.034983277320862 6.6411609649658212 0.21374999731779101 673.50000000000011 547.50000000000011 0.79783248901367199 2.5000000000000004 505.50000000000006 0.15287414193153384 0.11829147115349771 6.530851125717164 1.0000000180025095e-35 -0.91597560048103321 7.4877300262451181 6.2412495613098153 2.5000000000000004 10.500000000000002 5.6812305450439462 0.885534167289734 17.500000000000004 -0.6035533845424651 2.2499048709869389 2.1383330821990971 2.4414010047912602 745.50000000000011
decision_type=2 2 2 2 2 2 2 2 2 2 2 2 2 2 2 2 2 2 2 2 2 2 2 2 2 2 2 2 2 2
left_child=1 2 -1 6 10 -6 8 27 9 12 -5 -3 -4 -14 15 -11 19 -18 20 21 22 -9 -19 -20 -2 26 -13 -8 -29 -10
right_child=24 11 3 4 5 -7 7 16 29 14 -12 25 13 -15 -16 -17 17 18 23 -21 -22 -23 -24 -25 -26 -27 -28 28 -30 -31
leaf_value=-0.0081991564904083814 0.0083290302253570779 0.0022304280727826913 -0.012458790601924343 0.00073462186029710414 0.010850277159662263 -0.020377199776952591 -0.0094321668425041538 -0.0012039225641129318 0.025274017062452209 -0.0094973859642663982 0.025240537537601197 -0.0071825882322536496 0.045109355086858413 -0.0091028750295406614 -0.01768660063969785 0.040233684462264455 -0.012957755805092168 0.036849985443325572 0.015577215385817402 -0.015742672891955602 -0.02211525280567363 0.02784609343539449 -0.0020983111344993152 0.04694426919843471 0.029445021947007599 0.020119307918646228 0.02083342433048457 0.024283635505205875 -0.01454770523304335 0.006406229448397428
leaf_weight=274.10709063149989 179.03346408158541 613.18140895292163 7.7811841908842352 27.472135167568922 28.785790976136923 27.852520056068897 338.68670770525932 561.09669526293874 31.002783173695207 11.751509876921775 49.663974620401859 33.334062628448009 11.300735956057908 6.0967052411288014 44.594286993145943 5.6206754855811587 27.136815074831247 7.5447567999362972 43.397230252623558 57.787605609744787 12.869784291833637 10.121449783444403 19.441168840974569 11.340964525938032 20.418744102120399 63.409618269652128 16.672885775566101 20.767365224659443 22.284030452370644 60.3627476003021
leaf_count=2418 1132 4111 103 219 202 114 3138 3606 304 136 261 210 132 65 483 60 193 66 248 358 102 69 179 68 210 465 172 131 133 580
internal_value=0 -0.000310847 -0.00208275 -0.000912581 0.00774373 -0.00467743 -0.00180633 -0.00296317 0.00548419 -0.00273338 0.0167519 0.00387504 0.0148802 0.0271316 -0.0101317 0.00908542 -0.000462081 0.00754688 0.0135757 -0.00203105 -0.000528366 -0.000593822 0.0105822 0.0235017 0.0107616 0.0125738 0.00260023 -0.00785384 0.00443044 0.0132128
internal_weight=0 2445.46 1718.87 1444.76 133.774 56.6383 1310.99 1132.47 178.511 87.1451 77.1361 726.598 25.1786 17.3974 61.9665 17.3722 750.736 121.731 94.5939 629.006 39.8557 571.218 26.9859 54.7382 199.452 113.417 50.0069 381.738 43.0514 91.3655
internal_count=19668 18326 13368 10950 796 316 10154 8291 1863 979 480 4958 300 197 679 196 4889 856 663 4033 347 3675 245 316 1342 847 382 3402 264 884
is_linear=0
shrinkage=0.04


Tree=91
num_leaves=31
num_cat=0
split_feature=1 15 23 6 35 25 3 2 27 27 2 35 31 32 5 29 29 0 6 4 6 35 12 6 2 2 25 1 27 2
split_gain=14.7487 12.1816 7.80935 7.5825 7.88809 7.37548 7.35434 7.29506 6.85089 8.49216 9.90999 6.91973 6.14777 7.0571 6.94177 6.36336 6.37308 6.07876 5.97246 5.90249 8.65597 5.61246 5.54998 5.92949 5.29716 6.24565 5.27041 7.36808 8.07826 7.62722
threshold=3.5000000000000004 0.59397727251052868 1.0000000180025095e-35 5.4617087841033944 2.1690002679824834 0.34999999403953558 3.5000000000000004 906.50000000000011 4.2731876373291025 4.1919245719909677 569.50000000000011 1.1073911190032961 0.59545454382896434 19.500000000000004 0.20737173408269885 -0.91597560048103321 0.91597560048103344 7.3434212207794198 6.4175486564636239 0.80777081847190868 3.5694335699081425 1.4276303648948672 1.0000000180025095e-35 6.3927540779113778 611.50000000000011 500.50000000000006 0.23499999940395358 1.5000000000000002 4.0901689529418954 559.50000000000011
decision_type=2 2 2 2 2 2 2 2 2 2 2 2 2 2 2 2 2 2 2 2 2 2 2 2 2 2 2 2 2 2
left_child=1 2 6 -2 7 8 18 -5 9 10 -4 -12 14 -14 -8 -16 19 -15 22 20 -17 -22 23 26 25 -10 27 -1 -29 -30
right_child=3 -3 5 4 -6 -7 12 -9 24 -11 11 -13 13 17 15 16 -18 -19 -20 -21 21 -23 -24 -25 -26 -27 -28 28 29 -31
leaf_value=-0.0085678350237815993 0.024449302550999214 0.022963206366772324 -0.010152734134712633 0.030668708152912415 0.034899091660054664 0.027520345874143284 0.019017969620313786 -0.0081433731956477625 -0.010112596215535674 0.037946746829378999 0.003195915229957662 0.026112216519954674 0.023878674775819717 0.013841560470967393 0.013126782015944844 0.029743445067753255 0.020852445437640525 -0.029896551135781383 -0.01171115292334751 -0.018011455763025815 -0.0002084072607431159 -0.022240509174397818 0.0052940484010016112 0.020604099294625037 -0.012343653871225298 0.017314150531457885 -0.00051638894651423299 -0.0078844943942421378 0.026090055800687288 0.0013611711571652166
leaf_weight=439.44370698370039 55.468850517645478 33.228366807103157 39.769614163786173 7.2197848707437506 9.1143612526357156 20.851582154631615 29.266385462135077 46.764670614153147 22.012705616652966 13.071849744766949 47.256706979125738 37.02638553082943 42.901035271584988 9.6597521081566828 38.608560789376497 10.642973866313694 12.733783826231955 7.1198145970702162 102.19554137066007 48.659293577075005 79.941243246197701 22.084729887545109 156.71656105667353 15.56606913730502 54.877596363425255 28.103566121309996 831.98297855071723 161.67295240983367 20.02624630741775 215.38232409674674
leaf_count=4355 376 336 222 61 53 153 184 362 110 60 294 213 321 116 237 57 70 62 822 325 561 105 942 130 263 135 5470 1361 203 1879
internal_value=0 -0.000395498 -0.000723083 0.0139225 0.00420178 0.00577247 -0.00148854 -0.00204253 0.00368939 0.00951908 0.00596901 0.0136352 0.00430376 0.0155789 0.00141751 -0.00115917 -0.00444105 -0.00592462 -0.0023912 -0.00666839 -0.00154085 -0.00531342 -0.00186164 -0.00253302 -0.00395995 0.00534165 -0.00277328 -0.00501134 -0.00105221 0.00366693
internal_weight=0 2540.8 2507.57 118.568 63.0988 262.97 2244.6 53.9845 242.118 137.125 124.053 84.2831 301.618 59.6806 241.937 212.671 174.062 16.7796 1942.99 161.328 112.669 102.026 1840.79 1684.07 104.994 50.1163 1668.51 836.525 397.082 235.409
internal_count=19838 18986 18650 852 476 1450 17200 423 1297 789 729 507 2038 499 1539 1355 1118 178 15162 1048 723 666 14340 13398 508 245 13268 7798 3443 2082
is_linear=0
shrinkage=0.04


Tree=92
num_leaves=31
num_cat=0
split_feature=22 30 1 0 16 26 35 22 5 35 31 25 0 0 16 25 29 21 6 8 29 19 29 0 2 31 2 16 10 0
split_gain=12.2291 10.0559 7.86266 8.85003 7.42299 5.84127 9.70388 7.56136 6.20064 6.15866 8.28149 6.95732 6.81711 6.17496 8.37356 5.71258 10.96 5.3487 6.70497 7.10569 5.17676 5.10804 7.33555 5.08003 4.91057 4.81628 4.63533 4.55791 4.13456 4.12007
threshold=0.75671327114105236 4.4716224670410165 3.5000000000000004 8.5896992683410662 17.708112716674808 1.0000000180025095e-35 2.9135024547576909 0.72482097148895275 0.53380009531974804 1.8652482032775881 0.12916667014360431 0.17500000447034839 7.6477832794189462 7.6666874885559091 103.09275817871095 0.34999999403953558 0.78656607866287243 1.5000000000000002 5.4094088077545175 6.5000000000000009 -0.12940952181816107 1.0000000180025095e-35 0.37940952181816107 7.6236391067504892 847.50000000000011 0.90250155329704296 723.50000000000011 215.45023345947268 1.0000000180025095e-35 7.6477832794189462
decision_type=2 2 2 2 2 2 2 2 2 2 2 2 2 2 2 2 2 2 2 2 2 2 2 2 2 2 2 2 2 2
left_child=2 4 3 5 -2 7 8 15 9 11 26 12 24 23 -15 27 29 18 20 -20 -4 -6 -23 28 -7 -3 -11 -1 -13 -17
right_child=1 25 17 -5 21 6 -8 -9 -10 10 -12 13 -14 14 -16 16 -18 -19 19 -21 -22 22 -24 -25 -26 -27 -28 -29 -30 -31
leaf_value=-0.0029672047588987895 0.033163161185290675 -0.037920244214000205 0.026200700371361747 -0.021474403375800925 0.019718164239340301 0.00033671567686101382 0.030768403213162768 -0.031838896923370358 0.029828397846635858 -0.022540935047872867 0.014814436503179339 0.0017205715076142949 -0.029606730730527817 0.027089285460755601 -0.010932811487347958 -0.0031803697065076581 0.034451841978892131 0.023970432668637198 -0.030255868588892069 0.0060266339687642927 -0.0038796782842137789 0.012955459503369505 -0.027033397125195219 -0.021327787912197263 -0.024267738536488268 0.0059081792898699392 0.0013024314493616802 0.020421731111397473 0.012216351167817987 0.016385916028911447
leaf_weight=1574.678542108275 31.214355729520321 6.3770916834473592 22.535398121923208 32.682550437748432 29.338739793747663 113.83655923977494 16.176924541592598 11.84661768004298 9.866278247907756 45.863648198544979 15.926446698606012 338.37438168562949 14.841194875538347 35.325357679277658 11.09548734128475 78.448738761246204 16.709376331418753 28.697572059929371 12.754644595086573 19.552471723407507 13.866329427808521 15.685629617422821 10.599630016833542 11.540211744606493 12.641117952764032 6.806427925825119 17.644806951284409 11.473283652216194 71.260086700320244 19.916929550468922
leaf_count=12216 383 52 129 94 328 1161 65 94 68 201 76 2340 100 179 67 506 104 209 79 144 86 157 90 59 122 84 70 96 356 105
internal_value=0 0.0131572 -0.000965026 -0.0014096 0.0180997 -0.00112199 0.00191285 -0.00238835 0.00115832 0.000662161 -0.00967319 0.0020377 -0.00568603 0.00438627 0.0179251 -0.00214612 0.00638774 0.0100657 0.00374441 -0.00922624 0.015137 0.008789 -0.00394146 0.00281639 -0.00246193 -0.0174947 -0.0160789 -0.00277252 0.0035969 0.00102896
internal_weight=0 100.022 2557.55 2460.15 86.8384 2427.47 714.393 1713.07 698.216 688.349 79.4349 608.914 141.319 467.596 46.4208 1701.23 115.075 97.4064 68.7088 32.3071 36.4017 55.624 26.2853 421.175 126.478 13.1835 63.5085 1586.15 409.634 98.3657
internal_count=19820 1094 18726 18079 958 17985 4864 13121 4799 4731 347 4384 1383 3001 246 13027 715 647 438 223 215 575 247 2755 1283 136 271 12312 2696 611
is_linear=0
shrinkage=0.04


Tree=93
num_leaves=31
num_cat=0
split_feature=25 18 1 16 27 20 35 0 27 27 2 2 4 27 27 27 27 0 7 6 0 16 6 6 2 5 5 6 16 4
split_gain=12.7921 12.7837 9.59877 9.00463 10.2507 8.11883 7.9601 7.55151 7.08508 8.83745 6.87997 6.8295 7.03353 6.54189 7.06905 6.61983 5.94996 5.76899 6.68223 8.01721 7.34582 7.83773 7.6385 8.82975 6.98399 6.61602 5.60446 8.71471 7.27184 6.57618
threshold=0.27500000596046453 1.0000000180025095e-35 1.5000000000000002 16.264651298522953 4.5125062465667733 0.77753785252571117 1.9192056059837344 7.6088676452636728 3.857566356658936 3.9824810028076176 342.50000000000006 601.50000000000011 0.86090886592865001 4.2563214302062997 4.5201566219329843 4.4073286056518564 4.3901185989379892 6.9334111213684091 1.0000000180025095e-35 5.3636341094970712 7.5422098636627206 149.34696197509768 6.3377099037170419 5.708768606185914 571.50000000000011 0.1180059276521206 0.18148123472929004 5.9229171276092538 61.54228591918946 0.79468134045600902
decision_type=2 2 2 2 2 2 2 2 2 2 2 2 2 2 2 2 2 2 2 2 2 2 2 2 2 2 2 2 2 2
left_child=2 6 7 4 -3 -4 8 -1 -2 -10 -5 12 16 -14 15 -15 -11 25 26 -20 21 24 23 -22 -21 -12 27 28 -19 -28
right_child=1 3 5 10 -6 -7 -8 -9 9 11 17 -13 13 14 -16 -17 -18 18 19 20 22 -23 -24 -25 -26 -27 29 -29 -30 -31
leaf_value=-0.0030938414601104172 0.0061701493795267353 0.020886672359197233 0.00036130262274301019 -0.0228485640634448 -0.014035336856423764 0.026896657709539775 0.012687666945464762 -0.012399638526975626 -0.022691103110674401 0.0305258894292477 -0.0087218776668545103 -0.0079013367747054336 -0.021277274665102732 -0.00065105217877913543 -0.0073681176406014083 0.040796997978227306 0.00339011810851331 0.0093886551888318556 -0.0097384112590765716 0.050776062539141818 0.021850503222175851 -0.0057181087302438875 0.030065382284127452 -0.014793827821707477 0.017586602485868214 0.016146152172121574 -0.0039960158060256181 0.018937178895068282 -0.022393958452255412 -0.033921706304130599
leaf_weight=602.21054496243596 109.68368538841605 114.46519267559052 757.9601080249995 11.91086985170841 13.801500406116245 16.910621855407953 58.995221935212612 180.49683668091893 39.706578463315964 20.906859911978245 18.748939443379641 191.06682454794645 21.780143104493618 12.185086205601694 36.290828976780176 10.353135846555231 31.001671474426985 19.10856955870986 30.9307003878057 14.425035793334244 12.619726482778786 12.701539751142262 10.575367506593464 35.9472397826612 37.030191574245691 114.91788727417588 35.703903209418058 29.382047690451145 24.028739653527737 15.995881050825117
leaf_count=5874 532 933 5964 82 91 175 213 1099 186 112 176 940 114 68 195 60 161 155 191 95 76 73 67 192 274 933 223 224 195 91
internal_value=0 0.00350643 -0.00214739 0.00775765 0.0169713 0.00100816 -0.00091972 -0.00526595 -0.00266328 -0.00534942 0.00490397 -0.00309513 0.00384901 -0.00355133 0.00349511 0.0201618 0.0150464 0.00581254 0.00249693 0.00801253 0.0125499 0.0217112 0.00222672 -0.00478448 0.0284426 0.0125809 -0.00436966 0.00281245 -0.008523 -0.0141735
internal_weight=0 1084.26 1557.58 552.293 128.267 774.871 531.97 782.707 472.975 363.291 424.027 323.585 132.518 80.6092 58.8291 22.5382 51.9085 412.116 278.449 154.23 123.299 64.1568 59.1423 48.567 51.4552 133.667 124.219 72.5194 43.1373 51.6998
internal_count=19764 6652 13112 4071 1024 6139 2581 6973 2368 1836 3047 1650 710 437 323 128 273 2965 1856 968 777 442 335 268 369 1109 888 574 350 314
is_linear=0
shrinkage=0.04


Tree=94
num_leaves=31
num_cat=0
split_feature=7 18 6 25 27 5 6 6 18 22 27 35 16 19 7 0 8 35 28 18 6 27 35 2 25 29 34 1 0 13
split_gain=9.52552 12.3182 6.38998 6.23441 9.96723 9.27603 7.00621 7.51449 6.88551 8.54216 8.38927 7.65475 7.51758 7.18083 8.18706 6.59964 6.17248 6.03254 8.59455 5.78053 5.72158 5.98212 8.15031 5.93129 5.5881 5.88354 5.53786 5.42528 6.15367 7.88142
threshold=0.57499998807907116 1.5000000000000002 3.0677825212478642 0.27500000596046453 4.2217109203338632 0.30756701529026037 3.5114340782165532 3.9415346384048466 1.0000000180025095e-35 0.82817652821540844 3.3826924562454228 1.41622930765152 16.264651298522953 1.5000000000000002 1.0000000180025095e-35 5.9557535648345956 7.5000000000000009 1.655431389808655 -0.6035533845424651 11.500000000000002 6.3306114673614511 4.2619752883911142 0.72427573800086986 701.50000000000011 0.34999999403953558 1.0000000180025095e-35 12.500000000000002 2.5000000000000004 7.4535577297210702 1.0000000180025095e-35
decision_type=2 2 2 2 2 2 2 2 2 2 2 2 2 2 2 2 2 2 2 2 2 2 2 2 2 2 2 2 2 2
left_child=3 2 -2 4 15 20 -5 -8 10 12 -9 -12 13 14 16 -1 -10 -13 -19 -3 21 22 -6 -24 26 -26 -4 -17 -29 -30
right_child=1 19 24 6 5 -7 7 8 9 -11 11 17 -14 -15 -16 27 -18 18 -20 -21 -22 -23 23 -25 25 -27 -28 28 29 -31
leaf_value=0.019087194168906387 0.018208884794610882 0.023400847426568495 0.00066801780620546981 -0.011404063465040429 -0.013136081613530678 0.015998511476134378 0.022229810287322131 0.023288863899188647 -0.011300490974327821 -0.030730687458854409 -0.0079412165435935305 0.026583871500195557 0.0032038440354182798 -0.014436481621394961 0.038167700286648704 -0.0094994197342494861 0.020012745671578205 0.016767826792544977 -0.015738553680272632 -0.0040430492474878383 -0.015938708213618979 -0.0011729712215755683 0.009123104165029287 0.05308872678477726 0.0016353992903159079 0.032979575020228517 -0.024243270479057326 -0.0074982034158292713 0.024728356485890775 -0.010536478105872047
leaf_weight=13.258703300729392 34.930509157478809 66.121381841599941 536.71098203212023 61.610710710287094 8.652294749394061 53.330282809212804 27.476559903472662 16.533288948237896 13.668555647134779 8.3780079670250398 226.35379437357187 16.931471936404705 298.25535087287426 8.7645764239132387 26.441323753446341 463.61015502177179 27.659043602645397 23.132256001234055 24.989372186362743 14.327160965651272 37.116671036928892 456.44941858202219 11.545109193772079 8.1143052130937559 21.798783890902996 15.41247186437249 12.666816130280493 57.601155044510961 26.386049795895815 14.353797309100626
leaf_count=168 148 939 2562 315 120 397 161 79 90 58 1290 84 2184 55 202 4344 181 92 91 129 411 4409 94 59 98 73 82 518 156 67
internal_value=0 0.00400306 0.0020688 -0.00143165 -0.00330129 0.000423737 0.00132658 0.00244672 0.00159832 0.00516577 -0.00284531 -0.0044767 0.00612705 0.0171473 0.0215287 -0.00701487 0.00961273 0.00745546 -6.70443e-05 0.0185338 -0.00122284 -3.52295e-05 0.0171749 0.0304962 0.00104907 0.0156378 7.79309e-06 -0.00769623 0.000824462 0.0123919
internal_weight=0 701.968 621.52 1930.61 1150.42 575.208 780.194 718.584 691.107 383.167 307.94 291.407 374.789 76.5335 67.7689 575.21 41.3276 65.0531 48.1216 80.4485 521.878 484.761 28.3117 19.6594 586.589 37.2113 549.378 561.951 98.341 40.7398
internal_count=19656 4031 2963 15625 10743 5490 4882 4567 4406 2770 1636 1557 2712 528 473 5253 271 267 183 1068 5093 4682 273 153 2815 171 2644 5085 741 223
is_linear=0
shrinkage=0.04


Tree=95
num_leaves=31
num_cat=0
split_feature=23 30 27 7 20 18 29 5 28 4 5 2 15 15 27 27 35 35 29 28 5 2 2 25 5 2 5 5 16 8
split_gain=11.4856 12.5287 10.3795 8.7429 6.95747 9.25875 5.2115 4.76058 11.0901 8.46692 5.57515 5.4732 5.02847 5.42075 5.07243 7.03898 6.13608 5.01948 4.876 7.34967 8.00217 7.11336 8.25887 7.35091 9.67755 7.58722 7.22562 10.5291 6.39429 5.28459
threshold=1.0000000180025095e-35 2.1383330821990971 5.0366277694702157 0.57499998807907116 0.57166665792465221 11.500000000000002 0.91597560048103344 0.30359959602355963 -0.6035533845424651 0.75541871786117565 0.27595391869544988 597.50000000000011 0.52742856740951549 0.39333333075046545 3.9464238882064824 3.5931932926177983 1.984269976615906 0.57830455899238598 -0.12940952181816107 -0.91597560048103321 0.21271323412656787 711.50000000000011 671.50000000000011 0.31000000238418585 0.19001347571611407 827.50000000000011 0.10008278116583826 0.1357354819774628 90.953361511230483 6.5000000000000009
decision_type=2 2 2 2 2 2 2 2 2 2 2 2 2 2 2 2 2 2 2 2 2 2 2 2 2 2 2 2 2 2
left_child=3 2 -2 7 6 -6 -5 9 -9 10 -1 12 13 14 15 16 -11 -12 19 20 -13 22 26 -23 25 -25 -21 28 -28 -29
right_child=1 -3 -4 4 5 -7 -8 8 -10 11 17 18 -14 -15 -16 -17 -18 -19 -20 21 -22 23 -24 24 -26 -27 27 29 -30 -31
leaf_value=-0.024737781253506289 0.0054251097327950382 0.025080958716402018 -0.029321314879488782 0.00042335007074307429 0.025005130328138111 -0.012995945642164409 0.015600158165969347 -0.0072796563037898143 0.012046569041746403 0.0043904691031715123 0.019521077081604804 -0.023550399376946359 0.023710516234821781 -0.023104377754637345 -0.0028588174577812769 -0.018801082116758721 -0.028849811706925001 -0.011453480723220498 0.0025804994498996345 -0.029429407125522548 0.013194949927610375 -0.009399224928589512 0.01652442450657958 -0.0012900709804795313 -0.015867633123390124 0.036752939597127617 0.0071155088993748892 0.0076930310712622638 0.04267278390133835 -0.014353836567005675
leaf_weight=45.909612879157066 212.80012957006693 49.794257152825594 12.716187983751295 557.41548457369208 41.255333185195923 12.060738261789082 36.725503146648407 85.859944624826312 101.69884319975972 52.26582289673388 8.7622957564890367 46.742978814989328 7.1651879586279383 27.241769056767225 379.64150971919298 86.328876346349716 8.6282345652580243 36.666981238871813 387.09783175308257 11.280343152582644 10.391082733869551 197.85357064194977 58.313000306487083 14.65438085794449 16.540485426783562 17.212623707950115 27.071120707318187 24.79001447185874 10.232306526973842 49.219560133293271
leaf_count=379 1017 550 63 2722 592 101 180 629 694 454 101 392 42 213 3708 832 33 257 3130 124 69 1674 485 90 93 99 250 164 113 424
internal_value=0 0.00733065 0.00322533 -0.00127476 0.00267889 0.0162498 0.00141066 -0.00277173 0.00321602 -0.00351189 -0.0151915 -0.00274713 -0.00582027 -0.00628604 -0.00533235 -0.011587 -0.00108707 -0.00490794 -0.000758909 -0.0034277 -0.0166472 -0.00159024 0.00440415 -0.0059938 0.0077457 0.0202154 -0.00153372 0.00176274 0.018544 -0.00696098
internal_weight=0 275.311 225.516 2359.03 647.457 53.3161 594.141 1711.57 187.559 1524.01 91.3389 1432.67 561.271 554.106 526.864 147.223 60.8941 45.4293 871.399 484.301 57.1341 427.167 180.906 246.261 48.4075 31.867 122.593 111.313 37.3034 74.0096
internal_count=19674 1630 1080 18044 3595 693 2902 14449 1323 13126 737 12389 5282 5240 5027 1319 487 358 7107 3977 461 3516 1560 1956 282 189 1075 951 363 588
is_linear=0
shrinkage=0.04


Tree=96
num_leaves=31
num_cat=0
split_feature=7 18 28 35 18 35 28 2 16 23 34 4 29 31 28 4 29 27 20 25 32 27 20 20 21 2 29 4 27 28
split_gain=12.2672 8.56648 7.19843 7.14256 6.23589 6.06317 6.03211 6.48723 6.39527 5.76436 6.51756 6.00759 5.53908 5.5809 5.08629 4.8265 8.11323 8.22327 8.1049 7.0443 5.94379 4.86437 4.62874 4.60564 8.78366 5.11735 6.35251 5.52463 6.61867 5.10953
threshold=0.57499998807907116 2.5000000000000004 0.78656607866287243 1.7122704982757571 11.500000000000002 1.586787283420563 -0.6035533845424651 567.50000000000011 15.774839401245119 1.0000000180025095e-35 5.5000000000000009 0.61676830053329479 -0.7865660786628722 0.91913688182830822 0.12940952181816109 0.77627015113830578 1.0000000180025095e-35 3.3268313407897954 0.73793908953666698 0.31000000238418585 12.500000000000002 3.8210029602050786 0.35625000298023229 0.61612781882286083 1.5000000000000002 553.50000000000011 -0.91597560048103321 0.79329302906990062 4.6629672050476083 1.0000000180025095e-35
decision_type=2 2 2 2 2 2 2 2 2 2 2 2 2 2 2 2 2 2 2 2 2 2 2 2 2 2 2 2 2 2
left_child=9 2 3 -2 -3 -6 7 -5 -8 11 -11 12 14 -14 -1 16 17 -13 23 20 -18 -19 -23 24 25 29 -27 28 -28 -17
right_child=1 4 -4 6 5 -7 8 -9 -10 10 -12 15 13 -15 -16 18 19 21 -20 -21 -22 22 -24 -25 -26 26 27 -29 -30 -31
leaf_value=0.03513393591558886 0.0026308452042249483 0.02347751398143258 -0.0099304062929729438 0.043283987920349633 0.017847785748792654 -0.027784913178310222 0.019973219452635131 0.011963109524446415 -0.010320897157621531 0.001648735592386626 0.020617255945128803 0.025155761819386752 0.0059237550674936506 -0.025900848205439649 0.00090386145228128181 -0.0093736421203815031 -0.015542845660330235 -0.019076801992209652 0.028736441781996701 0.0040618953628412417 -0.042839086738340582 -0.0043718640083208384 0.019196326150890994 -0.018192120804111676 0.015287434023779516 -0.0083164051366025008 0.024211564073150865 -0.00010788570156892576 -0.013011332404037091 0.000503841315147307
leaf_weight=16.151034703478221 479.39996367320418 56.891849339008331 58.637249317020178 16.675100058317184 7.5626012310385686 7.1672649830579758 18.365915507078171 29.75370018184185 22.763752616941929 184.72775239869952 32.474483422935009 14.065517198294399 53.681016240268946 8.4774303548037988 11.425608459860085 265.87467743270099 62.147654613479972 28.838534448295832 11.707436963915823 20.115152783691883 15.969704568386076 89.221029706299305 13.619783960282801 26.187614575028419 44.272373721003532 148.08189514279366 28.641406051814556 718.09398859925568 8.7602196149528009 121.64940488152206
leaf_count=106 2454 859 295 61 89 45 68 109 74 877 296 102 383 68 80 2658 525 214 74 127 74 735 88 109 240 1297 215 6142 66 1186
internal_value=0 0.00472289 0.00319271 0.00458009 0.0176387 -0.00502338 0.0149555 0.0245351 0.00350545 -0.00146264 0.00464701 -0.00224458 0.00772135 0.000911281 0.0219718 -0.0028064 -0.00796877 -0.0019163 -0.00187899 -0.0167312 -0.0220532 -0.00514114 -0.00094394 -0.00218401 -0.00184334 -0.0024535 -0.000799444 0.000691996 0.0152753 -0.00628629
internal_weight=0 697.217 625.596 566.958 71.6217 14.7299 87.5585 46.4288 41.1297 1924.18 217.202 1706.98 89.7351 62.1584 27.5766 1617.25 243.977 145.745 1373.27 98.2325 78.1174 131.679 102.841 1361.56 1335.37 1291.1 903.578 755.496 37.4016 387.524
internal_count=19716 4054 3061 2766 993 134 312 170 142 15662 1173 14489 637 451 186 13852 1865 1139 11987 726 599 1037 823 11913 11804 11564 7720 6423 281 3844
is_linear=0
shrinkage=0.04


Tree=97
num_leaves=31
num_cat=0
split_feature=18 18 35 19 9 6 2 22 25 35 6 27 2 6 35 2 27 5 2 27 27 0 27 0 35 28 32 21 35 5
split_gain=12.843 11.3123 7.38567 7.03091 6.96368 6.86161 6.28767 5.80557 5.53289 6.52809 7.05528 6.28928 6.07528 6.616 5.83625 5.51516 5.2635 4.82772 9.94753 5.87466 7.18941 5.44124 5.40593 5.63095 6.56328 4.798 4.83032 5.41195 4.7718 4.69738
threshold=1.5000000000000002 9.5000000000000018 0.82342091202735912 1.0000000180025095e-35 1.0000000180025095e-35 5.5073599815368661 605.50000000000011 0.80312836170196544 0.23499999940395358 0.48507562279701238 2.2499048709869389 4.6361839771270761 492.50000000000006 2.8617925643920903 1.223888158798218 1095.5000000000002 3.2902640104293828 0.14645647257566455 431.50000000000006 4.9159581661224374 5.1366803646087655 7.2484977245330819 4.725172996520997 7.5735280513763437 1.6730591058731081 1.0000000180025095e-35 15.500000000000002 13.500000000000002 3.2558177709579472 0.18464760482311252
decision_type=2 2 2 2 2 2 2 2 2 2 2 2 2 2 2 2 2 2 2 2 2 2 2 2 2 2 2 2 2 2
left_child=3 4 -3 8 -2 -5 -6 16 9 29 14 12 -12 -14 -11 28 -4 22 -19 21 -21 -20 -13 -24 -25 26 -8 -28 -10 -1
right_child=1 2 7 5 6 -7 25 -9 15 10 11 17 13 -15 -16 -17 -18 18 19 20 -22 -23 23 24 -26 -27 27 -29 -30 -31
leaf_value=0.010775936019711314 0.021508992858943851 0.021513923204831333 -0.017159332989129781 0.037924164627022694 0.025810602444459804 -0.0067294484133191895 0.024928745328018993 -0.033196541024362015 0.00050594558787803385 -0.0017625751952093621 -0.013957738839115092 0.010829000489393056 -0.030913145070123306 -0.0043545617228854337 0.035543402212247263 0.021876783227196744 0.01131419877497452 0.043794965446476458 0.0043327804907285147 0.023347915681485944 -0.0060973104342125009 -0.017598068538348305 -0.01885804496188407 0.027604144411875843 -0.0097645428282772968 -0.015897217903036033 -0.021856037567413843 0.010118240051830445 -0.018322691116926412 -0.0033327522654656499
leaf_weight=81.46785013563931 88.053547395393252 10.835546921938656 19.849630318582058 12.194375492632391 16.550689917057753 8.1375355422496778 13.559520188719032 13.32294052839279 1100.8415889497846 13.861271034926178 147.32562382891774 22.60604390874505 13.436146445572374 647.31202159449458 10.687030043452976 16.990512043237686 17.922210671007633 8.1850823909044248 41.928106613457203 33.228621058166027 20.177918657660484 29.067884631454945 48.315031792968512 9.31426675245166 20.526448860764503 20.168851029127836 11.656194396317003 20.359415400773287 19.964986748993397 67.594014748930931
leaf_count=1050 1196 98 108 86 118 65 92 98 6699 111 1384 190 99 5187 58 95 100 72 336 235 149 188 509 76 116 113 77 139 57 729
internal_value=0 0.0085238 -0.00597599 -0.00129272 0.0138034 0.0210501 0.00524385 -0.0123965 -0.00150351 -0.00337829 -0.00447484 -0.00498549 -0.00665235 -0.00498628 0.0159326 0.000500941 -0.00375947 0.000794209 0.00577275 0.00261771 0.0124045 -0.00488251 -0.00574167 -0.0106852 0.00290069 -0.000542869 0.0066347 -0.00212351 0.00013851 0.00441875
internal_weight=0 232.279 61.9303 2373.16 170.348 20.3319 82.2947 51.0948 2352.83 1215.03 1065.97 1041.42 808.074 660.748 24.5483 1137.8 37.7718 233.349 132.588 124.403 53.4065 70.996 100.762 78.1557 29.8407 65.744 45.5751 32.0156 1120.81 149.062
internal_count=19630 2139 404 17491 1735 151 539 306 17340 10489 8710 8541 6670 5286 169 6851 208 1871 980 908 384 524 891 701 192 421 308 216 6756 1779
is_linear=0
shrinkage=0.04


Tree=98
num_leaves=31
num_cat=0
split_feature=7 27 16 26 23 30 0 21 5 8 14 25 28 2 0 2 28 5 5 2 5 5 25 2 25 27 12 27 16 15
split_gain=10.4664 9.92931 8.45027 6.67947 5.93976 5.93298 5.46199 8.1768 5.34315 5.51102 5.46132 5.04604 4.95728 5.10743 7.35652 5.38377 5.40039 4.93911 4.93543 4.89727 4.63112 5.89186 4.4324 4.35714 5.99811 5.60458 4.19745 4.40131 8.96431 6.97883
threshold=0.57499998807907116 3.3268313407897954 75.890007019042983 1.0000000180025095e-35 1.0000000180025095e-35 2.5249279737472539 6.6795794963836679 1.0000000180025095e-35 0.30359959602355963 10.500000000000002 0.89587974548339855 0.17500000447034839 -0.6035533845424651 711.50000000000011 7.219635248184205 511.50000000000006 -0.91597560048103321 0.47649659216403967 0.09958501905202867 457.50000000000006 0.28505711257457739 0.27595391869544988 0.34999999403953558 701.50000000000011 0.17500000447034839 3.7577049732208256 1.0000000180025095e-35 4.8085191249847421 136.57102966308597 0.15795455127954486
decision_type=2 2 2 2 2 2 2 2 2 2 2 2 2 2 2 2 2 2 2 2 2 2 2 2 2 2 2 2 2 2
left_child=4 2 -2 22 6 18 7 -1 9 20 -11 -5 13 15 -15 -10 -17 -14 -6 -9 21 26 -3 24 -20 -25 27 29 -29 -8
right_child=1 3 -4 11 5 -7 8 19 12 10 -12 -13 17 14 -16 16 -18 -19 23 -21 -22 -23 -24 25 -26 -27 -28 28 -30 -31
leaf_value=-0.0032078404794534015 0.026134227044373338 -0.0010102259467223676 -0.0099542975202964318 -0.0033439128049594195 0.020922727145417281 0.022715515643512124 -0.01443026880440163 -0.010078224255914241 0.0093756133392874867 0.023490055947572995 -0.0069316092250412608 0.012464190928639209 0.018435050474975751 0.029036319369057862 -0.013987632966655797 -0.0027033397320525032 -0.039269976870491129 -0.0032742583636722208 0.011113468573444252 0.011059951107183977 -0.01949521054180315 0.021136683372582878 0.013443102587126436 0.029951915596353094 -0.0097928029441083676 0.0019194187199352744 0.0034779612973887793 -0.0025334732090053973 0.027687502573141613 -0.0047027286111755327
leaf_weight=203.35272804275155 51.234292371198535 410.70151609554887 11.763520177453755 40.150929145514965 18.633131176233292 24.338247906416655 138.75641768053174 18.261037770658731 10.438695680350063 20.562573205679655 14.981662254780529 149.28412193804979 47.822189971804619 12.170600794255735 9.8806612566113454 12.022276625037192 12.817264609038832 24.469469413161278 27.695902485400438 149.31693696789443 30.69654930755496 12.579350296407936 34.992028243839741 13.025913320481775 83.60872907936573 48.747758876532316 95.109541568905115 111.22067508846521 16.24167961999774 760.54121984541416
leaf_count=1810 547 2199 99 234 91 255 1481 265 77 143 84 743 303 84 59 82 87 158 166 1735 206 98 227 55 359 235 626 921 156 6114
internal_value=0 0.00439818 0.0192965 0.00286449 -0.00131534 0.00490312 -0.00210988 0.00217366 -0.00330573 -0.00413921 0.0109813 0.00911372 0.00436044 -0.00434658 0.0101982 -0.0134974 -0.0230921 0.0111965 0.00243061 0.00866482 -0.00461851 -0.00418237 0.000179511 0.000223535 -0.00448636 0.00858444 -0.00450338 -0.00524802 0.00168563 -0.00623232
internal_weight=0 698.126 62.9978 635.129 1917.29 216.05 1701.24 370.931 1330.31 1200.69 35.5442 189.435 129.621 57.3295 22.0513 35.2782 24.8395 72.2917 191.711 167.578 1165.15 1134.45 445.694 173.078 111.305 61.7737 1121.87 1026.76 127.462 899.298
internal_count=19699 4049 646 3403 15650 1161 14489 3810 10679 9829 227 977 850 389 143 246 169 461 906 2000 9602 9396 2426 815 525 290 9298 8672 1077 7595
is_linear=0
shrinkage=0.04


Tree=99
num_leaves=31
num_cat=0
split_feature=1 3 0 26 20 4 12 4 2 15 35 6 21 4 0 21 6 20 4 4 4 2 16 35 8 20 0 30 30 8
split_gain=12.9031 11.8333 6.95917 6.94979 8.49382 6.79811 6.47823 5.9702 5.57402 5.97169 5.4022 5.83827 6.87477 5.36614 6.29492 5.27291 4.94993 4.86295 8.94127 6.56379 5.15897 6.21456 7.21766 5.78593 5.49263 5.01635 4.75012 4.48675 6.68645 5.25435
threshold=3.5000000000000004 1.5000000000000002 8.5896992683410662 1.0000000180025095e-35 0.46175000071525579 0.93904343247413646 1.0000000180025095e-35 0.89851060509681713 772.50000000000011 0.19597221910953525 2.1690002679824834 5.427147865295411 1.0000000180025095e-35 0.88657814264297496 7.633366823196412 1.5000000000000002 4.6586997509002694 0.76807969808578502 0.79657629132270824 0.78667956590652477 0.87179213762283336 573.50000000000011 180.34503173828128 2.3028146028518681 4.5000000000000009 0.85405808687210094 6.9137251377105722 2.4414010047912602 2.1383330821990971 10.500000000000002
decision_type=2 2 2 2 2 2 2 2 2 2 2 2 2 2 2 2 2 2 2 2 2 2 2 2 2 2 2 2 2 2
left_child=1 2 6 5 8 -3 17 13 -5 26 11 12 -2 -8 -15 -13 -9 18 19 -1 24 22 23 -22 -20 -19 -10 28 29 -23
right_child=10 3 -4 4 -6 -7 7 16 9 -11 -12 15 -14 14 -16 -17 -18 25 20 -21 21 27 -24 -25 -26 -27 -28 -29 -30 -31
leaf_value=-0.011790257703083205 0.0029247314172014928 0.00025523460006832621 -0.023068432859970282 0.001676370456789059 0.027438465104584517 -0.015888471044116108 0.0053260408416924265 0.003483528239192618 0.014042282676057442 0.019339698764971276 0.033559331286848591 -0.011648253086954861 0.033538817623183892 0.0013944922741381575 -0.037416551735304358 0.013534633460180473 0.035977664497048645 0.02654118568507749 0.022979289050471509 -0.040227941031234386 -0.013872092088333333 -0.0030028616752289052 0.02584812932346596 0.012310730344342003 -7.9739188491346572e-05 -0.011285523828850437 -0.017982830343988013 -0.016391365969740883 0.025408588115220322 0.02375436224908864
leaf_weight=86.666268952190876 23.028782349079847 1027.6249023862183 28.608087688684464 325.54879814572632 24.751817621290684 41.499595480039716 73.769798722118139 15.43682634830475 11.997502416372301 63.221729546785355 15.464351810514925 28.219141788780689 22.856174619868398 15.165135055780413 9.7690291702747327 21.768830943852663 13.524707574397324 13.464353911578657 18.183445386588573 14.12716994807124 194.26001018472016 343.21505868621171 6.4974271003156892 12.993117444217203 91.181179501116276 7.3781749941408625 13.829700473695992 31.14359487965703 12.722406100481747 10.169043645262716
leaf_count=707 129 7823 89 2157 275 311 513 84 102 334 92 200 193 115 42 199 74 108 108 105 1745 2794 69 65 757 61 95 183 73 97
internal_value=0 -0.00089283 -0.00426675 0.00134265 0.00556562 -0.000399903 -0.00366571 0.00467678 0.00413434 0.0128861 0.0129052 0.00895601 0.0189381 -0.000127769 -0.0154607 -0.000582785 0.0200017 -0.00493869 -0.00543378 -0.0164812 -0.00384668 -0.00527744 -0.0107454 -0.0121287 0.00409799 0.013335 -0.00316618 -0.0022962 -0.00101462 -0.00210354
internal_weight=0 2506.75 998.275 1508.47 439.35 1069.12 969.667 127.665 414.598 89.0489 111.337 95.8729 45.885 98.704 24.9342 49.988 28.9615 842.001 821.159 100.793 720.365 611.001 213.751 207.253 109.365 20.8425 25.8272 397.25 366.107 353.384
internal_count=19699 18886 7789 11097 2963 8134 7700 828 2688 531 813 721 322 670 157 399 158 6872 6703 812 5891 5026 1879 1810 865 169 197 3147 2964 2891
is_linear=0
shrinkage=0.04


Tree=100
num_leaves=31
num_cat=0
split_feature=23 3 15 34 2 35 5 35 8 21 7 2 29 4 29 5 35 35 2 35 35 26 30 35 35 13 27 6 5 21
split_gain=10.0787 6.90582 6.02167 5.77929 5.69182 7.7451 6.53695 6.32472 6.0792 8.20314 4.80585 4.70466 4.58658 4.96594 5.93382 9.3603 6.84383 5.05163 4.96047 6.42687 6.11111 5.83547 4.82934 5.10196 5.19501 4.67358 6.3187 4.6506 5.82122 5.61707
threshold=1.0000000180025095e-35 3.5000000000000004 0.12099999934434892 5.5000000000000009 871.50000000000011 1.3396216034889223 0.20737173408269885 1.1145352125167849 3.5000000000000004 1.0000000180025095e-35 0.72499999403953563 549.50000000000011 0.91597560048103344 0.83346602320671093 1.0000000180025095e-35 0.24142602831125262 2.9135024547576909 2.0888360738754277 729.50000000000011 1.0115206241607668 1.2791697382926943 1.0000000180025095e-35 1.7005987167358401 0.61721122264862072 0.87240421772003185 1.0000000180025095e-35 3.8928396701812749 4.9522936344146737 0.21621762216091159 8.5000000000000018
decision_type=2 2 2 2 2 2 2 2 2 2 2 2 2 2 2 2 2 2 2 2 2 2 2 2 2 2 2 2 2 2
left_child=1 2 -1 10 5 6 -3 -6 -7 -10 -2 -5 13 14 15 27 17 -16 19 25 -20 -21 23 -17 -25 26 -14 28 -4 -29
right_child=3 4 12 11 7 8 -8 -9 9 -11 -12 -13 18 -15 16 22 -18 -19 20 21 -22 -23 -24 24 -26 -27 -28 29 -30 -31
leaf_value=-0.011489272186531075 0.002377696790318498 0.026717033842381662 -0.045316887393312383 -0.0041649912236370471 0.0040284731619283122 -0.034868744683012438 0.0036538844588907128 0.035563370639507159 0.011487107016551409 -0.016342521453438098 0.025184232301634836 0.024849417712051697 0.029060938178997558 -0.00059919474341107472 -0.010222352115327684 0.011599752844359547 -0.037801559419121715 0.014267678946392451 0.0043528916387553466 -0.020410096404847672 0.037872406528777984 0.011677298601769075 0.010445182907947111 -0.023490838031451685 -0.00031241098295110072 0.035038749374676506 -0.0070894110119486741 -0.0028059181896188355 -0.0037358984992871768 -0.022781634810825842
leaf_weight=100.91720298770815 207.29804912209511 20.135485749691725 9.5787730142474192 10.690027199685572 24.061171010136604 10.046655904501675 186.00984457135201 16.416025150567293 29.242877326905727 35.204022075980902 13.978584744036196 40.129750337451696 8.9911289997398836 1223.8713103272021 180.7235918007791 28.144189313054085 11.905728515237568 12.825834080576895 22.028076082468033 27.569141708314419 13.072350110858677 11.536940343677996 94.871420759707689 21.3464047126472 46.032681427896023 8.1479814350604993 24.356046564877033 143.10124149173498 10.809360444545744 24.911740653216839
leaf_count=1045 984 131 60 101 187 52 1370 126 147 242 67 463 65 9735 1402 213 35 72 165 158 72 71 774 161 255 79 207 1066 77 163
internal_value=0 -0.00119533 -0.00206025 0.00691035 0.00423722 0.00215537 0.00614167 0.0178901 -0.00874804 -0.00374912 0.00403112 0.0188196 -0.00155421 -0.00205028 -0.00507756 -0.00208703 -0.0105179 -0.00847016 0.00610119 0.000516967 0.0182051 -0.0108362 0.0041481 -0.00219196 -0.00812107 0.0112228 0.00375033 -0.00836552 -0.0255746 -0.00600093
internal_weight=0 2345.86 2024.74 272.096 321.116 280.639 206.145 40.4772 74.4936 64.4469 221.277 50.8198 1923.82 1808.12 584.251 378.796 205.455 193.549 115.702 80.6012 35.1004 39.1061 190.395 95.5233 67.3791 41.4952 33.3472 188.401 20.3881 168.013
internal_count=19745 18130 15875 1615 2255 1942 1501 313 441 389 1051 564 14830 14013 4278 2769 1509 1474 817 580 237 229 1403 629 416 351 272 1366 137 1229
is_linear=0
shrinkage=0.04


Tree=101
num_leaves=31
num_cat=0
split_feature=1 0 7 0 0 0 29 35 14 29 2 2 25 5 27 27 16 14 26 18 0 0 35 18 5 0 35 5 27 4
split_gain=8.57172 8.7337 7.4648 5.68554 9.34392 7.39356 6.85864 5.51555 5.51382 5.20665 5.18655 5.16048 4.63549 4.55567 4.36704 4.29327 12.6694 5.95874 4.98403 5.88536 5.51697 6.55816 5.22609 5.37262 4.62982 5.58973 4.91302 4.96705 6.9639 4.22818
threshold=3.5000000000000004 8.5896992683410662 1.0000000180025095e-35 8.2390642166137713 8.3884496688842791 8.0149955749511737 -0.7865660786628722 2.1690002679824834 1.4978661537170412 0.91597560048103344 906.50000000000011 972.50000000000011 0.31000000238418585 0.082539610564708724 4.6770255565643319 3.2445416450500493 117.18713378906251 1.2424533367156985 1.0000000180025095e-35 2.5000000000000004 7.1356794834136972 7.0783326625823983 1.5025840401649477 1.0000000180025095e-35 0.10552773624658586 6.7043955326080331 0.69015076756477367 0.16811604797840121 4.0664591789245614 0.81679013371467601
decision_type=2 2 2 2 2 2 2 2 2 2 2 2 2 2 2 2 2 2 2 2 2 2 2 2 2 2 2 2 2 2
left_child=1 2 8 5 -5 9 -7 10 13 15 -2 -12 29 -1 -11 16 17 -4 -17 20 21 24 -22 -24 -20 26 27 -26 -29 -13
right_child=7 -3 3 4 -6 6 -8 -9 -10 14 11 12 -14 -15 -16 18 -18 -19 19 -21 22 -23 23 -25 25 -27 -28 28 -30 -31
leaf_value=0.021635837156574075 0.029135143884815463 -0.018385825307057284 0.023515010600588672 0.032243927917428951 -0.0051598574034331327 0.0099162381421031929 -0.018698727593321151 0.03288164575855216 0.010491199041653618 0.016829339561384122 -0.018043912508894668 0.015274404661569549 0.024085101473315999 -0.0033032171643323349 -0.0078419569246932011 -0.0007929179143747354 -0.033333690365295487 -0.0081172353273300784 0.026275206662920034 0.031774517366787783 -0.0068666338516138329 0.033197362447990472 -0.0032053084772799491 0.022747615329700207 0.021497430292170154 -0.0042221123244213354 0.035892660788896531 0.020559635744019481 -0.012342863294577424 -0.0070470173789252749
leaf_weight=9.8815965149551612 12.738857015967367 40.017028249800205 47.931272150948644 22.882081106305122 17.882866084575653 16.741343662142754 49.026907440274954 13.937826696783302 48.613744069822133 60.541024936363101 13.155865754932163 19.857315998524427 17.957123223692179 1051.3177556861192 12.809127919375895 771.22483631782234 7.0722348969429722 10.711014334112404 14.598590806126593 10.736927673220633 99.779807548969984 14.136716768145559 26.680195838212967 21.73777137696743 21.790013063699007 69.446162581443787 9.2993178963661176 13.52774624712765 28.553060319274664 33.901329262182117
leaf_count=101 105 120 407 116 75 70 224 89 477 413 94 168 150 9673 75 4984 60 129 97 145 507 78 95 101 161 419 50 95 188 230
internal_value=0 -0.00030308 6.1566e-06 0.00200607 0.0163616 0.00153378 -0.0113371 0.010934 -0.00242061 0.00223326 0.00720283 0.00331591 0.0076175 -0.00303073 0.0124272 0.0015725 0.0113498 0.0176602 0.00096969 0.00506541 0.00397593 0.00882192 -0.00167004 0.00888669 0.0062406 0.00385479 0.011429 0.00688555 -0.00131276 0.00145018
internal_weight=0 2496.94 2456.92 1347.11 40.7649 1306.34 65.7683 111.548 1109.81 1240.58 97.6105 84.8716 71.7158 1061.2 73.3502 1167.23 65.7145 58.6423 1101.51 330.286 319.549 171.352 148.198 48.418 157.215 142.616 73.1701 63.8708 42.0808 53.7586
internal_count=19696 18860 18740 8489 191 8298 294 836 10251 8004 747 642 548 9774 488 7516 596 536 6920 1936 1791 1088 703 196 1010 913 494 444 283 398
is_linear=0
shrinkage=0.04


Tree=102
num_leaves=31
num_cat=0
split_feature=22 22 35 18 35 25 1 0 15 35 1 6 25 8 0 6 0 28 6 35 28 1 35 28 13 28 6 16 0 35
split_gain=11.0113 8.75001 7.68736 10.9788 11.3935 5.89904 7.34612 6.97638 10.8276 8.60112 8.40429 6.8534 5.98943 5.85305 5.83915 5.78755 9.80471 8.54062 7.3311 9.6924 5.40466 4.91958 4.91782 4.79053 4.74006 5.0247 4.56602 4.47415 4.89779 4.49168
threshold=0.74370512366294872 0.72482097148895275 2.3028146028518681 9.5000000000000018 1.4027330875396731 0.27500000596046453 1.5000000000000002 7.7079589366912851 0.21374999731779101 1.9466612339019778 2.5000000000000004 2.6020033359527592 0.2100000008940697 8.5000000000000018 7.9178988933563241 5.6542406082153329 7.2696108818054208 -1.0000000180025095e-35 5.8902609348297128 0.5655554234981538 0.78656607866287243 1.5000000000000002 1.7122704982757571 -0.6035533845424651 1.5000000000000002 -0.98296290636062611 5.5853724479675302 70.82190322875978 6.2065250873565683 1.3173897862434389
decision_type=2 2 2 2 2 2 2 2 2 2 2 2 2 2 2 2 2 2 2 2 2 2 2 2 2 2 2 2 2 2
left_child=1 5 3 20 -5 6 11 15 9 21 14 12 -1 -8 22 26 18 -18 19 -17 -2 -9 -10 -21 25 -15 27 28 -7 -29
right_child=2 -3 -4 4 -6 7 13 8 10 -11 -12 -13 -14 24 -16 16 17 -19 -20 23 -22 -23 -24 -25 -26 -27 -28 29 -30 -31
leaf_value=0.029823079262618825 0.020160970152820489 -0.031625641711615207 0.03701509661117789 0.0090064459222888218 -0.043791489661821607 -0.016536308158641152 0.0028612594521271982 0.026774911562656364 0.0067325571361108007 -0.016672123739850289 0.034432767639190155 -0.0051537116386453745 -0.0084875512018942074 0.022066735802302947 0.0021833539361945918 -0.0011031067603385315 0.0040888176099958592 -0.019571273836016912 0.0045604388591459211 0.014960403964957862 -0.018163334103389703 -0.006855125740124382 0.03387311291376293 0.043187570881683658 -0.032341702584865038 -0.0064778433680138846 -0.017280399773781704 0.014721976120933901 -0.0010828275491955531 -0.014296718846128143
leaf_weight=15.091370094567539 56.493811910971999 12.169780932366846 15.909215591847895 13.593265507370235 9.6959767751395685 33.707275792956352 595.51156627666205 14.211683273315431 22.104042954742908 37.076075904071331 27.091781295835972 736.46081330440938 9.3963773585855943 8.823382403701542 65.676137913018465 21.325956333428621 63.374968208372593 37.168603893369436 121.54284782335162 20.367288414388895 4.997905157506465 11.029125936329363 21.196998730301857 23.850055295974016 8.4254423789679986 115.1698981449008 27.169041760265827 45.201333004981279 410.04436279088259 8.7398690879344922
leaf_count=118 783 102 133 142 54 216 4483 88 101 148 135 6682 63 83 249 146 395 210 879 142 64 57 94 157 52 1122 167 330 2294 46
internal_value=0 -0.000281551 0.0130816 0.00784092 -0.0146997 -0.000103795 -0.00170405 0.00225187 0.00893664 -0.00476906 0.0151917 -0.00444699 0.0155917 0.00116763 0.00987408 0.000601713 0.00514253 -0.00486889 0.0105174 0.0211019 0.016572 0.0126556 0.0209275 0.0313957 -0.00637819 -0.00412857 -0.00189678 -0.000991184 -0.0023256 0.00967716
internal_weight=0 2511.93 100.69 84.781 23.2892 2499.76 1488.88 1010.88 198.386 62.3169 136.069 760.949 24.4877 727.93 108.977 812.492 287.63 100.544 187.086 65.5433 61.4917 25.2408 43.301 44.2173 132.419 123.993 524.862 497.693 443.752 53.9412
internal_count=19735 18559 1176 1043 196 18457 12603 5854 872 293 579 6863 181 5740 444 4982 1929 605 1324 445 847 145 195 299 1257 1205 3053 2886 2510 376
is_linear=0
shrinkage=0.04


Tree=103
num_leaves=31
num_cat=0
split_feature=25 31 0 8 4 34 2 27 25 35 35 6 25 27 6 27 5 27 29 0 1 18 26 1 5 0 28 35 0 27
split_gain=9.92133 12.0861 10.0679 6.12691 7.32523 10.4009 9.65858 5.88262 5.58886 7.82338 7.20864 7.43251 6.01299 5.81428 5.52458 5.16055 6.21491 5.76837 8.26065 5.91118 5.09621 5.08152 4.93327 8.47192 7.40828 6.00736 5.85391 4.89366 10.5557 7.85023
threshold=0.23499999940395358 0.1702898591756821 7.4181761741638192 6.5000000000000009 0.76526105403900158 9.5000000000000018 605.50000000000011 5.2385673522949228 0.2100000008940697 0.56241422891616832 1.1341282129287722 5.570249319076539 0.17500000447034839 3.9464238882064824 5.8902609348297128 4.9159581661224374 0.1072189509868622 4.41219186782837 0.37940952181816107 7.5735280513763437 4.5000000000000009 10.500000000000002 1.0000000180025095e-35 1.5000000000000002 0.17407888919115069 7.694390296936036 -0.98296290636062611 1.6730591058731081 7.2048857212066659 3.0610489845275883
decision_type=2 2 2 2 2 2 2 2 2 2 2 2 2 2 2 2 2 2 2 2 2 2 2 2 2 2 2 2 2 2
left_child=2 7 8 4 6 15 -4 -2 9 -1 11 -10 14 -12 -11 16 -6 18 19 -18 21 27 26 25 -25 -24 -5 28 -3 -29
right_child=1 20 3 22 5 -7 -8 -9 10 12 13 -13 -14 -15 -16 -17 17 -19 -20 -21 -22 -23 23 24 -26 -27 -28 29 -30 -31
leaf_value=0.011136592132593824 0.0012875560206256245 0.014114648300732464 0.0091440333005254996 0.0094441976103281922 0.012977288332371733 0.035376450754562631 -0.032614901874776343 -0.019889220237219778 -0.00032560660983703958 0.00062664279740375713 -0.010620097121816963 -0.013976320984984018 0.0095964989339412093 0.022498259437414944 -0.011809034091905873 0.02060327512416759 0.011624051034826818 -0.020890486294607356 0.019807890851706041 -0.016185240890811924 0.034808487613438036 -0.0057551741881276932 0.0031917173450784109 -0.0033747806399598203 0.032638670634008889 -0.030061244530609762 -0.017023599959909402 -0.0064876119413286425 -0.0035180615052802702 0.024156878810984498
leaf_weight=142.11613322049379 955.43435898050666 130.97319434583187 12.82875097170472 13.38051190972328 27.715341355651617 11.700216565281151 22.250836282968521 19.461559046059847 153.59889081679285 245.97480519488454 10.843747481703756 107.30114512704313 85.08603591285646 25.51073444634676 72.390628654509783 13.957868404686449 15.02398696914315 33.802321951836348 19.618160024285316 44.075702711939812 10.473787125200031 34.650563821196556 14.532052442431448 21.65452977642417 13.40637895464897 18.406437180936337 152.50939232856035 15.663795582950113 90.717270266264677 67.303185023367405
leaf_count=1835 5800 1105 66 98 155 83 129 129 1176 2458 74 982 746 156 782 68 99 160 104 207 101 230 115 145 74 117 1189 117 696 442
internal_value=0 0.00312012 -0.00181663 -0.00674482 -0.00159551 0.00197445 -0.017674 0.000824957 0.000736065 0.00313677 -0.0036616 -0.00600339 0.000277792 0.0125811 -0.00225708 -0.000980627 -0.00338841 -0.00757575 -0.00148231 -0.00896664 0.00947605 0.00849469 -0.0111184 -0.00196662 0.011414 -0.0160476 -0.0148017 0.0101424 0.00693228 0.0183548
internal_weight=0 1324.68 1277.68 434.862 200.973 165.894 35.0796 974.896 842.822 545.568 297.255 260.9 403.451 36.3545 318.365 154.193 140.236 112.52 78.7178 59.0997 349.782 339.308 233.889 67.9994 35.0609 32.9385 165.89 304.657 221.69 82.967
internal_count=19638 8620 11018 2809 1071 876 195 5929 8209 5821 2388 2158 3986 230 3240 793 725 570 410 306 2691 2590 1738 451 219 232 1287 2360 1801 559
is_linear=0
shrinkage=0.04


Tree=104
num_leaves=31
num_cat=0
split_feature=26 20 19 7 2 23 35 16 16 35 2 2 16 13 35 0 27 0 14 4 35 30 30 0 2 27 23 6 16 34
split_gain=9.76093 10.7308 9.63181 9.08512 9.73593 8.44281 7.39752 6.22633 8.41383 6.04871 6.20038 7.10083 8.41898 5.57546 5.42936 7.17733 5.50075 5.22804 5.3883 5.13876 4.96203 5.03703 5.52226 6.06261 6.64321 7.08369 5.41662 8.47832 6.04398 5.92593
threshold=1.0000000180025095e-35 0.45041666924953466 1.5000000000000002 1.0000000180025095e-35 875.50000000000011 1.0000000180025095e-35 2.4308230876922612 186.8036804199219 166.32061004638675 2.9135024547576909 745.50000000000011 518.50000000000011 0.49037019908428198 1.0000000180025095e-35 1.8928313255310061 7.3938736915588388 3.4610360860824589 6.9527173042297372 1.4978661537170412 0.86001303791999828 3.0526034832000737 2.6020033359527592 2.1383330821990971 7.3038375377655038 555.50000000000011 3.5452966690063481 1.0000000180025095e-35 5.1328485012054452 106.53067016601564 4.5000000000000009
decision_type=2 2 2 2 2 2 2 2 2 2 2 2 2 2 2 2 2 2 2 2 2 2 2 2 2 2 2 2 2 2
left_child=3 20 -3 17 5 7 -6 8 9 10 11 -5 14 -12 15 16 -13 18 -1 -20 21 22 23 26 -25 -26 28 -28 -2 -30
right_child=1 2 -4 4 6 -7 -8 -9 -10 -11 13 12 -14 -15 -16 -17 -18 -19 19 -21 -22 -23 -24 24 25 -27 27 -29 29 -31
leaf_value=-0.0018949203079704758 0.00059001432008665893 0.028124009352230282 -0.0175151554486427 -0.0062635580641533239 0.0080733469744268468 0.011358544642135256 0.043380054206322578 0.01594403890470562 -0.024975038081134715 -0.020809330512637187 -0.0042285528175883495 0.024008501056392823 0.0090392699294829047 -0.023366072498327322 0.016984393211139818 -0.017315180729042364 -0.0022413194127057562 -0.007299460782559 0.00035458168909805821 0.048112005235850158 0.022610020531275206 -0.015483896360333734 0.019266705033833216 -0.012372306977616708 0.025754796896496547 -0.0013346580092067268 -0.002854794158603598 0.031358165707929937 0.022019707764362097 -0.0062676954770423364
leaf_weight=303.12131885439157 287.12018313072622 43.377630043774843 7.4309200234711161 170.77504817023873 117.81373251602054 82.297713901847601 8.5420909635722619 28.005544954910874 24.076580334454775 24.007100589573383 101.62559916451573 12.076061286032198 208.64322367124259 30.580253314226866 19.396787770092487 48.147740606218576 135.97615700960159 517.449362821877 7.6318129003047925 4.8833296308293939 16.816707827150822 24.068549446761608 27.850948050618172 82.087692011147738 15.166419170796869 152.50847410410643 19.100628916174173 26.303008556365967 42.328395338729024 15.148370526731012
leaf_count=3318 2231 438 49 1190 821 523 53 193 162 90 585 78 1496 260 82 231 802 4408 87 67 55 180 169 486 72 838 99 139 405 155
internal_value=0 0.00363846 0.0210386 -0.00174387 0.000803062 -0.000687622 0.0110989 -0.00194687 -0.00263249 -0.00185201 -0.00117083 0.000578989 0.00334988 -0.00893746 -0.00218849 -0.00423623 0.000191243 -0.00483219 -0.000766897 0.0230508 0.00233494 0.00177823 0.00244494 0.00165488 -0.0031953 0.00139032 0.00476146 0.0174521 0.0029983 0.0146043
internal_weight=0 759.308 50.8086 1845.05 1011.96 885.608 126.356 803.31 775.305 751.228 727.221 595.015 424.24 132.206 215.597 196.2 148.052 833.086 315.636 12.5151 708.499 691.683 667.614 639.763 249.763 167.675 390.001 45.4036 344.597 57.4768
internal_count=19762 5316 487 14446 6566 5692 874 5169 4976 4814 4724 3879 2689 845 1193 1111 880 7880 3472 154 4829 4774 4594 4425 1396 910 3029 238 2791 560
is_linear=0
shrinkage=0.04


Tree=105
num_leaves=31
num_cat=0
split_feature=3 1 25 35 20 15 34 30 27 7 29 22 27 6 35 5 8 5 27 35 27 5 14 2 8 8 5 25 4 25
split_gain=10.3733 10.0827 6.73157 6.2339 11.9415 9.03472 8.6465 7.16899 8.66858 11.4497 10.8104 7.408 6.97199 6.62308 6.34085 9.57759 6.61489 6.30276 6.27202 5.5773 5.38346 5.07167 4.87448 4.78584 4.77097 4.75091 4.90582 4.62513 5.45718 4.47778
threshold=2.5000000000000004 2.5000000000000004 0.17500000447034839 1.41622930765152 0.81398692727088939 0.21374999731779101 48.500000000000007 1.0000000180025095e-35 4.4455881118774423 0.25000000000000006 -0.12940952181816107 0.31377777457237249 4.0951771736145028 6.138805866241456 1.9466612339019778 0.13041683286428454 6.5000000000000009 0.13927373290061953 2.8063815832138066 0.48041431605815893 4.4073286056518564 0.19237095117568973 1.2424533367156985 939.50000000000011 5.5000000000000009 7.5000000000000009 0.16491568833589557 0.34999999403953558 0.7261028289794923 0.2100000008940697
decision_type=2 2 2 2 2 2 2 2 2 2 2 2 2 2 2 2 2 2 2 2 2 2 2 2 2 2 2 2 2 2
left_child=2 27 19 6 5 14 18 8 25 10 -10 -9 13 -13 15 24 -17 20 -4 21 -16 -1 -3 -21 -5 -7 -27 -2 -29 -20
right_child=1 22 3 4 -6 7 -8 11 9 -11 -12 12 -14 -15 17 16 -18 -19 29 23 -22 -23 -24 -25 -26 26 -28 28 -30 -31
leaf_value=0.012308196052704432 0.00086731032191791652 0.01011344553533438 -0.032696819394415128 0.012480480839705795 -0.030976772587051778 0.0038676458880829213 0.024568383649271146 0.032983620927254161 0.0055059154629234098 -0.0074607223415248591 0.05165505282228753 0.025459108407330198 -0.010568906407651332 -0.0013820664449455341 -0.01398276091486403 0.038710050863487062 0.0032304045519838086 -0.028893195603267731 0.0062092828483696141 -0.0061621238374116151 0.016254516171272201 -0.020295248534537201 0.030575525458437509 -0.023352812025832156 -0.017401756289042218 -0.023183383538508264 0.0067476481976794372 -0.0057953627236987052 0.022174497528374852 -0.0030704044108773266
leaf_weight=41.27391255274415 610.40481514856219 101.87641378119588 8.907055873423813 10.430960133671759 13.114174533635376 53.140035793185234 17.239296112209558 31.588579282164574 15.726225644350054 19.320412613451481 16.06223002821207 41.495530314743519 18.473855588585138 21.925592243671417 21.94657851010561 14.098673619329928 18.440603084862232 21.894946724176407 90.306725529953837 385.44844396039844 13.558195002377031 7.3908751066774121 22.119127746671438 26.188353791832924 27.184819400310516 26.64018876105547 11.539975419640539 15.316416289657353 33.203421834856272 852.52721407264471
leaf_count=636 4150 764 64 42 73 207 158 138 88 54 90 274 85 87 103 77 135 89 887 3836 68 125 224 209 198 134 64 144 209 6391
internal_value=0 0.0038213 -0.00167647 -0.000263694 0.00394879 0.00529774 -0.00199235 0.00960777 0.00354629 0.0164104 0.0305017 0.0170221 0.0102259 0.0164212 -0.0033643 0.00466342 0.0199544 -0.0130026 -0.00252397 -0.00584845 -0.00218501 0.00675091 0.014191 -0.00736342 -0.00890359 -0.00385073 -0.0142511 0.0018329 0.0134653 -0.00217031
internal_weight=0 782.92 1825.86 1365.56 396.582 383.467 968.98 255.913 142.429 51.1089 31.7885 113.484 81.895 63.4211 127.555 70.1551 32.5393 57.3997 951.741 460.302 35.5048 48.6648 123.996 411.637 37.6158 91.3202 38.1802 658.925 48.5198 942.834
internal_count=19803 5491 14312 9506 2006 1933 7500 1221 637 232 178 584 446 361 712 452 212 260 7342 4806 171 761 988 4045 240 405 198 4503 353 7278
is_linear=0
shrinkage=0.04


Tree=106
num_leaves=31
num_cat=0
split_feature=29 23 34 15 0 4 25 26 1 27 5 5 3 27 31 20 16 29 4 27 2 2 15 16 35 2 28 35 29 35
split_gain=8.21515 8.75331 8.83192 5.71157 5.48743 8.33339 7.96683 6.96937 4.60403 9.50726 4.56887 4.77327 4.50358 4.78973 9.03152 4.41485 5.31446 4.31594 5.31282 4.48183 4.10386 12.9243 6.725 7.93167 8.51588 5.31115 4.9093 6.58596 6.54938 6.121
threshold=0.91597560048103344 1.0000000180025095e-35 5.5000000000000009 0.12099999934434892 7.1823449134826669 0.90959092974662792 0.27500000596046453 1.0000000180025095e-35 3.5000000000000004 4.5648686885833749 0.13522995263338092 0.16073189675807956 1.5000000000000002 3.0610489845275883 0.79356452822685253 0.1021428555250168 164.89717102050784 -0.7865660786628722 0.90844047069549572 4.0421733856201181 810.50000000000011 797.50000000000011 0.35625000298023229 57.806402206420906 0.86365833878517162 875.50000000000011 -0.7865660786628722 0.48041431605815893 0.37940952181816107 0.55855038762092601
decision_type=2 2 2 2 2 2 2 2 2 2 2 2 2 2 2 2 2 2 2 2 2 2 2 2 2 2 2 2 2 2
left_child=1 3 -3 15 6 7 -2 -6 12 10 -10 -12 13 14 -5 16 -1 19 -19 -17 21 22 26 -24 -25 -22 28 -28 -15 -29
right_child=4 2 -4 8 5 -7 -8 -9 9 -11 11 -13 -14 20 -16 17 -18 18 -20 -21 25 -23 23 24 -26 -27 27 29 -30 -31
leaf_value=0.020013518164202323 0.0052978789539792452 0.0032802236377262968 0.022321868481190194 0.0023620283299044874 -0.00023377143946562304 -0.026792731633769256 0.031908629064061389 0.027860899587977616 0.032869572614682492 -0.017254917886430892 -0.016816197076098913 0.013865141868707282 0.00064377103197525048 -0.0022464809644489165 -0.043820355522755997 -0.021714033788215899 -0.013701889297937767 -0.024859792918200903 0.012859853477589401 0.012904538009585027 -0.018581916661032056 0.033489561928202537 0.023715347485230236 0.01953585205522931 -0.028158547517213726 -0.0014361837591347286 0.0089624317790322934 -0.027874609902387947 0.015050527830945973 -0.0066269291688759733
leaf_weight=13.458152070641519 41.79584832675755 214.39454816654325 45.90945103764534 13.752867475152017 51.194015141576529 11.506719101220368 30.977625403553247 17.494816388934851 15.627119392156599 16.60076697729528 8.0350461564958078 45.055479072034359 1210.1606619078666 170.29783441871405 10.994734100997446 7.4421150535345104 12.588526120409368 48.813660366460681 5.5277392324060193 14.335949912667273 53.083876192569733 14.565437395125626 30.446545466780663 8.887104485183956 11.543708041310309 61.595642566680908 38.490460561588407 21.688508374616504 41.978741120547056 304.51612157002091
leaf_count=150 401 1018 519 85 334 64 195 115 114 106 50 344 9020 1464 59 74 112 516 60 147 405 110 201 72 69 448 460 230 367 2396
internal_value=0 -0.000120737 0.00678316 -0.000950758 0.00937685 0.00205396 0.0171758 0.00750766 -0.000491948 0.00849902 0.0150327 0.00877972 -0.000885174 -0.00324733 -0.0198981 -0.0100911 0.00390355 -0.0148571 -0.0207026 0.000243143 -0.00265207 -0.00139393 -0.00230696 0.0113621 -0.00752011 -0.00955522 -0.00354739 -0.00635044 0.00128264 -0.00820089
internal_weight=0 2439.79 260.304 2179.49 152.969 80.1956 72.7735 68.6888 2077.32 85.3184 68.7176 53.0905 1992 781.842 24.7476 102.166 26.0467 76.1195 54.3414 21.7781 757.094 642.414 627.849 50.8774 20.4308 114.68 576.972 364.695 212.277 326.205
internal_count=19705 18596 1537 17059 1109 513 596 449 16000 614 508 394 15386 6366 144 1059 262 797 576 221 6222 5369 5259 342 141 853 4917 3086 1831 2626
is_linear=0
shrinkage=0.04


Tree=107
num_leaves=31
num_cat=0
split_feature=1 12 15 16 25 0 27 3 27 0 29 21 13 6 27 6 30 27 4 29 4 4 27 27 3 27 0 25 0 0
split_gain=9.58196 6.43653 8.05661 6.41763 5.50464 8.35377 4.9129 4.63206 9.07705 5.24908 6.58754 4.57405 5.64835 4.81869 4.50224 6.1307 4.63712 4.57657 4.47369 4.31566 4.45867 6.15038 5.01511 4.4925 7.55874 4.88148 4.44905 4.2575 4.13482 8.38736
threshold=3.5000000000000004 1.0000000180025095e-35 0.13516666740179065 180.34503173828128 0.31000000238418585 7.2413599491119394 3.308714866638184 1.5000000000000002 2.8063815832138066 6.356070041656495 -0.6035533845424651 1.5000000000000002 1.5000000000000002 5.7914869785308847 4.30068063735962 5.3156630992889413 1.0000000180025095e-35 4.0951771736145028 0.91884571313858043 0.91597560048103344 0.8884437382221223 0.88358309864997875 4.0526537895202646 4.5895485877990732 1.5000000000000002 3.3621084690093999 6.8416011333465585 0.27500000596046453 7.1974284648895273 7.7124412059783944
decision_type=2 2 2 2 2 2 2 2 2 2 2 2 2 2 2 2 2 2 2 2 2 2 2 2 2 2 2 2 2 2
left_child=1 2 18 7 11 -6 -3 9 -9 10 -4 13 -13 -2 17 -16 -17 -8 19 20 21 23 -22 25 -25 -1 -24 -28 -5 -30
right_child=4 6 3 28 5 -7 14 8 -10 -11 -12 12 -14 -15 15 16 -18 -19 -20 -21 22 -23 26 24 -26 -27 27 -29 29 -31
leaf_value=0.016744656054411972 0.0071177767357824516 -0.018652502063992351 0.0054097022133340125 0.022774245811700108 -0.0037037812584362079 0.041708646730191756 0.0077392061192438537 0.02811043090642501 0.00052316936084389825 -0.0024135948574118106 -0.035578476419693243 0.033592576242318005 -0.0021944104918556603 -0.017304554962473819 -0.012046112711285207 -0.010744813573387014 0.016899575014557244 0.026937391374719948 0.014210542745933238 0.010648806092860293 -0.031189852944030105 0.01563056351944599 0.012025066036493422 -0.025864203494445723 0.011073090704045342 -0.013677478012963724 -0.023980806568586532 0.0042603332084635995 -0.019490310253005707 0.025935744092571877
leaf_weight=7.3495436217635861 39.324026642367244 9.6232240460813028 9.2268799096345919 29.585206095129251 9.3011278472840804 17.289657972753048 61.959950312972069 17.390268040820956 1212.0462547279894 689.80195320770144 14.910630889236925 15.209885492920877 11.56785526126623 16.812237977981567 31.172515597194433 11.445370767265556 36.529482053592801 29.17327531054616 13.256885580718516 16.748587649315596 26.195137061178684 17.037813667207956 10.553493089973925 9.5917582567781192 35.832313049584627 131.70251401886344 26.258075047284365 11.472331598401068 12.946876782923939 9.5125123560428602
leaf_count=56 247 44 118 253 91 138 386 170 8746 5245 198 139 90 119 179 71 232 170 125 136 278 182 143 99 321 1259 271 86 93 47
internal_value=0 -0.000510028 -0.00108168 -0.000152113 0.0114761 0.026676 0.00673426 -0.000529681 0.00095841 -0.00308776 -0.0206952 0.00608791 0.0190547 -0.000540148 0.00836885 0.00131938 0.0101384 0.0143314 -0.00710302 -0.00815809 -0.00936778 -0.006169 -0.0176349 -0.00832841 0.00251157 -0.0118549 -0.00933297 -0.0156116 0.0134444 0.000297076
internal_weight=0 2481.32 2301.42 1995.42 109.505 26.5908 179.904 1943.38 1229.44 713.939 24.1375 82.914 26.7777 56.1363 170.281 79.1474 47.9749 91.1332 305.998 292.742 275.993 201.514 74.479 184.476 45.4241 139.052 48.2839 37.7304 52.0446 22.4594
internal_count=19732 18908 17826 14870 824 229 1082 14477 8916 5561 316 595 229 366 1038 482 303 556 2956 2831 2695 1917 778 1735 420 1315 500 357 393 140
is_linear=0
shrinkage=0.04


Tree=108
num_leaves=31
num_cat=0
split_feature=7 20 10 16 27 20 6 0 18 0 16 29 6 0 6 27 25 16 2 4 35 26 6 2 35 2 2 35 27 6
split_gain=11.007 11.5423 5.37284 6.62227 5.98748 5.68287 5.2724 4.94748 4.67313 10.3322 8.8909 7.44338 8.54977 11.4542 9.23311 7.67174 7.42116 5.78842 5.51715 5.20554 4.88848 5.16684 9.28874 6.45567 5.1376 5.94699 7.93919 4.97024 8.84969 7.44727
threshold=0.57499998807907116 0.58586537837982189 1.0000000180025095e-35 1.2610096335411074 4.0595800876617441 0.13516666740179065 2.0126758217811589 8.1622300148010272 1.0000000180025095e-35 6.9902460575103769 16.719023704528812 -0.37940952181816096 5.9467277526855478 7.618739366531373 5.1089665889739999 3.9693475961685185 0.31000000238418585 23.140122413635257 804.50000000000011 0.77029037475585949 0.30112875998020178 1.0000000180025095e-35 5.8985257148742685 875.50000000000011 0.55855038762092601 507.50000000000006 621.50000000000011 0.67691612243652355 3.7049980163574223 5.3636341094970712
decision_type=2 2 2 2 2 2 2 2 2 2 2 2 2 2 2 2 2 2 2 2 2 2 2 2 2 2 2 2 2 2
left_child=2 6 5 -4 -5 -1 -2 -8 -7 20 -11 16 14 -14 15 -13 17 -12 -18 -15 -10 22 27 24 -23 -26 -27 28 -22 -30
right_child=1 -3 3 4 -6 8 7 -9 9 10 11 12 13 19 -16 -17 18 -19 -20 -21 21 23 -24 -25 25 26 -28 -29 29 -31
leaf_value=-0.0068989895377844414 0.025988405985150599 0.021416633226692464 -0.029605988674042783 -0.019326487018066451 0.022364504338746587 -0.0019347840465162086 0.0017341450389931892 0.019205936157923757 -0.014372201055913046 0.0082402412202038765 -0.028058088276436001 0.028065316610653701 0.014593919827715539 0.0082896735131653097 -0.023103881272870962 -0.01323138792327341 0.0062624009117893519 0.00071444474633534959 0.042230366847404673 -0.021939129088467586 0.030338236763470115 0.037010433639504077 -0.0089923180872650485 -0.013499126044746573 0.038184798660491237 -0.02758693341606604 0.016152656384283159 0.021785781207429258 0.010469476850115112 -0.017497414725650681
leaf_weight=219.44899788685143 13.702536687254904 58.219543302431703 21.233997110277414 8.6858258098363894 9.4088570140302163 932.60554016008973 600.17355046235025 25.142962999641895 11.902799671515821 118.66726266592741 10.38854733482003 10.192309670150282 41.920856937766075 11.233093105256556 83.807064015418291 15.668215807527302 19.54457858204842 114.47990441322327 9.2559786178171617 32.055776778608561 15.264911852777002 25.226377222687006 44.533386496827006 7.175005141645669 8.5106240622699243 7.7265683375299004 18.979852680116892 48.051222015172243 31.723807644098997 25.828816410154104
leaf_count=2335 57 892 105 80 53 6924 3061 85 197 824 75 77 375 55 668 125 129 951 53 167 147 254 522 74 86 83 159 453 362 326
internal_value=0 0.004667 -0.00120063 -0.015467 0.00242024 -0.000883399 0.00307892 0.00249565 -7.33678e-05 0.00236291 -0.00113027 -0.00434939 -0.00950109 4.03786e-05 -0.0167826 0.00389103 0.00222192 -0.00208389 0.0198134 -0.0140753 0.00898165 0.0102867 0.00634333 0.0194734 0.0236944 0.0126797 0.00245778 0.0120481 0.00521168 -0.00224779
internal_weight=0 697.239 1903.52 39.3287 18.0947 1864.19 639.019 625.317 1644.74 712.137 467.214 348.546 194.877 85.2097 109.668 25.8605 153.669 124.868 28.8006 43.2889 244.923 233.021 165.402 67.6184 60.4434 35.217 26.7064 120.869 72.8175 57.5526
internal_count=19754 4095 15659 238 133 15421 3203 3146 13086 6162 3499 2675 1467 597 870 202 1208 1026 182 222 2663 2466 1810 656 582 328 242 1288 835 688
is_linear=0
shrinkage=0.04


Tree=109
num_leaves=31
num_cat=0
split_feature=25 0 6 27 0 21 0 7 6 4 1 2 35 20 21 27 27 2 2 35 15 4 25 7 5 35 35 6 2 27
split_gain=7.90224 7.58957 8.48178 6.20456 8.45979 5.68259 6.15563 4.91068 6.80238 8.93084 6.72631 8.89918 8.72806 7.74881 5.10569 8.71851 7.14202 9.13647 9.1537 7.2183 6.43507 6.32443 6.24768 11.8094 6.21681 5.94201 5.80513 5.67518 8.46787 7.49907
threshold=0.23499999940395358 7.5261752605438241 6.5272264480590829 4.8824229240417489 7.8770160675048837 25.500000000000004 8.4941287040710467 0.57499998807907116 3.5114340782165532 0.94005209207534801 2.5000000000000004 772.50000000000011 1.0173037052154543 0.21374999731779101 14.500000000000002 3.0228579044342045 3.8867046833038335 577.50000000000011 486.50000000000006 1.4605025053024294 0.21374999731779101 0.84456345438957225 0.27500000596046453 1.0000000180025095e-35 0.17103545367717746 1.2154909968376162 0.86365833878517162 5.6472105979919442 687.50000000000011 4.0208768844604501
decision_type=2 2 2 2 2 2 2 2 2 2 2 2 2 2 2 2 2 2 2 2 2 2 2 2 2 2 2 2 2 2
left_child=1 -1 3 -3 -5 6 7 8 -2 14 11 -9 -13 -12 16 -16 17 18 -10 22 -21 -20 -19 25 -22 26 -24 -18 29 -29
right_child=5 2 -4 4 -6 -7 -8 10 9 -11 13 12 -14 -15 15 -17 27 19 21 20 24 -23 23 -25 -26 -27 -28 28 -30 -31
leaf_value=-0.00070251803505216859 -0.011137102127354163 -0.0080636980401418683 -0.039021492074033472 0.028193793107964674 -0.0110166952439951 0.022271680026796786 -0.015786050074714449 0.0062781303750037674 0.011844455456679026 0.036175803002513253 -0.012481143181133348 0.0049497542784581443 -0.031831725382462123 0.025491922400175226 0.016873835913160506 -0.022540433347608212 -0.0040571078812615454 -0.012584569682062587 0.0018848902471492927 0.0015858534044223217 0.054358684788639221 -0.029392020274022445 -0.0046362970702746352 0.029489554896555917 0.017275619518587585 -0.026837919345223931 0.023755019122421787 -0.01336064953216568 -0.0057761664666801131 0.013086739440622506
leaf_weight=920.8737416844815 73.4118497595191 309.75242976844311 11.29991828650236 16.719212908297781 15.069103874266146 19.352033941075206 30.313714019954205 248.54020354151726 30.809655927121639 9.6535653248429281 9.2687360420823079 19.344010982662439 19.047359820455313 44.419015452265739 10.604678705334662 31.606712259352207 336.5325073171407 19.100640116259456 17.408486258238554 12.646858632564543 13.720987055450676 22.693400256335735 29.617518786340952 34.023494128137827 18.71226666495204 8.778207201510666 16.345787990838289 18.047436445951462 87.814715832471848 131.04131845757365
leaf_count=8864 414 1926 67 122 81 205 95 1338 232 74 43 107 109 396 84 223 2247 177 112 67 69 154 223 228 112 52 103 137 601 999
internal_value=0 -0.0026193 -0.00758972 -0.00632867 0.0100544 0.00179968 0.00145949 0.00189765 0.000378143 0.00139749 0.005987 0.00349078 -0.0139715 0.0187234 0.000912546 -0.0123231 0.00164237 0.00766745 -0.00412272 0.0131165 0.026245 -0.01637 0.00725182 0.0117035 0.0352098 -8.51594e-07 0.00602995 -0.000728174 0.00399511 0.00975076
internal_weight=0 1273.71 352.841 341.541 31.7883 1312.86 1293.5 1263.19 922.57 849.158 340.619 286.932 38.3914 53.6878 839.505 42.2114 797.293 223.857 70.9115 152.946 45.0801 40.1019 107.866 88.765 32.4333 54.7415 45.9633 573.436 236.903 149.089
internal_count=19661 11060 2196 2129 203 8601 8396 8301 6308 5894 1993 1554 216 439 5820 307 5513 1529 498 1031 248 266 783 606 181 378 326 3984 1737 1136
is_linear=0
shrinkage=0.04


Tree=110
num_leaves=31
num_cat=0
split_feature=27 1 0 25 1 12 2 0 6 4 6 6 6 4 20 2 1 6 29 0 4 29 16 2 27 18 0 27 35 4
split_gain=6.84965 7.77669 5.88115 5.84152 7.72787 6.50917 6.20814 8.14312 7.45342 5.96749 5.58212 9.88903 7.36385 10.5502 5.52603 5.33974 6.31708 7.64283 6.46366 9.53691 7.84264 5.73519 6.22253 5.32218 5.30919 5.11914 5.82597 10.163 8.98363 7.83762
threshold=2.9831503629684453 2.5000000000000004 7.0613250732421884 0.23499999940395358 4.5000000000000009 1.0000000180025095e-35 492.50000000000006 5.9557535648345956 3.979637980461121 0.90354722738266002 4.7492611408233651 5.3057861328125009 5.2755572795867929 0.91368484497070324 0.13516666740179065 807.50000000000011 1.5000000000000002 5.3913497924804696 -0.12940952181816107 8.0443043708801287 0.90880727767944347 -0.98296290636062611 117.18713378906251 768.50000000000011 4.551241636276246 10.500000000000002 7.7124412059783944 3.6750333309173588 1.8386887907981875 0.92348217964172374
decision_type=2 2 2 2 2 2 2 2 2 2 2 2 2 2 2 2 2 2 2 2 2 2 2 2 2 2 2 2 2 2
left_child=1 -1 -3 5 25 6 8 24 -2 23 -9 12 13 14 -12 16 -13 -18 21 20 -20 -19 -23 -7 -8 26 -5 28 -28 -29
right_child=3 2 -4 4 -6 9 7 10 -10 -11 11 15 -14 -15 -16 -17 17 18 19 -21 -22 22 -24 -25 -26 -27 27 29 -30 -31
leaf_value=0.0021583585443129341 0.010635093019870446 -0.0032126933791230706 0.039695143208222809 0.00072459648119119972 0.032020069209947322 0.0087528639576737143 0.029460577561137971 -0.0070134965824463222 -0.012206748384740196 0.029764269946937469 -0.021804599831798954 -0.0055223393106160522 0.038198127085269984 0.038444388019503839 0.0049672279410877471 -0.010444195125348521 -0.024703929646299826 0.023502150564087203 0.0044580499304127351 0.052457062021616631 0.044117545221789491 -0.010858783137391128 0.011322008135855457 -0.013978333418291654 -0.0095163639009929329 -0.014862337301572324 0.047804225223533503 0.0057476329583877441 0.011538860256844289 -0.022329751938065648
leaf_weight=44.082738514989614 24.816485797986388 6.3868123702704933 18.930997084826231 990.73048809356987 11.585453473031519 68.333037436008453 19.656393256038431 256.39656345546246 168.82142370380461 14.578036371618508 11.585256323218344 204.30916972644627 10.251292046159504 12.460619069635866 134.35089522600174 113.77345496229827 11.376012315973638 12.312803123146294 62.265062466263771 7.7771437466144553 7.2612293399870387 60.561008343473077 28.033934315666556 19.602302100509405 6.4446178060024968 27.267478838562965 14.423623688518999 165.05788043886423 38.573498740792274 15.610696047544478
leaf_count=352 221 72 161 6750 95 475 219 1978 1777 78 116 1959 82 116 1083 923 104 106 562 39 67 543 243 130 85 179 93 765 239 56
internal_value=0 0.0126523 0.0294282 8.85597e-05 0.00200718 -0.00184285 -0.0027056 -0.00137748 -0.00920056 0.00772231 -0.00201254 -0.000101559 0.00823315 0.00584173 0.00257587 -0.00289179 -0.000668609 0.00456507 0.00668687 0.0152321 0.00971782 -2.82809e-05 -0.00374515 0.00348752 0.0198444 0.00167874 0.00207075 0.0077238 0.0227883 0.00310368
internal_weight=0 69.4005 25.3178 2518.22 1263.25 1254.97 1152.45 958.815 193.638 102.513 932.714 676.318 168.648 158.397 145.936 507.67 393.896 189.587 178.211 77.3034 69.5263 100.908 88.5949 87.9353 26.101 1251.66 1224.4 233.666 52.9971 180.669
internal_count=19668 585 233 19083 8177 10906 10223 8225 1998 683 7921 5943 1397 1315 1199 4546 3623 1664 1560 668 629 892 786 605 304 8082 7903 1153 332 821
is_linear=0
shrinkage=0.04


Tree=111
num_leaves=31
num_cat=0
split_feature=25 1 0 4 12 35 2 34 27 22 27 0 35 5 2 27 1 0 2 35 5 27 20 35 31 21 0 16 0 4
split_gain=8.3208 5.18107 6.94122 6.88361 6.11028 7.91796 5.62467 5.0213 5.01536 5.00909 12.5933 9.27859 6.52318 6.37517 5.39541 6.38671 6.30267 5.19371 8.12223 7.39805 5.17773 5.14528 6.26356 7.01945 6.30019 6.77298 5.69206 10.253 9.6878 5.88951
threshold=0.34999999403953558 1.5000000000000002 7.9779667854309091 0.89211750030517589 1.0000000180025095e-35 1.4500963091850283 583.50000000000011 23.500000000000004 4.461876869201661 0.16550000011920932 3.5219379663467412 6.9902460575103769 0.78012961149215709 0.19237095117568973 637.50000000000011 3.9464238882064824 2.5000000000000004 6.5595901012420663 751.50000000000011 0.37815569341182714 0.22759521007537845 3.4323716163635258 0.59892860054969799 0.67691612243652355 0.81715059280395519 16.500000000000004 7.7213461399078378 43.286718368530281 7.504387855529786 0.79819598793983471
decision_type=2 2 2 2 2 2 2 2 2 2 2 2 2 2 2 2 2 2 2 2 2 2 2 2 2 2 2 2 2 2
left_child=1 2 4 -4 -1 8 -5 -2 -6 10 -3 12 13 17 -13 16 -16 19 -19 -12 -14 22 23 -11 -24 -26 28 -28 29 -23
right_child=7 9 3 6 5 -7 -8 -9 -10 21 11 14 20 -15 15 -17 -18 18 -20 -21 -22 26 24 -25 25 -27 27 -29 -30 -31
leaf_value=-0.0029369681514191106 0.0041383944962241773 -0.028233939222472339 -0.020580235628857479 0.011180124496877082 0.010415135399502614 0.038863982564321997 -0.016426550106300068 0.020306988956309443 -0.011905858030450623 -0.0050192178619674066 -0.0070930396047089953 0.0061099406217163723 0.006863114877920338 -0.009398178620859796 -0.0087163873678067754 -0.014785199192934353 0.025765679059670765 -0.017041453324061536 0.019476382203378936 0.036532306736270476 0.046188827188390999 0.008245139974771977 -0.017326554378005628 0.024751040928814066 -0.0089756660491143378 0.025934833216575921 0.0026805799865912638 0.028998719126481758 -0.013830004948910398 -0.0013054683120176545
leaf_weight=995.23308886960149 157.94030382484198 28.002805938944221 65.684239577502012 26.368190981447697 47.644940800964832 9.7524302527308446 18.229276902973652 36.672385597601533 21.931133802980185 15.83686865493655 8.1420934554189461 39.513104099780321 11.824155233800413 39.01474498398602 19.462725672870878 111.17742854356766 12.143488243222235 18.302641686052084 16.741560593247414 18.307892601937056 9.2434753924608213 138.8785393461585 19.83533700555563 51.332082074135542 15.016599047929047 17.338075876235962 116.84445701166987 27.869316916912794 76.371884282678366 385.86210894212127
leaf_count=8530 944 224 303 138 334 49 91 410 146 110 121 316 106 374 149 836 90 232 187 178 58 1001 124 332 164 207 554 136 457 2791
internal_value=0 -0.00120087 -0.00307374 -0.0125407 -0.00208066 0.00847039 -0.000324853 0.00736074 0.00324324 0.000654928 -0.00350952 -0.00106137 0.00742635 0.00296094 -0.00674113 -0.0103327 0.00527697 0.0108512 0.000513745 0.0235485 0.026626 0.00225678 0.00989594 0.0177897 -0.000545058 0.0101528 0.00101104 0.00807521 -0.00071075 0.00124392
internal_weight=0 2381.9 1184.84 110.282 1074.56 79.3285 44.5975 194.613 69.5761 1197.06 331.876 303.873 121.577 100.509 182.297 142.784 31.6062 61.4942 35.0442 26.45 21.0676 865.185 119.359 67.169 52.19 32.3547 745.826 144.714 601.113 524.741
internal_count=19692 18338 9591 532 9059 529 229 1354 480 8747 2871 2647 1256 1092 1391 1075 239 718 419 299 164 5876 937 442 495 371 4939 690 4249 3792
is_linear=0
shrinkage=0.04


Tree=112
num_leaves=31
num_cat=0
split_feature=1 6 27 5 1 5 2 25 29 2 21 6 2 7 16 27 16 27 27 0 0 2 27 2 29 25 14 16 6 19
split_gain=8.68665 7.05969 5.70622 6.16466 5.53157 5.89649 7.47584 6.98548 5.43666 8.15695 5.09881 5.93255 4.73735 4.6939 8.00247 9.61501 5.09905 5.10499 8.99352 8.83827 5.70945 4.86092 4.48149 8.06613 8.54824 7.47715 7.34203 6.48335 6.81895 4.94303
threshold=3.5000000000000004 5.4004201889038095 3.6519552469253544 0.13927373290061953 1.5000000000000002 0.12163170799613 810.50000000000011 0.2100000008940697 0.91597560048103344 435.50000000000006 1.5000000000000002 5.8650496006011972 711.50000000000011 1.0000000180025095e-35 34.844739913940437 3.1548681259155278 31.242278099060062 3.4323716163635258 3.2248558998107915 7.5888266563415536 7.2626225948333749 807.50000000000011 3.7669966220855717 768.50000000000011 -0.91597560048103321 0.23499999940395358 1.2424533367156985 36.071788787841804 5.962292194366456 1.0000000180025095e-35
decision_type=2 2 2 2 2 2 2 2 2 2 2 2 2 2 2 2 2 2 2 2 2 2 2 2 2 2 2 2 2 2
left_child=2 -2 3 4 -1 6 7 -6 9 -5 -3 -12 -7 16 -15 -16 17 18 19 -11 -20 -17 23 24 -4 -25 27 -26 -29 -24
right_child=1 10 22 8 5 12 -8 -9 -10 13 11 -13 -14 14 15 21 -18 -19 20 -21 -22 -23 29 25 26 -27 -28 28 -30 -31
leaf_value=-0.012512278099891817 0.022023487752522913 -0.0083685222042671377 0.012372410049402285 -0.01862993597535045 -0.0049552237067168256 0.0087798551619149637 -0.0090869904698858816 0.037601983666196888 0.024629447972844574 0.010810231875475459 -0.0098214411043652024 0.027238208310789731 -0.025055709902827319 0.018287436937212877 -0.026100628898224384 0.017618993860090495 0.012266929945278504 -0.017895733064890822 0.0018891211372136765 -0.033450741410321866 0.044237810954618213 -0.014684715172658838 -0.00076699519574628336 -0.012835127892299703 -0.020920701420759382 0.026787643328193701 -0.0488400825427747 0.020159843638893529 -0.021548113365274998 0.015240905712428105
leaf_weight=56.117593223229051 50.235565545037389 33.402224823832512 15.84460963308811 19.062151102349162 8.2006043493747729 10.163378700613977 14.501167323440312 18.61734015122056 24.029859695583582 12.868335459381344 9.4804710298776644 17.243079487234354 13.503659656271337 100.46955853700638 14.925222462043164 28.563607577234507 39.420484740287066 28.328386537730694 10.472197916358711 12.546837016940115 8.2754523754119855 8.1805102378129941 1874.3897419963032 11.592814316973092 52.547184785827994 16.027591288089752 9.3771966118365508 14.189602529630067 8.290089247748254 29.381611214950681
leaf_count=448 348 227 120 154 70 66 98 126 200 96 93 168 89 832 130 227 309 201 86 53 50 69 14255 106 374 109 69 116 79 246
internal_value=0 0.0112631 -0.00010986 0.0040753 -0.00352617 0.0043755 0.0132681 0.0251478 0.00707592 0.00542371 0.00185314 0.0143225 -0.0109737 0.00728717 0.011815 -0.000982998 0.00103243 -0.00524218 0.00329817 -0.0118866 0.0230448 0.0100403 -0.000995184 -0.00818477 -0.0134124 0.0104135 -0.0184271 -0.0134566 0.00427488 -0.000504204
internal_weight=0 110.361 2459.89 428.246 121.104 64.9862 41.3191 26.8179 307.143 283.113 60.1258 26.7236 23.667 264.051 152.139 51.6693 111.912 72.4912 44.1628 25.4152 18.7477 36.7441 2031.64 127.869 100.249 27.6204 84.4041 75.0269 22.4797 1903.77
internal_count=19614 836 18778 3304 897 449 294 196 2407 2207 488 261 155 2053 1258 426 795 486 285 149 136 296 15474 973 758 215 638 569 195 14501
is_linear=0
shrinkage=0.04


end of trees

feature_importances:
gmv_log=317
checkout_seconds_log=263
weight_grams=248
gmv_vs_pin_median=231
channel_risk=228
addr_defect_score=194
pay_switch_from_failed=182
pin_tier=177
pin_orders_log=173
pin_rto_rate=164
pin_serviceability=127
ring_rto_rate=104
phone_first_seen_days=99
hour_cos=94
hour_sin=81
items_count=77
coupon_applied=73
device_distinct_phones=70
addr_rto_rate=58
phone_rto_rate=55
device_rto_rate=54
addr_tokens=53
ring_size_log=53
ring_phones=51
addr_has_house_no=42
addr_distinct_phones=27
entity_max_degree=27
addr_junk=23
device_orders_24h=14
phone_orders_total_log=11
phone_orders_30d=9
ring_is_ring=7
addr_landmark_only=4

parameters:
[boosting: gbdt]
[objective: binary]
[metric: binary_logloss]
[tree_learner: serial]
[device_type: cpu]
[data_sample_strategy: bagging]
[data: ]
[valid: ]
[num_iterations: 1200]
[learning_rate: 0.04]
[num_leaves: 31]
[num_threads: 4]
[seed: 7]
[deterministic: 1]
[force_col_wise: 0]
[force_row_wise: 1]
[histogram_pool_size: -1]
[max_depth: -1]
[min_data_in_leaf: 60]
[min_sum_hessian_in_leaf: 0.001]
[bagging_fraction: 0.85]
[pos_bagging_fraction: 1]
[neg_bagging_fraction: 1]
[bagging_freq: 1]
[bagging_seed: 17422]
[feature_fraction: 0.85]
[feature_fraction_bynode: 1]
[feature_fraction_seed: 7040]
[extra_trees: 0]
[extra_seed: 6516]
[early_stopping_round: 0]
[early_stopping_min_delta: 0]
[first_metric_only: 0]
[max_delta_step: 0]
[lambda_l1: 0]
[lambda_l2: 2]
[linear_lambda: 0]
[min_gain_to_split: 0]
[drop_rate: 0.1]
[max_drop: 50]
[skip_drop: 0.5]
[xgboost_dart_mode: 0]
[uniform_drop: 0]
[drop_seed: 15215]
[top_rate: 0.2]
[other_rate: 0.1]
[min_data_per_group: 100]
[max_cat_threshold: 32]
[cat_l2: 10]
[cat_smooth: 10]
[max_cat_to_onehot: 4]
[top_k: 20]
[monotone_constraints: ]
[monotone_constraints_method: basic]
[monotone_penalty: 0]
[feature_contri: ]
[forcedsplits_filename: ]
[refit_decay_rate: 0.9]
[cegb_tradeoff: 1]
[cegb_penalty_split: 0]
[cegb_penalty_feature_lazy: ]
[cegb_penalty_feature_coupled: ]
[path_smooth: 0]
[interaction_constraints: ]
[verbosity: -1]
[saved_feature_importance_type: 0]
[use_quantized_grad: 0]
[num_grad_quant_bins: 4]
[quant_train_renew_leaf: 0]
[stochastic_rounding: 1]
[linear_tree: 0]
[max_bin: 255]
[max_bin_by_feature: ]
[min_data_in_bin: 3]
[bin_construct_sample_cnt: 200000]
[data_random_seed: 61]
[is_enable_sparse: 1]
[enable_bundle: 1]
[use_missing: 1]
[zero_as_missing: 0]
[feature_pre_filter: 1]
[pre_partition: 0]
[two_round: 0]
[header: 0]
[label_column: ]
[weight_column: ]
[group_column: ]
[ignore_column: ]
[categorical_feature: ]
[forcedbins_filename: ]
[precise_float_parser: 0]
[parser_config_file: ]
[objective_seed: 15521]
[num_class: 1]
[is_unbalance: 0]
[scale_pos_weight: 1]
[sigmoid: 1]
[boost_from_average: 1]
[reg_sqrt: 0]
[alpha: 0.9]
[fair_c: 1]
[poisson_max_delta_step: 0.7]
[tweedie_variance_power: 1.5]
[lambdarank_truncation_level: 30]
[lambdarank_norm: 1]
[label_gain: ]
[lambdarank_position_bias_regularization: 0]
[eval_at: ]
[multi_error_top_k: 1]
[auc_mu_weights: ]
[num_machines: 1]
[local_listen_port: 12400]
[time_out: 120]
[machine_list_filename: ]
[machines: ]
[gpu_platform_id: -1]
[gpu_device_id: -1]
[gpu_use_dp: 0]
[num_gpu: 1]

end of parameters

pandas_categorical:null
